#,mu_tipo,mu_intensita,b_tipo_1,b_intensita_1,b_tipo_2,b_Intensita_2,sigma_tipo,sigma_intensita,forzante_tipo,forzante_intensita,L1_bc,L1_bc_fun,L1_bc_intensita,L2_bc,L2_bc_fun,L2_bc_intensita,L3_bc,L3_bc_fun,L3_bc_intensita,L4_bc,L4_bc_fun,L4_bc_intensita,toll,nvbx,alpha,beta,L13_size,L24_size,n_horiz_begin,n_vert_begin,h_min
1,Costante,1.00E-01,Costante,1.00E+00,Costante,0.00E+00,Costante,0.00E+00,Funzione 8,1.000000,Dirichlet,Costante,0,Dirichlet,Costante,0,Dirichlet,Costante,0,Dirichlet,Costante,0,0.15,500000,1.00E-01,1,1,1,100,100,5.00E-04
2,Costante,1.00E-01,Costante,1.00E+00,Costante,0.00E+00,Costante,0.00E+00,Funzione 8,1.000000,Dirichlet,Costante,0,Dirichlet,Costante,0,Dirichlet,Costante,0,Dirichlet,Costante,0,0.2,500000,1.00E-01,1,1,1,100,100,5.00E-04
3,Costante,1.00E-01,Costante,1.00E+00,Costante,0.00E+00,Costante,0.00E+00,Funzione 8,1.000000,Dirichlet,Costante,0,Dirichlet,Costante,0,Dirichlet,Costante,0,Dirichlet,Costante,0,0.25,500000,1.00E-01,1,1,1,100,100,5.00E-04
4,Costante,1.00E-01,Costante,1.00E+00,Costante,0.00E+00,Costante,0.00E+00,Funzione 8,1.000000,Dirichlet,Costante,0,Dirichlet,Costante,0,Dirichlet,Costante,0,Dirichlet,Costante,0,0.3,500000,1.00E-01,1,1,1,100,100,5.00E-04
5,Costante,1.00E-01,Costante,1.00E+00,Costante,0.00E+00,Costante,0.00E+00,Funzione 8,1.000000,Dirichlet,Costante,0,Dirichlet,Costante,0,Dirichlet,Costante,0,Dirichlet,Costante,0,0.5,500000,1.00E-01,1,1,1,100,100,5.00E-04
6,Costante,1.00E-01,Costante,1.00E+00,Costante,0.00E+00,Costante,1.00E-01,Funzione 8,1.000000,Dirichlet,Costante,0,Dirichlet,Costante,0,Dirichlet,Costante,0,Dirichlet,Costante,0,0.15,500000,1.00E-01,1,1,1,100,100,5.00E-04
7,Costante,1.00E-01,Costante,1.00E+00,Costante,0.00E+00,Costante,1.00E-01,Funzione 8,1.000000,Dirichlet,Costante,0,Dirichlet,Costante,0,Dirichlet,Costante,0,Dirichlet,Costante,0,0.2,500000,1.00E-01,1,1,1,100,100,5.00E-04
8,Costante,1.00E-01,Costante,1.00E+00,Costante,0.00E+00,Costante,1.00E-01,Funzione 8,1.000000,Dirichlet,Costante,0,Dirichlet,Costante,0,Dirichlet,Costante,0,Dirichlet,Costante,0,0.25,500000,1.00E-01,1,1,1,100,100,5.00E-04
9,Costante,1.00E-01,Costante,1.00E+00,Costante,0.00E+00,Costante,1.00E-01,Funzione 8,1.000000,Dirichlet,Costante,0,Dirichlet,Costante,0,Dirichlet,Costante,0,Dirichlet,Costante,0,0.3,500000,1.00E-01,1,1,1,100,100,5.00E-04
10,Costante,1.00E-01,Costante,1.00E+00,Costante,0.00E+00,Costante,1.00E-01,Funzione 8,1.000000,Dirichlet,Costante,0,Dirichlet,Costante,0,Dirichlet,Costante,0,Dirichlet,Costante,0,0.5,500000,1.00E-01,1,1,1,100,100,5.00E-04
11,Costante,1.00E-01,Costante,1.00E+01,Costante,0.00E+00,Costante,0.00E+00,Funzione 8,1.000000,Dirichlet,Costante,0,Dirichlet,Costante,0,Dirichlet,Costante,0,Dirichlet,Costante,0,0.15,500000,1.00E-01,1,1,1,100,100,5.00E-04
12,Costante,1.00E-01,Costante,1.00E+01,Costante,0.00E+00,Costante,0.00E+00,Funzione 8,1.000000,Dirichlet,Costante,0,Dirichlet,Costante,0,Dirichlet,Costante,0,Dirichlet,Costante,0,0.2,500000,1.00E-01,1,1,1,100,100,5.00E-04
13,Costante,1.00E-01,Costante,1.00E+01,Costante,0.00E+00,Costante,0.00E+00,Funzione 8,1.000000,Dirichlet,Costante,0,Dirichlet,Costante,0,Dirichlet,Costante,0,Dirichlet,Costante,0,0.25,500000,1.00E-01,1,1,1,100,100,5.00E-04
14,Costante,1.00E-01,Costante,1.00E+01,Costante,0.00E+00,Costante,0.00E+00,Funzione 8,1.000000,Dirichlet,Costante,0,Dirichlet,Costante,0,Dirichlet,Costante,0,Dirichlet,Costante,0,0.3,500000,1.00E-01,1,1,1,100,100,5.00E-04
15,Costante,1.00E-01,Costante,1.00E+01,Costante,0.00E+00,Costante,0.00E+00,Funzione 8,1.000000,Dirichlet,Costante,0,Dirichlet,Costante,0,Dirichlet,Costante,0,Dirichlet,Costante,0,0.5,500000,1.00E-01,1,1,1,100,100,5.00E-04
16,Costante,1.00E-01,Costante,1.00E-01,Costante,0.00E+00,Costante,0.00E+00,Funzione 8,1.000000,Dirichlet,Costante,0,Dirichlet,Costante,0,Dirichlet,Costante,0,Dirichlet,Costante,0,0.15,500000,1.00E-01,1,1,1,100,100,5.00E-04
17,Costante,1.00E-01,Costante,1.00E-01,Costante,0.00E+00,Costante,0.00E+00,Funzione 8,1.000000,Dirichlet,Costante,0,Dirichlet,Costante,0,Dirichlet,Costante,0,Dirichlet,Costante,0,0.2,500000,1.00E-01,1,1,1,100,100,5.00E-04
18,Costante,1.00E-01,Costante,1.00E-01,Costante,0.00E+00,Costante,0.00E+00,Funzione 8,1.000000,Dirichlet,Costante,0,Dirichlet,Costante,0,Dirichlet,Costante,0,Dirichlet,Costante,0,0.25,500000,1.00E-01,1,1,1,100,100,5.00E-04
19,Costante,1.00E-01,Costante,1.00E-01,Costante,0.00E+00,Costante,0.00E+00,Funzione 8,1.000000,Dirichlet,Costante,0,Dirichlet,Costante,0,Dirichlet,Costante,0,Dirichlet,Costante,0,0.3,500000,1.00E-01,1,1,1,100,100,5.00E-04
20,Costante,1.00E-01,Costante,1.00E-01,Costante,0.00E+00,Costante,0.00E+00,Funzione 8,1.000000,Dirichlet,Costante,0,Dirichlet,Costante,0,Dirichlet,Costante,0,Dirichlet,Costante,0,0.5,500000,1.00E-01,1,1,1,100,100,5.00E-04
21,Costante,1.00E-01,Costante,1.00E+00,Costante,1.00E+00,Costante,0.00E+00,Funzione 8,1.000000,Dirichlet,Costante,0,Dirichlet,Costante,0,Dirichlet,Costante,0,Dirichlet,Costante,0,0.15,500000,1.00E-01,1,1,1,100,100,5.00E-04
22,Costante,1.00E-01,Costante,1.00E+00,Costante,1.00E+00,Costante,0.00E+00,Funzione 8,1.000000,Dirichlet,Costante,0,Dirichlet,Costante,0,Dirichlet,Costante,0,Dirichlet,Costante,0,0.2,500000,1.00E-01,1,1,1,100,100,5.00E-04
23,Costante,1.00E-01,Costante,1.00E+00,Costante,1.00E+00,Costante,0.00E+00,Funzione 8,1.000000,Dirichlet,Costante,0,Dirichlet,Costante,0,Dirichlet,Costante,0,Dirichlet,Costante,0,0.25,500000,1.00E-01,1,1,1,100,100,5.00E-04
24,Costante,1.00E-01,Costante,1.00E+00,Costante,1.00E+00,Costante,0.00E+00,Funzione 8,1.000000,Dirichlet,Costante,0,Dirichlet,Costante,0,Dirichlet,Costante,0,Dirichlet,Costante,0,0.3,500000,1.00E-01,1,1,1,100,100,5.00E-04
25,Costante,1.00E-01,Costante,1.00E+00,Costante,1.00E+00,Costante,0.00E+00,Funzione 8,1.000000,Dirichlet,Costante,0,Dirichlet,Costante,0,Dirichlet,Costante,0,Dirichlet,Costante,0,0.5,500000,1.00E-01,1,1,1,100,100,5.00E-04
26,Costante,1.00E-01,Costante,7.07E-01,Costante,-7.07E-01,Costante,0.00E+00,Funzione 8,1.000000,Dirichlet,Costante,0,Dirichlet,Costante,0,Dirichlet,Costante,0,Dirichlet,Costante,0,0.15,500000,1.00E-01,1,1,1,100,100,5.00E-04
27,Costante,1.00E-01,Costante,7.07E-01,Costante,-7.07E-01,Costante,0.00E+00,Funzione 8,1.000000,Dirichlet,Costante,0,Dirichlet,Costante,0,Dirichlet,Costante,0,Dirichlet,Costante,0,0.2,500000,1.00E-01,1,1,1,100,100,5.00E-04
28,Costante,1.00E-01,Costante,7.07E-01,Costante,-7.07E-01,Costante,0.00E+00,Funzione 8,1.000000,Dirichlet,Costante,0,Dirichlet,Costante,0,Dirichlet,Costante,0,Dirichlet,Costante,0,0.25,500000,1.00E-01,1,1,1,100,100,5.00E-04
29,Costante,1.00E-01,Costante,7.07E-01,Costante,-7.07E-01,Costante,0.00E+00,Funzione 8,1.000000,Dirichlet,Costante,0,Dirichlet,Costante,0,Dirichlet,Costante,0,Dirichlet,Costante,0,0.3,500000,1.00E-01,1,1,1,100,100,5.00E-04
30,Costante,1.00E-01,Costante,7.07E-01,Costante,-7.07E-01,Costante,0.00E+00,Funzione 8,1.000000,Dirichlet,Costante,0,Dirichlet,Costante,0,Dirichlet,Costante,0,Dirichlet,Costante,0,0.5,500000,1.00E-01,1,1,1,100,100,5.00E-04
31,Costante,1.00E-01,Costante,5.00E-01,Costante,8.66E-01,Costante,0.00E+00,Funzione 8,1.000000,Dirichlet,Costante,0,Dirichlet,Costante,0,Dirichlet,Costante,0,Dirichlet,Costante,0,0.15,500000,1.00E-01,1,1,1,100,100,5.00E-04
32,Costante,1.00E-01,Costante,5.00E-01,Costante,8.66E-01,Costante,0.00E+00,Funzione 8,1.000000,Dirichlet,Costante,0,Dirichlet,Costante,0,Dirichlet,Costante,0,Dirichlet,Costante,0,0.2,500000,1.00E-01,1,1,1,100,100,5.00E-04
33,Costante,1.00E-01,Costante,5.00E-01,Costante,8.66E-01,Costante,0.00E+00,Funzione 8,1.000000,Dirichlet,Costante,0,Dirichlet,Costante,0,Dirichlet,Costante,0,Dirichlet,Costante,0,0.25,500000,1.00E-01,1,1,1,100,100,5.00E-04
34,Costante,1.00E-01,Costante,5.00E-01,Costante,8.66E-01,Costante,0.00E+00,Funzione 8,1.000000,Dirichlet,Costante,0,Dirichlet,Costante,0,Dirichlet,Costante,0,Dirichlet,Costante,0,0.3,500000,1.00E-01,1,1,1,100,100,5.00E-04
35,Costante,1.00E-01,Costante,5.00E-01,Costante,8.66E-01,Costante,0.00E+00,Funzione 8,1.000000,Dirichlet,Costante,0,Dirichlet,Costante,0,Dirichlet,Costante,0,Dirichlet,Costante,0,0.5,500000,1.00E-01,1,1,1,100,100,5.00E-04
36,Costante,1.00E-01,Costante,1.73E+00,Costante,1.00E+00,Costante,0.00E+00,Funzione 8,1.000000,Dirichlet,Costante,0,Dirichlet,Costante,0,Dirichlet,Costante,0,Dirichlet,Costante,0,0.15,500000,1.00E-01,1,1,1,100,100,5.00E-04
37,Costante,1.00E-01,Costante,1.73E+00,Costante,1.00E+00,Costante,0.00E+00,Funzione 8,1.000000,Dirichlet,Costante,0,Dirichlet,Costante,0,Dirichlet,Costante,0,Dirichlet,Costante,0,0.2,500000,1.00E-01,1,1,1,100,100,5.00E-04
38,Costante,1.00E-01,Costante,1.73E+00,Costante,1.00E+00,Costante,0.00E+00,Funzione 8,1.000000,Dirichlet,Costante,0,Dirichlet,Costante,0,Dirichlet,Costante,0,Dirichlet,Costante,0,0.25,500000,1.00E-01,1,1,1,100,100,5.00E-04
39,Costante,1.00E-01,Costante,1.73E+00,Costante,1.00E+00,Costante,0.00E+00,Funzione 8,1.000000,Dirichlet,Costante,0,Dirichlet,Costante,0,Dirichlet,Costante,0,Dirichlet,Costante,0,0.3,500000,1.00E-01,1,1,1,100,100,5.00E-04
40,Costante,1.00E-01,Costante,1.73E+00,Costante,1.00E+00,Costante,0.00E+00,Funzione 8,1.000000,Dirichlet,Costante,0,Dirichlet,Costante,0,Dirichlet,Costante,0,Dirichlet,Costante,0,0.5,500000,1.00E-01,1,1,1,100,100,5.00E-04
41,Costante,5.00E-02,Costante,1.00E+00,Costante,0.00E+00,Costante,0.00E+00,Funzione 8,1.000000,Dirichlet,Costante,0,Dirichlet,Costante,0,Dirichlet,Costante,0,Dirichlet,Costante,0,0.15,500000,5.00E-02,1,1,1,100,100,5.00E-04
42,Costante,5.00E-02,Costante,1.00E+00,Costante,0.00E+00,Costante,0.00E+00,Funzione 8,1.000000,Dirichlet,Costante,0,Dirichlet,Costante,0,Dirichlet,Costante,0,Dirichlet,Costante,0,0.3,500000,5.00E-02,1,1,1,100,100,5.00E-04
43,Costante,5.00E-02,Costante,1.00E+00,Costante,0.00E+00,Costante,0.00E+00,Funzione 8,1.000000,Dirichlet,Costante,0,Dirichlet,Costante,0,Dirichlet,Costante,0,Dirichlet,Costante,0,0.5,500000,5.00E-02,1,1,1,100,100,5.00E-04
44,Costante,5.00E-02,Costante,1.00E+00,Costante,0.00E+00,Costante,0.00E+00,Funzione 8,1.000000,Dirichlet,Costante,0,Dirichlet,Costante,0,Dirichlet,Costante,0,Dirichlet,Costante,0,0.75,500000,5.00E-02,1,1,1,100,100,5.00E-04
45,Costante,5.00E-02,Costante,1.00E+00,Costante,0.00E+00,Costante,0.00E+00,Funzione 8,1.000000,Dirichlet,Costante,0,Dirichlet,Costante,0,Dirichlet,Costante,0,Dirichlet,Costante,0,1,500000,5.00E-02,1,1,1,100,100,5.00E-04
46,Costante,5.00E-02,Costante,1.00E+00,Costante,0.00E+00,Costante,5.00E-02,Funzione 8,1.000000,Dirichlet,Costante,0,Dirichlet,Costante,0,Dirichlet,Costante,0,Dirichlet,Costante,0,0.3,500000,5.00E-02,1,1,1,100,100,5.00E-04
47,Costante,5.00E-02,Costante,1.00E+00,Costante,0.00E+00,Costante,5.00E-02,Funzione 8,1.000000,Dirichlet,Costante,0,Dirichlet,Costante,0,Dirichlet,Costante,0,Dirichlet,Costante,0,0.4,500000,5.00E-02,1,1,1,100,100,5.00E-04
48,Costante,5.00E-02,Costante,1.00E+00,Costante,0.00E+00,Costante,5.00E-02,Funzione 8,1.000000,Dirichlet,Costante,0,Dirichlet,Costante,0,Dirichlet,Costante,0,Dirichlet,Costante,0,0.5,500000,5.00E-02,1,1,1,100,100,5.00E-04
49,Costante,5.00E-02,Costante,1.00E+00,Costante,0.00E+00,Costante,5.00E-02,Funzione 8,1.000000,Dirichlet,Costante,0,Dirichlet,Costante,0,Dirichlet,Costante,0,Dirichlet,Costante,0,0.75,500000,5.00E-02,1,1,1,100,100,5.00E-04
50,Costante,5.00E-02,Costante,1.00E+00,Costante,0.00E+00,Costante,5.00E-02,Funzione 8,1.000000,Dirichlet,Costante,0,Dirichlet,Costante,0,Dirichlet,Costante,0,Dirichlet,Costante,0,1,500000,5.00E-02,1,1,1,100,100,5.00E-04
51,Costante,5.00E-02,Costante,1.00E+01,Costante,0.00E+00,Costante,0.00E+00,Funzione 8,1.000000,Dirichlet,Costante,0,Dirichlet,Costante,0,Dirichlet,Costante,0,Dirichlet,Costante,0,0.3,500000,5.00E-02,1,1,1,100,100,5.00E-04
52,Costante,5.00E-02,Costante,1.00E+01,Costante,0.00E+00,Costante,0.00E+00,Funzione 8,1.000000,Dirichlet,Costante,0,Dirichlet,Costante,0,Dirichlet,Costante,0,Dirichlet,Costante,0,0.4,500000,5.00E-02,1,1,1,100,100,5.00E-04
53,Costante,5.00E-02,Costante,1.00E+01,Costante,0.00E+00,Costante,0.00E+00,Funzione 8,1.000000,Dirichlet,Costante,0,Dirichlet,Costante,0,Dirichlet,Costante,0,Dirichlet,Costante,0,0.5,500000,5.00E-02,1,1,1,100,100,5.00E-04
54,Costante,5.00E-02,Costante,1.00E+01,Costante,0.00E+00,Costante,0.00E+00,Funzione 8,1.000000,Dirichlet,Costante,0,Dirichlet,Costante,0,Dirichlet,Costante,0,Dirichlet,Costante,0,0.75,500000,5.00E-02,1,1,1,100,100,5.00E-04
55,Costante,5.00E-02,Costante,1.00E+01,Costante,0.00E+00,Costante,0.00E+00,Funzione 8,1.000000,Dirichlet,Costante,0,Dirichlet,Costante,0,Dirichlet,Costante,0,Dirichlet,Costante,0,1,500000,5.00E-02,1,1,1,100,100,5.00E-04
56,Costante,5.00E-02,Costante,1.00E-01,Costante,0.00E+00,Costante,0.00E+00,Funzione 8,1.000000,Dirichlet,Costante,0,Dirichlet,Costante,0,Dirichlet,Costante,0,Dirichlet,Costante,0,0.3,500000,5.00E-02,1,1,1,100,100,5.00E-04
57,Costante,5.00E-02,Costante,1.00E-01,Costante,0.00E+00,Costante,0.00E+00,Funzione 8,1.000000,Dirichlet,Costante,0,Dirichlet,Costante,0,Dirichlet,Costante,0,Dirichlet,Costante,0,0.4,500000,5.00E-02,1,1,1,100,100,5.00E-04
58,Costante,5.00E-02,Costante,1.00E-01,Costante,0.00E+00,Costante,0.00E+00,Funzione 8,1.000000,Dirichlet,Costante,0,Dirichlet,Costante,0,Dirichlet,Costante,0,Dirichlet,Costante,0,0.5,500000,5.00E-02,1,1,1,100,100,5.00E-04
59,Costante,5.00E-02,Costante,1.00E-01,Costante,0.00E+00,Costante,0.00E+00,Funzione 8,1.000000,Dirichlet,Costante,0,Dirichlet,Costante,0,Dirichlet,Costante,0,Dirichlet,Costante,0,0.75,500000,5.00E-02,1,1,1,100,100,5.00E-04
60,Costante,5.00E-02,Costante,1.00E-01,Costante,0.00E+00,Costante,0.00E+00,Funzione 8,1.000000,Dirichlet,Costante,0,Dirichlet,Costante,0,Dirichlet,Costante,0,Dirichlet,Costante,0,1,500000,5.00E-02,1,1,1,100,100,5.00E-04
61,Costante,5.00E-02,Costante,1.00E+00,Costante,1.00E+00,Costante,0.00E+00,Funzione 8,1.000000,Dirichlet,Costante,0,Dirichlet,Costante,0,Dirichlet,Costante,0,Dirichlet,Costante,0,0.3,500000,5.00E-02,1,1,1,100,100,5.00E-04
62,Costante,5.00E-02,Costante,1.00E+00,Costante,1.00E+00,Costante,0.00E+00,Funzione 8,1.000000,Dirichlet,Costante,0,Dirichlet,Costante,0,Dirichlet,Costante,0,Dirichlet,Costante,0,0.4,500000,5.00E-02,1,1,1,100,100,5.00E-04
63,Costante,5.00E-02,Costante,1.00E+00,Costante,1.00E+00,Costante,0.00E+00,Funzione 8,1.000000,Dirichlet,Costante,0,Dirichlet,Costante,0,Dirichlet,Costante,0,Dirichlet,Costante,0,0.5,500000,5.00E-02,1,1,1,100,100,5.00E-04
64,Costante,5.00E-02,Costante,1.00E+00,Costante,1.00E+00,Costante,0.00E+00,Funzione 8,1.000000,Dirichlet,Costante,0,Dirichlet,Costante,0,Dirichlet,Costante,0,Dirichlet,Costante,0,0.75,500000,5.00E-02,1,1,1,100,100,5.00E-04
65,Costante,5.00E-02,Costante,1.00E+00,Costante,1.00E+00,Costante,0.00E+00,Funzione 8,1.000000,Dirichlet,Costante,0,Dirichlet,Costante,0,Dirichlet,Costante,0,Dirichlet,Costante,0,1,500000,5.00E-02,1,1,1,100,100,5.00E-04
66,Costante,5.00E-02,Costante,7.07E-01,Costante,-7.07E-01,Costante,0.00E+00,Funzione 8,1.000000,Dirichlet,Costante,0,Dirichlet,Costante,0,Dirichlet,Costante,0,Dirichlet,Costante,0,0.3,500000,5.00E-02,1,1,1,100,100,5.00E-04
67,Costante,5.00E-02,Costante,7.07E-01,Costante,-7.07E-01,Costante,0.00E+00,Funzione 8,1.000000,Dirichlet,Costante,0,Dirichlet,Costante,0,Dirichlet,Costante,0,Dirichlet,Costante,0,0.4,500000,5.00E-02,1,1,1,100,100,5.00E-04
68,Costante,5.00E-02,Costante,7.07E-01,Costante,-7.07E-01,Costante,0.00E+00,Funzione 8,1.000000,Dirichlet,Costante,0,Dirichlet,Costante,0,Dirichlet,Costante,0,Dirichlet,Costante,0,0.5,500000,5.00E-02,1,1,1,100,100,5.00E-04
69,Costante,5.00E-02,Costante,7.07E-01,Costante,-7.07E-01,Costante,0.00E+00,Funzione 8,1.000000,Dirichlet,Costante,0,Dirichlet,Costante,0,Dirichlet,Costante,0,Dirichlet,Costante,0,0.75,500000,5.00E-02,1,1,1,100,100,5.00E-04
70,Costante,5.00E-02,Costante,7.07E-01,Costante,-7.07E-01,Costante,0.00E+00,Funzione 8,1.000000,Dirichlet,Costante,0,Dirichlet,Costante,0,Dirichlet,Costante,0,Dirichlet,Costante,0,1,500000,5.00E-02,1,1,1,100,100,5.00E-04
71,Costante,5.00E-02,Costante,5.00E-01,Costante,8.66E-01,Costante,0.00E+00,Funzione 8,1.000000,Dirichlet,Costante,0,Dirichlet,Costante,0,Dirichlet,Costante,0,Dirichlet,Costante,0,0.3,500000,5.00E-02,1,1,1,100,100,5.00E-04
72,Costante,5.00E-02,Costante,5.00E-01,Costante,8.66E-01,Costante,0.00E+00,Funzione 8,1.000000,Dirichlet,Costante,0,Dirichlet,Costante,0,Dirichlet,Costante,0,Dirichlet,Costante,0,0.4,500000,5.00E-02,1,1,1,100,100,5.00E-04
73,Costante,5.00E-02,Costante,5.00E-01,Costante,8.66E-01,Costante,0.00E+00,Funzione 8,1.000000,Dirichlet,Costante,0,Dirichlet,Costante,0,Dirichlet,Costante,0,Dirichlet,Costante,0,0.5,500000,5.00E-02,1,1,1,100,100,5.00E-04
74,Costante,5.00E-02,Costante,5.00E-01,Costante,8.66E-01,Costante,0.00E+00,Funzione 8,1.000000,Dirichlet,Costante,0,Dirichlet,Costante,0,Dirichlet,Costante,0,Dirichlet,Costante,0,0.75,500000,5.00E-02,1,1,1,100,100,5.00E-04
75,Costante,5.00E-02,Costante,5.00E-01,Costante,8.66E-01,Costante,0.00E+00,Funzione 8,1.000000,Dirichlet,Costante,0,Dirichlet,Costante,0,Dirichlet,Costante,0,Dirichlet,Costante,0,1,500000,5.00E-02,1,1,1,100,100,5.00E-04
76,Costante,5.00E-02,Costante,1.73E+00,Costante,1.00E+00,Costante,0.00E+00,Funzione 8,1.000000,Dirichlet,Costante,0,Dirichlet,Costante,0,Dirichlet,Costante,0,Dirichlet,Costante,0,0.3,500000,5.00E-02,1,1,1,100,100,5.00E-04
77,Costante,5.00E-02,Costante,1.73E+00,Costante,1.00E+00,Costante,0.00E+00,Funzione 8,1.000000,Dirichlet,Costante,0,Dirichlet,Costante,0,Dirichlet,Costante,0,Dirichlet,Costante,0,0.4,500000,5.00E-02,1,1,1,100,100,5.00E-04
78,Costante,5.00E-02,Costante,1.73E+00,Costante,1.00E+00,Costante,0.00E+00,Funzione 8,1.000000,Dirichlet,Costante,0,Dirichlet,Costante,0,Dirichlet,Costante,0,Dirichlet,Costante,0,0.5,500000,5.00E-02,1,1,1,100,100,5.00E-04
79,Costante,5.00E-02,Costante,1.73E+00,Costante,1.00E+00,Costante,0.00E+00,Funzione 8,1.000000,Dirichlet,Costante,0,Dirichlet,Costante,0,Dirichlet,Costante,0,Dirichlet,Costante,0,0.75,500000,5.00E-02,1,1,1,100,100,5.00E-04
80,Costante,5.00E-02,Costante,1.73E+00,Costante,1.00E+00,Costante,0.00E+00,Funzione 8,1.000000,Dirichlet,Costante,0,Dirichlet,Costante,0,Dirichlet,Costante,0,Dirichlet,Costante,0,1,500000,5.00E-02,1,1,1,100,100,5.00E-04
81,Costante,5.00E-03,Costante,1.00E+00,Costante,0.00E+00,Costante,0.00E+00,Funzione 8,1.000000,Dirichlet,Costante,0,Dirichlet,Costante,0,Dirichlet,Costante,0,Dirichlet,Costante,0,0.3,500000,5.00E-03,1,1,1,100,100,5.00E-04
82,Costante,5.00E-03,Costante,1.00E+00,Costante,0.00E+00,Costante,0.00E+00,Funzione 8,1.000000,Dirichlet,Costante,0,Dirichlet,Costante,0,Dirichlet,Costante,0,Dirichlet,Costante,0,0.4,500000,5.00E-03,1,1,1,100,100,5.00E-04
83,Costante,5.00E-03,Costante,1.00E+00,Costante,0.00E+00,Costante,0.00E+00,Funzione 8,1.000000,Dirichlet,Costante,0,Dirichlet,Costante,0,Dirichlet,Costante,0,Dirichlet,Costante,0,0.5,500000,5.00E-03,1,1,1,100,100,5.00E-04
84,Costante,5.00E-03,Costante,1.00E+00,Costante,0.00E+00,Costante,0.00E+00,Funzione 8,1.000000,Dirichlet,Costante,0,Dirichlet,Costante,0,Dirichlet,Costante,0,Dirichlet,Costante,0,0.75,500000,5.00E-03,1,1,1,100,100,5.00E-04
85,Costante,5.00E-03,Costante,1.00E+00,Costante,0.00E+00,Costante,0.00E+00,Funzione 8,1.000000,Dirichlet,Costante,0,Dirichlet,Costante,0,Dirichlet,Costante,0,Dirichlet,Costante,0,1,500000,5.00E-03,1,1,1,100,100,5.00E-04
86,Costante,5.00E-03,Costante,1.00E+00,Costante,0.00E+00,Costante,5.00E-03,Funzione 8,1.000000,Dirichlet,Costante,0,Dirichlet,Costante,0,Dirichlet,Costante,0,Dirichlet,Costante,0,0.3,500000,5.00E-03,1,1,1,100,100,5.00E-04
87,Costante,5.00E-03,Costante,1.00E+00,Costante,0.00E+00,Costante,5.00E-03,Funzione 8,1.000000,Dirichlet,Costante,0,Dirichlet,Costante,0,Dirichlet,Costante,0,Dirichlet,Costante,0,0.4,500000,5.00E-03,1,1,1,100,100,5.00E-04
88,Costante,5.00E-03,Costante,1.00E+00,Costante,0.00E+00,Costante,5.00E-03,Funzione 8,1.000000,Dirichlet,Costante,0,Dirichlet,Costante,0,Dirichlet,Costante,0,Dirichlet,Costante,0,0.5,500000,5.00E-03,1,1,1,100,100,5.00E-04
89,Costante,5.00E-03,Costante,1.00E+00,Costante,0.00E+00,Costante,5.00E-03,Funzione 8,1.000000,Dirichlet,Costante,0,Dirichlet,Costante,0,Dirichlet,Costante,0,Dirichlet,Costante,0,0.75,500000,5.00E-03,1,1,1,100,100,5.00E-04
90,Costante,5.00E-03,Costante,1.00E+00,Costante,0.00E+00,Costante,5.00E-03,Funzione 8,1.000000,Dirichlet,Costante,0,Dirichlet,Costante,0,Dirichlet,Costante,0,Dirichlet,Costante,0,1,500000,5.00E-03,1,1,1,100,100,5.00E-04
91,Costante,5.00E-03,Costante,1.00E+01,Costante,0.00E+00,Costante,0.00E+00,Funzione 8,1.000000,Dirichlet,Costante,0,Dirichlet,Costante,0,Dirichlet,Costante,0,Dirichlet,Costante,0,0.3,500000,5.00E-03,1,1,1,100,100,5.00E-04
92,Costante,5.00E-03,Costante,1.00E+01,Costante,0.00E+00,Costante,0.00E+00,Funzione 8,1.000000,Dirichlet,Costante,0,Dirichlet,Costante,0,Dirichlet,Costante,0,Dirichlet,Costante,0,0.5,500000,5.00E-03,1,1,1,100,100,5.00E-04
93,Costante,5.00E-03,Costante,1.00E+01,Costante,0.00E+00,Costante,0.00E+00,Funzione 8,1.000000,Dirichlet,Costante,0,Dirichlet,Costante,0,Dirichlet,Costante,0,Dirichlet,Costante,0,1,500000,5.00E-03,1,1,1,100,100,5.00E-04
94,Costante,5.00E-03,Costante,1.00E+01,Costante,0.00E+00,Costante,0.00E+00,Funzione 8,1.000000,Dirichlet,Costante,0,Dirichlet,Costante,0,Dirichlet,Costante,0,Dirichlet,Costante,0,2.5,500000,5.00E-03,1,1,1,100,100,5.00E-04
95,Costante,5.00E-03,Costante,1.00E+01,Costante,0.00E+00,Costante,0.00E+00,Funzione 8,1.000000,Dirichlet,Costante,0,Dirichlet,Costante,0,Dirichlet,Costante,0,Dirichlet,Costante,0,5,500000,5.00E-03,1,1,1,100,100,5.00E-04
96,Costante,5.00E-03,Costante,1.00E-01,Costante,0.00E+00,Costante,0.00E+00,Funzione 8,1.000000,Dirichlet,Costante,0,Dirichlet,Costante,0,Dirichlet,Costante,0,Dirichlet,Costante,0,0.3,500000,5.00E-03,1,1,1,100,100,5.00E-04
97,Costante,5.00E-03,Costante,1.00E-01,Costante,0.00E+00,Costante,0.00E+00,Funzione 8,1.000000,Dirichlet,Costante,0,Dirichlet,Costante,0,Dirichlet,Costante,0,Dirichlet,Costante,0,0.5,500000,5.00E-03,1,1,1,100,100,5.00E-04
98,Costante,5.00E-03,Costante,1.00E-01,Costante,0.00E+00,Costante,0.00E+00,Funzione 8,1.000000,Dirichlet,Costante,0,Dirichlet,Costante,0,Dirichlet,Costante,0,Dirichlet,Costante,0,1,500000,5.00E-03,1,1,1,100,100,5.00E-04
99,Costante,5.00E-03,Costante,1.00E-01,Costante,0.00E+00,Costante,0.00E+00,Funzione 8,1.000000,Dirichlet,Costante,0,Dirichlet,Costante,0,Dirichlet,Costante,0,Dirichlet,Costante,0,2.5,500000,5.00E-03,1,1,1,100,100,5.00E-04
100,Costante,5.00E-03,Costante,1.00E-01,Costante,0.00E+00,Costante,0.00E+00,Funzione 8,1.000000,Dirichlet,Costante,0,Dirichlet,Costante,0,Dirichlet,Costante,0,Dirichlet,Costante,0,5,500000,5.00E-03,1,1,1,100,100,5.00E-04
101,Costante,5.00E-03,Costante,1.00E+00,Costante,1.00E+00,Costante,0.00E+00,Funzione 8,1.000000,Dirichlet,Costante,0,Dirichlet,Costante,0,Dirichlet,Costante,0,Dirichlet,Costante,0,0.3,500000,5.00E-03,1,1,1,100,100,5.00E-04
102,Costante,5.00E-03,Costante,1.00E+00,Costante,1.00E+00,Costante,0.00E+00,Funzione 8,1.000000,Dirichlet,Costante,0,Dirichlet,Costante,0,Dirichlet,Costante,0,Dirichlet,Costante,0,0.5,500000,5.00E-03,1,1,1,100,100,5.00E-04
103,Costante,5.00E-03,Costante,1.00E+00,Costante,1.00E+00,Costante,0.00E+00,Funzione 8,1.000000,Dirichlet,Costante,0,Dirichlet,Costante,0,Dirichlet,Costante,0,Dirichlet,Costante,0,1,500000,5.00E-03,1,1,1,100,100,5.00E-04
104,Costante,5.00E-03,Costante,1.00E+00,Costante,1.00E+00,Costante,0.00E+00,Funzione 8,1.000000,Dirichlet,Costante,0,Dirichlet,Costante,0,Dirichlet,Costante,0,Dirichlet,Costante,0,2.5,500000,5.00E-03,1,1,1,100,100,5.00E-04
105,Costante,5.00E-03,Costante,1.00E+00,Costante,1.00E+00,Costante,0.00E+00,Funzione 8,1.000000,Dirichlet,Costante,0,Dirichlet,Costante,0,Dirichlet,Costante,0,Dirichlet,Costante,0,5,500000,5.00E-03,1,1,1,100,100,5.00E-04
106,Costante,5.00E-03,Costante,7.07E-01,Costante,-7.07E-01,Costante,0.00E+00,Funzione 8,1.000000,Dirichlet,Costante,0,Dirichlet,Costante,0,Dirichlet,Costante,0,Dirichlet,Costante,0,0.3,500000,5.00E-03,1,1,1,100,100,5.00E-04
107,Costante,5.00E-03,Costante,7.07E-01,Costante,-7.07E-01,Costante,0.00E+00,Funzione 8,1.000000,Dirichlet,Costante,0,Dirichlet,Costante,0,Dirichlet,Costante,0,Dirichlet,Costante,0,0.5,500000,5.00E-03,1,1,1,100,100,5.00E-04
108,Costante,5.00E-03,Costante,7.07E-01,Costante,-7.07E-01,Costante,0.00E+00,Funzione 8,1.000000,Dirichlet,Costante,0,Dirichlet,Costante,0,Dirichlet,Costante,0,Dirichlet,Costante,0,1,500000,5.00E-03,1,1,1,100,100,5.00E-04
109,Costante,5.00E-03,Costante,7.07E-01,Costante,-7.07E-01,Costante,0.00E+00,Funzione 8,1.000000,Dirichlet,Costante,0,Dirichlet,Costante,0,Dirichlet,Costante,0,Dirichlet,Costante,0,2.5,500000,5.00E-03,1,1,1,100,100,5.00E-04
110,Costante,5.00E-03,Costante,7.07E-01,Costante,-7.07E-01,Costante,0.00E+00,Funzione 8,1.000000,Dirichlet,Costante,0,Dirichlet,Costante,0,Dirichlet,Costante,0,Dirichlet,Costante,0,5,500000,5.00E-03,1,1,1,100,100,5.00E-04
111,Costante,5.00E-03,Costante,5.00E-01,Costante,8.66E-01,Costante,0.00E+00,Funzione 8,1.000000,Dirichlet,Costante,0,Dirichlet,Costante,0,Dirichlet,Costante,0,Dirichlet,Costante,0,0.3,500000,5.00E-03,1,1,1,100,100,2.50E-04
112,Costante,5.00E-03,Costante,5.00E-01,Costante,8.66E-01,Costante,0.00E+00,Funzione 8,1.000000,Dirichlet,Costante,0,Dirichlet,Costante,0,Dirichlet,Costante,0,Dirichlet,Costante,0,0.5,500000,5.00E-03,1,1,1,100,100,2.50E-04
113,Costante,5.00E-03,Costante,5.00E-01,Costante,8.66E-01,Costante,0.00E+00,Funzione 8,1.000000,Dirichlet,Costante,0,Dirichlet,Costante,0,Dirichlet,Costante,0,Dirichlet,Costante,0,1,500000,5.00E-03,1,1,1,100,100,2.50E-04
114,Costante,5.00E-03,Costante,5.00E-01,Costante,8.66E-01,Costante,0.00E+00,Funzione 8,1.000000,Dirichlet,Costante,0,Dirichlet,Costante,0,Dirichlet,Costante,0,Dirichlet,Costante,0,2.5,500000,5.00E-03,1,1,1,100,100,2.50E-04
115,Costante,5.00E-03,Costante,5.00E-01,Costante,8.66E-01,Costante,0.00E+00,Funzione 8,1.000000,Dirichlet,Costante,0,Dirichlet,Costante,0,Dirichlet,Costante,0,Dirichlet,Costante,0,5,500000,5.00E-03,1,1,1,100,100,2.50E-04
116,Costante,5.00E-03,Costante,1.73E+00,Costante,1.00E+00,Costante,0.00E+00,Funzione 8,1.000000,Dirichlet,Costante,0,Dirichlet,Costante,0,Dirichlet,Costante,0,Dirichlet,Costante,0,0.3,500000,5.00E-03,1,1,1,100,100,5.00E-04
117,Costante,5.00E-03,Costante,1.73E+00,Costante,1.00E+00,Costante,0.00E+00,Funzione 8,1.000000,Dirichlet,Costante,0,Dirichlet,Costante,0,Dirichlet,Costante,0,Dirichlet,Costante,0,0.5,500000,5.00E-03,1,1,1,100,100,5.00E-04
118,Costante,5.00E-03,Costante,1.73E+00,Costante,1.00E+00,Costante,0.00E+00,Funzione 8,1.000000,Dirichlet,Costante,0,Dirichlet,Costante,0,Dirichlet,Costante,0,Dirichlet,Costante,0,1,500000,5.00E-03,1,1,1,100,100,5.00E-04
119,Costante,5.00E-03,Costante,1.73E+00,Costante,1.00E+00,Costante,0.00E+00,Funzione 8,1.000000,Dirichlet,Costante,0,Dirichlet,Costante,0,Dirichlet,Costante,0,Dirichlet,Costante,0,2.5,500000,5.00E-03,1,1,1,100,100,5.00E-04
120,Costante,5.00E-03,Costante,1.73E+00,Costante,1.00E+00,Costante,0.00E+00,Funzione 8,1.000000,Dirichlet,Costante,0,Dirichlet,Costante,0,Dirichlet,Costante,0,Dirichlet,Costante,0,5,500000,5.00E-03,1,1,1,100,100,5.00E-04
121,Costante,1.00E-01,Costante,1.00E+00,Costante,0.00E+00,Costante,0.00E+00,Funzione 13,1.000000,Dirichlet,Costante,0,Dirichlet,Costante,0,Dirichlet,Costante,0,Dirichlet,Costante,0,0.15,500000,1.00E-01,1,1,1,100,100,5.00E-04
122,Costante,1.00E-01,Costante,1.00E+00,Costante,0.00E+00,Costante,0.00E+00,Funzione 13,1.000000,Dirichlet,Costante,0,Dirichlet,Costante,0,Dirichlet,Costante,0,Dirichlet,Costante,0,0.2,500000,1.00E-01,1,1,1,100,100,5.00E-04
123,Costante,1.00E-01,Costante,1.00E+00,Costante,0.00E+00,Costante,0.00E+00,Funzione 13,1.000000,Dirichlet,Costante,0,Dirichlet,Costante,0,Dirichlet,Costante,0,Dirichlet,Costante,0,0.25,500000,1.00E-01,1,1,1,100,100,5.00E-04
124,Costante,1.00E-01,Costante,1.00E+00,Costante,0.00E+00,Costante,0.00E+00,Funzione 13,1.000000,Dirichlet,Costante,0,Dirichlet,Costante,0,Dirichlet,Costante,0,Dirichlet,Costante,0,0.3,500000,1.00E-01,1,1,1,100,100,5.00E-04
125,Costante,1.00E-01,Costante,1.00E+00,Costante,0.00E+00,Costante,0.00E+00,Funzione 13,1.000000,Dirichlet,Costante,0,Dirichlet,Costante,0,Dirichlet,Costante,0,Dirichlet,Costante,0,0.5,500000,1.00E-01,1,1,1,100,100,5.00E-04
126,Costante,1.00E-01,Costante,1.00E+00,Costante,0.00E+00,Costante,1.00E-01,Funzione 13,1.000000,Dirichlet,Costante,0,Dirichlet,Costante,0,Dirichlet,Costante,0,Dirichlet,Costante,0,0.15,500000,1.00E-01,1,1,1,100,100,5.00E-04
127,Costante,1.00E-01,Costante,1.00E+00,Costante,0.00E+00,Costante,1.00E-01,Funzione 13,1.000000,Dirichlet,Costante,0,Dirichlet,Costante,0,Dirichlet,Costante,0,Dirichlet,Costante,0,0.2,500000,1.00E-01,1,1,1,100,100,5.00E-04
128,Costante,1.00E-01,Costante,1.00E+00,Costante,0.00E+00,Costante,1.00E-01,Funzione 13,1.000000,Dirichlet,Costante,0,Dirichlet,Costante,0,Dirichlet,Costante,0,Dirichlet,Costante,0,0.25,500000,1.00E-01,1,1,1,100,100,5.00E-04
129,Costante,1.00E-01,Costante,1.00E+00,Costante,0.00E+00,Costante,1.00E-01,Funzione 13,1.000000,Dirichlet,Costante,0,Dirichlet,Costante,0,Dirichlet,Costante,0,Dirichlet,Costante,0,0.3,500000,1.00E-01,1,1,1,100,100,5.00E-04
130,Costante,1.00E-01,Costante,1.00E+00,Costante,0.00E+00,Costante,1.00E-01,Funzione 13,1.000000,Dirichlet,Costante,0,Dirichlet,Costante,0,Dirichlet,Costante,0,Dirichlet,Costante,0,0.5,500000,1.00E-01,1,1,1,100,100,5.00E-04
131,Costante,1.00E-01,Costante,1.00E+01,Costante,0.00E+00,Costante,0.00E+00,Funzione 13,1.000000,Dirichlet,Costante,0,Dirichlet,Costante,0,Dirichlet,Costante,0,Dirichlet,Costante,0,0.15,500000,1.00E-01,1,1,1,100,100,5.00E-04
132,Costante,1.00E-01,Costante,1.00E+01,Costante,0.00E+00,Costante,0.00E+00,Funzione 13,1.000000,Dirichlet,Costante,0,Dirichlet,Costante,0,Dirichlet,Costante,0,Dirichlet,Costante,0,0.2,500000,1.00E-01,1,1,1,100,100,5.00E-04
133,Costante,1.00E-01,Costante,1.00E+01,Costante,0.00E+00,Costante,0.00E+00,Funzione 13,1.000000,Dirichlet,Costante,0,Dirichlet,Costante,0,Dirichlet,Costante,0,Dirichlet,Costante,0,0.25,500000,1.00E-01,1,1,1,100,100,5.00E-04
134,Costante,1.00E-01,Costante,1.00E+01,Costante,0.00E+00,Costante,0.00E+00,Funzione 13,1.000000,Dirichlet,Costante,0,Dirichlet,Costante,0,Dirichlet,Costante,0,Dirichlet,Costante,0,0.3,500000,1.00E-01,1,1,1,100,100,5.00E-04
135,Costante,1.00E-01,Costante,1.00E+01,Costante,0.00E+00,Costante,0.00E+00,Funzione 13,1.000000,Dirichlet,Costante,0,Dirichlet,Costante,0,Dirichlet,Costante,0,Dirichlet,Costante,0,0.5,500000,1.00E-01,1,1,1,100,100,5.00E-04
136,Costante,1.00E-01,Costante,1.00E-01,Costante,0.00E+00,Costante,0.00E+00,Funzione 13,1.000000,Dirichlet,Costante,0,Dirichlet,Costante,0,Dirichlet,Costante,0,Dirichlet,Costante,0,0.15,500000,1.00E-01,1,1,1,100,100,5.00E-04
137,Costante,1.00E-01,Costante,1.00E-01,Costante,0.00E+00,Costante,0.00E+00,Funzione 13,1.000000,Dirichlet,Costante,0,Dirichlet,Costante,0,Dirichlet,Costante,0,Dirichlet,Costante,0,0.2,500000,1.00E-01,1,1,1,100,100,5.00E-04
138,Costante,1.00E-01,Costante,1.00E-01,Costante,0.00E+00,Costante,0.00E+00,Funzione 13,1.000000,Dirichlet,Costante,0,Dirichlet,Costante,0,Dirichlet,Costante,0,Dirichlet,Costante,0,0.25,500000,1.00E-01,1,1,1,100,100,5.00E-04
139,Costante,1.00E-01,Costante,1.00E-01,Costante,0.00E+00,Costante,0.00E+00,Funzione 13,1.000000,Dirichlet,Costante,0,Dirichlet,Costante,0,Dirichlet,Costante,0,Dirichlet,Costante,0,0.3,500000,1.00E-01,1,1,1,100,100,5.00E-04
140,Costante,1.00E-01,Costante,1.00E-01,Costante,0.00E+00,Costante,0.00E+00,Funzione 13,1.000000,Dirichlet,Costante,0,Dirichlet,Costante,0,Dirichlet,Costante,0,Dirichlet,Costante,0,0.5,500000,1.00E-01,1,1,1,100,100,5.00E-04
141,Costante,1.00E-01,Costante,1.00E+00,Costante,1.00E+00,Costante,0.00E+00,Funzione 13,1.000000,Dirichlet,Costante,0,Dirichlet,Costante,0,Dirichlet,Costante,0,Dirichlet,Costante,0,0.15,500000,1.00E-01,1,1,1,100,100,5.00E-04
142,Costante,1.00E-01,Costante,1.00E+00,Costante,1.00E+00,Costante,0.00E+00,Funzione 13,1.000000,Dirichlet,Costante,0,Dirichlet,Costante,0,Dirichlet,Costante,0,Dirichlet,Costante,0,0.2,500000,1.00E-01,1,1,1,100,100,5.00E-04
143,Costante,1.00E-01,Costante,1.00E+00,Costante,1.00E+00,Costante,0.00E+00,Funzione 13,1.000000,Dirichlet,Costante,0,Dirichlet,Costante,0,Dirichlet,Costante,0,Dirichlet,Costante,0,0.25,500000,1.00E-01,1,1,1,100,100,5.00E-04
144,Costante,1.00E-01,Costante,1.00E+00,Costante,1.00E+00,Costante,0.00E+00,Funzione 13,1.000000,Dirichlet,Costante,0,Dirichlet,Costante,0,Dirichlet,Costante,0,Dirichlet,Costante,0,0.3,500000,1.00E-01,1,1,1,100,100,5.00E-04
145,Costante,1.00E-01,Costante,1.00E+00,Costante,1.00E+00,Costante,0.00E+00,Funzione 13,1.000000,Dirichlet,Costante,0,Dirichlet,Costante,0,Dirichlet,Costante,0,Dirichlet,Costante,0,0.5,500000,1.00E-01,1,1,1,100,100,5.00E-04
146,Costante,1.00E-01,Costante,7.07E-01,Costante,-7.07E-01,Costante,0.00E+00,Funzione 13,1.000000,Dirichlet,Costante,0,Dirichlet,Costante,0,Dirichlet,Costante,0,Dirichlet,Costante,0,0.15,500000,1.00E-01,1,1,1,100,100,5.00E-04
147,Costante,1.00E-01,Costante,7.07E-01,Costante,-7.07E-01,Costante,0.00E+00,Funzione 13,1.000000,Dirichlet,Costante,0,Dirichlet,Costante,0,Dirichlet,Costante,0,Dirichlet,Costante,0,0.2,500000,1.00E-01,1,1,1,100,100,5.00E-04
148,Costante,1.00E-01,Costante,7.07E-01,Costante,-7.07E-01,Costante,0.00E+00,Funzione 13,1.000000,Dirichlet,Costante,0,Dirichlet,Costante,0,Dirichlet,Costante,0,Dirichlet,Costante,0,0.25,500000,1.00E-01,1,1,1,100,100,5.00E-04
149,Costante,1.00E-01,Costante,7.07E-01,Costante,-7.07E-01,Costante,0.00E+00,Funzione 13,1.000000,Dirichlet,Costante,0,Dirichlet,Costante,0,Dirichlet,Costante,0,Dirichlet,Costante,0,0.3,500000,1.00E-01,1,1,1,100,100,5.00E-04
150,Costante,1.00E-01,Costante,7.07E-01,Costante,-7.07E-01,Costante,0.00E+00,Funzione 13,1.000000,Dirichlet,Costante,0,Dirichlet,Costante,0,Dirichlet,Costante,0,Dirichlet,Costante,0,0.5,500000,1.00E-01,1,1,1,100,100,5.00E-04
151,Costante,1.00E-01,Costante,5.00E-01,Costante,8.66E-01,Costante,0.00E+00,Funzione 13,1.000000,Dirichlet,Costante,0,Dirichlet,Costante,0,Dirichlet,Costante,0,Dirichlet,Costante,0,0.15,500000,1.00E-01,1,1,1,100,100,5.00E-04
152,Costante,1.00E-01,Costante,5.00E-01,Costante,8.66E-01,Costante,0.00E+00,Funzione 13,1.000000,Dirichlet,Costante,0,Dirichlet,Costante,0,Dirichlet,Costante,0,Dirichlet,Costante,0,0.2,500000,1.00E-01,1,1,1,100,100,5.00E-04
153,Costante,1.00E-01,Costante,5.00E-01,Costante,8.66E-01,Costante,0.00E+00,Funzione 13,1.000000,Dirichlet,Costante,0,Dirichlet,Costante,0,Dirichlet,Costante,0,Dirichlet,Costante,0,0.25,500000,1.00E-01,1,1,1,100,100,5.00E-04
154,Costante,1.00E-01,Costante,5.00E-01,Costante,8.66E-01,Costante,0.00E+00,Funzione 13,1.000000,Dirichlet,Costante,0,Dirichlet,Costante,0,Dirichlet,Costante,0,Dirichlet,Costante,0,0.3,500000,1.00E-01,1,1,1,100,100,5.00E-04
155,Costante,1.00E-01,Costante,5.00E-01,Costante,8.66E-01,Costante,0.00E+00,Funzione 13,1.000000,Dirichlet,Costante,0,Dirichlet,Costante,0,Dirichlet,Costante,0,Dirichlet,Costante,0,0.5,500000,1.00E-01,1,1,1,100,100,5.00E-04
156,Costante,1.00E-01,Costante,1.73E+00,Costante,1.00E+00,Costante,0.00E+00,Funzione 13,1.000000,Dirichlet,Costante,0,Dirichlet,Costante,0,Dirichlet,Costante,0,Dirichlet,Costante,0,0.15,500000,1.00E-01,1,1,1,100,100,5.00E-04
157,Costante,1.00E-01,Costante,1.73E+00,Costante,1.00E+00,Costante,0.00E+00,Funzione 13,1.000000,Dirichlet,Costante,0,Dirichlet,Costante,0,Dirichlet,Costante,0,Dirichlet,Costante,0,0.2,500000,1.00E-01,1,1,1,100,100,5.00E-04
158,Costante,1.00E-01,Costante,1.73E+00,Costante,1.00E+00,Costante,0.00E+00,Funzione 13,1.000000,Dirichlet,Costante,0,Dirichlet,Costante,0,Dirichlet,Costante,0,Dirichlet,Costante,0,0.25,500000,1.00E-01,1,1,1,100,100,5.00E-04
159,Costante,1.00E-01,Costante,1.73E+00,Costante,1.00E+00,Costante,0.00E+00,Funzione 13,1.000000,Dirichlet,Costante,0,Dirichlet,Costante,0,Dirichlet,Costante,0,Dirichlet,Costante,0,0.3,500000,1.00E-01,1,1,1,100,100,5.00E-04
160,Costante,1.00E-01,Costante,1.73E+00,Costante,1.00E+00,Costante,0.00E+00,Funzione 13,1.000000,Dirichlet,Costante,0,Dirichlet,Costante,0,Dirichlet,Costante,0,Dirichlet,Costante,0,0.5,500000,1.00E-01,1,1,1,100,100,5.00E-04
161,Costante,5.00E-02,Costante,1.00E+00,Costante,0.00E+00,Costante,0.00E+00,Funzione 13,1.000000,Dirichlet,Costante,0,Dirichlet,Costante,0,Dirichlet,Costante,0,Dirichlet,Costante,0,0.15,500000,5.00E-02,1,1,1,100,100,5.00E-04
162,Costante,5.00E-02,Costante,1.00E+00,Costante,0.00E+00,Costante,0.00E+00,Funzione 13,1.000000,Dirichlet,Costante,0,Dirichlet,Costante,0,Dirichlet,Costante,0,Dirichlet,Costante,0,0.3,500000,5.00E-02,1,1,1,100,100,5.00E-04
163,Costante,5.00E-02,Costante,1.00E+00,Costante,0.00E+00,Costante,0.00E+00,Funzione 13,1.000000,Dirichlet,Costante,0,Dirichlet,Costante,0,Dirichlet,Costante,0,Dirichlet,Costante,0,0.5,500000,5.00E-02,1,1,1,100,100,5.00E-04
164,Costante,5.00E-02,Costante,1.00E+00,Costante,0.00E+00,Costante,0.00E+00,Funzione 13,1.000000,Dirichlet,Costante,0,Dirichlet,Costante,0,Dirichlet,Costante,0,Dirichlet,Costante,0,0.75,500000,5.00E-02,1,1,1,100,100,5.00E-04
165,Costante,5.00E-02,Costante,1.00E+00,Costante,0.00E+00,Costante,0.00E+00,Funzione 13,1.000000,Dirichlet,Costante,0,Dirichlet,Costante,0,Dirichlet,Costante,0,Dirichlet,Costante,0,1,500000,5.00E-02,1,1,1,100,100,5.00E-04
166,Costante,5.00E-02,Costante,1.00E+00,Costante,0.00E+00,Costante,5.00E-02,Funzione 13,1.000000,Dirichlet,Costante,0,Dirichlet,Costante,0,Dirichlet,Costante,0,Dirichlet,Costante,0,0.3,500000,5.00E-02,1,1,1,100,100,5.00E-04
167,Costante,5.00E-02,Costante,1.00E+00,Costante,0.00E+00,Costante,5.00E-02,Funzione 13,1.000000,Dirichlet,Costante,0,Dirichlet,Costante,0,Dirichlet,Costante,0,Dirichlet,Costante,0,0.4,500000,5.00E-02,1,1,1,100,100,5.00E-04
168,Costante,5.00E-02,Costante,1.00E+00,Costante,0.00E+00,Costante,5.00E-02,Funzione 13,1.000000,Dirichlet,Costante,0,Dirichlet,Costante,0,Dirichlet,Costante,0,Dirichlet,Costante,0,0.5,500000,5.00E-02,1,1,1,100,100,5.00E-04
169,Costante,5.00E-02,Costante,1.00E+00,Costante,0.00E+00,Costante,5.00E-02,Funzione 13,1.000000,Dirichlet,Costante,0,Dirichlet,Costante,0,Dirichlet,Costante,0,Dirichlet,Costante,0,0.75,500000,5.00E-02,1,1,1,100,100,5.00E-04
170,Costante,5.00E-02,Costante,1.00E+00,Costante,0.00E+00,Costante,5.00E-02,Funzione 13,1.000000,Dirichlet,Costante,0,Dirichlet,Costante,0,Dirichlet,Costante,0,Dirichlet,Costante,0,1,500000,5.00E-02,1,1,1,100,100,5.00E-04
171,Costante,5.00E-02,Costante,1.00E+01,Costante,0.00E+00,Costante,0.00E+00,Funzione 13,1.000000,Dirichlet,Costante,0,Dirichlet,Costante,0,Dirichlet,Costante,0,Dirichlet,Costante,0,0.3,500000,5.00E-02,1,1,1,100,100,5.00E-04
172,Costante,5.00E-02,Costante,1.00E+01,Costante,0.00E+00,Costante,0.00E+00,Funzione 13,1.000000,Dirichlet,Costante,0,Dirichlet,Costante,0,Dirichlet,Costante,0,Dirichlet,Costante,0,0.4,500000,5.00E-02,1,1,1,100,100,5.00E-04
173,Costante,5.00E-02,Costante,1.00E+01,Costante,0.00E+00,Costante,0.00E+00,Funzione 13,1.000000,Dirichlet,Costante,0,Dirichlet,Costante,0,Dirichlet,Costante,0,Dirichlet,Costante,0,0.5,500000,5.00E-02,1,1,1,100,100,5.00E-04
174,Costante,5.00E-02,Costante,1.00E+01,Costante,0.00E+00,Costante,0.00E+00,Funzione 13,1.000000,Dirichlet,Costante,0,Dirichlet,Costante,0,Dirichlet,Costante,0,Dirichlet,Costante,0,0.75,500000,5.00E-02,1,1,1,100,100,5.00E-04
175,Costante,5.00E-02,Costante,1.00E+01,Costante,0.00E+00,Costante,0.00E+00,Funzione 13,1.000000,Dirichlet,Costante,0,Dirichlet,Costante,0,Dirichlet,Costante,0,Dirichlet,Costante,0,1,500000,5.00E-02,1,1,1,100,100,5.00E-04
176,Costante,5.00E-02,Costante,1.00E-01,Costante,0.00E+00,Costante,0.00E+00,Funzione 13,1.000000,Dirichlet,Costante,0,Dirichlet,Costante,0,Dirichlet,Costante,0,Dirichlet,Costante,0,0.3,500000,5.00E-02,1,1,1,100,100,5.00E-04
177,Costante,5.00E-02,Costante,1.00E-01,Costante,0.00E+00,Costante,0.00E+00,Funzione 13,1.000000,Dirichlet,Costante,0,Dirichlet,Costante,0,Dirichlet,Costante,0,Dirichlet,Costante,0,0.4,500000,5.00E-02,1,1,1,100,100,5.00E-04
178,Costante,5.00E-02,Costante,1.00E-01,Costante,0.00E+00,Costante,0.00E+00,Funzione 13,1.000000,Dirichlet,Costante,0,Dirichlet,Costante,0,Dirichlet,Costante,0,Dirichlet,Costante,0,0.5,500000,5.00E-02,1,1,1,100,100,5.00E-04
179,Costante,5.00E-02,Costante,1.00E-01,Costante,0.00E+00,Costante,0.00E+00,Funzione 13,1.000000,Dirichlet,Costante,0,Dirichlet,Costante,0,Dirichlet,Costante,0,Dirichlet,Costante,0,0.75,500000,5.00E-02,1,1,1,100,100,5.00E-04
180,Costante,5.00E-02,Costante,1.00E-01,Costante,0.00E+00,Costante,0.00E+00,Funzione 13,1.000000,Dirichlet,Costante,0,Dirichlet,Costante,0,Dirichlet,Costante,0,Dirichlet,Costante,0,1,500000,5.00E-02,1,1,1,100,100,5.00E-04
181,Costante,5.00E-02,Costante,1.00E+00,Costante,1.00E+00,Costante,0.00E+00,Funzione 13,1.000000,Dirichlet,Costante,0,Dirichlet,Costante,0,Dirichlet,Costante,0,Dirichlet,Costante,0,0.3,500000,5.00E-02,1,1,1,100,100,5.00E-04
182,Costante,5.00E-02,Costante,1.00E+00,Costante,1.00E+00,Costante,0.00E+00,Funzione 13,1.000000,Dirichlet,Costante,0,Dirichlet,Costante,0,Dirichlet,Costante,0,Dirichlet,Costante,0,0.4,500000,5.00E-02,1,1,1,100,100,5.00E-04
183,Costante,5.00E-02,Costante,1.00E+00,Costante,1.00E+00,Costante,0.00E+00,Funzione 13,1.000000,Dirichlet,Costante,0,Dirichlet,Costante,0,Dirichlet,Costante,0,Dirichlet,Costante,0,0.5,500000,5.00E-02,1,1,1,100,100,5.00E-04
184,Costante,5.00E-02,Costante,1.00E+00,Costante,1.00E+00,Costante,0.00E+00,Funzione 13,1.000000,Dirichlet,Costante,0,Dirichlet,Costante,0,Dirichlet,Costante,0,Dirichlet,Costante,0,0.75,500000,5.00E-02,1,1,1,100,100,5.00E-04
185,Costante,5.00E-02,Costante,1.00E+00,Costante,1.00E+00,Costante,0.00E+00,Funzione 13,1.000000,Dirichlet,Costante,0,Dirichlet,Costante,0,Dirichlet,Costante,0,Dirichlet,Costante,0,1,500000,5.00E-02,1,1,1,100,100,5.00E-04
186,Costante,5.00E-02,Costante,7.07E-01,Costante,-7.07E-01,Costante,0.00E+00,Funzione 13,1.000000,Dirichlet,Costante,0,Dirichlet,Costante,0,Dirichlet,Costante,0,Dirichlet,Costante,0,0.3,500000,5.00E-02,1,1,1,100,100,5.00E-04
187,Costante,5.00E-02,Costante,7.07E-01,Costante,-7.07E-01,Costante,0.00E+00,Funzione 13,1.000000,Dirichlet,Costante,0,Dirichlet,Costante,0,Dirichlet,Costante,0,Dirichlet,Costante,0,0.4,500000,5.00E-02,1,1,1,100,100,5.00E-04
188,Costante,5.00E-02,Costante,7.07E-01,Costante,-7.07E-01,Costante,0.00E+00,Funzione 13,1.000000,Dirichlet,Costante,0,Dirichlet,Costante,0,Dirichlet,Costante,0,Dirichlet,Costante,0,0.5,500000,5.00E-02,1,1,1,100,100,5.00E-04
189,Costante,5.00E-02,Costante,7.07E-01,Costante,-7.07E-01,Costante,0.00E+00,Funzione 13,1.000000,Dirichlet,Costante,0,Dirichlet,Costante,0,Dirichlet,Costante,0,Dirichlet,Costante,0,0.75,500000,5.00E-02,1,1,1,100,100,5.00E-04
190,Costante,5.00E-02,Costante,7.07E-01,Costante,-7.07E-01,Costante,0.00E+00,Funzione 13,1.000000,Dirichlet,Costante,0,Dirichlet,Costante,0,Dirichlet,Costante,0,Dirichlet,Costante,0,1,500000,5.00E-02,1,1,1,100,100,5.00E-04
191,Costante,5.00E-02,Costante,5.00E-01,Costante,8.66E-01,Costante,0.00E+00,Funzione 13,1.000000,Dirichlet,Costante,0,Dirichlet,Costante,0,Dirichlet,Costante,0,Dirichlet,Costante,0,0.3,500000,5.00E-02,1,1,1,100,100,5.00E-04
192,Costante,5.00E-02,Costante,5.00E-01,Costante,8.66E-01,Costante,0.00E+00,Funzione 13,1.000000,Dirichlet,Costante,0,Dirichlet,Costante,0,Dirichlet,Costante,0,Dirichlet,Costante,0,0.4,500000,5.00E-02,1,1,1,100,100,5.00E-04
193,Costante,5.00E-02,Costante,5.00E-01,Costante,8.66E-01,Costante,0.00E+00,Funzione 13,1.000000,Dirichlet,Costante,0,Dirichlet,Costante,0,Dirichlet,Costante,0,Dirichlet,Costante,0,0.5,500000,5.00E-02,1,1,1,100,100,5.00E-04
194,Costante,5.00E-02,Costante,5.00E-01,Costante,8.66E-01,Costante,0.00E+00,Funzione 13,1.000000,Dirichlet,Costante,0,Dirichlet,Costante,0,Dirichlet,Costante,0,Dirichlet,Costante,0,0.75,500000,5.00E-02,1,1,1,100,100,5.00E-04
195,Costante,5.00E-02,Costante,5.00E-01,Costante,8.66E-01,Costante,0.00E+00,Funzione 13,1.000000,Dirichlet,Costante,0,Dirichlet,Costante,0,Dirichlet,Costante,0,Dirichlet,Costante,0,1,500000,5.00E-02,1,1,1,100,100,5.00E-04
196,Costante,5.00E-02,Costante,1.73E+00,Costante,1.00E+00,Costante,0.00E+00,Funzione 13,1.000000,Dirichlet,Costante,0,Dirichlet,Costante,0,Dirichlet,Costante,0,Dirichlet,Costante,0,0.3,500000,5.00E-02,1,1,1,100,100,5.00E-04
197,Costante,5.00E-02,Costante,1.73E+00,Costante,1.00E+00,Costante,0.00E+00,Funzione 13,1.000000,Dirichlet,Costante,0,Dirichlet,Costante,0,Dirichlet,Costante,0,Dirichlet,Costante,0,0.4,500000,5.00E-02,1,1,1,100,100,5.00E-04
198,Costante,5.00E-02,Costante,1.73E+00,Costante,1.00E+00,Costante,0.00E+00,Funzione 13,1.000000,Dirichlet,Costante,0,Dirichlet,Costante,0,Dirichlet,Costante,0,Dirichlet,Costante,0,0.5,500000,5.00E-02,1,1,1,100,100,5.00E-04
199,Costante,5.00E-02,Costante,1.73E+00,Costante,1.00E+00,Costante,0.00E+00,Funzione 13,1.000000,Dirichlet,Costante,0,Dirichlet,Costante,0,Dirichlet,Costante,0,Dirichlet,Costante,0,0.75,500000,5.00E-02,1,1,1,100,100,5.00E-04
200,Costante,5.00E-02,Costante,1.73E+00,Costante,1.00E+00,Costante,0.00E+00,Funzione 13,1.000000,Dirichlet,Costante,0,Dirichlet,Costante,0,Dirichlet,Costante,0,Dirichlet,Costante,0,1,500000,5.00E-02,1,1,1,100,100,5.00E-04
201,Costante,5.00E-03,Costante,1.00E+00,Costante,0.00E+00,Costante,0.00E+00,Funzione 13,1.000000,Dirichlet,Costante,0,Dirichlet,Costante,0,Dirichlet,Costante,0,Dirichlet,Costante,0,0.3,500000,5.00E-03,1,1,1,100,100,5.00E-04
202,Costante,5.00E-03,Costante,1.00E+00,Costante,0.00E+00,Costante,0.00E+00,Funzione 13,1.000000,Dirichlet,Costante,0,Dirichlet,Costante,0,Dirichlet,Costante,0,Dirichlet,Costante,0,0.4,500000,5.00E-03,1,1,1,100,100,5.00E-04
203,Costante,5.00E-03,Costante,1.00E+00,Costante,0.00E+00,Costante,0.00E+00,Funzione 13,1.000000,Dirichlet,Costante,0,Dirichlet,Costante,0,Dirichlet,Costante,0,Dirichlet,Costante,0,0.5,500000,5.00E-03,1,1,1,100,100,5.00E-04
204,Costante,5.00E-03,Costante,1.00E+00,Costante,0.00E+00,Costante,0.00E+00,Funzione 13,1.000000,Dirichlet,Costante,0,Dirichlet,Costante,0,Dirichlet,Costante,0,Dirichlet,Costante,0,0.75,500000,5.00E-03,1,1,1,100,100,5.00E-04
205,Costante,5.00E-03,Costante,1.00E+00,Costante,0.00E+00,Costante,0.00E+00,Funzione 13,1.000000,Dirichlet,Costante,0,Dirichlet,Costante,0,Dirichlet,Costante,0,Dirichlet,Costante,0,1,500000,5.00E-03,1,1,1,100,100,5.00E-04
206,Costante,5.00E-03,Costante,1.00E+00,Costante,0.00E+00,Costante,5.00E-03,Funzione 13,1.000000,Dirichlet,Costante,0,Dirichlet,Costante,0,Dirichlet,Costante,0,Dirichlet,Costante,0,0.3,500000,5.00E-03,1,1,1,100,100,5.00E-04
207,Costante,5.00E-03,Costante,1.00E+00,Costante,0.00E+00,Costante,5.00E-03,Funzione 13,1.000000,Dirichlet,Costante,0,Dirichlet,Costante,0,Dirichlet,Costante,0,Dirichlet,Costante,0,0.4,500000,5.00E-03,1,1,1,100,100,5.00E-04
208,Costante,5.00E-03,Costante,1.00E+00,Costante,0.00E+00,Costante,5.00E-03,Funzione 13,1.000000,Dirichlet,Costante,0,Dirichlet,Costante,0,Dirichlet,Costante,0,Dirichlet,Costante,0,0.5,500000,5.00E-03,1,1,1,100,100,5.00E-04
209,Costante,5.00E-03,Costante,1.00E+00,Costante,0.00E+00,Costante,5.00E-03,Funzione 13,1.000000,Dirichlet,Costante,0,Dirichlet,Costante,0,Dirichlet,Costante,0,Dirichlet,Costante,0,0.75,500000,5.00E-03,1,1,1,100,100,5.00E-04
210,Costante,5.00E-03,Costante,1.00E+00,Costante,0.00E+00,Costante,5.00E-03,Funzione 13,1.000000,Dirichlet,Costante,0,Dirichlet,Costante,0,Dirichlet,Costante,0,Dirichlet,Costante,0,1,500000,5.00E-03,1,1,1,100,100,5.00E-04
211,Costante,5.00E-03,Costante,1.00E+01,Costante,0.00E+00,Costante,0.00E+00,Funzione 13,1.000000,Dirichlet,Costante,0,Dirichlet,Costante,0,Dirichlet,Costante,0,Dirichlet,Costante,0,0.3,500000,5.00E-03,1,1,1,100,100,5.00E-04
212,Costante,5.00E-03,Costante,1.00E+01,Costante,0.00E+00,Costante,0.00E+00,Funzione 13,1.000000,Dirichlet,Costante,0,Dirichlet,Costante,0,Dirichlet,Costante,0,Dirichlet,Costante,0,0.5,500000,5.00E-03,1,1,1,100,100,5.00E-04
213,Costante,5.00E-03,Costante,1.00E+01,Costante,0.00E+00,Costante,0.00E+00,Funzione 13,1.000000,Dirichlet,Costante,0,Dirichlet,Costante,0,Dirichlet,Costante,0,Dirichlet,Costante,0,1,500000,5.00E-03,1,1,1,100,100,5.00E-04
214,Costante,5.00E-03,Costante,1.00E+01,Costante,0.00E+00,Costante,0.00E+00,Funzione 13,1.000000,Dirichlet,Costante,0,Dirichlet,Costante,0,Dirichlet,Costante,0,Dirichlet,Costante,0,2.5,500000,5.00E-03,1,1,1,100,100,5.00E-04
215,Costante,5.00E-03,Costante,1.00E+01,Costante,0.00E+00,Costante,0.00E+00,Funzione 13,1.000000,Dirichlet,Costante,0,Dirichlet,Costante,0,Dirichlet,Costante,0,Dirichlet,Costante,0,5,500000,5.00E-03,1,1,1,100,100,5.00E-04
216,Costante,5.00E-03,Costante,1.00E-01,Costante,0.00E+00,Costante,0.00E+00,Funzione 13,1.000000,Dirichlet,Costante,0,Dirichlet,Costante,0,Dirichlet,Costante,0,Dirichlet,Costante,0,0.3,500000,5.00E-03,1,1,1,100,100,5.00E-04
217,Costante,5.00E-03,Costante,1.00E-01,Costante,0.00E+00,Costante,0.00E+00,Funzione 13,1.000000,Dirichlet,Costante,0,Dirichlet,Costante,0,Dirichlet,Costante,0,Dirichlet,Costante,0,0.5,500000,5.00E-03,1,1,1,100,100,5.00E-04
218,Costante,5.00E-03,Costante,1.00E-01,Costante,0.00E+00,Costante,0.00E+00,Funzione 13,1.000000,Dirichlet,Costante,0,Dirichlet,Costante,0,Dirichlet,Costante,0,Dirichlet,Costante,0,1,500000,5.00E-03,1,1,1,100,100,5.00E-04
219,Costante,5.00E-03,Costante,1.00E-01,Costante,0.00E+00,Costante,0.00E+00,Funzione 13,1.000000,Dirichlet,Costante,0,Dirichlet,Costante,0,Dirichlet,Costante,0,Dirichlet,Costante,0,2.5,500000,5.00E-03,1,1,1,100,100,5.00E-04
220,Costante,5.00E-03,Costante,1.00E-01,Costante,0.00E+00,Costante,0.00E+00,Funzione 13,1.000000,Dirichlet,Costante,0,Dirichlet,Costante,0,Dirichlet,Costante,0,Dirichlet,Costante,0,5,500000,5.00E-03,1,1,1,100,100,5.00E-04
221,Costante,5.00E-03,Costante,1.00E+00,Costante,1.00E+00,Costante,0.00E+00,Funzione 13,1.000000,Dirichlet,Costante,0,Dirichlet,Costante,0,Dirichlet,Costante,0,Dirichlet,Costante,0,0.3,500000,5.00E-03,1,1,1,100,100,5.00E-04
222,Costante,5.00E-03,Costante,1.00E+00,Costante,1.00E+00,Costante,0.00E+00,Funzione 13,1.000000,Dirichlet,Costante,0,Dirichlet,Costante,0,Dirichlet,Costante,0,Dirichlet,Costante,0,0.5,500000,5.00E-03,1,1,1,100,100,5.00E-04
223,Costante,5.00E-03,Costante,1.00E+00,Costante,1.00E+00,Costante,0.00E+00,Funzione 13,1.000000,Dirichlet,Costante,0,Dirichlet,Costante,0,Dirichlet,Costante,0,Dirichlet,Costante,0,1,500000,5.00E-03,1,1,1,100,100,5.00E-04
224,Costante,5.00E-03,Costante,1.00E+00,Costante,1.00E+00,Costante,0.00E+00,Funzione 13,1.000000,Dirichlet,Costante,0,Dirichlet,Costante,0,Dirichlet,Costante,0,Dirichlet,Costante,0,2.5,500000,5.00E-03,1,1,1,100,100,5.00E-04
225,Costante,5.00E-03,Costante,1.00E+00,Costante,1.00E+00,Costante,0.00E+00,Funzione 13,1.000000,Dirichlet,Costante,0,Dirichlet,Costante,0,Dirichlet,Costante,0,Dirichlet,Costante,0,5,500000,5.00E-03,1,1,1,100,100,5.00E-04
226,Costante,5.00E-03,Costante,7.07E-01,Costante,-7.07E-01,Costante,0.00E+00,Funzione 13,1.000000,Dirichlet,Costante,0,Dirichlet,Costante,0,Dirichlet,Costante,0,Dirichlet,Costante,0,0.3,500000,5.00E-03,1,1,1,100,100,5.00E-04
227,Costante,5.00E-03,Costante,7.07E-01,Costante,-7.07E-01,Costante,0.00E+00,Funzione 13,1.000000,Dirichlet,Costante,0,Dirichlet,Costante,0,Dirichlet,Costante,0,Dirichlet,Costante,0,0.5,500000,5.00E-03,1,1,1,100,100,5.00E-04
228,Costante,5.00E-03,Costante,7.07E-01,Costante,-7.07E-01,Costante,0.00E+00,Funzione 13,1.000000,Dirichlet,Costante,0,Dirichlet,Costante,0,Dirichlet,Costante,0,Dirichlet,Costante,0,1,500000,5.00E-03,1,1,1,100,100,5.00E-04
229,Costante,5.00E-03,Costante,7.07E-01,Costante,-7.07E-01,Costante,0.00E+00,Funzione 13,1.000000,Dirichlet,Costante,0,Dirichlet,Costante,0,Dirichlet,Costante,0,Dirichlet,Costante,0,2.5,500000,5.00E-03,1,1,1,100,100,5.00E-04
230,Costante,5.00E-03,Costante,7.07E-01,Costante,-7.07E-01,Costante,0.00E+00,Funzione 13,1.000000,Dirichlet,Costante,0,Dirichlet,Costante,0,Dirichlet,Costante,0,Dirichlet,Costante,0,5,500000,5.00E-03,1,1,1,100,100,5.00E-04
231,Costante,5.00E-03,Costante,5.00E-01,Costante,8.66E-01,Costante,0.00E+00,Funzione 13,1.000000,Dirichlet,Costante,0,Dirichlet,Costante,0,Dirichlet,Costante,0,Dirichlet,Costante,0,0.3,500000,5.00E-03,1,1,1,100,100,2.50E-04
232,Costante,5.00E-03,Costante,5.00E-01,Costante,8.66E-01,Costante,0.00E+00,Funzione 13,1.000000,Dirichlet,Costante,0,Dirichlet,Costante,0,Dirichlet,Costante,0,Dirichlet,Costante,0,0.5,500000,5.00E-03,1,1,1,100,100,2.50E-04
233,Costante,5.00E-03,Costante,5.00E-01,Costante,8.66E-01,Costante,0.00E+00,Funzione 13,1.000000,Dirichlet,Costante,0,Dirichlet,Costante,0,Dirichlet,Costante,0,Dirichlet,Costante,0,1,500000,5.00E-03,1,1,1,100,100,2.50E-04
234,Costante,5.00E-03,Costante,5.00E-01,Costante,8.66E-01,Costante,0.00E+00,Funzione 13,1.000000,Dirichlet,Costante,0,Dirichlet,Costante,0,Dirichlet,Costante,0,Dirichlet,Costante,0,2.5,500000,5.00E-03,1,1,1,100,100,2.50E-04
235,Costante,5.00E-03,Costante,5.00E-01,Costante,8.66E-01,Costante,0.00E+00,Funzione 13,1.000000,Dirichlet,Costante,0,Dirichlet,Costante,0,Dirichlet,Costante,0,Dirichlet,Costante,0,5,500000,5.00E-03,1,1,1,100,100,2.50E-04
236,Costante,5.00E-03,Costante,1.73E+00,Costante,1.00E+00,Costante,0.00E+00,Funzione 13,1.000000,Dirichlet,Costante,0,Dirichlet,Costante,0,Dirichlet,Costante,0,Dirichlet,Costante,0,0.3,500000,5.00E-03,1,1,1,100,100,5.00E-04
237,Costante,5.00E-03,Costante,1.73E+00,Costante,1.00E+00,Costante,0.00E+00,Funzione 13,1.000000,Dirichlet,Costante,0,Dirichlet,Costante,0,Dirichlet,Costante,0,Dirichlet,Costante,0,0.5,500000,5.00E-03,1,1,1,100,100,5.00E-04
238,Costante,5.00E-03,Costante,1.73E+00,Costante,1.00E+00,Costante,0.00E+00,Funzione 13,1.000000,Dirichlet,Costante,0,Dirichlet,Costante,0,Dirichlet,Costante,0,Dirichlet,Costante,0,1,500000,5.00E-03,1,1,1,100,100,5.00E-04
239,Costante,5.00E-03,Costante,1.73E+00,Costante,1.00E+00,Costante,0.00E+00,Funzione 13,1.000000,Dirichlet,Costante,0,Dirichlet,Costante,0,Dirichlet,Costante,0,Dirichlet,Costante,0,2.5,500000,5.00E-03,1,1,1,100,100,5.00E-04
240,Costante,5.00E-03,Costante,1.73E+00,Costante,1.00E+00,Costante,0.00E+00,Funzione 13,1.000000,Dirichlet,Costante,0,Dirichlet,Costante,0,Dirichlet,Costante,0,Dirichlet,Costante,0,5,500000,5.00E-03,1,1,1,100,100,5.00E-04
241,Costante,1.00E-01,Costante,1.00E+00,Costante,0.00E+00,Costante,0.00E+00,Funzione 14,1.000000,Dirichlet,Costante,0,Dirichlet,Costante,0,Dirichlet,Costante,0,Dirichlet,Costante,0,0.15,500000,1.00E-01,1,1,1,100,100,5.00E-04
242,Costante,1.00E-01,Costante,1.00E+00,Costante,0.00E+00,Costante,0.00E+00,Funzione 14,1.000000,Dirichlet,Costante,0,Dirichlet,Costante,0,Dirichlet,Costante,0,Dirichlet,Costante,0,0.2,500000,1.00E-01,1,1,1,100,100,5.00E-04
243,Costante,1.00E-01,Costante,1.00E+00,Costante,0.00E+00,Costante,0.00E+00,Funzione 14,1.000000,Dirichlet,Costante,0,Dirichlet,Costante,0,Dirichlet,Costante,0,Dirichlet,Costante,0,0.25,500000,1.00E-01,1,1,1,100,100,5.00E-04
244,Costante,1.00E-01,Costante,1.00E+00,Costante,0.00E+00,Costante,0.00E+00,Funzione 14,1.000000,Dirichlet,Costante,0,Dirichlet,Costante,0,Dirichlet,Costante,0,Dirichlet,Costante,0,0.3,500000,1.00E-01,1,1,1,100,100,5.00E-04
245,Costante,1.00E-01,Costante,1.00E+00,Costante,0.00E+00,Costante,0.00E+00,Funzione 14,1.000000,Dirichlet,Costante,0,Dirichlet,Costante,0,Dirichlet,Costante,0,Dirichlet,Costante,0,0.5,500000,1.00E-01,1,1,1,100,100,5.00E-04
246,Costante,1.00E-01,Costante,1.00E+00,Costante,0.00E+00,Costante,1.00E-01,Funzione 14,1.000000,Dirichlet,Costante,0,Dirichlet,Costante,0,Dirichlet,Costante,0,Dirichlet,Costante,0,0.15,500000,1.00E-01,1,1,1,100,100,5.00E-04
247,Costante,1.00E-01,Costante,1.00E+00,Costante,0.00E+00,Costante,1.00E-01,Funzione 14,1.000000,Dirichlet,Costante,0,Dirichlet,Costante,0,Dirichlet,Costante,0,Dirichlet,Costante,0,0.2,500000,1.00E-01,1,1,1,100,100,5.00E-04
248,Costante,1.00E-01,Costante,1.00E+00,Costante,0.00E+00,Costante,1.00E-01,Funzione 14,1.000000,Dirichlet,Costante,0,Dirichlet,Costante,0,Dirichlet,Costante,0,Dirichlet,Costante,0,0.25,500000,1.00E-01,1,1,1,100,100,5.00E-04
249,Costante,1.00E-01,Costante,1.00E+00,Costante,0.00E+00,Costante,1.00E-01,Funzione 14,1.000000,Dirichlet,Costante,0,Dirichlet,Costante,0,Dirichlet,Costante,0,Dirichlet,Costante,0,0.3,500000,1.00E-01,1,1,1,100,100,5.00E-04
250,Costante,1.00E-01,Costante,1.00E+00,Costante,0.00E+00,Costante,1.00E-01,Funzione 14,1.000000,Dirichlet,Costante,0,Dirichlet,Costante,0,Dirichlet,Costante,0,Dirichlet,Costante,0,0.5,500000,1.00E-01,1,1,1,100,100,5.00E-04
251,Costante,1.00E-01,Costante,1.00E+01,Costante,0.00E+00,Costante,0.00E+00,Funzione 14,1.000000,Dirichlet,Costante,0,Dirichlet,Costante,0,Dirichlet,Costante,0,Dirichlet,Costante,0,0.15,500000,1.00E-01,1,1,1,100,100,5.00E-04
252,Costante,1.00E-01,Costante,1.00E+01,Costante,0.00E+00,Costante,0.00E+00,Funzione 14,1.000000,Dirichlet,Costante,0,Dirichlet,Costante,0,Dirichlet,Costante,0,Dirichlet,Costante,0,0.2,500000,1.00E-01,1,1,1,100,100,5.00E-04
253,Costante,1.00E-01,Costante,1.00E+01,Costante,0.00E+00,Costante,0.00E+00,Funzione 14,1.000000,Dirichlet,Costante,0,Dirichlet,Costante,0,Dirichlet,Costante,0,Dirichlet,Costante,0,0.25,500000,1.00E-01,1,1,1,100,100,5.00E-04
254,Costante,1.00E-01,Costante,1.00E+01,Costante,0.00E+00,Costante,0.00E+00,Funzione 14,1.000000,Dirichlet,Costante,0,Dirichlet,Costante,0,Dirichlet,Costante,0,Dirichlet,Costante,0,0.3,500000,1.00E-01,1,1,1,100,100,5.00E-04
255,Costante,1.00E-01,Costante,1.00E+01,Costante,0.00E+00,Costante,0.00E+00,Funzione 14,1.000000,Dirichlet,Costante,0,Dirichlet,Costante,0,Dirichlet,Costante,0,Dirichlet,Costante,0,0.5,500000,1.00E-01,1,1,1,100,100,5.00E-04
256,Costante,1.00E-01,Costante,1.00E-01,Costante,0.00E+00,Costante,0.00E+00,Funzione 14,1.000000,Dirichlet,Costante,0,Dirichlet,Costante,0,Dirichlet,Costante,0,Dirichlet,Costante,0,0.15,500000,1.00E-01,1,1,1,100,100,5.00E-04
257,Costante,1.00E-01,Costante,1.00E-01,Costante,0.00E+00,Costante,0.00E+00,Funzione 14,1.000000,Dirichlet,Costante,0,Dirichlet,Costante,0,Dirichlet,Costante,0,Dirichlet,Costante,0,0.2,500000,1.00E-01,1,1,1,100,100,5.00E-04
258,Costante,1.00E-01,Costante,1.00E-01,Costante,0.00E+00,Costante,0.00E+00,Funzione 14,1.000000,Dirichlet,Costante,0,Dirichlet,Costante,0,Dirichlet,Costante,0,Dirichlet,Costante,0,0.25,500000,1.00E-01,1,1,1,100,100,5.00E-04
259,Costante,1.00E-01,Costante,1.00E-01,Costante,0.00E+00,Costante,0.00E+00,Funzione 14,1.000000,Dirichlet,Costante,0,Dirichlet,Costante,0,Dirichlet,Costante,0,Dirichlet,Costante,0,0.3,500000,1.00E-01,1,1,1,100,100,5.00E-04
260,Costante,1.00E-01,Costante,1.00E-01,Costante,0.00E+00,Costante,0.00E+00,Funzione 14,1.000000,Dirichlet,Costante,0,Dirichlet,Costante,0,Dirichlet,Costante,0,Dirichlet,Costante,0,0.5,500000,1.00E-01,1,1,1,100,100,5.00E-04
261,Costante,1.00E-01,Costante,1.00E+00,Costante,1.00E+00,Costante,0.00E+00,Funzione 14,1.000000,Dirichlet,Costante,0,Dirichlet,Costante,0,Dirichlet,Costante,0,Dirichlet,Costante,0,0.15,500000,1.00E-01,1,1,1,100,100,5.00E-04
262,Costante,1.00E-01,Costante,1.00E+00,Costante,1.00E+00,Costante,0.00E+00,Funzione 14,1.000000,Dirichlet,Costante,0,Dirichlet,Costante,0,Dirichlet,Costante,0,Dirichlet,Costante,0,0.2,500000,1.00E-01,1,1,1,100,100,5.00E-04
263,Costante,1.00E-01,Costante,1.00E+00,Costante,1.00E+00,Costante,0.00E+00,Funzione 14,1.000000,Dirichlet,Costante,0,Dirichlet,Costante,0,Dirichlet,Costante,0,Dirichlet,Costante,0,0.25,500000,1.00E-01,1,1,1,100,100,5.00E-04
264,Costante,1.00E-01,Costante,1.00E+00,Costante,1.00E+00,Costante,0.00E+00,Funzione 14,1.000000,Dirichlet,Costante,0,Dirichlet,Costante,0,Dirichlet,Costante,0,Dirichlet,Costante,0,0.3,500000,1.00E-01,1,1,1,100,100,5.00E-04
265,Costante,1.00E-01,Costante,1.00E+00,Costante,1.00E+00,Costante,0.00E+00,Funzione 14,1.000000,Dirichlet,Costante,0,Dirichlet,Costante,0,Dirichlet,Costante,0,Dirichlet,Costante,0,0.5,500000,1.00E-01,1,1,1,100,100,5.00E-04
266,Costante,1.00E-01,Costante,7.07E-01,Costante,-7.07E-01,Costante,0.00E+00,Funzione 14,1.000000,Dirichlet,Costante,0,Dirichlet,Costante,0,Dirichlet,Costante,0,Dirichlet,Costante,0,0.15,500000,1.00E-01,1,1,1,100,100,5.00E-04
267,Costante,1.00E-01,Costante,7.07E-01,Costante,-7.07E-01,Costante,0.00E+00,Funzione 14,1.000000,Dirichlet,Costante,0,Dirichlet,Costante,0,Dirichlet,Costante,0,Dirichlet,Costante,0,0.2,500000,1.00E-01,1,1,1,100,100,5.00E-04
268,Costante,1.00E-01,Costante,7.07E-01,Costante,-7.07E-01,Costante,0.00E+00,Funzione 14,1.000000,Dirichlet,Costante,0,Dirichlet,Costante,0,Dirichlet,Costante,0,Dirichlet,Costante,0,0.25,500000,1.00E-01,1,1,1,100,100,5.00E-04
269,Costante,1.00E-01,Costante,7.07E-01,Costante,-7.07E-01,Costante,0.00E+00,Funzione 14,1.000000,Dirichlet,Costante,0,Dirichlet,Costante,0,Dirichlet,Costante,0,Dirichlet,Costante,0,0.3,500000,1.00E-01,1,1,1,100,100,5.00E-04
270,Costante,1.00E-01,Costante,7.07E-01,Costante,-7.07E-01,Costante,0.00E+00,Funzione 14,1.000000,Dirichlet,Costante,0,Dirichlet,Costante,0,Dirichlet,Costante,0,Dirichlet,Costante,0,0.5,500000,1.00E-01,1,1,1,100,100,5.00E-04
271,Costante,1.00E-01,Costante,5.00E-01,Costante,8.66E-01,Costante,0.00E+00,Funzione 14,1.000000,Dirichlet,Costante,0,Dirichlet,Costante,0,Dirichlet,Costante,0,Dirichlet,Costante,0,0.15,500000,1.00E-01,1,1,1,100,100,5.00E-04
272,Costante,1.00E-01,Costante,5.00E-01,Costante,8.66E-01,Costante,0.00E+00,Funzione 14,1.000000,Dirichlet,Costante,0,Dirichlet,Costante,0,Dirichlet,Costante,0,Dirichlet,Costante,0,0.2,500000,1.00E-01,1,1,1,100,100,5.00E-04
273,Costante,1.00E-01,Costante,5.00E-01,Costante,8.66E-01,Costante,0.00E+00,Funzione 14,1.000000,Dirichlet,Costante,0,Dirichlet,Costante,0,Dirichlet,Costante,0,Dirichlet,Costante,0,0.25,500000,1.00E-01,1,1,1,100,100,5.00E-04
274,Costante,1.00E-01,Costante,5.00E-01,Costante,8.66E-01,Costante,0.00E+00,Funzione 14,1.000000,Dirichlet,Costante,0,Dirichlet,Costante,0,Dirichlet,Costante,0,Dirichlet,Costante,0,0.3,500000,1.00E-01,1,1,1,100,100,5.00E-04
275,Costante,1.00E-01,Costante,5.00E-01,Costante,8.66E-01,Costante,0.00E+00,Funzione 14,1.000000,Dirichlet,Costante,0,Dirichlet,Costante,0,Dirichlet,Costante,0,Dirichlet,Costante,0,0.5,500000,1.00E-01,1,1,1,100,100,5.00E-04
276,Costante,1.00E-01,Costante,1.73E+00,Costante,1.00E+00,Costante,0.00E+00,Funzione 14,1.000000,Dirichlet,Costante,0,Dirichlet,Costante,0,Dirichlet,Costante,0,Dirichlet,Costante,0,0.15,500000,1.00E-01,1,1,1,100,100,5.00E-04
277,Costante,1.00E-01,Costante,1.73E+00,Costante,1.00E+00,Costante,0.00E+00,Funzione 14,1.000000,Dirichlet,Costante,0,Dirichlet,Costante,0,Dirichlet,Costante,0,Dirichlet,Costante,0,0.2,500000,1.00E-01,1,1,1,100,100,5.00E-04
278,Costante,1.00E-01,Costante,1.73E+00,Costante,1.00E+00,Costante,0.00E+00,Funzione 14,1.000000,Dirichlet,Costante,0,Dirichlet,Costante,0,Dirichlet,Costante,0,Dirichlet,Costante,0,0.25,500000,1.00E-01,1,1,1,100,100,5.00E-04
279,Costante,1.00E-01,Costante,1.73E+00,Costante,1.00E+00,Costante,0.00E+00,Funzione 14,1.000000,Dirichlet,Costante,0,Dirichlet,Costante,0,Dirichlet,Costante,0,Dirichlet,Costante,0,0.3,500000,1.00E-01,1,1,1,100,100,5.00E-04
280,Costante,1.00E-01,Costante,1.73E+00,Costante,1.00E+00,Costante,0.00E+00,Funzione 14,1.000000,Dirichlet,Costante,0,Dirichlet,Costante,0,Dirichlet,Costante,0,Dirichlet,Costante,0,0.5,500000,1.00E-01,1,1,1,100,100,5.00E-04
281,Costante,5.00E-02,Costante,1.00E+00,Costante,0.00E+00,Costante,0.00E+00,Funzione 14,1.000000,Dirichlet,Costante,0,Dirichlet,Costante,0,Dirichlet,Costante,0,Dirichlet,Costante,0,0.15,500000,5.00E-02,1,1,1,100,100,5.00E-04
282,Costante,5.00E-02,Costante,1.00E+00,Costante,0.00E+00,Costante,0.00E+00,Funzione 14,1.000000,Dirichlet,Costante,0,Dirichlet,Costante,0,Dirichlet,Costante,0,Dirichlet,Costante,0,0.3,500000,5.00E-02,1,1,1,100,100,5.00E-04
283,Costante,5.00E-02,Costante,1.00E+00,Costante,0.00E+00,Costante,0.00E+00,Funzione 14,1.000000,Dirichlet,Costante,0,Dirichlet,Costante,0,Dirichlet,Costante,0,Dirichlet,Costante,0,0.5,500000,5.00E-02,1,1,1,100,100,5.00E-04
284,Costante,5.00E-02,Costante,1.00E+00,Costante,0.00E+00,Costante,0.00E+00,Funzione 14,1.000000,Dirichlet,Costante,0,Dirichlet,Costante,0,Dirichlet,Costante,0,Dirichlet,Costante,0,0.75,500000,5.00E-02,1,1,1,100,100,5.00E-04
285,Costante,5.00E-02,Costante,1.00E+00,Costante,0.00E+00,Costante,0.00E+00,Funzione 14,1.000000,Dirichlet,Costante,0,Dirichlet,Costante,0,Dirichlet,Costante,0,Dirichlet,Costante,0,1,500000,5.00E-02,1,1,1,100,100,5.00E-04
286,Costante,5.00E-02,Costante,1.00E+00,Costante,0.00E+00,Costante,5.00E-02,Funzione 14,1.000000,Dirichlet,Costante,0,Dirichlet,Costante,0,Dirichlet,Costante,0,Dirichlet,Costante,0,0.3,500000,5.00E-02,1,1,1,100,100,5.00E-04
287,Costante,5.00E-02,Costante,1.00E+00,Costante,0.00E+00,Costante,5.00E-02,Funzione 14,1.000000,Dirichlet,Costante,0,Dirichlet,Costante,0,Dirichlet,Costante,0,Dirichlet,Costante,0,0.4,500000,5.00E-02,1,1,1,100,100,5.00E-04
288,Costante,5.00E-02,Costante,1.00E+00,Costante,0.00E+00,Costante,5.00E-02,Funzione 14,1.000000,Dirichlet,Costante,0,Dirichlet,Costante,0,Dirichlet,Costante,0,Dirichlet,Costante,0,0.5,500000,5.00E-02,1,1,1,100,100,5.00E-04
289,Costante,5.00E-02,Costante,1.00E+00,Costante,0.00E+00,Costante,5.00E-02,Funzione 14,1.000000,Dirichlet,Costante,0,Dirichlet,Costante,0,Dirichlet,Costante,0,Dirichlet,Costante,0,0.75,500000,5.00E-02,1,1,1,100,100,5.00E-04
290,Costante,5.00E-02,Costante,1.00E+00,Costante,0.00E+00,Costante,5.00E-02,Funzione 14,1.000000,Dirichlet,Costante,0,Dirichlet,Costante,0,Dirichlet,Costante,0,Dirichlet,Costante,0,1,500000,5.00E-02,1,1,1,100,100,5.00E-04
291,Costante,5.00E-02,Costante,1.00E+01,Costante,0.00E+00,Costante,0.00E+00,Funzione 14,1.000000,Dirichlet,Costante,0,Dirichlet,Costante,0,Dirichlet,Costante,0,Dirichlet,Costante,0,0.3,500000,5.00E-02,1,1,1,100,100,5.00E-04
292,Costante,5.00E-02,Costante,1.00E+01,Costante,0.00E+00,Costante,0.00E+00,Funzione 14,1.000000,Dirichlet,Costante,0,Dirichlet,Costante,0,Dirichlet,Costante,0,Dirichlet,Costante,0,0.4,500000,5.00E-02,1,1,1,100,100,5.00E-04
293,Costante,5.00E-02,Costante,1.00E+01,Costante,0.00E+00,Costante,0.00E+00,Funzione 14,1.000000,Dirichlet,Costante,0,Dirichlet,Costante,0,Dirichlet,Costante,0,Dirichlet,Costante,0,0.5,500000,5.00E-02,1,1,1,100,100,5.00E-04
294,Costante,5.00E-02,Costante,1.00E+01,Costante,0.00E+00,Costante,0.00E+00,Funzione 14,1.000000,Dirichlet,Costante,0,Dirichlet,Costante,0,Dirichlet,Costante,0,Dirichlet,Costante,0,0.75,500000,5.00E-02,1,1,1,100,100,5.00E-04
295,Costante,5.00E-02,Costante,1.00E+01,Costante,0.00E+00,Costante,0.00E+00,Funzione 14,1.000000,Dirichlet,Costante,0,Dirichlet,Costante,0,Dirichlet,Costante,0,Dirichlet,Costante,0,1,500000,5.00E-02,1,1,1,100,100,5.00E-04
296,Costante,5.00E-02,Costante,1.00E-01,Costante,0.00E+00,Costante,0.00E+00,Funzione 14,1.000000,Dirichlet,Costante,0,Dirichlet,Costante,0,Dirichlet,Costante,0,Dirichlet,Costante,0,0.3,500000,5.00E-02,1,1,1,100,100,5.00E-04
297,Costante,5.00E-02,Costante,1.00E-01,Costante,0.00E+00,Costante,0.00E+00,Funzione 14,1.000000,Dirichlet,Costante,0,Dirichlet,Costante,0,Dirichlet,Costante,0,Dirichlet,Costante,0,0.4,500000,5.00E-02,1,1,1,100,100,5.00E-04
298,Costante,5.00E-02,Costante,1.00E-01,Costante,0.00E+00,Costante,0.00E+00,Funzione 14,1.000000,Dirichlet,Costante,0,Dirichlet,Costante,0,Dirichlet,Costante,0,Dirichlet,Costante,0,0.5,500000,5.00E-02,1,1,1,100,100,5.00E-04
299,Costante,5.00E-02,Costante,1.00E-01,Costante,0.00E+00,Costante,0.00E+00,Funzione 14,1.000000,Dirichlet,Costante,0,Dirichlet,Costante,0,Dirichlet,Costante,0,Dirichlet,Costante,0,0.75,500000,5.00E-02,1,1,1,100,100,5.00E-04
300,Costante,5.00E-02,Costante,1.00E-01,Costante,0.00E+00,Costante,0.00E+00,Funzione 14,1.000000,Dirichlet,Costante,0,Dirichlet,Costante,0,Dirichlet,Costante,0,Dirichlet,Costante,0,1,500000,5.00E-02,1,1,1,100,100,5.00E-04
301,Costante,5.00E-02,Costante,1.00E+00,Costante,1.00E+00,Costante,0.00E+00,Funzione 14,1.000000,Dirichlet,Costante,0,Dirichlet,Costante,0,Dirichlet,Costante,0,Dirichlet,Costante,0,0.3,500000,5.00E-02,1,1,1,100,100,5.00E-04
302,Costante,5.00E-02,Costante,1.00E+00,Costante,1.00E+00,Costante,0.00E+00,Funzione 14,1.000000,Dirichlet,Costante,0,Dirichlet,Costante,0,Dirichlet,Costante,0,Dirichlet,Costante,0,0.4,500000,5.00E-02,1,1,1,100,100,5.00E-04
303,Costante,5.00E-02,Costante,1.00E+00,Costante,1.00E+00,Costante,0.00E+00,Funzione 14,1.000000,Dirichlet,Costante,0,Dirichlet,Costante,0,Dirichlet,Costante,0,Dirichlet,Costante,0,0.5,500000,5.00E-02,1,1,1,100,100,5.00E-04
304,Costante,5.00E-02,Costante,1.00E+00,Costante,1.00E+00,Costante,0.00E+00,Funzione 14,1.000000,Dirichlet,Costante,0,Dirichlet,Costante,0,Dirichlet,Costante,0,Dirichlet,Costante,0,0.75,500000,5.00E-02,1,1,1,100,100,5.00E-04
305,Costante,5.00E-02,Costante,1.00E+00,Costante,1.00E+00,Costante,0.00E+00,Funzione 14,1.000000,Dirichlet,Costante,0,Dirichlet,Costante,0,Dirichlet,Costante,0,Dirichlet,Costante,0,1,500000,5.00E-02,1,1,1,100,100,5.00E-04
306,Costante,5.00E-02,Costante,7.07E-01,Costante,-7.07E-01,Costante,0.00E+00,Funzione 14,1.000000,Dirichlet,Costante,0,Dirichlet,Costante,0,Dirichlet,Costante,0,Dirichlet,Costante,0,0.3,500000,5.00E-02,1,1,1,100,100,5.00E-04
307,Costante,5.00E-02,Costante,7.07E-01,Costante,-7.07E-01,Costante,0.00E+00,Funzione 14,1.000000,Dirichlet,Costante,0,Dirichlet,Costante,0,Dirichlet,Costante,0,Dirichlet,Costante,0,0.4,500000,5.00E-02,1,1,1,100,100,5.00E-04
308,Costante,5.00E-02,Costante,7.07E-01,Costante,-7.07E-01,Costante,0.00E+00,Funzione 14,1.000000,Dirichlet,Costante,0,Dirichlet,Costante,0,Dirichlet,Costante,0,Dirichlet,Costante,0,0.5,500000,5.00E-02,1,1,1,100,100,5.00E-04
309,Costante,5.00E-02,Costante,7.07E-01,Costante,-7.07E-01,Costante,0.00E+00,Funzione 14,1.000000,Dirichlet,Costante,0,Dirichlet,Costante,0,Dirichlet,Costante,0,Dirichlet,Costante,0,0.75,500000,5.00E-02,1,1,1,100,100,5.00E-04
310,Costante,5.00E-02,Costante,7.07E-01,Costante,-7.07E-01,Costante,0.00E+00,Funzione 14,1.000000,Dirichlet,Costante,0,Dirichlet,Costante,0,Dirichlet,Costante,0,Dirichlet,Costante,0,1,500000,5.00E-02,1,1,1,100,100,5.00E-04
311,Costante,5.00E-02,Costante,5.00E-01,Costante,8.66E-01,Costante,0.00E+00,Funzione 14,1.000000,Dirichlet,Costante,0,Dirichlet,Costante,0,Dirichlet,Costante,0,Dirichlet,Costante,0,0.3,500000,5.00E-02,1,1,1,100,100,5.00E-04
312,Costante,5.00E-02,Costante,5.00E-01,Costante,8.66E-01,Costante,0.00E+00,Funzione 14,1.000000,Dirichlet,Costante,0,Dirichlet,Costante,0,Dirichlet,Costante,0,Dirichlet,Costante,0,0.4,500000,5.00E-02,1,1,1,100,100,5.00E-04
313,Costante,5.00E-02,Costante,5.00E-01,Costante,8.66E-01,Costante,0.00E+00,Funzione 14,1.000000,Dirichlet,Costante,0,Dirichlet,Costante,0,Dirichlet,Costante,0,Dirichlet,Costante,0,0.5,500000,5.00E-02,1,1,1,100,100,5.00E-04
314,Costante,5.00E-02,Costante,5.00E-01,Costante,8.66E-01,Costante,0.00E+00,Funzione 14,1.000000,Dirichlet,Costante,0,Dirichlet,Costante,0,Dirichlet,Costante,0,Dirichlet,Costante,0,0.75,500000,5.00E-02,1,1,1,100,100,5.00E-04
315,Costante,5.00E-02,Costante,5.00E-01,Costante,8.66E-01,Costante,0.00E+00,Funzione 14,1.000000,Dirichlet,Costante,0,Dirichlet,Costante,0,Dirichlet,Costante,0,Dirichlet,Costante,0,1,500000,5.00E-02,1,1,1,100,100,5.00E-04
316,Costante,5.00E-02,Costante,1.73E+00,Costante,1.00E+00,Costante,0.00E+00,Funzione 14,1.000000,Dirichlet,Costante,0,Dirichlet,Costante,0,Dirichlet,Costante,0,Dirichlet,Costante,0,0.3,500000,5.00E-02,1,1,1,100,100,5.00E-04
317,Costante,5.00E-02,Costante,1.73E+00,Costante,1.00E+00,Costante,0.00E+00,Funzione 14,1.000000,Dirichlet,Costante,0,Dirichlet,Costante,0,Dirichlet,Costante,0,Dirichlet,Costante,0,0.4,500000,5.00E-02,1,1,1,100,100,5.00E-04
318,Costante,5.00E-02,Costante,1.73E+00,Costante,1.00E+00,Costante,0.00E+00,Funzione 14,1.000000,Dirichlet,Costante,0,Dirichlet,Costante,0,Dirichlet,Costante,0,Dirichlet,Costante,0,0.5,500000,5.00E-02,1,1,1,100,100,5.00E-04
319,Costante,5.00E-02,Costante,1.73E+00,Costante,1.00E+00,Costante,0.00E+00,Funzione 14,1.000000,Dirichlet,Costante,0,Dirichlet,Costante,0,Dirichlet,Costante,0,Dirichlet,Costante,0,0.75,500000,5.00E-02,1,1,1,100,100,5.00E-04
320,Costante,5.00E-02,Costante,1.73E+00,Costante,1.00E+00,Costante,0.00E+00,Funzione 14,1.000000,Dirichlet,Costante,0,Dirichlet,Costante,0,Dirichlet,Costante,0,Dirichlet,Costante,0,1,500000,5.00E-02,1,1,1,100,100,5.00E-04
321,Costante,5.00E-03,Costante,1.00E+00,Costante,0.00E+00,Costante,0.00E+00,Funzione 14,1.000000,Dirichlet,Costante,0,Dirichlet,Costante,0,Dirichlet,Costante,0,Dirichlet,Costante,0,0.3,500000,5.00E-03,1,1,1,100,100,5.00E-04
322,Costante,5.00E-03,Costante,1.00E+00,Costante,0.00E+00,Costante,0.00E+00,Funzione 14,1.000000,Dirichlet,Costante,0,Dirichlet,Costante,0,Dirichlet,Costante,0,Dirichlet,Costante,0,0.4,500000,5.00E-03,1,1,1,100,100,5.00E-04
323,Costante,5.00E-03,Costante,1.00E+00,Costante,0.00E+00,Costante,0.00E+00,Funzione 14,1.000000,Dirichlet,Costante,0,Dirichlet,Costante,0,Dirichlet,Costante,0,Dirichlet,Costante,0,0.5,500000,5.00E-03,1,1,1,100,100,5.00E-04
324,Costante,5.00E-03,Costante,1.00E+00,Costante,0.00E+00,Costante,0.00E+00,Funzione 14,1.000000,Dirichlet,Costante,0,Dirichlet,Costante,0,Dirichlet,Costante,0,Dirichlet,Costante,0,0.75,500000,5.00E-03,1,1,1,100,100,5.00E-04
325,Costante,5.00E-03,Costante,1.00E+00,Costante,0.00E+00,Costante,0.00E+00,Funzione 14,1.000000,Dirichlet,Costante,0,Dirichlet,Costante,0,Dirichlet,Costante,0,Dirichlet,Costante,0,1,500000,5.00E-03,1,1,1,100,100,5.00E-04
326,Costante,5.00E-03,Costante,1.00E+00,Costante,0.00E+00,Costante,5.00E-03,Funzione 14,1.000000,Dirichlet,Costante,0,Dirichlet,Costante,0,Dirichlet,Costante,0,Dirichlet,Costante,0,0.3,500000,5.00E-03,1,1,1,100,100,5.00E-04
327,Costante,5.00E-03,Costante,1.00E+00,Costante,0.00E+00,Costante,5.00E-03,Funzione 14,1.000000,Dirichlet,Costante,0,Dirichlet,Costante,0,Dirichlet,Costante,0,Dirichlet,Costante,0,0.4,500000,5.00E-03,1,1,1,100,100,5.00E-04
328,Costante,5.00E-03,Costante,1.00E+00,Costante,0.00E+00,Costante,5.00E-03,Funzione 14,1.000000,Dirichlet,Costante,0,Dirichlet,Costante,0,Dirichlet,Costante,0,Dirichlet,Costante,0,0.5,500000,5.00E-03,1,1,1,100,100,5.00E-04
329,Costante,5.00E-03,Costante,1.00E+00,Costante,0.00E+00,Costante,5.00E-03,Funzione 14,1.000000,Dirichlet,Costante,0,Dirichlet,Costante,0,Dirichlet,Costante,0,Dirichlet,Costante,0,0.75,500000,5.00E-03,1,1,1,100,100,5.00E-04
330,Costante,5.00E-03,Costante,1.00E+00,Costante,0.00E+00,Costante,5.00E-03,Funzione 14,1.000000,Dirichlet,Costante,0,Dirichlet,Costante,0,Dirichlet,Costante,0,Dirichlet,Costante,0,1,500000,5.00E-03,1,1,1,100,100,5.00E-04
331,Costante,5.00E-03,Costante,1.00E+01,Costante,0.00E+00,Costante,0.00E+00,Funzione 14,1.000000,Dirichlet,Costante,0,Dirichlet,Costante,0,Dirichlet,Costante,0,Dirichlet,Costante,0,0.3,500000,5.00E-03,1,1,1,100,100,5.00E-04
332,Costante,5.00E-03,Costante,1.00E+01,Costante,0.00E+00,Costante,0.00E+00,Funzione 14,1.000000,Dirichlet,Costante,0,Dirichlet,Costante,0,Dirichlet,Costante,0,Dirichlet,Costante,0,0.5,500000,5.00E-03,1,1,1,100,100,5.00E-04
333,Costante,5.00E-03,Costante,1.00E+01,Costante,0.00E+00,Costante,0.00E+00,Funzione 14,1.000000,Dirichlet,Costante,0,Dirichlet,Costante,0,Dirichlet,Costante,0,Dirichlet,Costante,0,1,500000,5.00E-03,1,1,1,100,100,5.00E-04
334,Costante,5.00E-03,Costante,1.00E+01,Costante,0.00E+00,Costante,0.00E+00,Funzione 14,1.000000,Dirichlet,Costante,0,Dirichlet,Costante,0,Dirichlet,Costante,0,Dirichlet,Costante,0,2.5,500000,5.00E-03,1,1,1,100,100,5.00E-04
335,Costante,5.00E-03,Costante,1.00E+01,Costante,0.00E+00,Costante,0.00E+00,Funzione 14,1.000000,Dirichlet,Costante,0,Dirichlet,Costante,0,Dirichlet,Costante,0,Dirichlet,Costante,0,5,500000,5.00E-03,1,1,1,100,100,5.00E-04
336,Costante,5.00E-03,Costante,1.00E-01,Costante,0.00E+00,Costante,0.00E+00,Funzione 14,1.000000,Dirichlet,Costante,0,Dirichlet,Costante,0,Dirichlet,Costante,0,Dirichlet,Costante,0,0.3,500000,5.00E-03,1,1,1,100,100,5.00E-04
337,Costante,5.00E-03,Costante,1.00E-01,Costante,0.00E+00,Costante,0.00E+00,Funzione 14,1.000000,Dirichlet,Costante,0,Dirichlet,Costante,0,Dirichlet,Costante,0,Dirichlet,Costante,0,0.5,500000,5.00E-03,1,1,1,100,100,5.00E-04
338,Costante,5.00E-03,Costante,1.00E-01,Costante,0.00E+00,Costante,0.00E+00,Funzione 14,1.000000,Dirichlet,Costante,0,Dirichlet,Costante,0,Dirichlet,Costante,0,Dirichlet,Costante,0,1,500000,5.00E-03,1,1,1,100,100,5.00E-04
339,Costante,5.00E-03,Costante,1.00E-01,Costante,0.00E+00,Costante,0.00E+00,Funzione 14,1.000000,Dirichlet,Costante,0,Dirichlet,Costante,0,Dirichlet,Costante,0,Dirichlet,Costante,0,2.5,500000,5.00E-03,1,1,1,100,100,5.00E-04
340,Costante,5.00E-03,Costante,1.00E-01,Costante,0.00E+00,Costante,0.00E+00,Funzione 14,1.000000,Dirichlet,Costante,0,Dirichlet,Costante,0,Dirichlet,Costante,0,Dirichlet,Costante,0,5,500000,5.00E-03,1,1,1,100,100,5.00E-04
341,Costante,5.00E-03,Costante,1.00E+00,Costante,1.00E+00,Costante,0.00E+00,Funzione 14,1.000000,Dirichlet,Costante,0,Dirichlet,Costante,0,Dirichlet,Costante,0,Dirichlet,Costante,0,0.3,500000,5.00E-03,1,1,1,100,100,5.00E-04
342,Costante,5.00E-03,Costante,1.00E+00,Costante,1.00E+00,Costante,0.00E+00,Funzione 14,1.000000,Dirichlet,Costante,0,Dirichlet,Costante,0,Dirichlet,Costante,0,Dirichlet,Costante,0,0.5,500000,5.00E-03,1,1,1,100,100,5.00E-04
343,Costante,5.00E-03,Costante,1.00E+00,Costante,1.00E+00,Costante,0.00E+00,Funzione 14,1.000000,Dirichlet,Costante,0,Dirichlet,Costante,0,Dirichlet,Costante,0,Dirichlet,Costante,0,1,500000,5.00E-03,1,1,1,100,100,5.00E-04
344,Costante,5.00E-03,Costante,1.00E+00,Costante,1.00E+00,Costante,0.00E+00,Funzione 14,1.000000,Dirichlet,Costante,0,Dirichlet,Costante,0,Dirichlet,Costante,0,Dirichlet,Costante,0,2.5,500000,5.00E-03,1,1,1,100,100,5.00E-04
345,Costante,5.00E-03,Costante,1.00E+00,Costante,1.00E+00,Costante,0.00E+00,Funzione 14,1.000000,Dirichlet,Costante,0,Dirichlet,Costante,0,Dirichlet,Costante,0,Dirichlet,Costante,0,5,500000,5.00E-03,1,1,1,100,100,5.00E-04
346,Costante,5.00E-03,Costante,7.07E-01,Costante,-7.07E-01,Costante,0.00E+00,Funzione 14,1.000000,Dirichlet,Costante,0,Dirichlet,Costante,0,Dirichlet,Costante,0,Dirichlet,Costante,0,0.3,500000,5.00E-03,1,1,1,100,100,5.00E-04
347,Costante,5.00E-03,Costante,7.07E-01,Costante,-7.07E-01,Costante,0.00E+00,Funzione 14,1.000000,Dirichlet,Costante,0,Dirichlet,Costante,0,Dirichlet,Costante,0,Dirichlet,Costante,0,0.5,500000,5.00E-03,1,1,1,100,100,5.00E-04
348,Costante,5.00E-03,Costante,7.07E-01,Costante,-7.07E-01,Costante,0.00E+00,Funzione 14,1.000000,Dirichlet,Costante,0,Dirichlet,Costante,0,Dirichlet,Costante,0,Dirichlet,Costante,0,1,500000,5.00E-03,1,1,1,100,100,5.00E-04
349,Costante,5.00E-03,Costante,7.07E-01,Costante,-7.07E-01,Costante,0.00E+00,Funzione 14,1.000000,Dirichlet,Costante,0,Dirichlet,Costante,0,Dirichlet,Costante,0,Dirichlet,Costante,0,2.5,500000,5.00E-03,1,1,1,100,100,5.00E-04
350,Costante,5.00E-03,Costante,7.07E-01,Costante,-7.07E-01,Costante,0.00E+00,Funzione 14,1.000000,Dirichlet,Costante,0,Dirichlet,Costante,0,Dirichlet,Costante,0,Dirichlet,Costante,0,5,500000,5.00E-03,1,1,1,100,100,5.00E-04
351,Costante,5.00E-03,Costante,5.00E-01,Costante,8.66E-01,Costante,0.00E+00,Funzione 14,1.000000,Dirichlet,Costante,0,Dirichlet,Costante,0,Dirichlet,Costante,0,Dirichlet,Costante,0,0.3,500000,5.00E-03,1,1,1,100,100,2.50E-04
352,Costante,5.00E-03,Costante,5.00E-01,Costante,8.66E-01,Costante,0.00E+00,Funzione 14,1.000000,Dirichlet,Costante,0,Dirichlet,Costante,0,Dirichlet,Costante,0,Dirichlet,Costante,0,0.5,500000,5.00E-03,1,1,1,100,100,2.50E-04
353,Costante,5.00E-03,Costante,5.00E-01,Costante,8.66E-01,Costante,0.00E+00,Funzione 14,1.000000,Dirichlet,Costante,0,Dirichlet,Costante,0,Dirichlet,Costante,0,Dirichlet,Costante,0,1,500000,5.00E-03,1,1,1,100,100,2.50E-04
354,Costante,5.00E-03,Costante,5.00E-01,Costante,8.66E-01,Costante,0.00E+00,Funzione 14,1.000000,Dirichlet,Costante,0,Dirichlet,Costante,0,Dirichlet,Costante,0,Dirichlet,Costante,0,2.5,500000,5.00E-03,1,1,1,100,100,2.50E-04
355,Costante,5.00E-03,Costante,5.00E-01,Costante,8.66E-01,Costante,0.00E+00,Funzione 14,1.000000,Dirichlet,Costante,0,Dirichlet,Costante,0,Dirichlet,Costante,0,Dirichlet,Costante,0,5,500000,5.00E-03,1,1,1,100,100,2.50E-04
356,Costante,5.00E-03,Costante,1.73E+00,Costante,1.00E+00,Costante,0.00E+00,Funzione 14,1.000000,Dirichlet,Costante,0,Dirichlet,Costante,0,Dirichlet,Costante,0,Dirichlet,Costante,0,0.3,500000,5.00E-03,1,1,1,100,100,5.00E-04
357,Costante,5.00E-03,Costante,1.73E+00,Costante,1.00E+00,Costante,0.00E+00,Funzione 14,1.000000,Dirichlet,Costante,0,Dirichlet,Costante,0,Dirichlet,Costante,0,Dirichlet,Costante,0,0.5,500000,5.00E-03,1,1,1,100,100,5.00E-04
358,Costante,5.00E-03,Costante,1.73E+00,Costante,1.00E+00,Costante,0.00E+00,Funzione 14,1.000000,Dirichlet,Costante,0,Dirichlet,Costante,0,Dirichlet,Costante,0,Dirichlet,Costante,0,1,500000,5.00E-03,1,1,1,100,100,5.00E-04
359,Costante,5.00E-03,Costante,1.73E+00,Costante,1.00E+00,Costante,0.00E+00,Funzione 14,1.000000,Dirichlet,Costante,0,Dirichlet,Costante,0,Dirichlet,Costante,0,Dirichlet,Costante,0,2.5,500000,5.00E-03,1,1,1,100,100,5.00E-04
360,Costante,5.00E-03,Costante,1.73E+00,Costante,1.00E+00,Costante,0.00E+00,Funzione 14,1.000000,Dirichlet,Costante,0,Dirichlet,Costante,0,Dirichlet,Costante,0,Dirichlet,Costante,0,5,500000,5.00E-03,1,1,1,100,100,5.00E-04
361,Costante,1.00E-02,Costante,1.00E+00,Costante,1.00E+00,Costante,1.00E-02,Funzione 11,1.000000,Dirichlet,Costante,0,Dirichlet,Costante,0,Dirichlet,Costante,0,Dirichlet,Costante,0,2,500000,1,1,1,1,100,100,5.00E-04
362,Costante,1.00E-02,Costante,1.00E+00,Costante,1.00E+00,Costante,1.00E-02,Funzione 11,1.000000,Dirichlet,Costante,0,Dirichlet,Costante,0,Dirichlet,Costante,0,Dirichlet,Costante,0,3,500000,1,1,1,1,100,100,5.00E-04
363,Costante,1.00E-02,Costante,1.00E+00,Costante,1.00E+00,Costante,1.00E-02,Funzione 11,1.000000,Dirichlet,Costante,0,Dirichlet,Costante,0,Dirichlet,Costante,0,Dirichlet,Costante,0,4,500000,1,1,1,1,100,100,5.00E-04
364,Costante,1.00E-02,Costante,1.00E+00,Costante,1.00E+00,Costante,1.00E-02,Funzione 11,1.000000,Dirichlet,Costante,0,Dirichlet,Costante,0,Dirichlet,Costante,0,Dirichlet,Costante,0,5,500000,1,1,1,1,100,100,5.00E-04
365,Costante,1.00E-02,Costante,1.00E+00,Costante,1.00E+00,Costante,1.00E-02,Funzione 11,1.000000,Dirichlet,Costante,0,Dirichlet,Costante,0,Dirichlet,Costante,0,Dirichlet,Costante,0,5.5,500000,1,1,1,1,100,100,5.00E-04
366,Costante,1.00E-03,Costante,1.00E+00,Costante,1.00E+00,Costante,1.00E-03,Funzione 11,1.000000,Dirichlet,Costante,0,Dirichlet,Costante,0,Dirichlet,Costante,0,Dirichlet,Costante,0,2,500000,1,1,1,1,100,100,5.00E-04
367,Costante,1.00E-03,Costante,1.00E+00,Costante,1.00E+00,Costante,1.00E-03,Funzione 11,1.000000,Dirichlet,Costante,0,Dirichlet,Costante,0,Dirichlet,Costante,0,Dirichlet,Costante,0,3,500000,1,1,1,1,100,100,5.00E-04
368,Costante,1.00E-03,Costante,1.00E+00,Costante,1.00E+00,Costante,1.00E-03,Funzione 11,1.000000,Dirichlet,Costante,0,Dirichlet,Costante,0,Dirichlet,Costante,0,Dirichlet,Costante,0,4,500000,1,1,1,1,100,100,5.00E-04
369,Costante,1.00E-03,Costante,1.00E+00,Costante,1.00E+00,Costante,1.00E-03,Funzione 11,1.000000,Dirichlet,Costante,0,Dirichlet,Costante,0,Dirichlet,Costante,0,Dirichlet,Costante,0,5,500000,1,1,1,1,100,100,5.00E-04
370,Costante,1.00E-03,Costante,1.00E+00,Costante,1.00E+00,Costante,1.00E-03,Funzione 11,1.000000,Dirichlet,Costante,0,Dirichlet,Costante,0,Dirichlet,Costante,0,Dirichlet,Costante,0,5.5,500000,1,1,1,1,100,100,5.00E-04
371,Costante,1.00E-04,Costante,1.00E+00,Costante,1.00E+00,Costante,1.00E-04,Funzione 11,1.000000,Dirichlet,Costante,0,Dirichlet,Costante,0,Dirichlet,Costante,0,Dirichlet,Costante,0,2,500000,1,1,1,1,100,100,5.00E-04
372,Costante,1.00E-04,Costante,1.00E+00,Costante,1.00E+00,Costante,1.00E-04,Funzione 11,1.000000,Dirichlet,Costante,0,Dirichlet,Costante,0,Dirichlet,Costante,0,Dirichlet,Costante,0,3,500000,1,1,1,1,100,100,5.00E-04
373,Costante,1.00E-04,Costante,1.00E+00,Costante,1.00E+00,Costante,1.00E-04,Funzione 11,1.000000,Dirichlet,Costante,0,Dirichlet,Costante,0,Dirichlet,Costante,0,Dirichlet,Costante,0,4,500000,1,1,1,1,100,100,5.00E-04
374,Costante,1.00E-04,Costante,1.00E+00,Costante,1.00E+00,Costante,1.00E-04,Funzione 11,1.000000,Dirichlet,Costante,0,Dirichlet,Costante,0,Dirichlet,Costante,0,Dirichlet,Costante,0,5,500000,1,1,1,1,100,100,5.00E-04
375,Costante,1.00E-04,Costante,1.00E+00,Costante,1.00E+00,Costante,1.00E-04,Funzione 11,1.000000,Dirichlet,Costante,0,Dirichlet,Costante,0,Dirichlet,Costante,0,Dirichlet,Costante,0,5.5,500000,1,1,1,1,100,100,5.00E-04
376,Costante,1.00E-02,Costante,1.00E+01,Costante,1.00E+01,Costante,1.00E-02,Funzione 11,1.000000,Dirichlet,Costante,0,Dirichlet,Costante,0,Dirichlet,Costante,0,Dirichlet,Costante,0,2,500000,1,1,1,1,100,100,5.00E-04
377,Costante,1.00E-02,Costante,1.00E+01,Costante,1.00E+01,Costante,1.00E-02,Funzione 11,1.000000,Dirichlet,Costante,0,Dirichlet,Costante,0,Dirichlet,Costante,0,Dirichlet,Costante,0,3,500000,1,1,1,1,100,100,5.00E-04
378,Costante,1.00E-02,Costante,1.00E+01,Costante,1.00E+01,Costante,1.00E-02,Funzione 11,1.000000,Dirichlet,Costante,0,Dirichlet,Costante,0,Dirichlet,Costante,0,Dirichlet,Costante,0,4,500000,1,1,1,1,100,100,5.00E-04
379,Costante,1.00E-02,Costante,1.00E+01,Costante,1.00E+01,Costante,1.00E-02,Funzione 11,1.000000,Dirichlet,Costante,0,Dirichlet,Costante,0,Dirichlet,Costante,0,Dirichlet,Costante,0,5,500000,1,1,1,1,100,100,5.00E-04
380,Costante,1.00E-02,Costante,1.00E+01,Costante,1.00E+01,Costante,1.00E-02,Funzione 11,1.000000,Dirichlet,Costante,0,Dirichlet,Costante,0,Dirichlet,Costante,0,Dirichlet,Costante,0,5.5,500000,1,1,1,1,100,100,5.00E-04
381,Costante,1.00E-02,Costante,1.00E-01,Costante,1.00E-01,Costante,1.00E-02,Funzione 11,1.000000,Dirichlet,Costante,0,Dirichlet,Costante,0,Dirichlet,Costante,0,Dirichlet,Costante,0,2,500000,1,1,1,1,100,100,5.00E-04
382,Costante,1.00E-02,Costante,1.00E-01,Costante,1.00E-01,Costante,1.00E-02,Funzione 11,1.000000,Dirichlet,Costante,0,Dirichlet,Costante,0,Dirichlet,Costante,0,Dirichlet,Costante,0,3,500000,1,1,1,1,100,100,5.00E-04
383,Costante,1.00E-02,Costante,1.00E-01,Costante,1.00E-01,Costante,1.00E-02,Funzione 11,1.000000,Dirichlet,Costante,0,Dirichlet,Costante,0,Dirichlet,Costante,0,Dirichlet,Costante,0,4,500000,1,1,1,1,100,100,5.00E-04
384,Costante,1.00E-02,Costante,1.00E-01,Costante,1.00E-01,Costante,1.00E-02,Funzione 11,1.000000,Dirichlet,Costante,0,Dirichlet,Costante,0,Dirichlet,Costante,0,Dirichlet,Costante,0,5,500000,1,1,1,1,100,100,5.00E-04
385,Costante,1.00E-02,Costante,1.00E-01,Costante,1.00E-01,Costante,1.00E-02,Funzione 11,1.000000,Dirichlet,Costante,0,Dirichlet,Costante,0,Dirichlet,Costante,0,Dirichlet,Costante,0,5.5,500000,1,1,1,1,100,100,5.00E-04
386,Costante,1.00E-02,Costante,1.00E+00,Costante,0.00E+00,Costante,1.00E-02,Funzione 11,1.000000,Dirichlet,Costante,0,Dirichlet,Costante,0,Dirichlet,Costante,0,Dirichlet,Costante,0,2,500000,1,1,1,1,100,100,5.00E-04
387,Costante,1.00E-02,Costante,1.00E+00,Costante,0.00E+00,Costante,1.00E-02,Funzione 11,1.000000,Dirichlet,Costante,0,Dirichlet,Costante,0,Dirichlet,Costante,0,Dirichlet,Costante,0,3,500000,1,1,1,1,100,100,5.00E-04
388,Costante,1.00E-02,Costante,1.00E+00,Costante,0.00E+00,Costante,1.00E-02,Funzione 11,1.000000,Dirichlet,Costante,0,Dirichlet,Costante,0,Dirichlet,Costante,0,Dirichlet,Costante,0,4,500000,1,1,1,1,100,100,5.00E-04
389,Costante,1.00E-02,Costante,1.00E+00,Costante,0.00E+00,Costante,1.00E-02,Funzione 11,1.000000,Dirichlet,Costante,0,Dirichlet,Costante,0,Dirichlet,Costante,0,Dirichlet,Costante,0,5,500000,1,1,1,1,100,100,5.00E-04
390,Costante,1.00E-02,Costante,1.00E+00,Costante,0.00E+00,Costante,1.00E-02,Funzione 11,1.000000,Dirichlet,Costante,0,Dirichlet,Costante,0,Dirichlet,Costante,0,Dirichlet,Costante,0,5.5,500000,1,1,1,1,100,100,5.00E-04
391,Costante,1.00E-02,Costante,1.00E+00,Costante,-1.00E+00,Costante,1.00E-02,Funzione 11,1.000000,Dirichlet,Costante,0,Dirichlet,Costante,0,Dirichlet,Costante,0,Dirichlet,Costante,0,2,500000,1,1,1,1,100,100,5.00E-04
392,Costante,1.00E-02,Costante,1.00E+00,Costante,-1.00E+00,Costante,1.00E-02,Funzione 11,1.000000,Dirichlet,Costante,0,Dirichlet,Costante,0,Dirichlet,Costante,0,Dirichlet,Costante,0,3,500000,1,1,1,1,100,100,5.00E-04
393,Costante,1.00E-02,Costante,1.00E+00,Costante,-1.00E+00,Costante,1.00E-02,Funzione 11,1.000000,Dirichlet,Costante,0,Dirichlet,Costante,0,Dirichlet,Costante,0,Dirichlet,Costante,0,4,500000,1,1,1,1,100,100,5.00E-04
394,Costante,1.00E-02,Costante,1.00E+00,Costante,-1.00E+00,Costante,1.00E-02,Funzione 11,1.000000,Dirichlet,Costante,0,Dirichlet,Costante,0,Dirichlet,Costante,0,Dirichlet,Costante,0,5,500000,1,1,1,1,100,100,5.00E-04
395,Costante,1.00E-02,Costante,1.00E+00,Costante,-1.00E+00,Costante,1.00E-02,Funzione 11,1.000000,Dirichlet,Costante,0,Dirichlet,Costante,0,Dirichlet,Costante,0,Dirichlet,Costante,0,5.5,500000,1,1,1,1,100,100,5.00E-04
396,Costante,1.00E-02,Costante,-1.00E+01,Costante,-1.00E+01,Costante,1.00E-02,Funzione 11,1.000000,Dirichlet,Costante,0,Dirichlet,Costante,0,Dirichlet,Costante,0,Dirichlet,Costante,0,2,500000,1,1,1,1,100,100,5.00E-04
397,Costante,1.00E-02,Costante,-1.00E+01,Costante,-1.00E+01,Costante,1.00E-02,Funzione 11,1.000000,Dirichlet,Costante,0,Dirichlet,Costante,0,Dirichlet,Costante,0,Dirichlet,Costante,0,3,500000,1,1,1,1,100,100,5.00E-04
398,Costante,1.00E-02,Costante,-1.00E+01,Costante,-1.00E+01,Costante,1.00E-02,Funzione 11,1.000000,Dirichlet,Costante,0,Dirichlet,Costante,0,Dirichlet,Costante,0,Dirichlet,Costante,0,4,500000,1,1,1,1,100,100,5.00E-04
399,Costante,1.00E-02,Costante,-1.00E+01,Costante,-1.00E+01,Costante,1.00E-02,Funzione 11,1.000000,Dirichlet,Costante,0,Dirichlet,Costante,0,Dirichlet,Costante,0,Dirichlet,Costante,0,5,500000,1,1,1,1,100,100,5.00E-04
400,Costante,1.00E-02,Costante,-1.00E+01,Costante,-1.00E+01,Costante,1.00E-02,Funzione 11,1.000000,Dirichlet,Costante,0,Dirichlet,Costante,0,Dirichlet,Costante,0,Dirichlet,Costante,0,5.5,500000,1,1,1,1,100,100,5.00E-04
401,Costante,1.00E-02,Costante,1.00E+00,Costante,1.00E+00,Costante,1.00E+00,Funzione 11,1.000000,Dirichlet,Costante,0,Dirichlet,Costante,0,Dirichlet,Costante,0,Dirichlet,Costante,0,2,500000,1,1,1,1,100,100,5.00E-04
402,Costante,1.00E-02,Costante,1.00E+00,Costante,1.00E+00,Costante,1.00E+00,Funzione 11,1.000000,Dirichlet,Costante,0,Dirichlet,Costante,0,Dirichlet,Costante,0,Dirichlet,Costante,0,3,500000,1,1,1,1,100,100,5.00E-04
403,Costante,1.00E-02,Costante,1.00E+00,Costante,1.00E+00,Costante,1.00E+00,Funzione 11,1.000000,Dirichlet,Costante,0,Dirichlet,Costante,0,Dirichlet,Costante,0,Dirichlet,Costante,0,4,500000,1,1,1,1,100,100,5.00E-04
404,Costante,1.00E-02,Costante,1.00E+00,Costante,1.00E+00,Costante,1.00E+00,Funzione 11,1.000000,Dirichlet,Costante,0,Dirichlet,Costante,0,Dirichlet,Costante,0,Dirichlet,Costante,0,5,500000,1,1,1,1,100,100,5.00E-04
405,Costante,1.00E-02,Costante,1.00E+00,Costante,1.00E+00,Costante,1.00E+00,Funzione 11,1.000000,Dirichlet,Costante,0,Dirichlet,Costante,0,Dirichlet,Costante,0,Dirichlet,Costante,0,5.5,500000,1,1,1,1,100,100,5.00E-04
406,Costante,1.00E-03,Costante,1.00E+00,Costante,1.00E+00,Costante,1.00E+00,Funzione 11,1.000000,Dirichlet,Costante,0,Dirichlet,Costante,0,Dirichlet,Costante,0,Dirichlet,Costante,0,2,500000,1,1,1,1,100,100,5.00E-04
407,Costante,1.00E-03,Costante,1.00E+00,Costante,1.00E+00,Costante,1.00E+00,Funzione 11,1.000000,Dirichlet,Costante,0,Dirichlet,Costante,0,Dirichlet,Costante,0,Dirichlet,Costante,0,3,500000,1,1,1,1,100,100,5.00E-04
408,Costante,1.00E-03,Costante,1.00E+00,Costante,1.00E+00,Costante,1.00E+00,Funzione 11,1.000000,Dirichlet,Costante,0,Dirichlet,Costante,0,Dirichlet,Costante,0,Dirichlet,Costante,0,4,500000,1,1,1,1,100,100,5.00E-04
409,Costante,1.00E-03,Costante,1.00E+00,Costante,1.00E+00,Costante,1.00E+00,Funzione 11,1.000000,Dirichlet,Costante,0,Dirichlet,Costante,0,Dirichlet,Costante,0,Dirichlet,Costante,0,5,500000,1,1,1,1,100,100,5.00E-04
410,Costante,1.00E-03,Costante,1.00E+00,Costante,1.00E+00,Costante,1.00E+00,Funzione 11,1.000000,Dirichlet,Costante,0,Dirichlet,Costante,0,Dirichlet,Costante,0,Dirichlet,Costante,0,5.5,500000,1,1,1,1,100,100,5.00E-04
411,Costante,1.00E-04,Costante,1.00E+00,Costante,1.00E+00,Costante,1.00E+00,Funzione 11,1.000000,Dirichlet,Costante,0,Dirichlet,Costante,0,Dirichlet,Costante,0,Dirichlet,Costante,0,2,500000,1,1,1,1,100,100,5.00E-04
412,Costante,1.00E-04,Costante,1.00E+00,Costante,1.00E+00,Costante,1.00E+00,Funzione 11,1.000000,Dirichlet,Costante,0,Dirichlet,Costante,0,Dirichlet,Costante,0,Dirichlet,Costante,0,3,500000,1,1,1,1,100,100,5.00E-04
413,Costante,1.00E-04,Costante,1.00E+00,Costante,1.00E+00,Costante,1.00E+00,Funzione 11,1.000000,Dirichlet,Costante,0,Dirichlet,Costante,0,Dirichlet,Costante,0,Dirichlet,Costante,0,4,500000,1,1,1,1,100,100,5.00E-04
414,Costante,1.00E-04,Costante,1.00E+00,Costante,1.00E+00,Costante,1.00E+00,Funzione 11,1.000000,Dirichlet,Costante,0,Dirichlet,Costante,0,Dirichlet,Costante,0,Dirichlet,Costante,0,5,500000,1,1,1,1,100,100,5.00E-04
415,Costante,1.00E-04,Costante,1.00E+00,Costante,1.00E+00,Costante,1.00E+00,Funzione 11,1.000000,Dirichlet,Costante,0,Dirichlet,Costante,0,Dirichlet,Costante,0,Dirichlet,Costante,0,5.5,500000,1,1,1,1,100,100,5.00E-04
416,Costante,1.00E-02,Costante,1.00E+00,Costante,1.00E+00,Costante,0.00E+00,Funzione 11,1.000000,Dirichlet,Costante,0,Dirichlet,Costante,0,Dirichlet,Costante,0,Dirichlet,Costante,0,2,500000,1,1,1,1,100,100,5.00E-04
417,Costante,1.00E-02,Costante,1.00E+00,Costante,1.00E+00,Costante,0.00E+00,Funzione 11,1.000000,Dirichlet,Costante,0,Dirichlet,Costante,0,Dirichlet,Costante,0,Dirichlet,Costante,0,3,500000,1,1,1,1,100,100,5.00E-04
418,Costante,1.00E-02,Costante,1.00E+00,Costante,1.00E+00,Costante,0.00E+00,Funzione 11,1.000000,Dirichlet,Costante,0,Dirichlet,Costante,0,Dirichlet,Costante,0,Dirichlet,Costante,0,4,500000,1,1,1,1,100,100,5.00E-04
419,Costante,1.00E-02,Costante,1.00E+00,Costante,1.00E+00,Costante,0.00E+00,Funzione 11,1.000000,Dirichlet,Costante,0,Dirichlet,Costante,0,Dirichlet,Costante,0,Dirichlet,Costante,0,5,500000,1,1,1,1,100,100,5.00E-04
420,Costante,1.00E-02,Costante,1.00E+00,Costante,1.00E+00,Costante,0.00E+00,Funzione 11,1.000000,Dirichlet,Costante,0,Dirichlet,Costante,0,Dirichlet,Costante,0,Dirichlet,Costante,0,5.5,500000,1,1,1,1,100,100,5.00E-04
421,Costante,1.00E-03,Costante,1.00E+01,Costante,1.00E+01,Costante,0.00E+00,Funzione 11,1.000000,Dirichlet,Costante,0,Dirichlet,Costante,0,Dirichlet,Costante,0,Dirichlet,Costante,0,2,500000,1,1,1,1,100,100,5.00E-04
422,Costante,1.00E-03,Costante,1.00E+01,Costante,1.00E+01,Costante,0.00E+00,Funzione 11,1.000000,Dirichlet,Costante,0,Dirichlet,Costante,0,Dirichlet,Costante,0,Dirichlet,Costante,0,3,500000,1,1,1,1,100,100,5.00E-04
423,Costante,1.00E-03,Costante,1.00E+01,Costante,1.00E+01,Costante,0.00E+00,Funzione 11,1.000000,Dirichlet,Costante,0,Dirichlet,Costante,0,Dirichlet,Costante,0,Dirichlet,Costante,0,4,500000,1,1,1,1,100,100,5.00E-04
424,Costante,1.00E-03,Costante,1.00E+01,Costante,1.00E+01,Costante,0.00E+00,Funzione 11,1.000000,Dirichlet,Costante,0,Dirichlet,Costante,0,Dirichlet,Costante,0,Dirichlet,Costante,0,5,500000,1,1,1,1,100,100,5.00E-04
425,Costante,1.00E-03,Costante,1.00E+01,Costante,1.00E+01,Costante,0.00E+00,Funzione 11,1.000000,Dirichlet,Costante,0,Dirichlet,Costante,0,Dirichlet,Costante,0,Dirichlet,Costante,0,5.5,500000,1,1,1,1,100,100,5.00E-04
426,Costante,1.00E-03,Costante,1.00E-01,Costante,1.00E-01,Costante,0.00E+00,Funzione 11,1.000000,Dirichlet,Costante,0,Dirichlet,Costante,0,Dirichlet,Costante,0,Dirichlet,Costante,0,2,500000,1,1,1,1,100,100,5.00E-04
427,Costante,1.00E-03,Costante,1.00E-01,Costante,1.00E-01,Costante,0.00E+00,Funzione 11,1.000000,Dirichlet,Costante,0,Dirichlet,Costante,0,Dirichlet,Costante,0,Dirichlet,Costante,0,3,500000,1,1,1,1,100,100,5.00E-04
428,Costante,1.00E-03,Costante,1.00E-01,Costante,1.00E-01,Costante,0.00E+00,Funzione 11,1.000000,Dirichlet,Costante,0,Dirichlet,Costante,0,Dirichlet,Costante,0,Dirichlet,Costante,0,4,500000,1,1,1,1,100,100,5.00E-04
429,Costante,1.00E-03,Costante,1.00E-01,Costante,1.00E-01,Costante,0.00E+00,Funzione 11,1.000000,Dirichlet,Costante,0,Dirichlet,Costante,0,Dirichlet,Costante,0,Dirichlet,Costante,0,5,500000,1,1,1,1,100,100,5.00E-04
430,Costante,1.00E-03,Costante,1.00E-01,Costante,1.00E-01,Costante,0.00E+00,Funzione 11,1.000000,Dirichlet,Costante,0,Dirichlet,Costante,0,Dirichlet,Costante,0,Dirichlet,Costante,0,5.5,500000,1,1,1,1,100,100,5.00E-04
431,Costante,1.00E-02,Costante,-1.00E+00,Costante,-1.00E+00,Costante,1.00E-02,Funzione 11,1.000000,Dirichlet,Costante,0,Dirichlet,Costante,0,Dirichlet,Costante,0,Dirichlet,Costante,0,2,500000,1,1,1,1,100,100,5.00E-04
432,Costante,1.00E-02,Costante,-1.00E+00,Costante,-1.00E+00,Costante,1.00E-02,Funzione 11,1.000000,Dirichlet,Costante,0,Dirichlet,Costante,0,Dirichlet,Costante,0,Dirichlet,Costante,0,3,500000,1,1,1,1,100,100,5.00E-04
433,Costante,1.00E-02,Costante,-1.00E+00,Costante,-1.00E+00,Costante,1.00E-02,Funzione 11,1.000000,Dirichlet,Costante,0,Dirichlet,Costante,0,Dirichlet,Costante,0,Dirichlet,Costante,0,4,500000,1,1,1,1,100,100,5.00E-04
434,Costante,1.00E-02,Costante,-1.00E+00,Costante,-1.00E+00,Costante,1.00E-02,Funzione 11,1.000000,Dirichlet,Costante,0,Dirichlet,Costante,0,Dirichlet,Costante,0,Dirichlet,Costante,0,5,500000,1,1,1,1,100,100,5.00E-04
435,Costante,1.00E-02,Costante,-1.00E+00,Costante,-1.00E+00,Costante,1.00E-02,Funzione 11,1.000000,Dirichlet,Costante,0,Dirichlet,Costante,0,Dirichlet,Costante,0,Dirichlet,Costante,0,5.5,500000,1,1,1,1,100,100,5.00E-04
436,Costante,1.00E-02,Costante,-1.00E+00,Costante,-1.00E+00,Costante,1.00E-02,Funzione 11,1.000000,Dirichlet,Costante,0,Dirichlet,Costante,0,Dirichlet,Costante,0,Dirichlet,Costante,0,2,500000,1,1,1,1,100,100,5.00E-04
437,Costante,1.00E-02,Costante,-1.00E+00,Costante,-1.00E+00,Costante,1.00E-02,Funzione 11,1.000000,Dirichlet,Costante,0,Dirichlet,Costante,0,Dirichlet,Costante,0,Dirichlet,Costante,0,3,500000,1,1,1,1,100,100,5.00E-04
438,Costante,1.00E-02,Costante,-1.00E+00,Costante,-1.00E+00,Costante,1.00E-02,Funzione 11,1.000000,Dirichlet,Costante,0,Dirichlet,Costante,0,Dirichlet,Costante,0,Dirichlet,Costante,0,4,500000,1,1,1,1,100,100,5.00E-04
439,Costante,1.00E-02,Costante,-1.00E+00,Costante,-1.00E+00,Costante,1.00E-02,Funzione 11,1.000000,Dirichlet,Costante,0,Dirichlet,Costante,0,Dirichlet,Costante,0,Dirichlet,Costante,0,5,500000,1,1,1,1,100,100,5.00E-04
440,Costante,1.00E-02,Costante,-1.00E+00,Costante,-1.00E+00,Costante,1.00E-02,Funzione 11,1.000000,Dirichlet,Costante,0,Dirichlet,Costante,0,Dirichlet,Costante,0,Dirichlet,Costante,0,5.5,500000,1,1,1,1,100,100,5.00E-04
441,Costante,1.00E-02,Costante,-1.00E+00,Costante,-1.00E+00,Costante,1.00E-02,Funzione 11,1.000000,Dirichlet,Costante,0,Dirichlet,Costante,0,Dirichlet,Costante,0,Dirichlet,Costante,0,2,500000,1,1,1,1,100,100,5.00E-04
442,Costante,1.00E-02,Costante,-1.00E+00,Costante,-1.00E+00,Costante,1.00E-02,Funzione 11,1.000000,Dirichlet,Costante,0,Dirichlet,Costante,0,Dirichlet,Costante,0,Dirichlet,Costante,0,3,500000,1,1,1,1,100,100,5.00E-04
443,Costante,1.00E-02,Costante,-1.00E+00,Costante,-1.00E+00,Costante,1.00E-02,Funzione 11,1.000000,Dirichlet,Costante,0,Dirichlet,Costante,0,Dirichlet,Costante,0,Dirichlet,Costante,0,4,500000,1,1,1,1,100,100,5.00E-04
444,Costante,1.00E-02,Costante,-1.00E+00,Costante,-1.00E+00,Costante,1.00E-02,Funzione 11,1.000000,Dirichlet,Costante,0,Dirichlet,Costante,0,Dirichlet,Costante,0,Dirichlet,Costante,0,5,500000,1,1,1,1,100,100,5.00E-04
445,Costante,1.00E-02,Costante,-1.00E+00,Costante,-1.00E+00,Costante,1.00E-02,Funzione 11,1.000000,Dirichlet,Costante,0,Dirichlet,Costante,0,Dirichlet,Costante,0,Dirichlet,Costante,0,5.5,500000,1,1,1,1,100,100,5.00E-04
446,Costante,1.00E-02,Costante,-1.00E+00,Costante,-1.00E+00,Costante,1.00E-02,Funzione 11,1.000000,Dirichlet,Costante,0,Dirichlet,Costante,0,Dirichlet,Costante,0,Dirichlet,Costante,0,2,500000,1,1,1,1,100,100,5.00E-04
447,Costante,1.00E-02,Costante,-1.00E+00,Costante,-1.00E+00,Costante,1.00E-02,Funzione 11,1.000000,Dirichlet,Costante,0,Dirichlet,Costante,0,Dirichlet,Costante,0,Dirichlet,Costante,0,3,500000,1,1,1,1,100,100,5.00E-04
448,Costante,1.00E-02,Costante,-1.00E+00,Costante,-1.00E+00,Costante,1.00E-02,Funzione 11,1.000000,Dirichlet,Costante,0,Dirichlet,Costante,0,Dirichlet,Costante,0,Dirichlet,Costante,0,4,500000,1,1,1,1,100,100,5.00E-04
449,Costante,1.00E-02,Costante,-1.00E+00,Costante,-1.00E+00,Costante,1.00E-02,Funzione 11,1.000000,Dirichlet,Costante,0,Dirichlet,Costante,0,Dirichlet,Costante,0,Dirichlet,Costante,0,5,500000,1,1,1,1,100,100,5.00E-04
450,Costante,1.00E-02,Costante,-1.00E+00,Costante,-1.00E+00,Costante,1.00E-02,Funzione 11,1.000000,Dirichlet,Costante,0,Dirichlet,Costante,0,Dirichlet,Costante,0,Dirichlet,Costante,0,5.5,500000,1,1,1,1,100,100,5.00E-04
451,Costante,1.00E-02,Costante,-1.00E+00,Costante,-1.00E+00,Costante,1.00E-02,Funzione 11,1.000000,Dirichlet,Costante,0,Dirichlet,Costante,0,Dirichlet,Costante,0,Dirichlet,Costante,0,2,500000,1,1,1,1,100,100,5.00E-04
452,Costante,1.00E-02,Costante,-1.00E+00,Costante,-1.00E+00,Costante,1.00E-02,Funzione 11,1.000000,Dirichlet,Costante,0,Dirichlet,Costante,0,Dirichlet,Costante,0,Dirichlet,Costante,0,3,500000,1,1,1,1,100,100,5.00E-04
453,Costante,1.00E-02,Costante,-1.00E+00,Costante,-1.00E+00,Costante,1.00E-02,Funzione 11,1.000000,Dirichlet,Costante,0,Dirichlet,Costante,0,Dirichlet,Costante,0,Dirichlet,Costante,0,4,500000,1,1,1,1,100,100,5.00E-04
454,Costante,1.00E-02,Costante,-1.00E+00,Costante,-1.00E+00,Costante,1.00E-02,Funzione 11,1.000000,Dirichlet,Costante,0,Dirichlet,Costante,0,Dirichlet,Costante,0,Dirichlet,Costante,0,5,500000,1,1,1,1,100,100,5.00E-04
455,Costante,1.00E-02,Costante,-1.00E+00,Costante,-1.00E+00,Costante,1.00E-02,Funzione 11,1.000000,Dirichlet,Costante,0,Dirichlet,Costante,0,Dirichlet,Costante,0,Dirichlet,Costante,0,5.5,500000,1,1,1,1,100,100,5.00E-04
456,Costante,1.00E-02,Costante,0.00E+00,Costante,1.00E+00,Costante,1.00E-02,Funzione 11,1.000000,Dirichlet,Costante,0,Dirichlet,Costante,0,Dirichlet,Costante,0,Dirichlet,Costante,0,2,500000,1,1,1,1,100,100,5.00E-04
457,Costante,1.00E-02,Costante,0.00E+00,Costante,1.00E+00,Costante,1.00E-02,Funzione 11,1.000000,Dirichlet,Costante,0,Dirichlet,Costante,0,Dirichlet,Costante,0,Dirichlet,Costante,0,3,500000,1,1,1,1,100,100,5.00E-04
458,Costante,1.00E-02,Costante,0.00E+00,Costante,1.00E+00,Costante,1.00E-02,Funzione 11,1.000000,Dirichlet,Costante,0,Dirichlet,Costante,0,Dirichlet,Costante,0,Dirichlet,Costante,0,4,500000,1,1,1,1,100,100,5.00E-04
459,Costante,1.00E-02,Costante,0.00E+00,Costante,1.00E+00,Costante,1.00E-02,Funzione 11,1.000000,Dirichlet,Costante,0,Dirichlet,Costante,0,Dirichlet,Costante,0,Dirichlet,Costante,0,5,500000,1,1,1,1,100,100,5.00E-04
460,Costante,1.00E-02,Costante,0.00E+00,Costante,1.00E+00,Costante,1.00E-02,Funzione 11,1.000000,Dirichlet,Costante,0,Dirichlet,Costante,0,Dirichlet,Costante,0,Dirichlet,Costante,0,5.5,500000,1,1,1,1,100,100,5.00E-04
461,Costante,1.00E-02,Costante,1.00E+00,Costante,1.00E+00,Costante,1.00E-02,Funzione 15,1.000000,Dirichlet,Costante,0,Dirichlet,Costante,0,Dirichlet,Costante,0,Dirichlet,Costante,0,2,500000,1,1,1,1,100,100,5.00E-04
462,Costante,1.00E-02,Costante,1.00E+00,Costante,1.00E+00,Costante,1.00E-02,Funzione 15,1.000000,Dirichlet,Costante,0,Dirichlet,Costante,0,Dirichlet,Costante,0,Dirichlet,Costante,0,3,500000,1,1,1,1,100,100,5.00E-04
463,Costante,1.00E-02,Costante,1.00E+00,Costante,1.00E+00,Costante,1.00E-02,Funzione 15,1.000000,Dirichlet,Costante,0,Dirichlet,Costante,0,Dirichlet,Costante,0,Dirichlet,Costante,0,4,500000,1,1,1,1,100,100,5.00E-04
464,Costante,1.00E-02,Costante,1.00E+00,Costante,1.00E+00,Costante,1.00E-02,Funzione 15,1.000000,Dirichlet,Costante,0,Dirichlet,Costante,0,Dirichlet,Costante,0,Dirichlet,Costante,0,5,500000,1,1,1,1,100,100,5.00E-04
465,Costante,1.00E-02,Costante,1.00E+00,Costante,1.00E+00,Costante,1.00E-02,Funzione 15,1.000000,Dirichlet,Costante,0,Dirichlet,Costante,0,Dirichlet,Costante,0,Dirichlet,Costante,0,5.5,500000,1,1,1,1,100,100,5.00E-04
466,Costante,1.00E-03,Costante,1.00E+00,Costante,1.00E+00,Costante,1.00E-03,Funzione 15,1.000000,Dirichlet,Costante,0,Dirichlet,Costante,0,Dirichlet,Costante,0,Dirichlet,Costante,0,2,500000,1,1,1,1,100,100,5.00E-04
467,Costante,1.00E-03,Costante,1.00E+00,Costante,1.00E+00,Costante,1.00E-03,Funzione 15,1.000000,Dirichlet,Costante,0,Dirichlet,Costante,0,Dirichlet,Costante,0,Dirichlet,Costante,0,3,500000,1,1,1,1,100,100,5.00E-04
468,Costante,1.00E-03,Costante,1.00E+00,Costante,1.00E+00,Costante,1.00E-03,Funzione 15,1.000000,Dirichlet,Costante,0,Dirichlet,Costante,0,Dirichlet,Costante,0,Dirichlet,Costante,0,4,500000,1,1,1,1,100,100,5.00E-04
469,Costante,1.00E-03,Costante,1.00E+00,Costante,1.00E+00,Costante,1.00E-03,Funzione 15,1.000000,Dirichlet,Costante,0,Dirichlet,Costante,0,Dirichlet,Costante,0,Dirichlet,Costante,0,5,500000,1,1,1,1,100,100,5.00E-04
470,Costante,1.00E-03,Costante,1.00E+00,Costante,1.00E+00,Costante,1.00E-03,Funzione 15,1.000000,Dirichlet,Costante,0,Dirichlet,Costante,0,Dirichlet,Costante,0,Dirichlet,Costante,0,5.5,500000,1,1,1,1,100,100,5.00E-04
471,Costante,1.00E-04,Costante,1.00E+00,Costante,1.00E+00,Costante,1.00E-04,Funzione 15,1.000000,Dirichlet,Costante,0,Dirichlet,Costante,0,Dirichlet,Costante,0,Dirichlet,Costante,0,2,500000,1,1,1,1,100,100,5.00E-04
472,Costante,1.00E-04,Costante,1.00E+00,Costante,1.00E+00,Costante,1.00E-04,Funzione 15,1.000000,Dirichlet,Costante,0,Dirichlet,Costante,0,Dirichlet,Costante,0,Dirichlet,Costante,0,3,500000,1,1,1,1,100,100,5.00E-04
473,Costante,1.00E-04,Costante,1.00E+00,Costante,1.00E+00,Costante,1.00E-04,Funzione 15,1.000000,Dirichlet,Costante,0,Dirichlet,Costante,0,Dirichlet,Costante,0,Dirichlet,Costante,0,4,500000,1,1,1,1,100,100,5.00E-04
474,Costante,1.00E-04,Costante,1.00E+00,Costante,1.00E+00,Costante,1.00E-04,Funzione 15,1.000000,Dirichlet,Costante,0,Dirichlet,Costante,0,Dirichlet,Costante,0,Dirichlet,Costante,0,5,500000,1,1,1,1,100,100,5.00E-04
475,Costante,1.00E-04,Costante,1.00E+00,Costante,1.00E+00,Costante,1.00E-04,Funzione 15,1.000000,Dirichlet,Costante,0,Dirichlet,Costante,0,Dirichlet,Costante,0,Dirichlet,Costante,0,5.5,500000,1,1,1,1,100,100,5.00E-04
476,Costante,1.00E-02,Costante,1.00E+01,Costante,1.00E+01,Costante,1.00E-02,Funzione 15,1.000000,Dirichlet,Costante,0,Dirichlet,Costante,0,Dirichlet,Costante,0,Dirichlet,Costante,0,2,500000,1,1,1,1,100,100,5.00E-04
477,Costante,1.00E-02,Costante,1.00E+01,Costante,1.00E+01,Costante,1.00E-02,Funzione 15,1.000000,Dirichlet,Costante,0,Dirichlet,Costante,0,Dirichlet,Costante,0,Dirichlet,Costante,0,3,500000,1,1,1,1,100,100,5.00E-04
478,Costante,1.00E-02,Costante,1.00E+01,Costante,1.00E+01,Costante,1.00E-02,Funzione 15,1.000000,Dirichlet,Costante,0,Dirichlet,Costante,0,Dirichlet,Costante,0,Dirichlet,Costante,0,4,500000,1,1,1,1,100,100,5.00E-04
479,Costante,1.00E-02,Costante,1.00E+01,Costante,1.00E+01,Costante,1.00E-02,Funzione 15,1.000000,Dirichlet,Costante,0,Dirichlet,Costante,0,Dirichlet,Costante,0,Dirichlet,Costante,0,5,500000,1,1,1,1,100,100,5.00E-04
480,Costante,1.00E-02,Costante,1.00E+01,Costante,1.00E+01,Costante,1.00E-02,Funzione 15,1.000000,Dirichlet,Costante,0,Dirichlet,Costante,0,Dirichlet,Costante,0,Dirichlet,Costante,0,5.5,500000,1,1,1,1,100,100,5.00E-04
481,Costante,1.00E-02,Costante,1.00E-01,Costante,1.00E-01,Costante,1.00E-02,Funzione 15,1.000000,Dirichlet,Costante,0,Dirichlet,Costante,0,Dirichlet,Costante,0,Dirichlet,Costante,0,2,500000,1,1,1,1,100,100,5.00E-04
482,Costante,1.00E-02,Costante,1.00E-01,Costante,1.00E-01,Costante,1.00E-02,Funzione 15,1.000000,Dirichlet,Costante,0,Dirichlet,Costante,0,Dirichlet,Costante,0,Dirichlet,Costante,0,3,500000,1,1,1,1,100,100,5.00E-04
483,Costante,1.00E-02,Costante,1.00E-01,Costante,1.00E-01,Costante,1.00E-02,Funzione 15,1.000000,Dirichlet,Costante,0,Dirichlet,Costante,0,Dirichlet,Costante,0,Dirichlet,Costante,0,4,500000,1,1,1,1,100,100,5.00E-04
484,Costante,1.00E-02,Costante,1.00E-01,Costante,1.00E-01,Costante,1.00E-02,Funzione 15,1.000000,Dirichlet,Costante,0,Dirichlet,Costante,0,Dirichlet,Costante,0,Dirichlet,Costante,0,5,500000,1,1,1,1,100,100,5.00E-04
485,Costante,1.00E-02,Costante,1.00E-01,Costante,1.00E-01,Costante,1.00E-02,Funzione 15,1.000000,Dirichlet,Costante,0,Dirichlet,Costante,0,Dirichlet,Costante,0,Dirichlet,Costante,0,5.5,500000,1,1,1,1,100,100,5.00E-04
486,Costante,1.00E-02,Costante,1.00E+00,Costante,0.00E+00,Costante,1.00E-02,Funzione 15,1.000000,Dirichlet,Costante,0,Dirichlet,Costante,0,Dirichlet,Costante,0,Dirichlet,Costante,0,2,500000,1,1,1,1,100,100,5.00E-04
487,Costante,1.00E-02,Costante,1.00E+00,Costante,0.00E+00,Costante,1.00E-02,Funzione 15,1.000000,Dirichlet,Costante,0,Dirichlet,Costante,0,Dirichlet,Costante,0,Dirichlet,Costante,0,3,500000,1,1,1,1,100,100,5.00E-04
488,Costante,1.00E-02,Costante,1.00E+00,Costante,0.00E+00,Costante,1.00E-02,Funzione 15,1.000000,Dirichlet,Costante,0,Dirichlet,Costante,0,Dirichlet,Costante,0,Dirichlet,Costante,0,4,500000,1,1,1,1,100,100,5.00E-04
489,Costante,1.00E-02,Costante,1.00E+00,Costante,0.00E+00,Costante,1.00E-02,Funzione 15,1.000000,Dirichlet,Costante,0,Dirichlet,Costante,0,Dirichlet,Costante,0,Dirichlet,Costante,0,5,500000,1,1,1,1,100,100,5.00E-04
490,Costante,1.00E-02,Costante,1.00E+00,Costante,0.00E+00,Costante,1.00E-02,Funzione 15,1.000000,Dirichlet,Costante,0,Dirichlet,Costante,0,Dirichlet,Costante,0,Dirichlet,Costante,0,5.5,500000,1,1,1,1,100,100,5.00E-04
491,Costante,1.00E-02,Costante,1.00E+00,Costante,-1.00E+00,Costante,1.00E-02,Funzione 15,1.000000,Dirichlet,Costante,0,Dirichlet,Costante,0,Dirichlet,Costante,0,Dirichlet,Costante,0,2,500000,1,1,1,1,100,100,5.00E-04
492,Costante,1.00E-02,Costante,1.00E+00,Costante,-1.00E+00,Costante,1.00E-02,Funzione 15,1.000000,Dirichlet,Costante,0,Dirichlet,Costante,0,Dirichlet,Costante,0,Dirichlet,Costante,0,3,500000,1,1,1,1,100,100,5.00E-04
493,Costante,1.00E-02,Costante,1.00E+00,Costante,-1.00E+00,Costante,1.00E-02,Funzione 15,1.000000,Dirichlet,Costante,0,Dirichlet,Costante,0,Dirichlet,Costante,0,Dirichlet,Costante,0,4,500000,1,1,1,1,100,100,5.00E-04
494,Costante,1.00E-02,Costante,1.00E+00,Costante,-1.00E+00,Costante,1.00E-02,Funzione 15,1.000000,Dirichlet,Costante,0,Dirichlet,Costante,0,Dirichlet,Costante,0,Dirichlet,Costante,0,5,500000,1,1,1,1,100,100,5.00E-04
495,Costante,1.00E-02,Costante,1.00E+00,Costante,-1.00E+00,Costante,1.00E-02,Funzione 15,1.000000,Dirichlet,Costante,0,Dirichlet,Costante,0,Dirichlet,Costante,0,Dirichlet,Costante,0,5.5,500000,1,1,1,1,100,100,5.00E-04
496,Costante,1.00E-02,Costante,-1.00E+01,Costante,-1.00E+01,Costante,1.00E-02,Funzione 15,1.000000,Dirichlet,Costante,0,Dirichlet,Costante,0,Dirichlet,Costante,0,Dirichlet,Costante,0,2,500000,1,1,1,1,100,100,5.00E-04
497,Costante,1.00E-02,Costante,-1.00E+01,Costante,-1.00E+01,Costante,1.00E-02,Funzione 15,1.000000,Dirichlet,Costante,0,Dirichlet,Costante,0,Dirichlet,Costante,0,Dirichlet,Costante,0,3,500000,1,1,1,1,100,100,5.00E-04
498,Costante,1.00E-02,Costante,-1.00E+01,Costante,-1.00E+01,Costante,1.00E-02,Funzione 15,1.000000,Dirichlet,Costante,0,Dirichlet,Costante,0,Dirichlet,Costante,0,Dirichlet,Costante,0,4,500000,1,1,1,1,100,100,5.00E-04
499,Costante,1.00E-02,Costante,-1.00E+01,Costante,-1.00E+01,Costante,1.00E-02,Funzione 15,1.000000,Dirichlet,Costante,0,Dirichlet,Costante,0,Dirichlet,Costante,0,Dirichlet,Costante,0,5,500000,1,1,1,1,100,100,5.00E-04
500,Costante,1.00E-02,Costante,-1.00E+01,Costante,-1.00E+01,Costante,1.00E-02,Funzione 15,1.000000,Dirichlet,Costante,0,Dirichlet,Costante,0,Dirichlet,Costante,0,Dirichlet,Costante,0,5.5,500000,1,1,1,1,100,100,5.00E-04
501,Costante,1.00E-02,Costante,1.00E+00,Costante,1.00E+00,Costante,1.00E+00,Funzione 15,1.000000,Dirichlet,Costante,0,Dirichlet,Costante,0,Dirichlet,Costante,0,Dirichlet,Costante,0,2,500000,1,1,1,1,100,100,5.00E-04
502,Costante,1.00E-02,Costante,1.00E+00,Costante,1.00E+00,Costante,1.00E+00,Funzione 15,1.000000,Dirichlet,Costante,0,Dirichlet,Costante,0,Dirichlet,Costante,0,Dirichlet,Costante,0,3,500000,1,1,1,1,100,100,5.00E-04
503,Costante,1.00E-02,Costante,1.00E+00,Costante,1.00E+00,Costante,1.00E+00,Funzione 15,1.000000,Dirichlet,Costante,0,Dirichlet,Costante,0,Dirichlet,Costante,0,Dirichlet,Costante,0,4,500000,1,1,1,1,100,100,5.00E-04
504,Costante,1.00E-02,Costante,1.00E+00,Costante,1.00E+00,Costante,1.00E+00,Funzione 15,1.000000,Dirichlet,Costante,0,Dirichlet,Costante,0,Dirichlet,Costante,0,Dirichlet,Costante,0,5,500000,1,1,1,1,100,100,5.00E-04
505,Costante,1.00E-02,Costante,1.00E+00,Costante,1.00E+00,Costante,1.00E+00,Funzione 15,1.000000,Dirichlet,Costante,0,Dirichlet,Costante,0,Dirichlet,Costante,0,Dirichlet,Costante,0,5.5,500000,1,1,1,1,100,100,5.00E-04
506,Costante,1.00E-03,Costante,1.00E+00,Costante,1.00E+00,Costante,1.00E+00,Funzione 15,1.000000,Dirichlet,Costante,0,Dirichlet,Costante,0,Dirichlet,Costante,0,Dirichlet,Costante,0,2,500000,1,1,1,1,100,100,5.00E-04
507,Costante,1.00E-03,Costante,1.00E+00,Costante,1.00E+00,Costante,1.00E+00,Funzione 15,1.000000,Dirichlet,Costante,0,Dirichlet,Costante,0,Dirichlet,Costante,0,Dirichlet,Costante,0,3,500000,1,1,1,1,100,100,5.00E-04
508,Costante,1.00E-03,Costante,1.00E+00,Costante,1.00E+00,Costante,1.00E+00,Funzione 15,1.000000,Dirichlet,Costante,0,Dirichlet,Costante,0,Dirichlet,Costante,0,Dirichlet,Costante,0,4,500000,1,1,1,1,100,100,5.00E-04
509,Costante,1.00E-03,Costante,1.00E+00,Costante,1.00E+00,Costante,1.00E+00,Funzione 15,1.000000,Dirichlet,Costante,0,Dirichlet,Costante,0,Dirichlet,Costante,0,Dirichlet,Costante,0,5,500000,1,1,1,1,100,100,5.00E-04
510,Costante,1.00E-03,Costante,1.00E+00,Costante,1.00E+00,Costante,1.00E+00,Funzione 15,1.000000,Dirichlet,Costante,0,Dirichlet,Costante,0,Dirichlet,Costante,0,Dirichlet,Costante,0,5.5,500000,1,1,1,1,100,100,5.00E-04
511,Costante,1.00E-04,Costante,1.00E+00,Costante,1.00E+00,Costante,1.00E+00,Funzione 15,1.000000,Dirichlet,Costante,0,Dirichlet,Costante,0,Dirichlet,Costante,0,Dirichlet,Costante,0,2,500000,1,1,1,1,100,100,5.00E-04
512,Costante,1.00E-04,Costante,1.00E+00,Costante,1.00E+00,Costante,1.00E+00,Funzione 15,1.000000,Dirichlet,Costante,0,Dirichlet,Costante,0,Dirichlet,Costante,0,Dirichlet,Costante,0,3,500000,1,1,1,1,100,100,5.00E-04
513,Costante,1.00E-04,Costante,1.00E+00,Costante,1.00E+00,Costante,1.00E+00,Funzione 15,1.000000,Dirichlet,Costante,0,Dirichlet,Costante,0,Dirichlet,Costante,0,Dirichlet,Costante,0,4,500000,1,1,1,1,100,100,5.00E-04
514,Costante,1.00E-04,Costante,1.00E+00,Costante,1.00E+00,Costante,1.00E+00,Funzione 15,1.000000,Dirichlet,Costante,0,Dirichlet,Costante,0,Dirichlet,Costante,0,Dirichlet,Costante,0,5,500000,1,1,1,1,100,100,5.00E-04
515,Costante,1.00E-04,Costante,1.00E+00,Costante,1.00E+00,Costante,1.00E+00,Funzione 15,1.000000,Dirichlet,Costante,0,Dirichlet,Costante,0,Dirichlet,Costante,0,Dirichlet,Costante,0,5.5,500000,1,1,1,1,100,100,5.00E-04
516,Costante,1.00E-02,Costante,1.00E+00,Costante,1.00E+00,Costante,0.00E+00,Funzione 15,1.000000,Dirichlet,Costante,0,Dirichlet,Costante,0,Dirichlet,Costante,0,Dirichlet,Costante,0,2,500000,1,1,1,1,100,100,5.00E-04
517,Costante,1.00E-02,Costante,1.00E+00,Costante,1.00E+00,Costante,0.00E+00,Funzione 15,1.000000,Dirichlet,Costante,0,Dirichlet,Costante,0,Dirichlet,Costante,0,Dirichlet,Costante,0,3,500000,1,1,1,1,100,100,5.00E-04
518,Costante,1.00E-02,Costante,1.00E+00,Costante,1.00E+00,Costante,0.00E+00,Funzione 15,1.000000,Dirichlet,Costante,0,Dirichlet,Costante,0,Dirichlet,Costante,0,Dirichlet,Costante,0,4,500000,1,1,1,1,100,100,5.00E-04
519,Costante,1.00E-02,Costante,1.00E+00,Costante,1.00E+00,Costante,0.00E+00,Funzione 15,1.000000,Dirichlet,Costante,0,Dirichlet,Costante,0,Dirichlet,Costante,0,Dirichlet,Costante,0,5,500000,1,1,1,1,100,100,5.00E-04
520,Costante,1.00E-02,Costante,1.00E+00,Costante,1.00E+00,Costante,0.00E+00,Funzione 15,1.000000,Dirichlet,Costante,0,Dirichlet,Costante,0,Dirichlet,Costante,0,Dirichlet,Costante,0,5.5,500000,1,1,1,1,100,100,5.00E-04
521,Costante,1.00E-03,Costante,1.00E+01,Costante,1.00E+01,Costante,0.00E+00,Funzione 15,1.000000,Dirichlet,Costante,0,Dirichlet,Costante,0,Dirichlet,Costante,0,Dirichlet,Costante,0,2,500000,1,1,1,1,100,100,5.00E-04
522,Costante,1.00E-03,Costante,1.00E+01,Costante,1.00E+01,Costante,0.00E+00,Funzione 15,1.000000,Dirichlet,Costante,0,Dirichlet,Costante,0,Dirichlet,Costante,0,Dirichlet,Costante,0,3,500000,1,1,1,1,100,100,5.00E-04
523,Costante,1.00E-03,Costante,1.00E+01,Costante,1.00E+01,Costante,0.00E+00,Funzione 15,1.000000,Dirichlet,Costante,0,Dirichlet,Costante,0,Dirichlet,Costante,0,Dirichlet,Costante,0,4,500000,1,1,1,1,100,100,5.00E-04
524,Costante,1.00E-03,Costante,1.00E+01,Costante,1.00E+01,Costante,0.00E+00,Funzione 15,1.000000,Dirichlet,Costante,0,Dirichlet,Costante,0,Dirichlet,Costante,0,Dirichlet,Costante,0,5,500000,1,1,1,1,100,100,5.00E-04
525,Costante,1.00E-03,Costante,1.00E+01,Costante,1.00E+01,Costante,0.00E+00,Funzione 15,1.000000,Dirichlet,Costante,0,Dirichlet,Costante,0,Dirichlet,Costante,0,Dirichlet,Costante,0,5.5,500000,1,1,1,1,100,100,5.00E-04
526,Costante,1.00E-03,Costante,1.00E-01,Costante,1.00E-01,Costante,0.00E+00,Funzione 15,1.000000,Dirichlet,Costante,0,Dirichlet,Costante,0,Dirichlet,Costante,0,Dirichlet,Costante,0,2,500000,1,1,1,1,100,100,5.00E-04
527,Costante,1.00E-03,Costante,1.00E-01,Costante,1.00E-01,Costante,0.00E+00,Funzione 15,1.000000,Dirichlet,Costante,0,Dirichlet,Costante,0,Dirichlet,Costante,0,Dirichlet,Costante,0,3,500000,1,1,1,1,100,100,5.00E-04
528,Costante,1.00E-03,Costante,1.00E-01,Costante,1.00E-01,Costante,0.00E+00,Funzione 15,1.000000,Dirichlet,Costante,0,Dirichlet,Costante,0,Dirichlet,Costante,0,Dirichlet,Costante,0,4,500000,1,1,1,1,100,100,5.00E-04
529,Costante,1.00E-03,Costante,1.00E-01,Costante,1.00E-01,Costante,0.00E+00,Funzione 15,1.000000,Dirichlet,Costante,0,Dirichlet,Costante,0,Dirichlet,Costante,0,Dirichlet,Costante,0,5,500000,1,1,1,1,100,100,5.00E-04
530,Costante,1.00E-03,Costante,1.00E-01,Costante,1.00E-01,Costante,0.00E+00,Funzione 15,1.000000,Dirichlet,Costante,0,Dirichlet,Costante,0,Dirichlet,Costante,0,Dirichlet,Costante,0,5.5,500000,1,1,1,1,100,100,5.00E-04
531,Costante,1.00E-02,Costante,-1.00E+00,Costante,-1.00E+00,Costante,1.00E-02,Funzione 15,1.000000,Dirichlet,Costante,0,Dirichlet,Costante,0,Dirichlet,Costante,0,Dirichlet,Costante,0,2,500000,1,1,1,1,100,100,5.00E-04
532,Costante,1.00E-02,Costante,-1.00E+00,Costante,-1.00E+00,Costante,1.00E-02,Funzione 15,1.000000,Dirichlet,Costante,0,Dirichlet,Costante,0,Dirichlet,Costante,0,Dirichlet,Costante,0,3,500000,1,1,1,1,100,100,5.00E-04
533,Costante,1.00E-02,Costante,-1.00E+00,Costante,-1.00E+00,Costante,1.00E-02,Funzione 15,1.000000,Dirichlet,Costante,0,Dirichlet,Costante,0,Dirichlet,Costante,0,Dirichlet,Costante,0,4,500000,1,1,1,1,100,100,5.00E-04
534,Costante,1.00E-02,Costante,-1.00E+00,Costante,-1.00E+00,Costante,1.00E-02,Funzione 15,1.000000,Dirichlet,Costante,0,Dirichlet,Costante,0,Dirichlet,Costante,0,Dirichlet,Costante,0,5,500000,1,1,1,1,100,100,5.00E-04
535,Costante,1.00E-02,Costante,-1.00E+00,Costante,-1.00E+00,Costante,1.00E-02,Funzione 15,1.000000,Dirichlet,Costante,0,Dirichlet,Costante,0,Dirichlet,Costante,0,Dirichlet,Costante,0,5.5,500000,1,1,1,1,100,100,5.00E-04
536,Costante,1.00E-02,Costante,-1.00E+00,Costante,-1.00E+00,Costante,1.00E-02,Funzione 15,1.000000,Dirichlet,Costante,0,Dirichlet,Costante,0,Dirichlet,Costante,0,Dirichlet,Costante,0,2,500000,1,1,1,1,100,100,5.00E-04
537,Costante,1.00E-02,Costante,-1.00E+00,Costante,-1.00E+00,Costante,1.00E-02,Funzione 15,1.000000,Dirichlet,Costante,0,Dirichlet,Costante,0,Dirichlet,Costante,0,Dirichlet,Costante,0,3,500000,1,1,1,1,100,100,5.00E-04
538,Costante,1.00E-02,Costante,-1.00E+00,Costante,-1.00E+00,Costante,1.00E-02,Funzione 15,1.000000,Dirichlet,Costante,0,Dirichlet,Costante,0,Dirichlet,Costante,0,Dirichlet,Costante,0,4,500000,1,1,1,1,100,100,5.00E-04
539,Costante,1.00E-02,Costante,-1.00E+00,Costante,-1.00E+00,Costante,1.00E-02,Funzione 15,1.000000,Dirichlet,Costante,0,Dirichlet,Costante,0,Dirichlet,Costante,0,Dirichlet,Costante,0,5,500000,1,1,1,1,100,100,5.00E-04
540,Costante,1.00E-02,Costante,-1.00E+00,Costante,-1.00E+00,Costante,1.00E-02,Funzione 15,1.000000,Dirichlet,Costante,0,Dirichlet,Costante,0,Dirichlet,Costante,0,Dirichlet,Costante,0,5.5,500000,1,1,1,1,100,100,5.00E-04
541,Costante,1.00E-02,Costante,-1.00E+00,Costante,-1.00E+00,Costante,1.00E-02,Funzione 15,1.000000,Dirichlet,Costante,0,Dirichlet,Costante,0,Dirichlet,Costante,0,Dirichlet,Costante,0,2,500000,1,1,1,1,100,100,5.00E-04
542,Costante,1.00E-02,Costante,-1.00E+00,Costante,-1.00E+00,Costante,1.00E-02,Funzione 15,1.000000,Dirichlet,Costante,0,Dirichlet,Costante,0,Dirichlet,Costante,0,Dirichlet,Costante,0,3,500000,1,1,1,1,100,100,5.00E-04
543,Costante,1.00E-02,Costante,-1.00E+00,Costante,-1.00E+00,Costante,1.00E-02,Funzione 15,1.000000,Dirichlet,Costante,0,Dirichlet,Costante,0,Dirichlet,Costante,0,Dirichlet,Costante,0,4,500000,1,1,1,1,100,100,5.00E-04
544,Costante,1.00E-02,Costante,-1.00E+00,Costante,-1.00E+00,Costante,1.00E-02,Funzione 15,1.000000,Dirichlet,Costante,0,Dirichlet,Costante,0,Dirichlet,Costante,0,Dirichlet,Costante,0,5,500000,1,1,1,1,100,100,5.00E-04
545,Costante,1.00E-02,Costante,-1.00E+00,Costante,-1.00E+00,Costante,1.00E-02,Funzione 15,1.000000,Dirichlet,Costante,0,Dirichlet,Costante,0,Dirichlet,Costante,0,Dirichlet,Costante,0,5.5,500000,1,1,1,1,100,100,5.00E-04
546,Costante,1.00E-02,Costante,-1.00E+00,Costante,-1.00E+00,Costante,1.00E-02,Funzione 15,1.000000,Dirichlet,Costante,0,Dirichlet,Costante,0,Dirichlet,Costante,0,Dirichlet,Costante,0,2,500000,1,1,1,1,100,100,5.00E-04
547,Costante,1.00E-02,Costante,-1.00E+00,Costante,-1.00E+00,Costante,1.00E-02,Funzione 15,1.000000,Dirichlet,Costante,0,Dirichlet,Costante,0,Dirichlet,Costante,0,Dirichlet,Costante,0,3,500000,1,1,1,1,100,100,5.00E-04
548,Costante,1.00E-02,Costante,-1.00E+00,Costante,-1.00E+00,Costante,1.00E-02,Funzione 15,1.000000,Dirichlet,Costante,0,Dirichlet,Costante,0,Dirichlet,Costante,0,Dirichlet,Costante,0,4,500000,1,1,1,1,100,100,5.00E-04
549,Costante,1.00E-02,Costante,-1.00E+00,Costante,-1.00E+00,Costante,1.00E-02,Funzione 15,1.000000,Dirichlet,Costante,0,Dirichlet,Costante,0,Dirichlet,Costante,0,Dirichlet,Costante,0,5,500000,1,1,1,1,100,100,5.00E-04
550,Costante,1.00E-02,Costante,-1.00E+00,Costante,-1.00E+00,Costante,1.00E-02,Funzione 15,1.000000,Dirichlet,Costante,0,Dirichlet,Costante,0,Dirichlet,Costante,0,Dirichlet,Costante,0,5.5,500000,1,1,1,1,100,100,5.00E-04
551,Costante,1.00E-02,Costante,-1.00E+00,Costante,-1.00E+00,Costante,1.00E-02,Funzione 15,1.000000,Dirichlet,Costante,0,Dirichlet,Costante,0,Dirichlet,Costante,0,Dirichlet,Costante,0,2,500000,1,1,1,1,100,100,5.00E-04
552,Costante,1.00E-02,Costante,-1.00E+00,Costante,-1.00E+00,Costante,1.00E-02,Funzione 15,1.000000,Dirichlet,Costante,0,Dirichlet,Costante,0,Dirichlet,Costante,0,Dirichlet,Costante,0,3,500000,1,1,1,1,100,100,5.00E-04
553,Costante,1.00E-02,Costante,-1.00E+00,Costante,-1.00E+00,Costante,1.00E-02,Funzione 15,1.000000,Dirichlet,Costante,0,Dirichlet,Costante,0,Dirichlet,Costante,0,Dirichlet,Costante,0,4,500000,1,1,1,1,100,100,5.00E-04
554,Costante,1.00E-02,Costante,-1.00E+00,Costante,-1.00E+00,Costante,1.00E-02,Funzione 15,1.000000,Dirichlet,Costante,0,Dirichlet,Costante,0,Dirichlet,Costante,0,Dirichlet,Costante,0,5,500000,1,1,1,1,100,100,5.00E-04
555,Costante,1.00E-02,Costante,-1.00E+00,Costante,-1.00E+00,Costante,1.00E-02,Funzione 15,1.000000,Dirichlet,Costante,0,Dirichlet,Costante,0,Dirichlet,Costante,0,Dirichlet,Costante,0,5.5,500000,1,1,1,1,100,100,5.00E-04
556,Costante,1.00E-02,Costante,0.00E+00,Costante,1.00E+00,Costante,1.00E-02,Funzione 15,1.000000,Dirichlet,Costante,0,Dirichlet,Costante,0,Dirichlet,Costante,0,Dirichlet,Costante,0,2,500000,1,1,1,1,100,100,5.00E-04
557,Costante,1.00E-02,Costante,0.00E+00,Costante,1.00E+00,Costante,1.00E-02,Funzione 15,1.000000,Dirichlet,Costante,0,Dirichlet,Costante,0,Dirichlet,Costante,0,Dirichlet,Costante,0,3,500000,1,1,1,1,100,100,5.00E-04
558,Costante,1.00E-02,Costante,0.00E+00,Costante,1.00E+00,Costante,1.00E-02,Funzione 15,1.000000,Dirichlet,Costante,0,Dirichlet,Costante,0,Dirichlet,Costante,0,Dirichlet,Costante,0,4,500000,1,1,1,1,100,100,5.00E-04
559,Costante,1.00E-02,Costante,0.00E+00,Costante,1.00E+00,Costante,1.00E-02,Funzione 15,1.000000,Dirichlet,Costante,0,Dirichlet,Costante,0,Dirichlet,Costante,0,Dirichlet,Costante,0,5,500000,1,1,1,1,100,100,5.00E-04
560,Costante,1.00E-02,Costante,0.00E+00,Costante,1.00E+00,Costante,1.00E-02,Funzione 15,1.000000,Dirichlet,Costante,0,Dirichlet,Costante,0,Dirichlet,Costante,0,Dirichlet,Costante,0,5.5,500000,1,1,1,1,100,100,5.00E-04
561,Costante,2.50E-04,Costante,-5.00E-01,Costante,8.66E-01,Costante,0.00E+00,Costante,0.000000,Dirichlet,Funzione 9,1,Dirichlet,Funzione 10,1,Dirichlet,Costante,0,Dirichlet,Costante,0,2,1000000,1,1,1,1,100,100,2.50E-04
562,Costante,2.50E-04,Costante,-5.00E-01,Costante,8.66E-01,Costante,0.00E+00,Costante,0.000000,Dirichlet,Funzione 9,1,Dirichlet,Funzione 10,1,Dirichlet,Costante,0,Dirichlet,Costante,0,3,1000000,1,1,1,1,100,100,2.50E-04
563,Costante,2.50E-04,Costante,-5.00E-01,Costante,8.66E-01,Costante,0.00E+00,Costante,0.000000,Dirichlet,Funzione 9,1,Dirichlet,Funzione 10,1,Dirichlet,Costante,0,Dirichlet,Costante,0,5,1000000,1,1,1,1,100,100,2.50E-04
564,Costante,2.50E-04,Costante,-5.00E-01,Costante,8.66E-01,Costante,0.00E+00,Costante,0.000000,Dirichlet,Funzione 9,1,Dirichlet,Funzione 10,1,Dirichlet,Costante,0,Dirichlet,Costante,0,10,1000000,1,1,1,1,100,100,2.50E-04
565,Costante,2.50E-04,Costante,-5.00E-01,Costante,8.66E-01,Costante,0.00E+00,Costante,0.000000,Dirichlet,Funzione 9,1,Dirichlet,Funzione 10,1,Dirichlet,Costante,0,Dirichlet,Costante,0,20,1000000,1,1,1,1,100,100,2.50E-04
566,Costante,2.50E-04,Costante,-5.00E-02,Costante,8.66E-02,Costante,0.00E+00,Costante,0.000000,Dirichlet,Funzione 9,1,Dirichlet,Funzione 10,1,Dirichlet,Costante,0,Dirichlet,Costante,0,2.5,1000000,1,1,1,1,100,100,2.50E-04
567,Costante,2.50E-04,Costante,-5.00E-02,Costante,8.66E-02,Costante,0.00E+00,Costante,0.000000,Dirichlet,Funzione 9,1,Dirichlet,Funzione 10,1,Dirichlet,Costante,0,Dirichlet,Costante,0,5,1000000,1,1,1,1,100,100,2.50E-04
568,Costante,2.50E-04,Costante,-5.00E-02,Costante,8.66E-02,Costante,0.00E+00,Costante,0.000000,Dirichlet,Funzione 9,1,Dirichlet,Funzione 10,1,Dirichlet,Costante,0,Dirichlet,Costante,0,10,1000000,1,1,1,1,100,100,2.50E-04
569,Costante,2.50E-04,Costante,-5.00E-02,Costante,8.66E-02,Costante,0.00E+00,Costante,0.000000,Dirichlet,Funzione 9,1,Dirichlet,Funzione 10,1,Dirichlet,Costante,0,Dirichlet,Costante,0,17.5,1000000,1,1,1,1,100,100,2.50E-04
570,Costante,2.50E-04,Costante,-5.00E-02,Costante,8.66E-02,Costante,0.00E+00,Costante,0.000000,Dirichlet,Funzione 9,1,Dirichlet,Funzione 10,1,Dirichlet,Costante,0,Dirichlet,Costante,0,25,1000000,1,1,1,1,100,100,2.50E-04
571,Costante,2.50E-04,Costante,-5.00E+00,Costante,8.66E+00,Costante,0.00E+00,Costante,0.000000,Dirichlet,Funzione 9,1,Dirichlet,Funzione 10,1,Dirichlet,Costante,0,Dirichlet,Costante,0,375,1000000,1,1,1,1,100,100,1.00E-04
572,Costante,2.50E-04,Costante,-5.00E+00,Costante,8.66E+00,Costante,0.00E+00,Costante,0.000000,Dirichlet,Funzione 9,1,Dirichlet,Funzione 10,1,Dirichlet,Costante,0,Dirichlet,Costante,0,400,1000000,1,1,1,1,100,100,1.00E-04
573,Costante,2.50E-04,Costante,-5.00E+00,Costante,8.66E+00,Costante,0.00E+00,Costante,0.000000,Dirichlet,Funzione 9,1,Dirichlet,Funzione 10,1,Dirichlet,Costante,0,Dirichlet,Costante,0,425,1000000,1,1,1,1,100,100,1.00E-04
574,Costante,2.50E-04,Costante,-5.00E+00,Costante,8.66E+00,Costante,0.00E+00,Costante,0.000000,Dirichlet,Funzione 9,1,Dirichlet,Funzione 10,1,Dirichlet,Costante,0,Dirichlet,Costante,0,450,1000000,1,1,1,1,100,100,1.00E-04
575,Costante,2.50E-04,Costante,-5.00E+00,Costante,8.66E+00,Costante,0.00E+00,Costante,0.000000,Dirichlet,Funzione 9,1,Dirichlet,Funzione 10,1,Dirichlet,Costante,0,Dirichlet,Costante,0,475,1000000,1,1,1,1,100,100,1.00E-04
576,Costante,2.50E-04,Costante,-5.00E-03,Costante,8.66E-03,Costante,0.00E+00,Costante,0.000000,Dirichlet,Funzione 9,1,Dirichlet,Funzione 10,1,Dirichlet,Costante,0,Dirichlet,Costante,0,0.75,1000000,1,1,1,1,100,100,2.50E-04
577,Costante,2.50E-04,Costante,-5.00E-03,Costante,8.66E-03,Costante,0.00E+00,Costante,0.000000,Dirichlet,Funzione 9,1,Dirichlet,Funzione 10,1,Dirichlet,Costante,0,Dirichlet,Costante,0,1,1000000,1,1,1,1,100,100,2.50E-04
578,Costante,2.50E-04,Costante,-5.00E-03,Costante,8.66E-03,Costante,0.00E+00,Costante,0.000000,Dirichlet,Funzione 9,1,Dirichlet,Funzione 10,1,Dirichlet,Costante,0,Dirichlet,Costante,0,1.25,1000000,1,1,1,1,100,100,2.50E-04
579,Costante,2.50E-04,Costante,-5.00E-03,Costante,8.66E-03,Costante,0.00E+00,Costante,0.000000,Dirichlet,Funzione 9,1,Dirichlet,Funzione 10,1,Dirichlet,Costante,0,Dirichlet,Costante,0,2,1000000,1,1,1,1,100,100,2.50E-04
580,Costante,2.50E-04,Costante,-5.00E-03,Costante,8.66E-03,Costante,0.00E+00,Costante,0.000000,Dirichlet,Funzione 9,1,Dirichlet,Funzione 10,1,Dirichlet,Costante,0,Dirichlet,Costante,0,2.5,1000000,1,1,1,1,100,100,2.50E-04
581,Costante,2.50E-04,Costante,-5.00E-01,Costante,8.66E-01,Costante,1.00E-01,Costante,0.000000,Dirichlet,Funzione 9,1,Dirichlet,Funzione 10,1,Dirichlet,Costante,0,Dirichlet,Costante,0,1.5,1000000,1,1,1,1,100,100,2.50E-04
582,Costante,2.50E-04,Costante,-5.00E-01,Costante,8.66E-01,Costante,1.00E-01,Costante,0.000000,Dirichlet,Funzione 9,1,Dirichlet,Funzione 10,1,Dirichlet,Costante,0,Dirichlet,Costante,0,2,1000000,1,1,1,1,100,100,2.50E-04
583,Costante,2.50E-04,Costante,-5.00E-01,Costante,8.66E-01,Costante,1.00E-01,Costante,0.000000,Dirichlet,Funzione 9,1,Dirichlet,Funzione 10,1,Dirichlet,Costante,0,Dirichlet,Costante,0,3,1000000,1,1,1,1,100,100,2.50E-04
584,Costante,2.50E-04,Costante,-5.00E-01,Costante,8.66E-01,Costante,1.00E-01,Costante,0.000000,Dirichlet,Funzione 9,1,Dirichlet,Funzione 10,1,Dirichlet,Costante,0,Dirichlet,Costante,0,5,1000000,1,1,1,1,100,100,2.50E-04
585,Costante,2.50E-04,Costante,-5.00E-01,Costante,8.66E-01,Costante,1.00E-01,Costante,0.000000,Dirichlet,Funzione 9,1,Dirichlet,Funzione 10,1,Dirichlet,Costante,0,Dirichlet,Costante,0,10,1000000,1,1,1,1,100,100,2.50E-04
586,Costante,2.50E-04,Costante,-5.00E-01,Costante,8.66E-01,Costante,2.50E-04,Costante,0.000000,Dirichlet,Funzione 9,1,Dirichlet,Funzione 10,1,Dirichlet,Costante,0,Dirichlet,Costante,0,5,1000000,1,1,1,1,100,100,2.50E-04
587,Costante,2.50E-04,Costante,-5.00E-01,Costante,8.66E-01,Costante,2.50E-04,Costante,0.000000,Dirichlet,Funzione 9,1,Dirichlet,Funzione 10,1,Dirichlet,Costante,0,Dirichlet,Costante,0,10,1000000,1,1,1,1,100,100,2.50E-04
588,Costante,2.50E-04,Costante,-5.00E-01,Costante,8.66E-01,Costante,2.50E-04,Costante,0.000000,Dirichlet,Funzione 9,1,Dirichlet,Funzione 10,1,Dirichlet,Costante,0,Dirichlet,Costante,0,17.5,1000000,1,1,1,1,100,100,2.50E-04
589,Costante,2.50E-04,Costante,-5.00E-01,Costante,8.66E-01,Costante,2.50E-04,Costante,0.000000,Dirichlet,Funzione 9,1,Dirichlet,Funzione 10,1,Dirichlet,Costante,0,Dirichlet,Costante,0,25,1000000,1,1,1,1,100,100,2.50E-04
590,Costante,2.50E-04,Costante,-5.00E-01,Costante,8.66E-01,Costante,2.50E-04,Costante,0.000000,Dirichlet,Funzione 9,1,Dirichlet,Funzione 10,1,Dirichlet,Costante,0,Dirichlet,Costante,0,50,1000000,1,1,1,1,100,100,2.50E-04
591,Costante,2.50E-02,Costante,-5.00E-01,Costante,8.66E-01,Costante,0.00E+00,Costante,0.000000,Dirichlet,Funzione 9,1,Dirichlet,Funzione 10,1,Dirichlet,Costante,0,Dirichlet,Costante,0,0.3,1000000,1,1,1,1,100,100,2.50E-04
592,Costante,2.50E-02,Costante,-5.00E-01,Costante,8.66E-01,Costante,0.00E+00,Costante,0.000000,Dirichlet,Funzione 9,1,Dirichlet,Funzione 10,1,Dirichlet,Costante,0,Dirichlet,Costante,0,0.5,1000000,1,1,1,1,100,100,2.50E-04
593,Costante,2.50E-02,Costante,-5.00E-01,Costante,8.66E-01,Costante,0.00E+00,Costante,0.000000,Dirichlet,Funzione 9,1,Dirichlet,Funzione 10,1,Dirichlet,Costante,0,Dirichlet,Costante,0,1,1000000,1,1,1,1,100,100,2.50E-04
594,Costante,2.50E-02,Costante,-5.00E-01,Costante,8.66E-01,Costante,0.00E+00,Costante,0.000000,Dirichlet,Funzione 9,1,Dirichlet,Funzione 10,1,Dirichlet,Costante,0,Dirichlet,Costante,0,2,1000000,1,1,1,1,100,100,2.50E-04
595,Costante,2.50E-02,Costante,-5.00E-01,Costante,8.66E-01,Costante,0.00E+00,Costante,0.000000,Dirichlet,Funzione 9,1,Dirichlet,Funzione 10,1,Dirichlet,Costante,0,Dirichlet,Costante,0,3,1000000,1,1,1,1,100,100,2.50E-04
596,Costante,2.50E-02,Costante,-5.00E-02,Costante,8.66E-02,Costante,0.00E+00,Costante,0.000000,Dirichlet,Funzione 9,1,Dirichlet,Funzione 10,1,Dirichlet,Costante,0,Dirichlet,Costante,0,0.2,1000000,1,1,1,1,100,100,2.50E-04
597,Costante,2.50E-02,Costante,-5.00E-02,Costante,8.66E-02,Costante,0.00E+00,Costante,0.000000,Dirichlet,Funzione 9,1,Dirichlet,Funzione 10,1,Dirichlet,Costante,0,Dirichlet,Costante,0,0.3,1000000,1,1,1,1,100,100,2.50E-04
598,Costante,2.50E-02,Costante,-5.00E-02,Costante,8.66E-02,Costante,0.00E+00,Costante,0.000000,Dirichlet,Funzione 9,1,Dirichlet,Funzione 10,1,Dirichlet,Costante,0,Dirichlet,Costante,0,0.5,1000000,1,1,1,1,100,100,2.50E-04
599,Costante,2.50E-02,Costante,-5.00E-02,Costante,8.66E-02,Costante,0.00E+00,Costante,0.000000,Dirichlet,Funzione 9,1,Dirichlet,Funzione 10,1,Dirichlet,Costante,0,Dirichlet,Costante,0,0.75,1000000,1,1,1,1,100,100,2.50E-04
600,Costante,2.50E-02,Costante,-5.00E-02,Costante,8.66E-02,Costante,0.00E+00,Costante,0.000000,Dirichlet,Funzione 9,1,Dirichlet,Funzione 10,1,Dirichlet,Costante,0,Dirichlet,Costante,0,1,1000000,1,1,1,1,100,100,2.50E-04
601,Costante,2.50E-02,Costante,-5.00E+00,Costante,8.66E+00,Costante,0.00E+00,Costante,0.000000,Dirichlet,Funzione 9,1,Dirichlet,Funzione 10,1,Dirichlet,Costante,0,Dirichlet,Costante,0,1.5,1000000,1,1,1,1,100,100,2.50E-04
602,Costante,2.50E-02,Costante,-5.00E+00,Costante,8.66E+00,Costante,0.00E+00,Costante,0.000000,Dirichlet,Funzione 9,1,Dirichlet,Funzione 10,1,Dirichlet,Costante,0,Dirichlet,Costante,0,3,1000000,1,1,1,1,100,100,2.50E-04
603,Costante,2.50E-02,Costante,-5.00E+00,Costante,8.66E+00,Costante,0.00E+00,Costante,0.000000,Dirichlet,Funzione 9,1,Dirichlet,Funzione 10,1,Dirichlet,Costante,0,Dirichlet,Costante,0,5,1000000,1,1,1,1,100,100,2.50E-04
604,Costante,2.50E-02,Costante,-5.00E+00,Costante,8.66E+00,Costante,0.00E+00,Costante,0.000000,Dirichlet,Funzione 9,1,Dirichlet,Funzione 10,1,Dirichlet,Costante,0,Dirichlet,Costante,0,10,1000000,1,1,1,1,100,100,2.50E-04
605,Costante,2.50E-02,Costante,-5.00E+00,Costante,8.66E+00,Costante,0.00E+00,Costante,0.000000,Dirichlet,Funzione 9,1,Dirichlet,Funzione 10,1,Dirichlet,Costante,0,Dirichlet,Costante,0,20,1000000,1,1,1,1,100,100,2.50E-04
606,Costante,2.50E-02,Costante,-5.00E-03,Costante,8.66E-03,Costante,0.00E+00,Costante,0.000000,Dirichlet,Funzione 9,1,Dirichlet,Funzione 10,1,Dirichlet,Costante,0,Dirichlet,Costante,0,0.075,1000000,1,1,1,1,100,100,2.50E-04
607,Costante,2.50E-02,Costante,-5.00E-03,Costante,8.66E-03,Costante,0.00E+00,Costante,0.000000,Dirichlet,Funzione 9,1,Dirichlet,Funzione 10,1,Dirichlet,Costante,0,Dirichlet,Costante,0,0.1,1000000,1,1,1,1,100,100,2.50E-04
608,Costante,2.50E-02,Costante,-5.00E-03,Costante,8.66E-03,Costante,0.00E+00,Costante,0.000000,Dirichlet,Funzione 9,1,Dirichlet,Funzione 10,1,Dirichlet,Costante,0,Dirichlet,Costante,0,0.3,1000000,1,1,1,1,100,100,2.50E-04
609,Costante,2.50E-02,Costante,-5.00E-03,Costante,8.66E-03,Costante,0.00E+00,Costante,0.000000,Dirichlet,Funzione 9,1,Dirichlet,Funzione 10,1,Dirichlet,Costante,0,Dirichlet,Costante,0,0.5,1000000,1,1,1,1,100,100,2.50E-04
610,Costante,2.50E-02,Costante,-5.00E-03,Costante,8.66E-03,Costante,0.00E+00,Costante,0.000000,Dirichlet,Funzione 9,1,Dirichlet,Funzione 10,1,Dirichlet,Costante,0,Dirichlet,Costante,0,1,1000000,1,1,1,1,100,100,2.50E-04
611,Costante,2.50E-02,Costante,-5.00E-01,Costante,8.66E-01,Costante,1.00E-01,Costante,0.000000,Dirichlet,Funzione 9,1,Dirichlet,Funzione 10,1,Dirichlet,Costante,0,Dirichlet,Costante,0,0.5,1000000,1,1,1,1,100,100,2.50E-04
612,Costante,2.50E-02,Costante,-5.00E-01,Costante,8.66E-01,Costante,1.00E-01,Costante,0.000000,Dirichlet,Funzione 9,1,Dirichlet,Funzione 10,1,Dirichlet,Costante,0,Dirichlet,Costante,0,0.75,1000000,1,1,1,1,100,100,2.50E-04
613,Costante,2.50E-02,Costante,-5.00E-01,Costante,8.66E-01,Costante,1.00E-01,Costante,0.000000,Dirichlet,Funzione 9,1,Dirichlet,Funzione 10,1,Dirichlet,Costante,0,Dirichlet,Costante,0,0.9,1000000,1,1,1,1,100,100,2.50E-04
614,Costante,2.50E-02,Costante,-5.00E-01,Costante,8.66E-01,Costante,1.00E-01,Costante,0.000000,Dirichlet,Funzione 9,1,Dirichlet,Funzione 10,1,Dirichlet,Costante,0,Dirichlet,Costante,0,1,1000000,1,1,1,1,100,100,2.50E-04
615,Costante,2.50E-02,Costante,-5.00E-01,Costante,8.66E-01,Costante,1.00E-01,Costante,0.000000,Dirichlet,Funzione 9,1,Dirichlet,Funzione 10,1,Dirichlet,Costante,0,Dirichlet,Costante,0,1.25,1000000,1,1,1,1,100,100,2.50E-04
616,Costante,2.50E-02,Costante,-5.00E-01,Costante,8.66E-01,Costante,2.50E-02,Costante,0.000000,Dirichlet,Funzione 9,1,Dirichlet,Funzione 10,1,Dirichlet,Costante,0,Dirichlet,Costante,0,0.3,1000000,1,1,1,1,100,100,2.50E-04
617,Costante,2.50E-02,Costante,-5.00E-01,Costante,8.66E-01,Costante,2.50E-02,Costante,0.000000,Dirichlet,Funzione 9,1,Dirichlet,Funzione 10,1,Dirichlet,Costante,0,Dirichlet,Costante,0,0.5,1000000,1,1,1,1,100,100,2.50E-04
618,Costante,2.50E-02,Costante,-5.00E-01,Costante,8.66E-01,Costante,2.50E-02,Costante,0.000000,Dirichlet,Funzione 9,1,Dirichlet,Funzione 10,1,Dirichlet,Costante,0,Dirichlet,Costante,0,0.75,1000000,1,1,1,1,100,100,2.50E-04
619,Costante,2.50E-02,Costante,-5.00E-01,Costante,8.66E-01,Costante,2.50E-02,Costante,0.000000,Dirichlet,Funzione 9,1,Dirichlet,Funzione 10,1,Dirichlet,Costante,0,Dirichlet,Costante,0,1,1000000,1,1,1,1,100,100,2.50E-04
620,Costante,2.50E-02,Costante,-5.00E-01,Costante,8.66E-01,Costante,2.50E-02,Costante,0.000000,Dirichlet,Funzione 9,1,Dirichlet,Funzione 10,1,Dirichlet,Costante,0,Dirichlet,Costante,0,1.25,1000000,1,1,1,1,100,100,2.50E-04
621,Costante,5.00E-01,Costante,-5.00E-01,Costante,8.66E-01,Costante,0.00E+00,Costante,0.000000,Dirichlet,Funzione 9,1,Dirichlet,Funzione 10,1,Dirichlet,Costante,0,Dirichlet,Costante,0,0.05,1000000,1,1,1,1,100,100,2.50E-04
622,Costante,5.00E-01,Costante,-5.00E-01,Costante,8.66E-01,Costante,0.00E+00,Costante,0.000000,Dirichlet,Funzione 9,1,Dirichlet,Funzione 10,1,Dirichlet,Costante,0,Dirichlet,Costante,0,0.075,1000000,1,1,1,1,100,100,2.50E-04
623,Costante,5.00E-01,Costante,-5.00E-01,Costante,8.66E-01,Costante,0.00E+00,Costante,0.000000,Dirichlet,Funzione 9,1,Dirichlet,Funzione 10,1,Dirichlet,Costante,0,Dirichlet,Costante,0,0.1,1000000,1,1,1,1,100,100,2.50E-04
624,Costante,5.00E-01,Costante,-5.00E-01,Costante,8.66E-01,Costante,0.00E+00,Costante,0.000000,Dirichlet,Funzione 9,1,Dirichlet,Funzione 10,1,Dirichlet,Costante,0,Dirichlet,Costante,0,0.2,1000000,1,1,1,1,100,100,2.50E-04
625,Costante,5.00E-01,Costante,-5.00E-01,Costante,8.66E-01,Costante,0.00E+00,Costante,0.000000,Dirichlet,Funzione 9,1,Dirichlet,Funzione 10,1,Dirichlet,Costante,0,Dirichlet,Costante,0,0.3,1000000,1,1,1,1,100,100,2.50E-04
626,Costante,5.00E-01,Costante,-5.00E-02,Costante,8.66E-02,Costante,0.00E+00,Costante,0.000000,Dirichlet,Funzione 9,1,Dirichlet,Funzione 10,1,Dirichlet,Costante,0,Dirichlet,Costante,0,0.05,1000000,1,1,1,1,100,100,2.50E-04
627,Costante,5.00E-01,Costante,-5.00E-02,Costante,8.66E-02,Costante,0.00E+00,Costante,0.000000,Dirichlet,Funzione 9,1,Dirichlet,Funzione 10,1,Dirichlet,Costante,0,Dirichlet,Costante,0,0.075,1000000,1,1,1,1,100,100,2.50E-04
628,Costante,5.00E-01,Costante,-5.00E-02,Costante,8.66E-02,Costante,0.00E+00,Costante,0.000000,Dirichlet,Funzione 9,1,Dirichlet,Funzione 10,1,Dirichlet,Costante,0,Dirichlet,Costante,0,0.1,1000000,1,1,1,1,100,100,2.50E-04
629,Costante,5.00E-01,Costante,-5.00E-02,Costante,8.66E-02,Costante,0.00E+00,Costante,0.000000,Dirichlet,Funzione 9,1,Dirichlet,Funzione 10,1,Dirichlet,Costante,0,Dirichlet,Costante,0,0.175,1000000,1,1,1,1,100,100,2.50E-04
630,Costante,5.00E-01,Costante,-5.00E-02,Costante,8.66E-02,Costante,0.00E+00,Costante,0.000000,Dirichlet,Funzione 9,1,Dirichlet,Funzione 10,1,Dirichlet,Costante,0,Dirichlet,Costante,0,0.25,1000000,1,1,1,1,100,100,2.50E-04
631,Costante,5.00E-01,Costante,-5.00E+00,Costante,8.66E+00,Costante,0.00E+00,Costante,0.000000,Dirichlet,Funzione 9,1,Dirichlet,Funzione 10,1,Dirichlet,Costante,0,Dirichlet,Costante,0,0.3,1000000,1,1,1,1,100,100,2.50E-04
632,Costante,5.00E-01,Costante,-5.00E+00,Costante,8.66E+00,Costante,0.00E+00,Costante,0.000000,Dirichlet,Funzione 9,1,Dirichlet,Funzione 10,1,Dirichlet,Costante,0,Dirichlet,Costante,0,0.5,1000000,1,1,1,1,100,100,2.50E-04
633,Costante,5.00E-01,Costante,-5.00E+00,Costante,8.66E+00,Costante,0.00E+00,Costante,0.000000,Dirichlet,Funzione 9,1,Dirichlet,Funzione 10,1,Dirichlet,Costante,0,Dirichlet,Costante,0,0.75,1000000,1,1,1,1,100,100,2.50E-04
634,Costante,5.00E-01,Costante,-5.00E+00,Costante,8.66E+00,Costante,0.00E+00,Costante,0.000000,Dirichlet,Funzione 9,1,Dirichlet,Funzione 10,1,Dirichlet,Costante,0,Dirichlet,Costante,0,0.875,1000000,1,1,1,1,100,100,2.50E-04
635,Costante,5.00E-01,Costante,-5.00E+00,Costante,8.66E+00,Costante,0.00E+00,Costante,0.000000,Dirichlet,Funzione 9,1,Dirichlet,Funzione 10,1,Dirichlet,Costante,0,Dirichlet,Costante,0,1,1000000,1,1,1,1,100,100,2.50E-04
636,Costante,5.00E-01,Costante,-5.00E-03,Costante,8.66E-03,Costante,0.00E+00,Costante,0.000000,Dirichlet,Funzione 9,1,Dirichlet,Funzione 10,1,Dirichlet,Costante,0,Dirichlet,Costante,0,0.05,1000000,1,1,1,1,100,100,2.50E-04
637,Costante,5.00E-01,Costante,-5.00E-03,Costante,8.66E-03,Costante,0.00E+00,Costante,0.000000,Dirichlet,Funzione 9,1,Dirichlet,Funzione 10,1,Dirichlet,Costante,0,Dirichlet,Costante,0,0.075,1000000,1,1,1,1,100,100,2.50E-04
638,Costante,5.00E-01,Costante,-5.00E-03,Costante,8.66E-03,Costante,0.00E+00,Costante,0.000000,Dirichlet,Funzione 9,1,Dirichlet,Funzione 10,1,Dirichlet,Costante,0,Dirichlet,Costante,0,0.1,1000000,1,1,1,1,100,100,2.50E-04
639,Costante,5.00E-01,Costante,-5.00E-03,Costante,8.66E-03,Costante,0.00E+00,Costante,0.000000,Dirichlet,Funzione 9,1,Dirichlet,Funzione 10,1,Dirichlet,Costante,0,Dirichlet,Costante,0,0.2,1000000,1,1,1,1,100,100,2.50E-04
640,Costante,5.00E-01,Costante,-5.00E-03,Costante,8.66E-03,Costante,0.00E+00,Costante,0.000000,Dirichlet,Funzione 9,1,Dirichlet,Funzione 10,1,Dirichlet,Costante,0,Dirichlet,Costante,0,0.3,1000000,1,1,1,1,100,100,2.50E-04
641,Costante,5.00E-01,Costante,-5.00E-01,Costante,8.66E-01,Costante,1.00E-01,Costante,0.000000,Dirichlet,Funzione 9,1,Dirichlet,Funzione 10,1,Dirichlet,Costante,0,Dirichlet,Costante,0,0.05,1000000,1,1,1,1,100,100,2.50E-04
642,Costante,5.00E-01,Costante,-5.00E-01,Costante,8.66E-01,Costante,1.00E-01,Costante,0.000000,Dirichlet,Funzione 9,1,Dirichlet,Funzione 10,1,Dirichlet,Costante,0,Dirichlet,Costante,0,0.075,1000000,1,1,1,1,100,100,2.50E-04
643,Costante,5.00E-01,Costante,-5.00E-01,Costante,8.66E-01,Costante,1.00E-01,Costante,0.000000,Dirichlet,Funzione 9,1,Dirichlet,Funzione 10,1,Dirichlet,Costante,0,Dirichlet,Costante,0,0.1,1000000,1,1,1,1,100,100,2.50E-04
644,Costante,5.00E-01,Costante,-5.00E-01,Costante,8.66E-01,Costante,1.00E-01,Costante,0.000000,Dirichlet,Funzione 9,1,Dirichlet,Funzione 10,1,Dirichlet,Costante,0,Dirichlet,Costante,0,0.15,1000000,1,1,1,1,100,100,2.50E-04
645,Costante,5.00E-01,Costante,-5.00E-01,Costante,8.66E-01,Costante,1.00E-01,Costante,0.000000,Dirichlet,Funzione 9,1,Dirichlet,Funzione 10,1,Dirichlet,Costante,0,Dirichlet,Costante,0,0.2,1000000,1,1,1,1,100,100,2.50E-04
646,Costante,5.00E-01,Costante,-5.00E-01,Costante,8.66E-01,Costante,5.00E-01,Costante,0.000000,Dirichlet,Funzione 9,1,Dirichlet,Funzione 10,1,Dirichlet,Costante,0,Dirichlet,Costante,0,0.05,1000000,1,1,1,1,100,100,2.50E-04
647,Costante,5.00E-01,Costante,-5.00E-01,Costante,8.66E-01,Costante,5.00E-01,Costante,0.000000,Dirichlet,Funzione 9,1,Dirichlet,Funzione 10,1,Dirichlet,Costante,0,Dirichlet,Costante,0,0.0625,1000000,1,1,1,1,100,100,2.50E-04
648,Costante,5.00E-01,Costante,-5.00E-01,Costante,8.66E-01,Costante,5.00E-01,Costante,0.000000,Dirichlet,Funzione 9,1,Dirichlet,Funzione 10,1,Dirichlet,Costante,0,Dirichlet,Costante,0,0.075,1000000,1,1,1,1,100,100,2.50E-04
649,Costante,5.00E-01,Costante,-5.00E-01,Costante,8.66E-01,Costante,5.00E-01,Costante,0.000000,Dirichlet,Funzione 9,1,Dirichlet,Funzione 10,1,Dirichlet,Costante,0,Dirichlet,Costante,0,0.0875,1000000,1,1,1,1,100,100,2.50E-04
650,Costante,5.00E-01,Costante,-5.00E-01,Costante,8.66E-01,Costante,5.00E-01,Costante,0.000000,Dirichlet,Funzione 9,1,Dirichlet,Funzione 10,1,Dirichlet,Costante,0,Dirichlet,Costante,0,0.1,1000000,1,1,1,1,100,100,2.50E-04
651,Costante,2.50E-04,Costante,-5.00E-01,Costante,8.66E-01,Costante,0.00E+00,Costante,0.000000,Dirichlet,Funzione 10,1,Dirichlet,Costante,0,Dirichlet,Costante,0,Dirichlet,Funzione 9,1,2,1000000,1,1,1,1,100,100,2.50E-04
652,Costante,2.50E-04,Costante,-5.00E-01,Costante,8.66E-01,Costante,0.00E+00,Costante,0.000000,Dirichlet,Funzione 10,1,Dirichlet,Costante,0,Dirichlet,Costante,0,Dirichlet,Funzione 9,1,3,1000000,1,1,1,1,100,100,2.50E-04
653,Costante,2.50E-04,Costante,-5.00E-01,Costante,8.66E-01,Costante,0.00E+00,Costante,0.000000,Dirichlet,Funzione 10,1,Dirichlet,Costante,0,Dirichlet,Costante,0,Dirichlet,Funzione 9,1,5,1000000,1,1,1,1,100,100,2.50E-04
654,Costante,2.50E-04,Costante,-5.00E-01,Costante,8.66E-01,Costante,0.00E+00,Costante,0.000000,Dirichlet,Funzione 10,1,Dirichlet,Costante,0,Dirichlet,Costante,0,Dirichlet,Funzione 9,1,10,1000000,1,1,1,1,100,100,2.50E-04
655,Costante,2.50E-04,Costante,-5.00E-01,Costante,8.66E-01,Costante,0.00E+00,Costante,0.000000,Dirichlet,Funzione 10,1,Dirichlet,Costante,0,Dirichlet,Costante,0,Dirichlet,Funzione 9,1,20,1000000,1,1,1,1,100,100,2.50E-04
656,Costante,2.50E-04,Costante,-5.00E-02,Costante,8.66E-02,Costante,0.00E+00,Costante,0.000000,Dirichlet,Funzione 10,1,Dirichlet,Costante,0,Dirichlet,Costante,0,Dirichlet,Funzione 9,1,2.5,1000000,1,1,1,1,100,100,2.50E-04
657,Costante,2.50E-04,Costante,-5.00E-02,Costante,8.66E-02,Costante,0.00E+00,Costante,0.000000,Dirichlet,Funzione 10,1,Dirichlet,Costante,0,Dirichlet,Costante,0,Dirichlet,Funzione 9,1,5,1000000,1,1,1,1,100,100,2.50E-04
658,Costante,2.50E-04,Costante,-5.00E-02,Costante,8.66E-02,Costante,0.00E+00,Costante,0.000000,Dirichlet,Funzione 10,1,Dirichlet,Costante,0,Dirichlet,Costante,0,Dirichlet,Funzione 9,1,10,1000000,1,1,1,1,100,100,2.50E-04
659,Costante,2.50E-04,Costante,-5.00E-02,Costante,8.66E-02,Costante,0.00E+00,Costante,0.000000,Dirichlet,Funzione 10,1,Dirichlet,Costante,0,Dirichlet,Costante,0,Dirichlet,Funzione 9,1,17.5,1000000,1,1,1,1,100,100,2.50E-04
660,Costante,2.50E-04,Costante,-5.00E-02,Costante,8.66E-02,Costante,0.00E+00,Costante,0.000000,Dirichlet,Funzione 10,1,Dirichlet,Costante,0,Dirichlet,Costante,0,Dirichlet,Funzione 9,1,25,1000000,1,1,1,1,100,100,2.50E-04
661,Costante,2.50E-04,Costante,-5.00E-03,Costante,8.66E-03,Costante,0.00E+00,Costante,0.000000,Dirichlet,Funzione 10,1,Dirichlet,Costante,0,Dirichlet,Costante,0,Dirichlet,Funzione 9,1,0.75,1000000,1,1,1,1,100,100,2.50E-04
662,Costante,2.50E-04,Costante,-5.00E-03,Costante,8.66E-03,Costante,0.00E+00,Costante,0.000000,Dirichlet,Funzione 10,1,Dirichlet,Costante,0,Dirichlet,Costante,0,Dirichlet,Funzione 9,1,1,1000000,1,1,1,1,100,100,2.50E-04
663,Costante,2.50E-04,Costante,-5.00E-03,Costante,8.66E-03,Costante,0.00E+00,Costante,0.000000,Dirichlet,Funzione 10,1,Dirichlet,Costante,0,Dirichlet,Costante,0,Dirichlet,Funzione 9,1,1.25,1000000,1,1,1,1,100,100,2.50E-04
664,Costante,2.50E-04,Costante,-5.00E-03,Costante,8.66E-03,Costante,0.00E+00,Costante,0.000000,Dirichlet,Funzione 10,1,Dirichlet,Costante,0,Dirichlet,Costante,0,Dirichlet,Funzione 9,1,2,1000000,1,1,1,1,100,100,2.50E-04
665,Costante,2.50E-04,Costante,-5.00E-03,Costante,8.66E-03,Costante,0.00E+00,Costante,0.000000,Dirichlet,Funzione 10,1,Dirichlet,Costante,0,Dirichlet,Costante,0,Dirichlet,Funzione 9,1,2.5,1000000,1,1,1,1,100,100,2.50E-04
666,Costante,2.50E-04,Costante,-5.00E-01,Costante,8.66E-01,Costante,1.00E-01,Costante,0.000000,Dirichlet,Funzione 10,1,Dirichlet,Costante,0,Dirichlet,Costante,0,Dirichlet,Funzione 9,1,2,1000000,1,1,1,1,100,100,2.50E-04
667,Costante,2.50E-04,Costante,-5.00E-01,Costante,8.66E-01,Costante,1.00E-01,Costante,0.000000,Dirichlet,Funzione 10,1,Dirichlet,Costante,0,Dirichlet,Costante,0,Dirichlet,Funzione 9,1,3,1000000,1,1,1,1,100,100,2.50E-04
668,Costante,2.50E-04,Costante,-5.00E-01,Costante,8.66E-01,Costante,1.00E-01,Costante,0.000000,Dirichlet,Funzione 10,1,Dirichlet,Costante,0,Dirichlet,Costante,0,Dirichlet,Funzione 9,1,5,1000000,1,1,1,1,100,100,2.50E-04
669,Costante,2.50E-04,Costante,-5.00E-01,Costante,8.66E-01,Costante,1.00E-01,Costante,0.000000,Dirichlet,Funzione 10,1,Dirichlet,Costante,0,Dirichlet,Costante,0,Dirichlet,Funzione 9,1,10,1000000,1,1,1,1,100,100,2.50E-04
670,Costante,2.50E-04,Costante,-5.00E-01,Costante,8.66E-01,Costante,1.00E-01,Costante,0.000000,Dirichlet,Funzione 10,1,Dirichlet,Costante,0,Dirichlet,Costante,0,Dirichlet,Funzione 9,1,20,1000000,1,1,1,1,100,100,2.50E-04
671,Costante,2.50E-04,Costante,-5.00E-01,Costante,8.66E-01,Costante,2.50E-04,Costante,0.000000,Dirichlet,Funzione 10,1,Dirichlet,Costante,0,Dirichlet,Costante,0,Dirichlet,Funzione 9,1,5,1000000,1,1,1,1,100,100,2.50E-04
672,Costante,2.50E-04,Costante,-5.00E-01,Costante,8.66E-01,Costante,2.50E-04,Costante,0.000000,Dirichlet,Funzione 10,1,Dirichlet,Costante,0,Dirichlet,Costante,0,Dirichlet,Funzione 9,1,10,1000000,1,1,1,1,100,100,2.50E-04
673,Costante,2.50E-04,Costante,-5.00E-01,Costante,8.66E-01,Costante,2.50E-04,Costante,0.000000,Dirichlet,Funzione 10,1,Dirichlet,Costante,0,Dirichlet,Costante,0,Dirichlet,Funzione 9,1,50,1000000,1,1,1,1,100,100,2.50E-04
674,Costante,2.50E-04,Costante,-5.00E-01,Costante,8.66E-01,Costante,2.50E-04,Costante,0.000000,Dirichlet,Funzione 10,1,Dirichlet,Costante,0,Dirichlet,Costante,0,Dirichlet,Funzione 9,1,75,1000000,1,1,1,1,100,100,2.50E-04
675,Costante,2.50E-04,Costante,-5.00E-01,Costante,8.66E-01,Costante,2.50E-04,Costante,0.000000,Dirichlet,Funzione 10,1,Dirichlet,Costante,0,Dirichlet,Costante,0,Dirichlet,Funzione 9,1,100,1000000,1,1,1,1,100,100,2.50E-04
676,Costante,2.50E-02,Costante,-5.00E-01,Costante,8.66E-01,Costante,0.00E+00,Costante,0.000000,Dirichlet,Funzione 10,1,Dirichlet,Costante,0,Dirichlet,Costante,0,Dirichlet,Funzione 9,1,0.3,1000000,1,1,1,1,100,100,2.50E-04
677,Costante,2.50E-02,Costante,-5.00E-01,Costante,8.66E-01,Costante,0.00E+00,Costante,0.000000,Dirichlet,Funzione 10,1,Dirichlet,Costante,0,Dirichlet,Costante,0,Dirichlet,Funzione 9,1,0.5,1000000,1,1,1,1,100,100,2.50E-04
678,Costante,2.50E-02,Costante,-5.00E-01,Costante,8.66E-01,Costante,0.00E+00,Costante,0.000000,Dirichlet,Funzione 10,1,Dirichlet,Costante,0,Dirichlet,Costante,0,Dirichlet,Funzione 9,1,1,1000000,1,1,1,1,100,100,2.50E-04
679,Costante,2.50E-02,Costante,-5.00E-01,Costante,8.66E-01,Costante,0.00E+00,Costante,0.000000,Dirichlet,Funzione 10,1,Dirichlet,Costante,0,Dirichlet,Costante,0,Dirichlet,Funzione 9,1,2,1000000,1,1,1,1,100,100,2.50E-04
680,Costante,2.50E-02,Costante,-5.00E-01,Costante,8.66E-01,Costante,0.00E+00,Costante,0.000000,Dirichlet,Funzione 10,1,Dirichlet,Costante,0,Dirichlet,Costante,0,Dirichlet,Funzione 9,1,3,1000000,1,1,1,1,100,100,2.50E-04
681,Costante,2.50E-02,Costante,-5.00E-02,Costante,8.66E-02,Costante,0.00E+00,Costante,0.000000,Dirichlet,Funzione 10,1,Dirichlet,Costante,0,Dirichlet,Costante,0,Dirichlet,Funzione 9,1,0.2,1000000,1,1,1,1,100,100,2.50E-04
682,Costante,2.50E-02,Costante,-5.00E-02,Costante,8.66E-02,Costante,0.00E+00,Costante,0.000000,Dirichlet,Funzione 10,1,Dirichlet,Costante,0,Dirichlet,Costante,0,Dirichlet,Funzione 9,1,0.3,1000000,1,1,1,1,100,100,2.50E-04
683,Costante,2.50E-02,Costante,-5.00E-02,Costante,8.66E-02,Costante,0.00E+00,Costante,0.000000,Dirichlet,Funzione 10,1,Dirichlet,Costante,0,Dirichlet,Costante,0,Dirichlet,Funzione 9,1,0.5,1000000,1,1,1,1,100,100,2.50E-04
684,Costante,2.50E-02,Costante,-5.00E-02,Costante,8.66E-02,Costante,0.00E+00,Costante,0.000000,Dirichlet,Funzione 10,1,Dirichlet,Costante,0,Dirichlet,Costante,0,Dirichlet,Funzione 9,1,0.75,1000000,1,1,1,1,100,100,2.50E-04
685,Costante,2.50E-02,Costante,-5.00E-02,Costante,8.66E-02,Costante,0.00E+00,Costante,0.000000,Dirichlet,Funzione 10,1,Dirichlet,Costante,0,Dirichlet,Costante,0,Dirichlet,Funzione 9,1,1,1000000,1,1,1,1,100,100,2.50E-04
686,Costante,2.50E-02,Costante,-5.00E+00,Costante,8.66E+00,Costante,0.00E+00,Costante,0.000000,Dirichlet,Funzione 10,1,Dirichlet,Costante,0,Dirichlet,Costante,0,Dirichlet,Funzione 9,1,1.5,1000000,1,1,1,1,100,100,2.50E-04
687,Costante,2.50E-02,Costante,-5.00E+00,Costante,8.66E+00,Costante,0.00E+00,Costante,0.000000,Dirichlet,Funzione 10,1,Dirichlet,Costante,0,Dirichlet,Costante,0,Dirichlet,Funzione 9,1,3,1000000,1,1,1,1,100,100,2.50E-04
688,Costante,2.50E-02,Costante,-5.00E+00,Costante,8.66E+00,Costante,0.00E+00,Costante,0.000000,Dirichlet,Funzione 10,1,Dirichlet,Costante,0,Dirichlet,Costante,0,Dirichlet,Funzione 9,1,5,1000000,1,1,1,1,100,100,2.50E-04
689,Costante,2.50E-02,Costante,-5.00E+00,Costante,8.66E+00,Costante,0.00E+00,Costante,0.000000,Dirichlet,Funzione 10,1,Dirichlet,Costante,0,Dirichlet,Costante,0,Dirichlet,Funzione 9,1,10,1000000,1,1,1,1,100,100,2.50E-04
690,Costante,2.50E-02,Costante,-5.00E+00,Costante,8.66E+00,Costante,0.00E+00,Costante,0.000000,Dirichlet,Funzione 10,1,Dirichlet,Costante,0,Dirichlet,Costante,0,Dirichlet,Funzione 9,1,20,1000000,1,1,1,1,100,100,2.50E-04
691,Costante,2.50E-02,Costante,-5.00E-03,Costante,8.66E-03,Costante,0.00E+00,Costante,0.000000,Dirichlet,Funzione 10,1,Dirichlet,Costante,0,Dirichlet,Costante,0,Dirichlet,Funzione 9,1,0.075,1000000,1,1,1,1,100,100,2.50E-04
692,Costante,2.50E-02,Costante,-5.00E-03,Costante,8.66E-03,Costante,0.00E+00,Costante,0.000000,Dirichlet,Funzione 10,1,Dirichlet,Costante,0,Dirichlet,Costante,0,Dirichlet,Funzione 9,1,0.1,1000000,1,1,1,1,100,100,2.50E-04
693,Costante,2.50E-02,Costante,-5.00E-03,Costante,8.66E-03,Costante,0.00E+00,Costante,0.000000,Dirichlet,Funzione 10,1,Dirichlet,Costante,0,Dirichlet,Costante,0,Dirichlet,Funzione 9,1,0.3,1000000,1,1,1,1,100,100,2.50E-04
694,Costante,2.50E-02,Costante,-5.00E-03,Costante,8.66E-03,Costante,0.00E+00,Costante,0.000000,Dirichlet,Funzione 10,1,Dirichlet,Costante,0,Dirichlet,Costante,0,Dirichlet,Funzione 9,1,0.5,1000000,1,1,1,1,100,100,2.50E-04
695,Costante,2.50E-02,Costante,-5.00E-03,Costante,8.66E-03,Costante,0.00E+00,Costante,0.000000,Dirichlet,Funzione 10,1,Dirichlet,Costante,0,Dirichlet,Costante,0,Dirichlet,Funzione 9,1,1,1000000,1,1,1,1,100,100,2.50E-04
696,Costante,2.50E-02,Costante,-5.00E-01,Costante,8.66E-01,Costante,1.00E-01,Costante,0.000000,Dirichlet,Funzione 10,1,Dirichlet,Costante,0,Dirichlet,Costante,0,Dirichlet,Funzione 9,1,0.5,1000000,1,1,1,1,100,100,2.50E-04
697,Costante,2.50E-02,Costante,-5.00E-01,Costante,8.66E-01,Costante,1.00E-01,Costante,0.000000,Dirichlet,Funzione 10,1,Dirichlet,Costante,0,Dirichlet,Costante,0,Dirichlet,Funzione 9,1,0.75,1000000,1,1,1,1,100,100,2.50E-04
698,Costante,2.50E-02,Costante,-5.00E-01,Costante,8.66E-01,Costante,1.00E-01,Costante,0.000000,Dirichlet,Funzione 10,1,Dirichlet,Costante,0,Dirichlet,Costante,0,Dirichlet,Funzione 9,1,0.9,1000000,1,1,1,1,100,100,2.50E-04
699,Costante,2.50E-02,Costante,-5.00E-01,Costante,8.66E-01,Costante,1.00E-01,Costante,0.000000,Dirichlet,Funzione 10,1,Dirichlet,Costante,0,Dirichlet,Costante,0,Dirichlet,Funzione 9,1,1,1000000,1,1,1,1,100,100,2.50E-04
700,Costante,2.50E-02,Costante,-5.00E-01,Costante,8.66E-01,Costante,1.00E-01,Costante,0.000000,Dirichlet,Funzione 10,1,Dirichlet,Costante,0,Dirichlet,Costante,0,Dirichlet,Funzione 9,1,1.25,1000000,1,1,1,1,100,100,2.50E-04
701,Costante,2.50E-02,Costante,-5.00E-01,Costante,8.66E-01,Costante,2.50E-02,Costante,0.000000,Dirichlet,Funzione 10,1,Dirichlet,Costante,0,Dirichlet,Costante,0,Dirichlet,Funzione 9,1,0.3,1000000,1,1,1,1,100,100,2.50E-04
702,Costante,2.50E-02,Costante,-5.00E-01,Costante,8.66E-01,Costante,2.50E-02,Costante,0.000000,Dirichlet,Funzione 10,1,Dirichlet,Costante,0,Dirichlet,Costante,0,Dirichlet,Funzione 9,1,0.5,1000000,1,1,1,1,100,100,2.50E-04
703,Costante,2.50E-02,Costante,-5.00E-01,Costante,8.66E-01,Costante,2.50E-02,Costante,0.000000,Dirichlet,Funzione 10,1,Dirichlet,Costante,0,Dirichlet,Costante,0,Dirichlet,Funzione 9,1,0.75,1000000,1,1,1,1,100,100,2.50E-04
704,Costante,2.50E-02,Costante,-5.00E-01,Costante,8.66E-01,Costante,2.50E-02,Costante,0.000000,Dirichlet,Funzione 10,1,Dirichlet,Costante,0,Dirichlet,Costante,0,Dirichlet,Funzione 9,1,1,1000000,1,1,1,1,100,100,2.50E-04
705,Costante,2.50E-02,Costante,-5.00E-01,Costante,8.66E-01,Costante,2.50E-02,Costante,0.000000,Dirichlet,Funzione 10,1,Dirichlet,Costante,0,Dirichlet,Costante,0,Dirichlet,Funzione 9,1,1.25,1000000,1,1,1,1,100,100,2.50E-04
706,Costante,5.00E-01,Costante,-5.00E-01,Costante,8.66E-01,Costante,0.00E+00,Costante,0.000000,Dirichlet,Funzione 10,1,Dirichlet,Costante,0,Dirichlet,Costante,0,Dirichlet,Funzione 9,1,0.075,1000000,1,1,1,1,100,100,2.50E-04
707,Costante,5.00E-01,Costante,-5.00E-01,Costante,8.66E-01,Costante,0.00E+00,Costante,0.000000,Dirichlet,Funzione 10,1,Dirichlet,Costante,0,Dirichlet,Costante,0,Dirichlet,Funzione 9,1,0.1,1000000,1,1,1,1,100,100,2.50E-04
708,Costante,5.00E-01,Costante,-5.00E-01,Costante,8.66E-01,Costante,0.00E+00,Costante,0.000000,Dirichlet,Funzione 10,1,Dirichlet,Costante,0,Dirichlet,Costante,0,Dirichlet,Funzione 9,1,0.15,1000000,1,1,1,1,100,100,2.50E-04
709,Costante,5.00E-01,Costante,-5.00E-01,Costante,8.66E-01,Costante,0.00E+00,Costante,0.000000,Dirichlet,Funzione 10,1,Dirichlet,Costante,0,Dirichlet,Costante,0,Dirichlet,Funzione 9,1,0.2,1000000,1,1,1,1,100,100,2.50E-04
710,Costante,5.00E-01,Costante,-5.00E-01,Costante,8.66E-01,Costante,0.00E+00,Costante,0.000000,Dirichlet,Funzione 10,1,Dirichlet,Costante,0,Dirichlet,Costante,0,Dirichlet,Funzione 9,1,0.3,1000000,1,1,1,1,100,100,2.50E-04
711,Costante,5.00E-01,Costante,-5.00E-02,Costante,8.66E-02,Costante,0.00E+00,Costante,0.000000,Dirichlet,Funzione 10,1,Dirichlet,Costante,0,Dirichlet,Costante,0,Dirichlet,Funzione 9,1,0.075,1000000,1,1,1,1,100,100,2.50E-04
712,Costante,5.00E-01,Costante,-5.00E-02,Costante,8.66E-02,Costante,0.00E+00,Costante,0.000000,Dirichlet,Funzione 10,1,Dirichlet,Costante,0,Dirichlet,Costante,0,Dirichlet,Funzione 9,1,0.1,1000000,1,1,1,1,100,100,2.50E-04
713,Costante,5.00E-01,Costante,-5.00E-02,Costante,8.66E-02,Costante,0.00E+00,Costante,0.000000,Dirichlet,Funzione 10,1,Dirichlet,Costante,0,Dirichlet,Costante,0,Dirichlet,Funzione 9,1,0.14,1000000,1,1,1,1,100,100,2.50E-04
714,Costante,5.00E-01,Costante,-5.00E-02,Costante,8.66E-02,Costante,0.00E+00,Costante,0.000000,Dirichlet,Funzione 10,1,Dirichlet,Costante,0,Dirichlet,Costante,0,Dirichlet,Funzione 9,1,0.175,1000000,1,1,1,1,100,100,2.50E-04
715,Costante,5.00E-01,Costante,-5.00E-02,Costante,8.66E-02,Costante,0.00E+00,Costante,0.000000,Dirichlet,Funzione 10,1,Dirichlet,Costante,0,Dirichlet,Costante,0,Dirichlet,Funzione 9,1,0.25,1000000,1,1,1,1,100,100,2.50E-04
716,Costante,5.00E-01,Costante,-5.00E+00,Costante,8.66E+00,Costante,0.00E+00,Costante,0.000000,Dirichlet,Funzione 10,1,Dirichlet,Costante,0,Dirichlet,Costante,0,Dirichlet,Funzione 9,1,0.3,1000000,1,1,1,1,100,100,2.50E-04
717,Costante,5.00E-01,Costante,-5.00E+00,Costante,8.66E+00,Costante,0.00E+00,Costante,0.000000,Dirichlet,Funzione 10,1,Dirichlet,Costante,0,Dirichlet,Costante,0,Dirichlet,Funzione 9,1,0.5,1000000,1,1,1,1,100,100,2.50E-04
718,Costante,5.00E-01,Costante,-5.00E+00,Costante,8.66E+00,Costante,0.00E+00,Costante,0.000000,Dirichlet,Funzione 10,1,Dirichlet,Costante,0,Dirichlet,Costante,0,Dirichlet,Funzione 9,1,0.75,1000000,1,1,1,1,100,100,2.50E-04
719,Costante,5.00E-01,Costante,-5.00E+00,Costante,8.66E+00,Costante,0.00E+00,Costante,0.000000,Dirichlet,Funzione 10,1,Dirichlet,Costante,0,Dirichlet,Costante,0,Dirichlet,Funzione 9,1,0.875,1000000,1,1,1,1,100,100,2.50E-04
720,Costante,5.00E-01,Costante,-5.00E+00,Costante,8.66E+00,Costante,0.00E+00,Costante,0.000000,Dirichlet,Funzione 10,1,Dirichlet,Costante,0,Dirichlet,Costante,0,Dirichlet,Funzione 9,1,1,1000000,1,1,1,1,100,100,2.50E-04
721,Costante,5.00E-01,Costante,-5.00E-03,Costante,8.66E-03,Costante,0.00E+00,Costante,0.000000,Dirichlet,Funzione 10,1,Dirichlet,Costante,0,Dirichlet,Costante,0,Dirichlet,Funzione 9,1,0.075,1000000,1,1,1,1,100,100,2.50E-04
722,Costante,5.00E-01,Costante,-5.00E-03,Costante,8.66E-03,Costante,0.00E+00,Costante,0.000000,Dirichlet,Funzione 10,1,Dirichlet,Costante,0,Dirichlet,Costante,0,Dirichlet,Funzione 9,1,0.1,1000000,1,1,1,1,100,100,2.50E-04
723,Costante,5.00E-01,Costante,-5.00E-03,Costante,8.66E-03,Costante,0.00E+00,Costante,0.000000,Dirichlet,Funzione 10,1,Dirichlet,Costante,0,Dirichlet,Costante,0,Dirichlet,Funzione 9,1,0.15,1000000,1,1,1,1,100,100,2.50E-04
724,Costante,5.00E-01,Costante,-5.00E-03,Costante,8.66E-03,Costante,0.00E+00,Costante,0.000000,Dirichlet,Funzione 10,1,Dirichlet,Costante,0,Dirichlet,Costante,0,Dirichlet,Funzione 9,1,0.2,1000000,1,1,1,1,100,100,2.50E-04
725,Costante,5.00E-01,Costante,-5.00E-03,Costante,8.66E-03,Costante,0.00E+00,Costante,0.000000,Dirichlet,Funzione 10,1,Dirichlet,Costante,0,Dirichlet,Costante,0,Dirichlet,Funzione 9,1,0.3,1000000,1,1,1,1,100,100,2.50E-04
726,Costante,5.00E-01,Costante,-5.00E-01,Costante,8.66E-01,Costante,1.00E-01,Costante,0.000000,Dirichlet,Funzione 10,1,Dirichlet,Costante,0,Dirichlet,Costante,0,Dirichlet,Funzione 9,1,0.075,1000000,1,1,1,1,100,100,2.50E-04
727,Costante,5.00E-01,Costante,-5.00E-01,Costante,8.66E-01,Costante,1.00E-01,Costante,0.000000,Dirichlet,Funzione 10,1,Dirichlet,Costante,0,Dirichlet,Costante,0,Dirichlet,Funzione 9,1,0.1,1000000,1,1,1,1,100,100,2.50E-04
728,Costante,5.00E-01,Costante,-5.00E-01,Costante,8.66E-01,Costante,1.00E-01,Costante,0.000000,Dirichlet,Funzione 10,1,Dirichlet,Costante,0,Dirichlet,Costante,0,Dirichlet,Funzione 9,1,0.15,1000000,1,1,1,1,100,100,2.50E-04
729,Costante,5.00E-01,Costante,-5.00E-01,Costante,8.66E-01,Costante,1.00E-01,Costante,0.000000,Dirichlet,Funzione 10,1,Dirichlet,Costante,0,Dirichlet,Costante,0,Dirichlet,Funzione 9,1,0.2,1000000,1,1,1,1,100,100,2.50E-04
730,Costante,5.00E-01,Costante,-5.00E-01,Costante,8.66E-01,Costante,1.00E-01,Costante,0.000000,Dirichlet,Funzione 10,1,Dirichlet,Costante,0,Dirichlet,Costante,0,Dirichlet,Funzione 9,1,0.5,1000000,1,1,1,1,100,100,2.50E-04
731,Costante,5.00E-01,Costante,-5.00E-01,Costante,8.66E-01,Costante,5.00E-01,Costante,0.000000,Dirichlet,Funzione 10,1,Dirichlet,Costante,0,Dirichlet,Costante,0,Dirichlet,Funzione 9,1,0.0625,1000000,1,1,1,1,100,100,2.50E-04
732,Costante,5.00E-01,Costante,-5.00E-01,Costante,8.66E-01,Costante,5.00E-01,Costante,0.000000,Dirichlet,Funzione 10,1,Dirichlet,Costante,0,Dirichlet,Costante,0,Dirichlet,Funzione 9,1,0.075,1000000,1,1,1,1,100,100,2.50E-04
733,Costante,5.00E-01,Costante,-5.00E-01,Costante,8.66E-01,Costante,5.00E-01,Costante,0.000000,Dirichlet,Funzione 10,1,Dirichlet,Costante,0,Dirichlet,Costante,0,Dirichlet,Funzione 9,1,0.0875,1000000,1,1,1,1,100,100,2.50E-04
734,Costante,5.00E-01,Costante,-5.00E-01,Costante,8.66E-01,Costante,5.00E-01,Costante,0.000000,Dirichlet,Funzione 10,1,Dirichlet,Costante,0,Dirichlet,Costante,0,Dirichlet,Funzione 9,1,0.1,1000000,1,1,1,1,100,100,2.50E-04
735,Costante,5.00E-01,Costante,-5.00E-01,Costante,8.66E-01,Costante,5.00E-01,Costante,0.000000,Dirichlet,Funzione 10,1,Dirichlet,Costante,0,Dirichlet,Costante,0,Dirichlet,Funzione 9,1,0.15,1000000,1,1,1,1,100,100,2.50E-04
736,Costante,2.50E-04,Costante,-5.00E-01,Costante,8.66E-01,Costante,0.00E+00,Costante,0.000000,Dirichlet,Costante,0,Dirichlet,Costante,0,Dirichlet,Funzione 9,10,Dirichlet,Funzione 10,1,2,1000000,1,1,1,1,100,100,2.50E-04
737,Costante,2.50E-04,Costante,-5.00E-01,Costante,8.66E-01,Costante,0.00E+00,Costante,0.000000,Dirichlet,Costante,0,Dirichlet,Costante,0,Dirichlet,Funzione 9,10,Dirichlet,Funzione 10,1,3,1000000,1,1,1,1,100,100,2.50E-04
738,Costante,2.50E-04,Costante,-5.00E-01,Costante,8.66E-01,Costante,0.00E+00,Costante,0.000000,Dirichlet,Costante,0,Dirichlet,Costante,0,Dirichlet,Funzione 9,10,Dirichlet,Funzione 10,1,5,1000000,1,1,1,1,100,100,2.50E-04
739,Costante,2.50E-04,Costante,-5.00E-01,Costante,8.66E-01,Costante,0.00E+00,Costante,0.000000,Dirichlet,Costante,0,Dirichlet,Costante,0,Dirichlet,Funzione 9,10,Dirichlet,Funzione 10,1,10,1000000,1,1,1,1,100,100,2.50E-04
740,Costante,2.50E-04,Costante,-5.00E-01,Costante,8.66E-01,Costante,0.00E+00,Costante,0.000000,Dirichlet,Costante,0,Dirichlet,Costante,0,Dirichlet,Funzione 9,10,Dirichlet,Funzione 10,1,20,1000000,1,1,1,1,100,100,2.50E-04
741,Costante,2.50E-04,Costante,-5.00E-02,Costante,8.66E-02,Costante,0.00E+00,Costante,0.000000,Dirichlet,Costante,0,Dirichlet,Costante,0,Dirichlet,Funzione 9,10,Dirichlet,Funzione 10,1,2.5,1000000,1,1,1,1,100,100,2.50E-04
742,Costante,2.50E-04,Costante,-5.00E-02,Costante,8.66E-02,Costante,0.00E+00,Costante,0.000000,Dirichlet,Costante,0,Dirichlet,Costante,0,Dirichlet,Funzione 9,10,Dirichlet,Funzione 10,1,5,1000000,1,1,1,1,100,100,2.50E-04
743,Costante,2.50E-04,Costante,-5.00E-02,Costante,8.66E-02,Costante,0.00E+00,Costante,0.000000,Dirichlet,Costante,0,Dirichlet,Costante,0,Dirichlet,Funzione 9,10,Dirichlet,Funzione 10,1,10,1000000,1,1,1,1,100,100,2.50E-04
744,Costante,2.50E-04,Costante,-5.00E-02,Costante,8.66E-02,Costante,0.00E+00,Costante,0.000000,Dirichlet,Costante,0,Dirichlet,Costante,0,Dirichlet,Funzione 9,10,Dirichlet,Funzione 10,1,17.5,1000000,1,1,1,1,100,100,2.50E-04
745,Costante,2.50E-04,Costante,-5.00E-02,Costante,8.66E-02,Costante,0.00E+00,Costante,0.000000,Dirichlet,Costante,0,Dirichlet,Costante,0,Dirichlet,Funzione 9,10,Dirichlet,Funzione 10,1,25,1000000,1,1,1,1,100,100,2.50E-04
746,Costante,2.50E-04,Costante,-5.00E-03,Costante,8.66E-03,Costante,0.00E+00,Costante,0.000000,Dirichlet,Costante,0,Dirichlet,Costante,0,Dirichlet,Funzione 9,10,Dirichlet,Funzione 10,1,1.25,1000000,1,1,1,1,100,100,2.50E-04
747,Costante,2.50E-04,Costante,-5.00E-03,Costante,8.66E-03,Costante,0.00E+00,Costante,0.000000,Dirichlet,Costante,0,Dirichlet,Costante,0,Dirichlet,Funzione 9,10,Dirichlet,Funzione 10,1,2,1000000,1,1,1,1,100,100,2.50E-04
748,Costante,2.50E-04,Costante,-5.00E-03,Costante,8.66E-03,Costante,0.00E+00,Costante,0.000000,Dirichlet,Costante,0,Dirichlet,Costante,0,Dirichlet,Funzione 9,10,Dirichlet,Funzione 10,1,2.5,1000000,1,1,1,1,100,100,2.50E-04
749,Costante,2.50E-04,Costante,-5.00E-03,Costante,8.66E-03,Costante,0.00E+00,Costante,0.000000,Dirichlet,Costante,0,Dirichlet,Costante,0,Dirichlet,Funzione 9,10,Dirichlet,Funzione 10,1,5,1000000,1,1,1,1,100,100,2.50E-04
750,Costante,2.50E-04,Costante,-5.00E-03,Costante,8.66E-03,Costante,0.00E+00,Costante,0.000000,Dirichlet,Costante,0,Dirichlet,Costante,0,Dirichlet,Funzione 9,10,Dirichlet,Funzione 10,1,10,1000000,1,1,1,1,100,100,2.50E-04
751,Costante,2.50E-04,Costante,-5.00E-01,Costante,8.66E-01,Costante,1.00E-01,Costante,0.000000,Dirichlet,Costante,0,Dirichlet,Costante,0,Dirichlet,Funzione 9,10,Dirichlet,Funzione 10,1,1.5,1000000,1,1,1,1,100,100,2.50E-04
752,Costante,2.50E-04,Costante,-5.00E-01,Costante,8.66E-01,Costante,1.00E-01,Costante,0.000000,Dirichlet,Costante,0,Dirichlet,Costante,0,Dirichlet,Funzione 9,10,Dirichlet,Funzione 10,1,2,1000000,1,1,1,1,100,100,2.50E-04
753,Costante,2.50E-04,Costante,-5.00E-01,Costante,8.66E-01,Costante,1.00E-01,Costante,0.000000,Dirichlet,Costante,0,Dirichlet,Costante,0,Dirichlet,Funzione 9,10,Dirichlet,Funzione 10,1,3,1000000,1,1,1,1,100,100,2.50E-04
754,Costante,2.50E-04,Costante,-5.00E-01,Costante,8.66E-01,Costante,1.00E-01,Costante,0.000000,Dirichlet,Costante,0,Dirichlet,Costante,0,Dirichlet,Funzione 9,10,Dirichlet,Funzione 10,1,5,1000000,1,1,1,1,100,100,2.50E-04
755,Costante,2.50E-04,Costante,-5.00E-01,Costante,8.66E-01,Costante,1.00E-01,Costante,0.000000,Dirichlet,Costante,0,Dirichlet,Costante,0,Dirichlet,Funzione 9,10,Dirichlet,Funzione 10,1,10,1000000,1,1,1,1,100,100,2.50E-04
756,Costante,2.50E-04,Costante,-5.00E-01,Costante,8.66E-01,Costante,2.50E-04,Costante,0.000000,Dirichlet,Costante,0,Dirichlet,Costante,0,Dirichlet,Funzione 9,10,Dirichlet,Funzione 10,1,5,1000000,1,1,1,1,100,100,2.50E-04
757,Costante,2.50E-04,Costante,-5.00E-01,Costante,8.66E-01,Costante,2.50E-04,Costante,0.000000,Dirichlet,Costante,0,Dirichlet,Costante,0,Dirichlet,Funzione 9,10,Dirichlet,Funzione 10,1,10,1000000,1,1,1,1,100,100,2.50E-04
758,Costante,2.50E-04,Costante,-5.00E-01,Costante,8.66E-01,Costante,2.50E-04,Costante,0.000000,Dirichlet,Costante,0,Dirichlet,Costante,0,Dirichlet,Funzione 9,10,Dirichlet,Funzione 10,1,50,1000000,1,1,1,1,100,100,2.50E-04
759,Costante,2.50E-04,Costante,-5.00E-01,Costante,8.66E-01,Costante,2.50E-04,Costante,0.000000,Dirichlet,Costante,0,Dirichlet,Costante,0,Dirichlet,Funzione 9,10,Dirichlet,Funzione 10,1,100,1000000,1,1,1,1,100,100,2.50E-04
760,Costante,2.50E-04,Costante,-5.00E-01,Costante,8.66E-01,Costante,2.50E-04,Costante,0.000000,Dirichlet,Costante,0,Dirichlet,Costante,0,Dirichlet,Funzione 9,10,Dirichlet,Funzione 10,1,150,1000000,1,1,1,1,100,100,2.50E-04
761,Costante,2.50E-02,Costante,-5.00E-01,Costante,8.66E-01,Costante,0.00E+00,Costante,0.000000,Dirichlet,Costante,0,Dirichlet,Costante,0,Dirichlet,Funzione 9,10,Dirichlet,Funzione 10,1,2.5,1000000,1,1,1,1,100,100,2.50E-04
762,Costante,2.50E-02,Costante,-5.00E-01,Costante,8.66E-01,Costante,0.00E+00,Costante,0.000000,Dirichlet,Costante,0,Dirichlet,Costante,0,Dirichlet,Funzione 9,10,Dirichlet,Funzione 10,1,5,1000000,1,1,1,1,100,100,2.50E-04
763,Costante,2.50E-02,Costante,-5.00E-01,Costante,8.66E-01,Costante,0.00E+00,Costante,0.000000,Dirichlet,Costante,0,Dirichlet,Costante,0,Dirichlet,Funzione 9,10,Dirichlet,Funzione 10,1,10,1000000,1,1,1,1,100,100,2.50E-04
764,Costante,2.50E-02,Costante,-5.00E-01,Costante,8.66E-01,Costante,0.00E+00,Costante,0.000000,Dirichlet,Costante,0,Dirichlet,Costante,0,Dirichlet,Funzione 9,10,Dirichlet,Funzione 10,1,17.5,1000000,1,1,1,1,100,100,2.50E-04
765,Costante,2.50E-02,Costante,-5.00E-01,Costante,8.66E-01,Costante,0.00E+00,Costante,0.000000,Dirichlet,Costante,0,Dirichlet,Costante,0,Dirichlet,Funzione 9,10,Dirichlet,Funzione 10,1,25,1000000,1,1,1,1,100,100,2.50E-04
766,Costante,2.50E-02,Costante,-5.00E-02,Costante,8.66E-02,Costante,0.00E+00,Costante,0.000000,Dirichlet,Costante,0,Dirichlet,Costante,0,Dirichlet,Funzione 9,10,Dirichlet,Funzione 10,1,0.75,1000000,1,1,1,1,100,100,2.50E-04
767,Costante,2.50E-02,Costante,-5.00E-02,Costante,8.66E-02,Costante,0.00E+00,Costante,0.000000,Dirichlet,Costante,0,Dirichlet,Costante,0,Dirichlet,Funzione 9,10,Dirichlet,Funzione 10,1,1,1000000,1,1,1,1,100,100,2.50E-04
768,Costante,2.50E-02,Costante,-5.00E-02,Costante,8.66E-02,Costante,0.00E+00,Costante,0.000000,Dirichlet,Costante,0,Dirichlet,Costante,0,Dirichlet,Funzione 9,10,Dirichlet,Funzione 10,1,1.5,1000000,1,1,1,1,100,100,2.50E-04
769,Costante,2.50E-02,Costante,-5.00E-02,Costante,8.66E-02,Costante,0.00E+00,Costante,0.000000,Dirichlet,Costante,0,Dirichlet,Costante,0,Dirichlet,Funzione 9,10,Dirichlet,Funzione 10,1,2.5,1000000,1,1,1,1,100,100,2.50E-04
770,Costante,2.50E-02,Costante,-5.00E-02,Costante,8.66E-02,Costante,0.00E+00,Costante,0.000000,Dirichlet,Costante,0,Dirichlet,Costante,0,Dirichlet,Funzione 9,10,Dirichlet,Funzione 10,1,5,1000000,1,1,1,1,100,100,2.50E-04
771,Costante,2.50E-02,Costante,-5.00E+00,Costante,8.66E+00,Costante,0.00E+00,Costante,0.000000,Dirichlet,Costante,0,Dirichlet,Costante,0,Dirichlet,Funzione 9,10,Dirichlet,Funzione 10,1,1.5,1000000,1,1,1,1,100,100,2.50E-04
772,Costante,2.50E-02,Costante,-5.00E+00,Costante,8.66E+00,Costante,0.00E+00,Costante,0.000000,Dirichlet,Costante,0,Dirichlet,Costante,0,Dirichlet,Funzione 9,10,Dirichlet,Funzione 10,1,3,1000000,1,1,1,1,100,100,2.50E-04
773,Costante,2.50E-02,Costante,-5.00E+00,Costante,8.66E+00,Costante,0.00E+00,Costante,0.000000,Dirichlet,Costante,0,Dirichlet,Costante,0,Dirichlet,Funzione 9,10,Dirichlet,Funzione 10,1,5,1000000,1,1,1,1,100,100,2.50E-04
774,Costante,2.50E-02,Costante,-5.00E+00,Costante,8.66E+00,Costante,0.00E+00,Costante,0.000000,Dirichlet,Costante,0,Dirichlet,Costante,0,Dirichlet,Funzione 9,10,Dirichlet,Funzione 10,1,10,1000000,1,1,1,1,100,100,2.50E-04
775,Costante,2.50E-02,Costante,-5.00E+00,Costante,8.66E+00,Costante,0.00E+00,Costante,0.000000,Dirichlet,Costante,0,Dirichlet,Costante,0,Dirichlet,Funzione 9,10,Dirichlet,Funzione 10,1,20,1000000,1,1,1,1,100,100,2.50E-04
776,Costante,2.50E-02,Costante,-5.00E-03,Costante,8.66E-03,Costante,0.00E+00,Costante,0.000000,Dirichlet,Costante,0,Dirichlet,Costante,0,Dirichlet,Funzione 9,10,Dirichlet,Funzione 10,1,1,1000000,1,1,1,1,100,100,2.50E-04
777,Costante,2.50E-02,Costante,-5.00E-03,Costante,8.66E-03,Costante,0.00E+00,Costante,0.000000,Dirichlet,Costante,0,Dirichlet,Costante,0,Dirichlet,Funzione 9,10,Dirichlet,Funzione 10,1,2.5,1000000,1,1,1,1,100,100,2.50E-04
778,Costante,2.50E-02,Costante,-5.00E-03,Costante,8.66E-03,Costante,0.00E+00,Costante,0.000000,Dirichlet,Costante,0,Dirichlet,Costante,0,Dirichlet,Funzione 9,10,Dirichlet,Funzione 10,1,5,1000000,1,1,1,1,100,100,2.50E-04
779,Costante,2.50E-02,Costante,-5.00E-03,Costante,8.66E-03,Costante,0.00E+00,Costante,0.000000,Dirichlet,Costante,0,Dirichlet,Costante,0,Dirichlet,Funzione 9,10,Dirichlet,Funzione 10,1,10,1000000,1,1,1,1,100,100,2.50E-04
780,Costante,2.50E-02,Costante,-5.00E-03,Costante,8.66E-03,Costante,0.00E+00,Costante,0.000000,Dirichlet,Costante,0,Dirichlet,Costante,0,Dirichlet,Funzione 9,10,Dirichlet,Funzione 10,1,15,1000000,1,1,1,1,100,100,2.50E-04
781,Costante,2.50E-02,Costante,-5.00E-01,Costante,8.66E-01,Costante,1.00E-01,Costante,0.000000,Dirichlet,Costante,0,Dirichlet,Costante,0,Dirichlet,Funzione 9,10,Dirichlet,Funzione 10,1,1.25,1000000,1,1,1,1,100,100,2.50E-04
782,Costante,2.50E-02,Costante,-5.00E-01,Costante,8.66E-01,Costante,1.00E-01,Costante,0.000000,Dirichlet,Costante,0,Dirichlet,Costante,0,Dirichlet,Funzione 9,10,Dirichlet,Funzione 10,1,2.5,1000000,1,1,1,1,100,100,2.50E-04
783,Costante,2.50E-02,Costante,-5.00E-01,Costante,8.66E-01,Costante,1.00E-01,Costante,0.000000,Dirichlet,Costante,0,Dirichlet,Costante,0,Dirichlet,Funzione 9,10,Dirichlet,Funzione 10,1,5,1000000,1,1,1,1,100,100,2.50E-04
784,Costante,2.50E-02,Costante,-5.00E-01,Costante,8.66E-01,Costante,1.00E-01,Costante,0.000000,Dirichlet,Costante,0,Dirichlet,Costante,0,Dirichlet,Funzione 9,10,Dirichlet,Funzione 10,1,10,1000000,1,1,1,1,100,100,2.50E-04
785,Costante,2.50E-02,Costante,-5.00E-01,Costante,8.66E-01,Costante,1.00E-01,Costante,0.000000,Dirichlet,Costante,0,Dirichlet,Costante,0,Dirichlet,Funzione 9,10,Dirichlet,Funzione 10,1,25,1000000,1,1,1,1,100,100,2.50E-04
786,Costante,2.50E-02,Costante,-5.00E-01,Costante,8.66E-01,Costante,2.50E-02,Costante,0.000000,Dirichlet,Costante,0,Dirichlet,Costante,0,Dirichlet,Funzione 9,10,Dirichlet,Funzione 10,1,1.25,1000000,1,1,1,1,100,100,2.50E-04
787,Costante,2.50E-02,Costante,-5.00E-01,Costante,8.66E-01,Costante,2.50E-02,Costante,0.000000,Dirichlet,Costante,0,Dirichlet,Costante,0,Dirichlet,Funzione 9,10,Dirichlet,Funzione 10,1,2.5,1000000,1,1,1,1,100,100,2.50E-04
788,Costante,2.50E-02,Costante,-5.00E-01,Costante,8.66E-01,Costante,2.50E-02,Costante,0.000000,Dirichlet,Costante,0,Dirichlet,Costante,0,Dirichlet,Funzione 9,10,Dirichlet,Funzione 10,1,5,1000000,1,1,1,1,100,100,2.50E-04
789,Costante,2.50E-02,Costante,-5.00E-01,Costante,8.66E-01,Costante,2.50E-02,Costante,0.000000,Dirichlet,Costante,0,Dirichlet,Costante,0,Dirichlet,Funzione 9,10,Dirichlet,Funzione 10,1,10,1000000,1,1,1,1,100,100,2.50E-04
790,Costante,2.50E-02,Costante,-5.00E-01,Costante,8.66E-01,Costante,2.50E-02,Costante,0.000000,Dirichlet,Costante,0,Dirichlet,Costante,0,Dirichlet,Funzione 9,10,Dirichlet,Funzione 10,1,25,1000000,1,1,1,1,100,100,2.50E-04
791,Costante,5.00E-01,Costante,-5.00E-01,Costante,8.66E-01,Costante,0.00E+00,Costante,0.000000,Dirichlet,Costante,0,Dirichlet,Costante,0,Dirichlet,Funzione 9,10,Dirichlet,Funzione 10,1,1,1000000,1,1,1,1,100,100,2.50E-04
792,Costante,5.00E-01,Costante,-5.00E-01,Costante,8.66E-01,Costante,0.00E+00,Costante,0.000000,Dirichlet,Costante,0,Dirichlet,Costante,0,Dirichlet,Funzione 9,10,Dirichlet,Funzione 10,1,1.25,1000000,1,1,1,1,100,100,2.50E-04
793,Costante,5.00E-01,Costante,-5.00E-01,Costante,8.66E-01,Costante,0.00E+00,Costante,0.000000,Dirichlet,Costante,0,Dirichlet,Costante,0,Dirichlet,Funzione 9,10,Dirichlet,Funzione 10,1,2.5,1000000,1,1,1,1,100,100,2.50E-04
794,Costante,5.00E-01,Costante,-5.00E-01,Costante,8.66E-01,Costante,0.00E+00,Costante,0.000000,Dirichlet,Costante,0,Dirichlet,Costante,0,Dirichlet,Funzione 9,10,Dirichlet,Funzione 10,1,5,1000000,1,1,1,1,100,100,2.50E-04
795,Costante,5.00E-01,Costante,-5.00E-01,Costante,8.66E-01,Costante,0.00E+00,Costante,0.000000,Dirichlet,Costante,0,Dirichlet,Costante,0,Dirichlet,Funzione 9,10,Dirichlet,Funzione 10,1,10,1000000,1,1,1,1,100,100,2.50E-04
796,Costante,5.00E-01,Costante,-5.00E-02,Costante,8.66E-02,Costante,0.00E+00,Costante,0.000000,Dirichlet,Costante,0,Dirichlet,Costante,0,Dirichlet,Funzione 9,10,Dirichlet,Funzione 10,1,1,1000000,1,1,1,1,100,100,2.50E-04
797,Costante,5.00E-01,Costante,-5.00E-02,Costante,8.66E-02,Costante,0.00E+00,Costante,0.000000,Dirichlet,Costante,0,Dirichlet,Costante,0,Dirichlet,Funzione 9,10,Dirichlet,Funzione 10,1,1.25,1000000,1,1,1,1,100,100,2.50E-04
798,Costante,5.00E-01,Costante,-5.00E-02,Costante,8.66E-02,Costante,0.00E+00,Costante,0.000000,Dirichlet,Costante,0,Dirichlet,Costante,0,Dirichlet,Funzione 9,10,Dirichlet,Funzione 10,1,2.5,1000000,1,1,1,1,100,100,2.50E-04
799,Costante,5.00E-01,Costante,-5.00E-02,Costante,8.66E-02,Costante,0.00E+00,Costante,0.000000,Dirichlet,Costante,0,Dirichlet,Costante,0,Dirichlet,Funzione 9,10,Dirichlet,Funzione 10,1,5,1000000,1,1,1,1,100,100,2.50E-04
800,Costante,5.00E-01,Costante,-5.00E-02,Costante,8.66E-02,Costante,0.00E+00,Costante,0.000000,Dirichlet,Costante,0,Dirichlet,Costante,0,Dirichlet,Funzione 9,10,Dirichlet,Funzione 10,1,10,1000000,1,1,1,1,100,100,2.50E-04
801,Costante,5.00E-01,Costante,-5.00E+00,Costante,8.66E+00,Costante,0.00E+00,Costante,0.000000,Dirichlet,Costante,0,Dirichlet,Costante,0,Dirichlet,Funzione 9,10,Dirichlet,Funzione 10,1,1.25,1000000,1,1,1,1,100,100,2.50E-04
802,Costante,5.00E-01,Costante,-5.00E+00,Costante,8.66E+00,Costante,0.00E+00,Costante,0.000000,Dirichlet,Costante,0,Dirichlet,Costante,0,Dirichlet,Funzione 9,10,Dirichlet,Funzione 10,1,2.5,1000000,1,1,1,1,100,100,2.50E-04
803,Costante,5.00E-01,Costante,-5.00E+00,Costante,8.66E+00,Costante,0.00E+00,Costante,0.000000,Dirichlet,Costante,0,Dirichlet,Costante,0,Dirichlet,Funzione 9,10,Dirichlet,Funzione 10,1,5,1000000,1,1,1,1,100,100,2.50E-04
804,Costante,5.00E-01,Costante,-5.00E+00,Costante,8.66E+00,Costante,0.00E+00,Costante,0.000000,Dirichlet,Costante,0,Dirichlet,Costante,0,Dirichlet,Funzione 9,10,Dirichlet,Funzione 10,1,10,1000000,1,1,1,1,100,100,2.50E-04
805,Costante,5.00E-01,Costante,-5.00E+00,Costante,8.66E+00,Costante,0.00E+00,Costante,0.000000,Dirichlet,Costante,0,Dirichlet,Costante,0,Dirichlet,Funzione 9,10,Dirichlet,Funzione 10,1,12.5,1000000,1,1,1,1,100,100,2.50E-04
806,Costante,5.00E-01,Costante,-5.00E-03,Costante,8.66E-03,Costante,0.00E+00,Costante,0.000000,Dirichlet,Costante,0,Dirichlet,Costante,0,Dirichlet,Funzione 9,10,Dirichlet,Funzione 10,1,1.25,1000000,1,1,1,1,100,100,2.50E-04
807,Costante,5.00E-01,Costante,-5.00E-03,Costante,8.66E-03,Costante,0.00E+00,Costante,0.000000,Dirichlet,Costante,0,Dirichlet,Costante,0,Dirichlet,Funzione 9,10,Dirichlet,Funzione 10,1,2.5,1000000,1,1,1,1,100,100,2.50E-04
808,Costante,5.00E-01,Costante,-5.00E-03,Costante,8.66E-03,Costante,0.00E+00,Costante,0.000000,Dirichlet,Costante,0,Dirichlet,Costante,0,Dirichlet,Funzione 9,10,Dirichlet,Funzione 10,1,5,1000000,1,1,1,1,100,100,2.50E-04
809,Costante,5.00E-01,Costante,-5.00E-03,Costante,8.66E-03,Costante,0.00E+00,Costante,0.000000,Dirichlet,Costante,0,Dirichlet,Costante,0,Dirichlet,Funzione 9,10,Dirichlet,Funzione 10,1,10,1000000,1,1,1,1,100,100,2.50E-04
810,Costante,5.00E-01,Costante,-5.00E-03,Costante,8.66E-03,Costante,0.00E+00,Costante,0.000000,Dirichlet,Costante,0,Dirichlet,Costante,0,Dirichlet,Funzione 9,10,Dirichlet,Funzione 10,1,12.5,1000000,1,1,1,1,100,100,2.50E-04
811,Costante,5.00E-01,Costante,-5.00E-01,Costante,8.66E-01,Costante,1.00E-01,Costante,0.000000,Dirichlet,Costante,0,Dirichlet,Costante,0,Dirichlet,Funzione 9,10,Dirichlet,Funzione 10,1,1,1000000,1,1,1,1,100,100,2.50E-04
812,Costante,5.00E-01,Costante,-5.00E-01,Costante,8.66E-01,Costante,1.00E-01,Costante,0.000000,Dirichlet,Costante,0,Dirichlet,Costante,0,Dirichlet,Funzione 9,10,Dirichlet,Funzione 10,1,1.25,1000000,1,1,1,1,100,100,2.50E-04
813,Costante,5.00E-01,Costante,-5.00E-01,Costante,8.66E-01,Costante,1.00E-01,Costante,0.000000,Dirichlet,Costante,0,Dirichlet,Costante,0,Dirichlet,Funzione 9,10,Dirichlet,Funzione 10,1,2.5,1000000,1,1,1,1,100,100,2.50E-04
814,Costante,5.00E-01,Costante,-5.00E-01,Costante,8.66E-01,Costante,1.00E-01,Costante,0.000000,Dirichlet,Costante,0,Dirichlet,Costante,0,Dirichlet,Funzione 9,10,Dirichlet,Funzione 10,1,5,1000000,1,1,1,1,100,100,2.50E-04
815,Costante,5.00E-01,Costante,-5.00E-01,Costante,8.66E-01,Costante,1.00E-01,Costante,0.000000,Dirichlet,Costante,0,Dirichlet,Costante,0,Dirichlet,Funzione 9,10,Dirichlet,Funzione 10,1,10,1000000,1,1,1,1,100,100,2.50E-04
816,Costante,5.00E-01,Costante,-5.00E-01,Costante,8.66E-01,Costante,5.00E-01,Costante,0.000000,Dirichlet,Costante,0,Dirichlet,Costante,0,Dirichlet,Funzione 9,10,Dirichlet,Funzione 10,1,1,1000000,1,1,1,1,100,100,2.50E-04
817,Costante,5.00E-01,Costante,-5.00E-01,Costante,8.66E-01,Costante,5.00E-01,Costante,0.000000,Dirichlet,Costante,0,Dirichlet,Costante,0,Dirichlet,Funzione 9,10,Dirichlet,Funzione 10,1,1.25,1000000,1,1,1,1,100,100,2.50E-04
818,Costante,5.00E-01,Costante,-5.00E-01,Costante,8.66E-01,Costante,5.00E-01,Costante,0.000000,Dirichlet,Costante,0,Dirichlet,Costante,0,Dirichlet,Funzione 9,10,Dirichlet,Funzione 10,1,2.5,1000000,1,1,1,1,100,100,2.50E-04
819,Costante,5.00E-01,Costante,-5.00E-01,Costante,8.66E-01,Costante,5.00E-01,Costante,0.000000,Dirichlet,Costante,0,Dirichlet,Costante,0,Dirichlet,Funzione 9,10,Dirichlet,Funzione 10,1,5,1000000,1,1,1,1,100,100,2.50E-04
820,Costante,5.00E-01,Costante,-5.00E-01,Costante,8.66E-01,Costante,5.00E-01,Costante,0.000000,Dirichlet,Costante,0,Dirichlet,Costante,0,Dirichlet,Funzione 9,10,Dirichlet,Funzione 10,1,10,1000000,1,1,1,1,100,100,2.50E-04
821,Costante,2.50E-04,Costante,-5.00E-01,Costante,8.66E-01,Costante,0.00E+00,Costante,0.000000,Dirichlet,Costante,0,Dirichlet,Funzione 9,10,Dirichlet,Funzione 10,1,Dirichlet,Costante,0,5,1000000,1,1,1,1,100,100,2.50E-04
822,Costante,2.50E-04,Costante,-5.00E-01,Costante,8.66E-01,Costante,0.00E+00,Costante,0.000000,Dirichlet,Costante,0,Dirichlet,Funzione 9,10,Dirichlet,Funzione 10,1,Dirichlet,Costante,0,10,1000000,1,1,1,1,100,100,2.50E-04
823,Costante,2.50E-04,Costante,-5.00E-01,Costante,8.66E-01,Costante,0.00E+00,Costante,0.000000,Dirichlet,Costante,0,Dirichlet,Funzione 9,10,Dirichlet,Funzione 10,1,Dirichlet,Costante,0,20,1000000,1,1,1,1,100,100,2.50E-04
824,Costante,2.50E-04,Costante,-5.00E-01,Costante,8.66E-01,Costante,0.00E+00,Costante,0.000000,Dirichlet,Costante,0,Dirichlet,Funzione 9,10,Dirichlet,Funzione 10,1,Dirichlet,Costante,0,50,1000000,1,1,1,1,100,100,2.50E-04
825,Costante,2.50E-04,Costante,-5.00E-01,Costante,8.66E-01,Costante,0.00E+00,Costante,0.000000,Dirichlet,Costante,0,Dirichlet,Funzione 9,10,Dirichlet,Funzione 10,1,Dirichlet,Costante,0,100,1000000,1,1,1,1,100,100,2.50E-04
826,Costante,2.50E-04,Costante,-5.00E-02,Costante,8.66E-02,Costante,0.00E+00,Costante,0.000000,Dirichlet,Costante,0,Dirichlet,Funzione 9,10,Dirichlet,Funzione 10,1,Dirichlet,Costante,0,2.5,1000000,1,1,1,1,100,100,2.50E-04
827,Costante,2.50E-04,Costante,-5.00E-02,Costante,8.66E-02,Costante,0.00E+00,Costante,0.000000,Dirichlet,Costante,0,Dirichlet,Funzione 9,10,Dirichlet,Funzione 10,1,Dirichlet,Costante,0,5,1000000,1,1,1,1,100,100,2.50E-04
828,Costante,2.50E-04,Costante,-5.00E-02,Costante,8.66E-02,Costante,0.00E+00,Costante,0.000000,Dirichlet,Costante,0,Dirichlet,Funzione 9,10,Dirichlet,Funzione 10,1,Dirichlet,Costante,0,10,1000000,1,1,1,1,100,100,2.50E-04
829,Costante,2.50E-04,Costante,-5.00E-02,Costante,8.66E-02,Costante,0.00E+00,Costante,0.000000,Dirichlet,Costante,0,Dirichlet,Funzione 9,10,Dirichlet,Funzione 10,1,Dirichlet,Costante,0,17.5,1000000,1,1,1,1,100,100,2.50E-04
830,Costante,2.50E-04,Costante,-5.00E-02,Costante,8.66E-02,Costante,0.00E+00,Costante,0.000000,Dirichlet,Costante,0,Dirichlet,Funzione 9,10,Dirichlet,Funzione 10,1,Dirichlet,Costante,0,25,1000000,1,1,1,1,100,100,2.50E-04
831,Costante,2.50E-04,Costante,-5.00E-03,Costante,8.66E-03,Costante,0.00E+00,Costante,0.000000,Dirichlet,Costante,0,Dirichlet,Funzione 9,10,Dirichlet,Funzione 10,1,Dirichlet,Costante,0,2.5,1000000,1,1,1,1,100,100,2.50E-04
832,Costante,2.50E-04,Costante,-5.00E-03,Costante,8.66E-03,Costante,0.00E+00,Costante,0.000000,Dirichlet,Costante,0,Dirichlet,Funzione 9,10,Dirichlet,Funzione 10,1,Dirichlet,Costante,0,5,1000000,1,1,1,1,100,100,2.50E-04
833,Costante,2.50E-04,Costante,-5.00E-03,Costante,8.66E-03,Costante,0.00E+00,Costante,0.000000,Dirichlet,Costante,0,Dirichlet,Funzione 9,10,Dirichlet,Funzione 10,1,Dirichlet,Costante,0,10,1000000,1,1,1,1,100,100,2.50E-04
834,Costante,2.50E-04,Costante,-5.00E-03,Costante,8.66E-03,Costante,0.00E+00,Costante,0.000000,Dirichlet,Costante,0,Dirichlet,Funzione 9,10,Dirichlet,Funzione 10,1,Dirichlet,Costante,0,17.5,1000000,1,1,1,1,100,100,2.50E-04
835,Costante,2.50E-04,Costante,-5.00E-03,Costante,8.66E-03,Costante,0.00E+00,Costante,0.000000,Dirichlet,Costante,0,Dirichlet,Funzione 9,10,Dirichlet,Funzione 10,1,Dirichlet,Costante,0,25,1000000,1,1,1,1,100,100,2.50E-04
836,Costante,2.50E-04,Costante,-5.00E-01,Costante,8.66E-01,Costante,1.00E-01,Costante,0.000000,Dirichlet,Costante,0,Dirichlet,Funzione 9,10,Dirichlet,Funzione 10,1,Dirichlet,Costante,0,5,1000000,1,1,1,1,100,100,2.50E-04
837,Costante,2.50E-04,Costante,-5.00E-01,Costante,8.66E-01,Costante,1.00E-01,Costante,0.000000,Dirichlet,Costante,0,Dirichlet,Funzione 9,10,Dirichlet,Funzione 10,1,Dirichlet,Costante,0,10,1000000,1,1,1,1,100,100,2.50E-04
838,Costante,2.50E-04,Costante,-5.00E-01,Costante,8.66E-01,Costante,1.00E-01,Costante,0.000000,Dirichlet,Costante,0,Dirichlet,Funzione 9,10,Dirichlet,Funzione 10,1,Dirichlet,Costante,0,25,1000000,1,1,1,1,100,100,2.50E-04
839,Costante,2.50E-04,Costante,-5.00E-01,Costante,8.66E-01,Costante,1.00E-01,Costante,0.000000,Dirichlet,Costante,0,Dirichlet,Funzione 9,10,Dirichlet,Funzione 10,1,Dirichlet,Costante,0,50,1000000,1,1,1,1,100,100,2.50E-04
840,Costante,2.50E-04,Costante,-5.00E-01,Costante,8.66E-01,Costante,1.00E-01,Costante,0.000000,Dirichlet,Costante,0,Dirichlet,Funzione 9,10,Dirichlet,Funzione 10,1,Dirichlet,Costante,0,10,1000000,1,1,1,1,100,100,2.50E-04
841,Costante,2.50E-04,Costante,-5.00E-01,Costante,8.66E-01,Costante,2.50E-04,Costante,0.000000,Dirichlet,Costante,0,Dirichlet,Funzione 9,10,Dirichlet,Funzione 10,1,Dirichlet,Costante,0,5,1000000,1,1,1,1,100,100,2.50E-04
842,Costante,2.50E-04,Costante,-5.00E-01,Costante,8.66E-01,Costante,2.50E-04,Costante,0.000000,Dirichlet,Costante,0,Dirichlet,Funzione 9,10,Dirichlet,Funzione 10,1,Dirichlet,Costante,0,10,1000000,1,1,1,1,100,100,2.50E-04
843,Costante,2.50E-04,Costante,-5.00E-01,Costante,8.66E-01,Costante,2.50E-04,Costante,0.000000,Dirichlet,Costante,0,Dirichlet,Funzione 9,10,Dirichlet,Funzione 10,1,Dirichlet,Costante,0,50,1000000,1,1,1,1,100,100,2.50E-04
844,Costante,2.50E-04,Costante,-5.00E-01,Costante,8.66E-01,Costante,2.50E-04,Costante,0.000000,Dirichlet,Costante,0,Dirichlet,Funzione 9,10,Dirichlet,Funzione 10,1,Dirichlet,Costante,0,100,1000000,1,1,1,1,100,100,2.50E-04
845,Costante,2.50E-04,Costante,-5.00E-01,Costante,8.66E-01,Costante,2.50E-04,Costante,0.000000,Dirichlet,Costante,0,Dirichlet,Funzione 9,10,Dirichlet,Funzione 10,1,Dirichlet,Costante,0,150,1000000,1,1,1,1,100,100,2.50E-04
846,Costante,2.50E-02,Costante,-5.00E-01,Costante,8.66E-01,Costante,0.00E+00,Costante,0.000000,Dirichlet,Costante,0,Dirichlet,Funzione 9,10,Dirichlet,Funzione 10,1,Dirichlet,Costante,0,2.5,1000000,1,1,1,1,100,100,2.50E-04
847,Costante,2.50E-02,Costante,-5.00E-01,Costante,8.66E-01,Costante,0.00E+00,Costante,0.000000,Dirichlet,Costante,0,Dirichlet,Funzione 9,10,Dirichlet,Funzione 10,1,Dirichlet,Costante,0,5,1000000,1,1,1,1,100,100,2.50E-04
848,Costante,2.50E-02,Costante,-5.00E-01,Costante,8.66E-01,Costante,0.00E+00,Costante,0.000000,Dirichlet,Costante,0,Dirichlet,Funzione 9,10,Dirichlet,Funzione 10,1,Dirichlet,Costante,0,10,1000000,1,1,1,1,100,100,2.50E-04
849,Costante,2.50E-02,Costante,-5.00E-01,Costante,8.66E-01,Costante,0.00E+00,Costante,0.000000,Dirichlet,Costante,0,Dirichlet,Funzione 9,10,Dirichlet,Funzione 10,1,Dirichlet,Costante,0,15,1000000,1,1,1,1,100,100,2.50E-04
850,Costante,2.50E-02,Costante,-5.00E-01,Costante,8.66E-01,Costante,0.00E+00,Costante,0.000000,Dirichlet,Costante,0,Dirichlet,Funzione 9,10,Dirichlet,Funzione 10,1,Dirichlet,Costante,0,25,1000000,1,1,1,1,100,100,2.50E-04
851,Costante,2.50E-02,Costante,-5.00E-02,Costante,8.66E-02,Costante,0.00E+00,Costante,0.000000,Dirichlet,Costante,0,Dirichlet,Funzione 9,10,Dirichlet,Funzione 10,1,Dirichlet,Costante,0,0.75,1000000,1,1,1,1,100,100,2.50E-04
852,Costante,2.50E-02,Costante,-5.00E-02,Costante,8.66E-02,Costante,0.00E+00,Costante,0.000000,Dirichlet,Costante,0,Dirichlet,Funzione 9,10,Dirichlet,Funzione 10,1,Dirichlet,Costante,0,1,1000000,1,1,1,1,100,100,2.50E-04
853,Costante,2.50E-02,Costante,-5.00E-02,Costante,8.66E-02,Costante,0.00E+00,Costante,0.000000,Dirichlet,Costante,0,Dirichlet,Funzione 9,10,Dirichlet,Funzione 10,1,Dirichlet,Costante,0,2.5,1000000,1,1,1,1,100,100,2.50E-04
854,Costante,2.50E-02,Costante,-5.00E-02,Costante,8.66E-02,Costante,0.00E+00,Costante,0.000000,Dirichlet,Costante,0,Dirichlet,Funzione 9,10,Dirichlet,Funzione 10,1,Dirichlet,Costante,0,5,1000000,1,1,1,1,100,100,2.50E-04
855,Costante,2.50E-02,Costante,-5.00E-02,Costante,8.66E-02,Costante,0.00E+00,Costante,0.000000,Dirichlet,Costante,0,Dirichlet,Funzione 9,10,Dirichlet,Funzione 10,1,Dirichlet,Costante,0,10,1000000,1,1,1,1,100,100,2.50E-04
856,Costante,2.50E-02,Costante,-5.00E+00,Costante,8.66E+00,Costante,0.00E+00,Costante,0.000000,Dirichlet,Costante,0,Dirichlet,Funzione 9,10,Dirichlet,Funzione 10,1,Dirichlet,Costante,0,2.5,1000000,1,1,1,1,100,100,2.50E-04
857,Costante,2.50E-02,Costante,-5.00E+00,Costante,8.66E+00,Costante,0.00E+00,Costante,0.000000,Dirichlet,Costante,0,Dirichlet,Funzione 9,10,Dirichlet,Funzione 10,1,Dirichlet,Costante,0,3,1000000,1,1,1,1,100,100,2.50E-04
858,Costante,2.50E-02,Costante,-5.00E+00,Costante,8.66E+00,Costante,0.00E+00,Costante,0.000000,Dirichlet,Costante,0,Dirichlet,Funzione 9,10,Dirichlet,Funzione 10,1,Dirichlet,Costante,0,5,1000000,1,1,1,1,100,100,2.50E-04
859,Costante,2.50E-02,Costante,-5.00E+00,Costante,8.66E+00,Costante,0.00E+00,Costante,0.000000,Dirichlet,Costante,0,Dirichlet,Funzione 9,10,Dirichlet,Funzione 10,1,Dirichlet,Costante,0,10,1000000,1,1,1,1,100,100,2.50E-04
860,Costante,2.50E-02,Costante,-5.00E+00,Costante,8.66E+00,Costante,0.00E+00,Costante,0.000000,Dirichlet,Costante,0,Dirichlet,Funzione 9,10,Dirichlet,Funzione 10,1,Dirichlet,Costante,0,20,1000000,1,1,1,1,100,100,2.50E-04
861,Costante,2.50E-02,Costante,-5.00E-03,Costante,8.66E-03,Costante,0.00E+00,Costante,0.000000,Dirichlet,Costante,0,Dirichlet,Funzione 9,10,Dirichlet,Funzione 10,1,Dirichlet,Costante,0,0.75,1000000,1,1,1,1,100,100,2.50E-04
862,Costante,2.50E-02,Costante,-5.00E-03,Costante,8.66E-03,Costante,0.00E+00,Costante,0.000000,Dirichlet,Costante,0,Dirichlet,Funzione 9,10,Dirichlet,Funzione 10,1,Dirichlet,Costante,0,1,1000000,1,1,1,1,100,100,2.50E-04
863,Costante,2.50E-02,Costante,-5.00E-03,Costante,8.66E-03,Costante,0.00E+00,Costante,0.000000,Dirichlet,Costante,0,Dirichlet,Funzione 9,10,Dirichlet,Funzione 10,1,Dirichlet,Costante,0,2.5,1000000,1,1,1,1,100,100,2.50E-04
864,Costante,2.50E-02,Costante,-5.00E-03,Costante,8.66E-03,Costante,0.00E+00,Costante,0.000000,Dirichlet,Costante,0,Dirichlet,Funzione 9,10,Dirichlet,Funzione 10,1,Dirichlet,Costante,0,5,1000000,1,1,1,1,100,100,2.50E-04
865,Costante,2.50E-02,Costante,-5.00E-03,Costante,8.66E-03,Costante,0.00E+00,Costante,0.000000,Dirichlet,Costante,0,Dirichlet,Funzione 9,10,Dirichlet,Funzione 10,1,Dirichlet,Costante,0,10,1000000,1,1,1,1,100,100,2.50E-04
866,Costante,2.50E-02,Costante,-5.00E-01,Costante,8.66E-01,Costante,1.00E-01,Costante,0.000000,Dirichlet,Costante,0,Dirichlet,Funzione 9,10,Dirichlet,Funzione 10,1,Dirichlet,Costante,0,1.75,1000000,1,1,1,1,100,100,2.50E-04
867,Costante,2.50E-02,Costante,-5.00E-01,Costante,8.66E-01,Costante,1.00E-01,Costante,0.000000,Dirichlet,Costante,0,Dirichlet,Funzione 9,10,Dirichlet,Funzione 10,1,Dirichlet,Costante,0,2.5,1000000,1,1,1,1,100,100,2.50E-04
868,Costante,2.50E-02,Costante,-5.00E-01,Costante,8.66E-01,Costante,1.00E-01,Costante,0.000000,Dirichlet,Costante,0,Dirichlet,Funzione 9,10,Dirichlet,Funzione 10,1,Dirichlet,Costante,0,5,1000000,1,1,1,1,100,100,2.50E-04
869,Costante,2.50E-02,Costante,-5.00E-01,Costante,8.66E-01,Costante,1.00E-01,Costante,0.000000,Dirichlet,Costante,0,Dirichlet,Funzione 9,10,Dirichlet,Funzione 10,1,Dirichlet,Costante,0,10,1000000,1,1,1,1,100,100,2.50E-04
870,Costante,2.50E-02,Costante,-5.00E-01,Costante,8.66E-01,Costante,1.00E-01,Costante,0.000000,Dirichlet,Costante,0,Dirichlet,Funzione 9,10,Dirichlet,Funzione 10,1,Dirichlet,Costante,0,25,1000000,1,1,1,1,100,100,2.50E-04
871,Costante,2.50E-02,Costante,-5.00E-01,Costante,8.66E-01,Costante,2.50E-02,Costante,0.000000,Dirichlet,Costante,0,Dirichlet,Funzione 9,10,Dirichlet,Funzione 10,1,Dirichlet,Costante,0,1.75,1000000,1,1,1,1,100,100,2.50E-04
872,Costante,2.50E-02,Costante,-5.00E-01,Costante,8.66E-01,Costante,2.50E-02,Costante,0.000000,Dirichlet,Costante,0,Dirichlet,Funzione 9,10,Dirichlet,Funzione 10,1,Dirichlet,Costante,0,2.5,1000000,1,1,1,1,100,100,2.50E-04
873,Costante,2.50E-02,Costante,-5.00E-01,Costante,8.66E-01,Costante,2.50E-02,Costante,0.000000,Dirichlet,Costante,0,Dirichlet,Funzione 9,10,Dirichlet,Funzione 10,1,Dirichlet,Costante,0,5,1000000,1,1,1,1,100,100,2.50E-04
874,Costante,2.50E-02,Costante,-5.00E-01,Costante,8.66E-01,Costante,2.50E-02,Costante,0.000000,Dirichlet,Costante,0,Dirichlet,Funzione 9,10,Dirichlet,Funzione 10,1,Dirichlet,Costante,0,10,1000000,1,1,1,1,100,100,2.50E-04
875,Costante,2.50E-02,Costante,-5.00E-01,Costante,8.66E-01,Costante,2.50E-02,Costante,0.000000,Dirichlet,Costante,0,Dirichlet,Funzione 9,10,Dirichlet,Funzione 10,1,Dirichlet,Costante,0,25,1000000,1,1,1,1,100,100,2.50E-04
876,Costante,5.00E-01,Costante,-5.00E-01,Costante,8.66E-01,Costante,0.00E+00,Costante,0.000000,Dirichlet,Costante,0,Dirichlet,Funzione 9,10,Dirichlet,Funzione 10,1,Dirichlet,Costante,0,1.25,1000000,1,1,1,1,100,100,2.50E-04
877,Costante,5.00E-01,Costante,-5.00E-01,Costante,8.66E-01,Costante,0.00E+00,Costante,0.000000,Dirichlet,Costante,0,Dirichlet,Funzione 9,10,Dirichlet,Funzione 10,1,Dirichlet,Costante,0,2.5,1000000,1,1,1,1,100,100,2.50E-04
878,Costante,5.00E-01,Costante,-5.00E-01,Costante,8.66E-01,Costante,0.00E+00,Costante,0.000000,Dirichlet,Costante,0,Dirichlet,Funzione 9,10,Dirichlet,Funzione 10,1,Dirichlet,Costante,0,5,1000000,1,1,1,1,100,100,2.50E-04
879,Costante,5.00E-01,Costante,-5.00E-01,Costante,8.66E-01,Costante,0.00E+00,Costante,0.000000,Dirichlet,Costante,0,Dirichlet,Funzione 9,10,Dirichlet,Funzione 10,1,Dirichlet,Costante,0,10,1000000,1,1,1,1,100,100,2.50E-04
880,Costante,5.00E-01,Costante,-5.00E-01,Costante,8.66E-01,Costante,0.00E+00,Costante,0.000000,Dirichlet,Costante,0,Dirichlet,Funzione 9,10,Dirichlet,Funzione 10,1,Dirichlet,Costante,0,15,1000000,1,1,1,1,100,100,2.50E-04
881,Costante,5.00E-01,Costante,-5.00E-02,Costante,8.66E-02,Costante,0.00E+00,Costante,0.000000,Dirichlet,Costante,0,Dirichlet,Funzione 9,10,Dirichlet,Funzione 10,1,Dirichlet,Costante,0,1.25,1000000,1,1,1,1,100,100,2.50E-04
882,Costante,5.00E-01,Costante,-5.00E-02,Costante,8.66E-02,Costante,0.00E+00,Costante,0.000000,Dirichlet,Costante,0,Dirichlet,Funzione 9,10,Dirichlet,Funzione 10,1,Dirichlet,Costante,0,2.5,1000000,1,1,1,1,100,100,2.50E-04
883,Costante,5.00E-01,Costante,-5.00E-02,Costante,8.66E-02,Costante,0.00E+00,Costante,0.000000,Dirichlet,Costante,0,Dirichlet,Funzione 9,10,Dirichlet,Funzione 10,1,Dirichlet,Costante,0,5,1000000,1,1,1,1,100,100,2.50E-04
884,Costante,5.00E-01,Costante,-5.00E-02,Costante,8.66E-02,Costante,0.00E+00,Costante,0.000000,Dirichlet,Costante,0,Dirichlet,Funzione 9,10,Dirichlet,Funzione 10,1,Dirichlet,Costante,0,10,1000000,1,1,1,1,100,100,2.50E-04
885,Costante,5.00E-01,Costante,-5.00E-02,Costante,8.66E-02,Costante,0.00E+00,Costante,0.000000,Dirichlet,Costante,0,Dirichlet,Funzione 9,10,Dirichlet,Funzione 10,1,Dirichlet,Costante,0,15,1000000,1,1,1,1,100,100,2.50E-04
886,Costante,5.00E-01,Costante,-5.00E+00,Costante,8.66E+00,Costante,0.00E+00,Costante,0.000000,Dirichlet,Costante,0,Dirichlet,Funzione 9,10,Dirichlet,Funzione 10,1,Dirichlet,Costante,0,1.25,1000000,1,1,1,1,100,100,2.50E-04
887,Costante,5.00E-01,Costante,-5.00E+00,Costante,8.66E+00,Costante,0.00E+00,Costante,0.000000,Dirichlet,Costante,0,Dirichlet,Funzione 9,10,Dirichlet,Funzione 10,1,Dirichlet,Costante,0,2.5,1000000,1,1,1,1,100,100,2.50E-04
888,Costante,5.00E-01,Costante,-5.00E+00,Costante,8.66E+00,Costante,0.00E+00,Costante,0.000000,Dirichlet,Costante,0,Dirichlet,Funzione 9,10,Dirichlet,Funzione 10,1,Dirichlet,Costante,0,5,1000000,1,1,1,1,100,100,2.50E-04
889,Costante,5.00E-01,Costante,-5.00E+00,Costante,8.66E+00,Costante,0.00E+00,Costante,0.000000,Dirichlet,Costante,0,Dirichlet,Funzione 9,10,Dirichlet,Funzione 10,1,Dirichlet,Costante,0,10,1000000,1,1,1,1,100,100,2.50E-04
890,Costante,5.00E-01,Costante,-5.00E+00,Costante,8.66E+00,Costante,0.00E+00,Costante,0.000000,Dirichlet,Costante,0,Dirichlet,Funzione 9,10,Dirichlet,Funzione 10,1,Dirichlet,Costante,0,25,1000000,1,1,1,1,100,100,2.50E-04
891,Costante,5.00E-01,Costante,-5.00E-03,Costante,8.66E-03,Costante,0.00E+00,Costante,0.000000,Dirichlet,Costante,0,Dirichlet,Funzione 9,10,Dirichlet,Funzione 10,1,Dirichlet,Costante,0,1.25,1000000,1,1,1,1,100,100,2.50E-04
892,Costante,5.00E-01,Costante,-5.00E-03,Costante,8.66E-03,Costante,0.00E+00,Costante,0.000000,Dirichlet,Costante,0,Dirichlet,Funzione 9,10,Dirichlet,Funzione 10,1,Dirichlet,Costante,0,2.5,1000000,1,1,1,1,100,100,2.50E-04
893,Costante,5.00E-01,Costante,-5.00E-03,Costante,8.66E-03,Costante,0.00E+00,Costante,0.000000,Dirichlet,Costante,0,Dirichlet,Funzione 9,10,Dirichlet,Funzione 10,1,Dirichlet,Costante,0,5,1000000,1,1,1,1,100,100,2.50E-04
894,Costante,5.00E-01,Costante,-5.00E-03,Costante,8.66E-03,Costante,0.00E+00,Costante,0.000000,Dirichlet,Costante,0,Dirichlet,Funzione 9,10,Dirichlet,Funzione 10,1,Dirichlet,Costante,0,10,1000000,1,1,1,1,100,100,2.50E-04
895,Costante,5.00E-01,Costante,-5.00E-03,Costante,8.66E-03,Costante,0.00E+00,Costante,0.000000,Dirichlet,Costante,0,Dirichlet,Funzione 9,10,Dirichlet,Funzione 10,1,Dirichlet,Costante,0,15,1000000,1,1,1,1,100,100,2.50E-04
896,Costante,5.00E-01,Costante,-5.00E-01,Costante,8.66E-01,Costante,1.00E-01,Costante,0.000000,Dirichlet,Costante,0,Dirichlet,Funzione 9,10,Dirichlet,Funzione 10,1,Dirichlet,Costante,0,1.25,1000000,1,1,1,1,100,100,2.50E-04
897,Costante,5.00E-01,Costante,-5.00E-01,Costante,8.66E-01,Costante,1.00E-01,Costante,0.000000,Dirichlet,Costante,0,Dirichlet,Funzione 9,10,Dirichlet,Funzione 10,1,Dirichlet,Costante,0,2.5,1000000,1,1,1,1,100,100,2.50E-04
898,Costante,5.00E-01,Costante,-5.00E-01,Costante,8.66E-01,Costante,1.00E-01,Costante,0.000000,Dirichlet,Costante,0,Dirichlet,Funzione 9,10,Dirichlet,Funzione 10,1,Dirichlet,Costante,0,5,1000000,1,1,1,1,100,100,2.50E-04
899,Costante,5.00E-01,Costante,-5.00E-01,Costante,8.66E-01,Costante,1.00E-01,Costante,0.000000,Dirichlet,Costante,0,Dirichlet,Funzione 9,10,Dirichlet,Funzione 10,1,Dirichlet,Costante,0,10,1000000,1,1,1,1,100,100,2.50E-04
900,Costante,5.00E-01,Costante,-5.00E-01,Costante,8.66E-01,Costante,1.00E-01,Costante,0.000000,Dirichlet,Costante,0,Dirichlet,Funzione 9,10,Dirichlet,Funzione 10,1,Dirichlet,Costante,0,15,1000000,1,1,1,1,100,100,2.50E-04
901,Costante,5.00E-01,Costante,-5.00E-01,Costante,8.66E-01,Costante,5.00E-01,Costante,0.000000,Dirichlet,Costante,0,Dirichlet,Funzione 9,10,Dirichlet,Funzione 10,1,Dirichlet,Costante,0,1.25,1000000,1,1,1,1,100,100,2.50E-04
902,Costante,5.00E-01,Costante,-5.00E-01,Costante,8.66E-01,Costante,5.00E-01,Costante,0.000000,Dirichlet,Costante,0,Dirichlet,Funzione 9,10,Dirichlet,Funzione 10,1,Dirichlet,Costante,0,2.5,1000000,1,1,1,1,100,100,2.50E-04
903,Costante,5.00E-01,Costante,-5.00E-01,Costante,8.66E-01,Costante,5.00E-01,Costante,0.000000,Dirichlet,Costante,0,Dirichlet,Funzione 9,10,Dirichlet,Funzione 10,1,Dirichlet,Costante,0,5,1000000,1,1,1,1,100,100,2.50E-04
904,Costante,5.00E-01,Costante,-5.00E-01,Costante,8.66E-01,Costante,5.00E-01,Costante,0.000000,Dirichlet,Costante,0,Dirichlet,Funzione 9,10,Dirichlet,Funzione 10,1,Dirichlet,Costante,0,10,1000000,1,1,1,1,100,100,2.50E-04
905,Costante,5.00E-01,Costante,-5.00E-01,Costante,8.66E-01,Costante,5.00E-01,Costante,0.000000,Dirichlet,Costante,0,Dirichlet,Funzione 9,10,Dirichlet,Funzione 10,1,Dirichlet,Costante,0,15,1000000,1,1,1,1,100,100,2.50E-04
906,Costante,2.50E-04,Costante,2.00E-01,Costante,1.00E-01,Costante,0.00E+00,Costante,0.000000,Dirichlet,Costante,0,Dirichlet,Costante,0,Dirichlet,Costante,1,Dirichlet,Costante,1,1.75,1000000,1,1,1,1,100,100,1.00E-04
907,Costante,2.50E-04,Costante,2.00E-01,Costante,1.00E-01,Costante,0.00E+00,Costante,0.000000,Dirichlet,Costante,0,Dirichlet,Costante,0,Dirichlet,Costante,1,Dirichlet,Costante,1,2,1000000,1,1,1,1,100,100,1.00E-04
908,Costante,2.50E-04,Costante,2.00E-01,Costante,1.00E-01,Costante,0.00E+00,Costante,0.000000,Dirichlet,Costante,0,Dirichlet,Costante,0,Dirichlet,Costante,1,Dirichlet,Costante,1,5,1000000,1,1,1,1,100,100,1.00E-04
909,Costante,2.50E-04,Costante,2.00E-01,Costante,1.00E-01,Costante,0.00E+00,Costante,0.000000,Dirichlet,Costante,0,Dirichlet,Costante,0,Dirichlet,Costante,1,Dirichlet,Costante,1,10,1000000,1,1,1,1,100,100,1.00E-04
910,Costante,2.50E-04,Costante,2.00E-01,Costante,1.00E-01,Costante,0.00E+00,Costante,0.000000,Dirichlet,Costante,0,Dirichlet,Costante,0,Dirichlet,Costante,1,Dirichlet,Costante,1,25,1000000,1,1,1,1,100,100,1.00E-04
911,Costante,2.50E-04,Costante,8.66E-01,Costante,5.00E-01,Costante,0.00E+00,Costante,0.000000,Dirichlet,Costante,0,Dirichlet,Costante,0,Dirichlet,Costante,1,Dirichlet,Costante,1,3.5,1000000,1,1,1,1,100,100,2.00E-04
912,Costante,2.50E-04,Costante,8.66E-01,Costante,5.00E-01,Costante,0.00E+00,Costante,0.000000,Dirichlet,Costante,0,Dirichlet,Costante,0,Dirichlet,Costante,1,Dirichlet,Costante,1,3.75,1000000,1,1,1,1,100,100,2.00E-04
913,Costante,2.50E-04,Costante,8.66E-01,Costante,5.00E-01,Costante,0.00E+00,Costante,0.000000,Dirichlet,Costante,0,Dirichlet,Costante,0,Dirichlet,Costante,1,Dirichlet,Costante,1,4,1000000,1,1,1,1,100,100,2.00E-04
914,Costante,2.50E-04,Costante,8.66E-01,Costante,5.00E-01,Costante,0.00E+00,Costante,0.000000,Dirichlet,Costante,0,Dirichlet,Costante,0,Dirichlet,Costante,1,Dirichlet,Costante,1,4.25,1000000,1,1,1,1,100,100,2.00E-04
915,Costante,2.50E-04,Costante,8.66E-01,Costante,5.00E-01,Costante,0.00E+00,Costante,0.000000,Dirichlet,Costante,0,Dirichlet,Costante,0,Dirichlet,Costante,1,Dirichlet,Costante,1,4.5,1000000,1,1,1,1,100,100,2.00E-04
916,Costante,2.50E-04,Costante,2.00E-01,Costante,1.00E-01,Costante,2.50E-04,Costante,0.000000,Dirichlet,Costante,0,Dirichlet,Costante,0,Dirichlet,Costante,1,Dirichlet,Costante,1,1.2,1000000,1,1,1,1,100,100,2.00E-04
917,Costante,2.50E-04,Costante,2.00E-01,Costante,1.00E-01,Costante,2.50E-04,Costante,0.000000,Dirichlet,Costante,0,Dirichlet,Costante,0,Dirichlet,Costante,1,Dirichlet,Costante,1,1.25,1000000,1,1,1,1,100,100,2.00E-04
918,Costante,2.50E-04,Costante,2.00E-01,Costante,1.00E-01,Costante,2.50E-04,Costante,0.000000,Dirichlet,Costante,0,Dirichlet,Costante,0,Dirichlet,Costante,1,Dirichlet,Costante,1,1.3,1000000,1,1,1,1,100,100,2.00E-04
919,Costante,2.50E-04,Costante,2.00E-01,Costante,1.00E-01,Costante,2.50E-04,Costante,0.000000,Dirichlet,Costante,0,Dirichlet,Costante,0,Dirichlet,Costante,1,Dirichlet,Costante,1,1.35,1000000,1,1,1,1,100,100,2.00E-04
920,Costante,2.50E-04,Costante,2.00E-01,Costante,1.00E-01,Costante,2.50E-04,Costante,0.000000,Dirichlet,Costante,0,Dirichlet,Costante,0,Dirichlet,Costante,1,Dirichlet,Costante,1,1.4,1000000,1,1,1,1,100,100,2.00E-04
921,Costante,2.50E-02,Costante,2.00E+00,Costante,1.00E+00,Costante,0.00E+00,Costante,0.000000,Dirichlet,Costante,0,Dirichlet,Costante,0,Dirichlet,Costante,1,Dirichlet,Costante,1,0.5,1000000,1,1,1,1,100,100,1.00E-04
922,Costante,2.50E-02,Costante,2.00E+00,Costante,1.00E+00,Costante,0.00E+00,Costante,0.000000,Dirichlet,Costante,0,Dirichlet,Costante,0,Dirichlet,Costante,1,Dirichlet,Costante,1,0.75,1000000,1,1,1,1,100,100,1.00E-04
923,Costante,2.50E-02,Costante,2.00E+00,Costante,1.00E+00,Costante,0.00E+00,Costante,0.000000,Dirichlet,Costante,0,Dirichlet,Costante,0,Dirichlet,Costante,1,Dirichlet,Costante,1,1,1000000,1,1,1,1,100,100,1.00E-04
924,Costante,2.50E-02,Costante,2.00E+00,Costante,1.00E+00,Costante,0.00E+00,Costante,0.000000,Dirichlet,Costante,0,Dirichlet,Costante,0,Dirichlet,Costante,1,Dirichlet,Costante,1,1.25,1000000,1,1,1,1,100,100,1.00E-04
925,Costante,2.50E-02,Costante,2.00E+00,Costante,1.00E+00,Costante,0.00E+00,Costante,0.000000,Dirichlet,Costante,0,Dirichlet,Costante,0,Dirichlet,Costante,1,Dirichlet,Costante,1,1.5,1000000,1,1,1,1,100,100,1.00E-04
926,Costante,2.50E-02,Costante,2.00E+01,Costante,1.00E+01,Costante,0.00E+00,Costante,0.000000,Dirichlet,Costante,0,Dirichlet,Costante,0,Dirichlet,Costante,1,Dirichlet,Costante,1,1,1000000,1,1,1,1,100,100,1.00E-04
927,Costante,2.50E-02,Costante,2.00E+01,Costante,1.00E+01,Costante,0.00E+00,Costante,0.000000,Dirichlet,Costante,0,Dirichlet,Costante,0,Dirichlet,Costante,1,Dirichlet,Costante,1,5,1000000,1,1,1,1,100,100,1.00E-04
928,Costante,2.50E-02,Costante,2.00E+01,Costante,1.00E+01,Costante,0.00E+00,Costante,0.000000,Dirichlet,Costante,0,Dirichlet,Costante,0,Dirichlet,Costante,1,Dirichlet,Costante,1,7.5,1000000,1,1,1,1,100,100,1.00E-04
929,Costante,2.50E-02,Costante,2.00E+01,Costante,1.00E+01,Costante,0.00E+00,Costante,0.000000,Dirichlet,Costante,0,Dirichlet,Costante,0,Dirichlet,Costante,1,Dirichlet,Costante,1,10,1000000,1,1,1,1,100,100,1.00E-04
930,Costante,2.50E-02,Costante,2.00E+01,Costante,1.00E+01,Costante,0.00E+00,Costante,0.000000,Dirichlet,Costante,0,Dirichlet,Costante,0,Dirichlet,Costante,1,Dirichlet,Costante,1,15,1000000,1,1,1,1,100,100,1.00E-04
931,Costante,2.50E-02,Costante,2.00E-01,Costante,1.00E-01,Costante,0.00E+00,Costante,0.000000,Dirichlet,Costante,0,Dirichlet,Costante,0,Dirichlet,Costante,1,Dirichlet,Costante,1,0.1,1000000,1,1,1,1,100,100,1.00E-04
932,Costante,2.50E-02,Costante,2.00E-01,Costante,1.00E-01,Costante,0.00E+00,Costante,0.000000,Dirichlet,Costante,0,Dirichlet,Costante,0,Dirichlet,Costante,1,Dirichlet,Costante,1,0.3,1000000,1,1,1,1,100,100,1.00E-04
933,Costante,2.50E-02,Costante,2.00E-01,Costante,1.00E-01,Costante,0.00E+00,Costante,0.000000,Dirichlet,Costante,0,Dirichlet,Costante,0,Dirichlet,Costante,1,Dirichlet,Costante,1,0.5,1000000,1,1,1,1,100,100,1.00E-04
934,Costante,2.50E-02,Costante,2.00E-01,Costante,1.00E-01,Costante,0.00E+00,Costante,0.000000,Dirichlet,Costante,0,Dirichlet,Costante,0,Dirichlet,Costante,1,Dirichlet,Costante,1,0.75,1000000,1,1,1,1,100,100,1.00E-04
935,Costante,2.50E-02,Costante,2.00E-01,Costante,1.00E-01,Costante,0.00E+00,Costante,0.000000,Dirichlet,Costante,0,Dirichlet,Costante,0,Dirichlet,Costante,1,Dirichlet,Costante,1,1,1000000,1,1,1,1,100,100,1.00E-04
936,Costante,2.50E-02,Costante,2.00E+00,Costante,1.00E+00,Costante,2.50E-02,Costante,0.000000,Dirichlet,Costante,0,Dirichlet,Costante,0,Dirichlet,Costante,1,Dirichlet,Costante,1,0.5,1000000,1,1,1,1,100,100,1.00E-04
937,Costante,2.50E-02,Costante,2.00E+00,Costante,1.00E+00,Costante,2.50E-02,Costante,0.000000,Dirichlet,Costante,0,Dirichlet,Costante,0,Dirichlet,Costante,1,Dirichlet,Costante,1,0.75,1000000,1,1,1,1,100,100,1.00E-04
938,Costante,2.50E-02,Costante,2.00E+00,Costante,1.00E+00,Costante,2.50E-02,Costante,0.000000,Dirichlet,Costante,0,Dirichlet,Costante,0,Dirichlet,Costante,1,Dirichlet,Costante,1,1,1000000,1,1,1,1,100,100,1.00E-04
939,Costante,2.50E-02,Costante,2.00E+00,Costante,1.00E+00,Costante,2.50E-02,Costante,0.000000,Dirichlet,Costante,0,Dirichlet,Costante,0,Dirichlet,Costante,1,Dirichlet,Costante,1,1.25,1000000,1,1,1,1,100,100,1.00E-04
940,Costante,2.50E-02,Costante,2.00E+00,Costante,1.00E+00,Costante,2.50E-02,Costante,0.000000,Dirichlet,Costante,0,Dirichlet,Costante,0,Dirichlet,Costante,1,Dirichlet,Costante,1,1.5,1000000,1,1,1,1,100,100,1.00E-04
941,Costante,2.50E-02,Costante,8.66E-01,Costante,5.00E-01,Costante,0.00E+00,Costante,0.000000,Dirichlet,Costante,0,Dirichlet,Costante,0,Dirichlet,Costante,1,Dirichlet,Costante,1,0.5,1000000,1,1,1,1,100,100,1.00E-04
942,Costante,2.50E-02,Costante,8.66E-01,Costante,5.00E-01,Costante,0.00E+00,Costante,0.000000,Dirichlet,Costante,0,Dirichlet,Costante,0,Dirichlet,Costante,1,Dirichlet,Costante,1,0.75,1000000,1,1,1,1,100,100,1.00E-04
943,Costante,2.50E-02,Costante,8.66E-01,Costante,5.00E-01,Costante,0.00E+00,Costante,0.000000,Dirichlet,Costante,0,Dirichlet,Costante,0,Dirichlet,Costante,1,Dirichlet,Costante,1,1,1000000,1,1,1,1,100,100,1.00E-04
944,Costante,2.50E-02,Costante,8.66E-01,Costante,5.00E-01,Costante,0.00E+00,Costante,0.000000,Dirichlet,Costante,0,Dirichlet,Costante,0,Dirichlet,Costante,1,Dirichlet,Costante,1,1.25,1000000,1,1,1,1,100,100,1.00E-04
945,Costante,2.50E-02,Costante,8.66E-01,Costante,5.00E-01,Costante,0.00E+00,Costante,0.000000,Dirichlet,Costante,0,Dirichlet,Costante,0,Dirichlet,Costante,1,Dirichlet,Costante,1,1.5,1000000,1,1,1,1,100,100,1.00E-04
946,Costante,2.50E-02,Costante,2.00E+00,Costante,1.00E+00,Costante,1.00E-01,Costante,0.000000,Dirichlet,Costante,0,Dirichlet,Costante,0,Dirichlet,Costante,1,Dirichlet,Costante,1,0.5,1000000,1,1,1,1,100,100,1.00E-04
947,Costante,2.50E-02,Costante,2.00E+00,Costante,1.00E+00,Costante,1.00E-01,Costante,0.000000,Dirichlet,Costante,0,Dirichlet,Costante,0,Dirichlet,Costante,1,Dirichlet,Costante,1,0.75,1000000,1,1,1,1,100,100,1.00E-04
948,Costante,2.50E-02,Costante,2.00E+00,Costante,1.00E+00,Costante,1.00E-01,Costante,0.000000,Dirichlet,Costante,0,Dirichlet,Costante,0,Dirichlet,Costante,1,Dirichlet,Costante,1,1,1000000,1,1,1,1,100,100,1.00E-04
949,Costante,2.50E-02,Costante,2.00E+00,Costante,1.00E+00,Costante,1.00E-01,Costante,0.000000,Dirichlet,Costante,0,Dirichlet,Costante,0,Dirichlet,Costante,1,Dirichlet,Costante,1,1.25,1000000,1,1,1,1,100,100,1.00E-04
950,Costante,2.50E-02,Costante,2.00E+00,Costante,1.00E+00,Costante,1.00E-01,Costante,0.000000,Dirichlet,Costante,0,Dirichlet,Costante,0,Dirichlet,Costante,1,Dirichlet,Costante,1,1.5,1000000,1,1,1,1,100,100,1.00E-04
951,Costante,2.50E-02,Costante,2.00E-01,Costante,1.00E-01,Costante,2.50E-02,Costante,0.000000,Dirichlet,Costante,0,Dirichlet,Costante,0,Dirichlet,Costante,1,Dirichlet,Costante,1,0.5,1000000,1,1,1,1,100,100,1.00E-04
952,Costante,2.50E-02,Costante,2.00E-01,Costante,1.00E-01,Costante,2.50E-02,Costante,0.000000,Dirichlet,Costante,0,Dirichlet,Costante,0,Dirichlet,Costante,1,Dirichlet,Costante,1,0.75,1000000,1,1,1,1,100,100,1.00E-04
953,Costante,2.50E-02,Costante,2.00E-01,Costante,1.00E-01,Costante,2.50E-02,Costante,0.000000,Dirichlet,Costante,0,Dirichlet,Costante,0,Dirichlet,Costante,1,Dirichlet,Costante,1,1,1000000,1,1,1,1,100,100,1.00E-04
954,Costante,2.50E-02,Costante,2.00E-01,Costante,1.00E-01,Costante,2.50E-02,Costante,0.000000,Dirichlet,Costante,0,Dirichlet,Costante,0,Dirichlet,Costante,1,Dirichlet,Costante,1,1.25,1000000,1,1,1,1,100,100,1.00E-04
955,Costante,2.50E-02,Costante,2.00E-01,Costante,1.00E-01,Costante,2.50E-02,Costante,0.000000,Dirichlet,Costante,0,Dirichlet,Costante,0,Dirichlet,Costante,1,Dirichlet,Costante,1,1.5,1000000,1,1,1,1,100,100,1.00E-04
956,Costante,5.00E-01,Costante,2.00E+00,Costante,1.00E+00,Costante,0.00E+00,Costante,0.000000,Dirichlet,Costante,0,Dirichlet,Costante,0,Dirichlet,Costante,1,Dirichlet,Costante,1,0.1,1000000,1,1,1,1,100,100,1.00E-04
957,Costante,5.00E-01,Costante,2.00E+00,Costante,1.00E+00,Costante,0.00E+00,Costante,0.000000,Dirichlet,Costante,0,Dirichlet,Costante,0,Dirichlet,Costante,1,Dirichlet,Costante,1,0.3,1000000,1,1,1,1,100,100,1.00E-04
958,Costante,5.00E-01,Costante,2.00E+00,Costante,1.00E+00,Costante,0.00E+00,Costante,0.000000,Dirichlet,Costante,0,Dirichlet,Costante,0,Dirichlet,Costante,1,Dirichlet,Costante,1,0.5,1000000,1,1,1,1,100,100,1.00E-04
959,Costante,5.00E-01,Costante,2.00E+00,Costante,1.00E+00,Costante,0.00E+00,Costante,0.000000,Dirichlet,Costante,0,Dirichlet,Costante,0,Dirichlet,Costante,1,Dirichlet,Costante,1,0.75,1000000,1,1,1,1,100,100,1.00E-04
960,Costante,5.00E-01,Costante,2.00E+00,Costante,1.00E+00,Costante,0.00E+00,Costante,0.000000,Dirichlet,Costante,0,Dirichlet,Costante,0,Dirichlet,Costante,1,Dirichlet,Costante,1,1,1000000,1,1,1,1,100,100,1.00E-04
961,Costante,5.00E-01,Costante,2.00E+01,Costante,1.00E+01,Costante,0.00E+00,Costante,0.000000,Dirichlet,Costante,0,Dirichlet,Costante,0,Dirichlet,Costante,1,Dirichlet,Costante,1,0.3,1000000,1,1,1,1,100,100,1.00E-04
962,Costante,5.00E-01,Costante,2.00E+01,Costante,1.00E+01,Costante,0.00E+00,Costante,0.000000,Dirichlet,Costante,0,Dirichlet,Costante,0,Dirichlet,Costante,1,Dirichlet,Costante,1,0.4,1000000,1,1,1,1,100,100,1.00E-04
963,Costante,5.00E-01,Costante,2.00E+01,Costante,1.00E+01,Costante,0.00E+00,Costante,0.000000,Dirichlet,Costante,0,Dirichlet,Costante,0,Dirichlet,Costante,1,Dirichlet,Costante,1,0.5,1000000,1,1,1,1,100,100,1.00E-04
964,Costante,5.00E-01,Costante,2.00E+01,Costante,1.00E+01,Costante,0.00E+00,Costante,0.000000,Dirichlet,Costante,0,Dirichlet,Costante,0,Dirichlet,Costante,1,Dirichlet,Costante,1,0.75,1000000,1,1,1,1,100,100,1.00E-04
965,Costante,5.00E-01,Costante,2.00E+01,Costante,1.00E+01,Costante,0.00E+00,Costante,0.000000,Dirichlet,Costante,0,Dirichlet,Costante,0,Dirichlet,Costante,1,Dirichlet,Costante,1,1,1000000,1,1,1,1,100,100,1.00E-04
966,Costante,5.00E-01,Costante,2.00E-01,Costante,1.00E-01,Costante,0.00E+00,Costante,0.000000,Dirichlet,Costante,0,Dirichlet,Costante,0,Dirichlet,Costante,1,Dirichlet,Costante,1,0.1,1000000,1,1,1,1,100,100,1.00E-04
967,Costante,5.00E-01,Costante,2.00E-01,Costante,1.00E-01,Costante,0.00E+00,Costante,0.000000,Dirichlet,Costante,0,Dirichlet,Costante,0,Dirichlet,Costante,1,Dirichlet,Costante,1,0.3,1000000,1,1,1,1,100,100,1.00E-04
968,Costante,5.00E-01,Costante,2.00E-01,Costante,1.00E-01,Costante,0.00E+00,Costante,0.000000,Dirichlet,Costante,0,Dirichlet,Costante,0,Dirichlet,Costante,1,Dirichlet,Costante,1,0.5,1000000,1,1,1,1,100,100,1.00E-04
969,Costante,5.00E-01,Costante,2.00E-01,Costante,1.00E-01,Costante,0.00E+00,Costante,0.000000,Dirichlet,Costante,0,Dirichlet,Costante,0,Dirichlet,Costante,1,Dirichlet,Costante,1,0.75,1000000,1,1,1,1,100,100,1.00E-04
970,Costante,5.00E-01,Costante,2.00E-01,Costante,1.00E-01,Costante,0.00E+00,Costante,0.000000,Dirichlet,Costante,0,Dirichlet,Costante,0,Dirichlet,Costante,1,Dirichlet,Costante,1,1,1000000,1,1,1,1,100,100,1.00E-04
971,Costante,5.00E-01,Costante,2.00E+00,Costante,1.00E+00,Costante,5.00E-01,Costante,0.000000,Dirichlet,Costante,0,Dirichlet,Costante,0,Dirichlet,Costante,1,Dirichlet,Costante,1,0.1,1000000,1,1,1,1,100,100,1.00E-04
972,Costante,5.00E-01,Costante,2.00E+00,Costante,1.00E+00,Costante,5.00E-01,Costante,0.000000,Dirichlet,Costante,0,Dirichlet,Costante,0,Dirichlet,Costante,1,Dirichlet,Costante,1,0.3,1000000,1,1,1,1,100,100,1.00E-04
973,Costante,5.00E-01,Costante,2.00E+00,Costante,1.00E+00,Costante,5.00E-01,Costante,0.000000,Dirichlet,Costante,0,Dirichlet,Costante,0,Dirichlet,Costante,1,Dirichlet,Costante,1,0.5,1000000,1,1,1,1,100,100,1.00E-04
974,Costante,5.00E-01,Costante,2.00E+00,Costante,1.00E+00,Costante,5.00E-01,Costante,0.000000,Dirichlet,Costante,0,Dirichlet,Costante,0,Dirichlet,Costante,1,Dirichlet,Costante,1,0.75,1000000,1,1,1,1,100,100,1.00E-04
975,Costante,5.00E-01,Costante,2.00E+00,Costante,1.00E+00,Costante,5.00E-01,Costante,0.000000,Dirichlet,Costante,0,Dirichlet,Costante,0,Dirichlet,Costante,1,Dirichlet,Costante,1,1,1000000,1,1,1,1,100,100,1.00E-04
976,Costante,5.00E-01,Costante,8.66E-01,Costante,5.00E-01,Costante,0.00E+00,Costante,0.000000,Dirichlet,Costante,0,Dirichlet,Costante,0,Dirichlet,Costante,1,Dirichlet,Costante,1,0.1,1000000,1,1,1,1,100,100,1.00E-04
977,Costante,5.00E-01,Costante,8.66E-01,Costante,5.00E-01,Costante,0.00E+00,Costante,0.000000,Dirichlet,Costante,0,Dirichlet,Costante,0,Dirichlet,Costante,1,Dirichlet,Costante,1,0.3,1000000,1,1,1,1,100,100,1.00E-04
978,Costante,5.00E-01,Costante,8.66E-01,Costante,5.00E-01,Costante,0.00E+00,Costante,0.000000,Dirichlet,Costante,0,Dirichlet,Costante,0,Dirichlet,Costante,1,Dirichlet,Costante,1,0.5,1000000,1,1,1,1,100,100,1.00E-04
979,Costante,5.00E-01,Costante,8.66E-01,Costante,5.00E-01,Costante,0.00E+00,Costante,0.000000,Dirichlet,Costante,0,Dirichlet,Costante,0,Dirichlet,Costante,1,Dirichlet,Costante,1,0.75,1000000,1,1,1,1,100,100,1.00E-04
980,Costante,5.00E-01,Costante,8.66E-01,Costante,5.00E-01,Costante,0.00E+00,Costante,0.000000,Dirichlet,Costante,0,Dirichlet,Costante,0,Dirichlet,Costante,1,Dirichlet,Costante,1,1,1000000,1,1,1,1,100,100,1.00E-04
981,Costante,5.00E-01,Costante,2.00E+00,Costante,1.00E+00,Costante,1.00E-01,Costante,0.000000,Dirichlet,Costante,0,Dirichlet,Costante,0,Dirichlet,Costante,1,Dirichlet,Costante,1,0.1,1000000,1,1,1,1,100,100,1.00E-04
982,Costante,5.00E-01,Costante,2.00E+00,Costante,1.00E+00,Costante,1.00E-01,Costante,0.000000,Dirichlet,Costante,0,Dirichlet,Costante,0,Dirichlet,Costante,1,Dirichlet,Costante,1,0.3,1000000,1,1,1,1,100,100,1.00E-04
983,Costante,5.00E-01,Costante,2.00E+00,Costante,1.00E+00,Costante,1.00E-01,Costante,0.000000,Dirichlet,Costante,0,Dirichlet,Costante,0,Dirichlet,Costante,1,Dirichlet,Costante,1,0.5,1000000,1,1,1,1,100,100,1.00E-04
984,Costante,5.00E-01,Costante,2.00E+00,Costante,1.00E+00,Costante,1.00E-01,Costante,0.000000,Dirichlet,Costante,0,Dirichlet,Costante,0,Dirichlet,Costante,1,Dirichlet,Costante,1,0.75,1000000,1,1,1,1,100,100,1.00E-04
985,Costante,5.00E-01,Costante,2.00E+00,Costante,1.00E+00,Costante,1.00E-01,Costante,0.000000,Dirichlet,Costante,0,Dirichlet,Costante,0,Dirichlet,Costante,1,Dirichlet,Costante,1,1,1000000,1,1,1,1,100,100,1.00E-04
986,Costante,5.00E-01,Costante,2.00E-01,Costante,1.00E-01,Costante,5.00E-01,Costante,0.000000,Dirichlet,Costante,0,Dirichlet,Costante,0,Dirichlet,Costante,1,Dirichlet,Costante,1,0.1,1000000,1,1,1,1,100,100,1.00E-04
987,Costante,5.00E-01,Costante,2.00E-01,Costante,1.00E-01,Costante,5.00E-01,Costante,0.000000,Dirichlet,Costante,0,Dirichlet,Costante,0,Dirichlet,Costante,1,Dirichlet,Costante,1,0.3,1000000,1,1,1,1,100,100,1.00E-04
988,Costante,5.00E-01,Costante,2.00E-01,Costante,1.00E-01,Costante,5.00E-01,Costante,0.000000,Dirichlet,Costante,0,Dirichlet,Costante,0,Dirichlet,Costante,1,Dirichlet,Costante,1,0.5,1000000,1,1,1,1,100,100,1.00E-04
989,Costante,5.00E-01,Costante,2.00E-01,Costante,1.00E-01,Costante,5.00E-01,Costante,0.000000,Dirichlet,Costante,0,Dirichlet,Costante,0,Dirichlet,Costante,1,Dirichlet,Costante,1,0.75,1000000,1,1,1,1,100,100,1.00E-04
990,Costante,5.00E-01,Costante,2.00E-01,Costante,1.00E-01,Costante,5.00E-01,Costante,0.000000,Dirichlet,Costante,0,Dirichlet,Costante,0,Dirichlet,Costante,1,Dirichlet,Costante,1,1,1000000,1,1,1,1,100,100,1.00E-04
991,Costante,2.50E-04,Costante,2.00E+00,Costante,1.00E+00,Costante,0.00E+00,Costante,0.000000,Dirichlet,Costante,1,Dirichlet,Costante,1,Dirichlet,Costante,0,Dirichlet,Costante,0,0.9375,1000000,1,1,1,1,100,100,1.00E-04
992,Costante,2.50E-04,Costante,2.00E+00,Costante,1.00E+00,Costante,0.00E+00,Costante,0.000000,Dirichlet,Costante,1,Dirichlet,Costante,1,Dirichlet,Costante,0,Dirichlet,Costante,0,0.95,1000000,1,1,1,1,100,100,1.00E-04
993,Costante,2.50E-04,Costante,2.00E+00,Costante,1.00E+00,Costante,0.00E+00,Costante,0.000000,Dirichlet,Costante,1,Dirichlet,Costante,1,Dirichlet,Costante,0,Dirichlet,Costante,0,1,1000000,1,1,1,1,100,100,1.00E-04
994,Costante,2.50E-04,Costante,2.00E+00,Costante,1.00E+00,Costante,0.00E+00,Costante,0.000000,Dirichlet,Costante,1,Dirichlet,Costante,1,Dirichlet,Costante,0,Dirichlet,Costante,0,1.025,1000000,1,1,1,1,100,100,1.00E-04
995,Costante,2.50E-04,Costante,2.00E+00,Costante,1.00E+00,Costante,0.00E+00,Costante,0.000000,Dirichlet,Costante,1,Dirichlet,Costante,1,Dirichlet,Costante,0,Dirichlet,Costante,0,1.05,1000000,1,1,1,1,100,100,1.00E-04
996,Costante,2.50E-04,Costante,2.00E+01,Costante,1.00E+01,Costante,0.00E+00,Costante,0.000000,Dirichlet,Costante,1,Dirichlet,Costante,1,Dirichlet,Costante,0,Dirichlet,Costante,0,415,1000000,1,1,1,1,100,100,1.00E-04
997,Costante,2.50E-04,Costante,2.00E+01,Costante,1.00E+01,Costante,0.00E+00,Costante,0.000000,Dirichlet,Costante,1,Dirichlet,Costante,1,Dirichlet,Costante,0,Dirichlet,Costante,0,425,1000000,1,1,1,1,100,100,1.00E-04
998,Costante,2.50E-04,Costante,2.00E+01,Costante,1.00E+01,Costante,0.00E+00,Costante,0.000000,Dirichlet,Costante,1,Dirichlet,Costante,1,Dirichlet,Costante,0,Dirichlet,Costante,0,475,1000000,1,1,1,1,100,100,1.00E-04
999,Costante,2.50E-04,Costante,2.00E+01,Costante,1.00E+01,Costante,0.00E+00,Costante,0.000000,Dirichlet,Costante,1,Dirichlet,Costante,1,Dirichlet,Costante,0,Dirichlet,Costante,0,500,1000000,1,1,1,1,100,100,1.00E-04
1000,Costante,2.50E-04,Costante,2.00E+01,Costante,1.00E+01,Costante,0.00E+00,Costante,0.000000,Dirichlet,Costante,1,Dirichlet,Costante,1,Dirichlet,Costante,0,Dirichlet,Costante,0,550,1000000,1,1,1,1,100,100,1.00E-04
1001,Costante,2.50E-04,Costante,2.00E-01,Costante,1.00E-01,Costante,0.00E+00,Costante,0.000000,Dirichlet,Costante,1,Dirichlet,Costante,1,Dirichlet,Costante,0,Dirichlet,Costante,0,1.75,1000000,1,1,1,1,100,100,1.00E-04
1002,Costante,2.50E-04,Costante,2.00E-01,Costante,1.00E-01,Costante,0.00E+00,Costante,0.000000,Dirichlet,Costante,1,Dirichlet,Costante,1,Dirichlet,Costante,0,Dirichlet,Costante,0,2.75,1000000,1,1,1,1,100,100,1.00E-04
1003,Costante,2.50E-04,Costante,2.00E-01,Costante,1.00E-01,Costante,0.00E+00,Costante,0.000000,Dirichlet,Costante,1,Dirichlet,Costante,1,Dirichlet,Costante,0,Dirichlet,Costante,0,5,1000000,1,1,1,1,100,100,1.00E-04
1004,Costante,2.50E-04,Costante,2.00E-01,Costante,1.00E-01,Costante,0.00E+00,Costante,0.000000,Dirichlet,Costante,1,Dirichlet,Costante,1,Dirichlet,Costante,0,Dirichlet,Costante,0,15,1000000,1,1,1,1,100,100,1.00E-04
1005,Costante,2.50E-04,Costante,2.00E-01,Costante,1.00E-01,Costante,0.00E+00,Costante,0.000000,Dirichlet,Costante,1,Dirichlet,Costante,1,Dirichlet,Costante,0,Dirichlet,Costante,0,25,1000000,1,1,1,1,100,100,1.00E-04
1006,Costante,2.50E-04,Costante,2.00E+00,Costante,1.00E+00,Costante,2.50E-04,Costante,0.000000,Dirichlet,Costante,1,Dirichlet,Costante,1,Dirichlet,Costante,0,Dirichlet,Costante,0,4.5,1000000,1,1,1,1,100,100,2.00E-04
1007,Costante,2.50E-04,Costante,2.00E+00,Costante,1.00E+00,Costante,2.50E-04,Costante,0.000000,Dirichlet,Costante,1,Dirichlet,Costante,1,Dirichlet,Costante,0,Dirichlet,Costante,0,5,1000000,1,1,1,1,100,100,2.00E-04
1008,Costante,2.50E-04,Costante,2.00E+00,Costante,1.00E+00,Costante,2.50E-04,Costante,0.000000,Dirichlet,Costante,1,Dirichlet,Costante,1,Dirichlet,Costante,0,Dirichlet,Costante,0,6.25,1000000,1,1,1,1,100,100,2.00E-04
1009,Costante,2.50E-04,Costante,2.00E+00,Costante,1.00E+00,Costante,2.50E-04,Costante,0.000000,Dirichlet,Costante,1,Dirichlet,Costante,1,Dirichlet,Costante,0,Dirichlet,Costante,0,7.5,1000000,1,1,1,1,100,100,2.00E-04
1010,Costante,2.50E-04,Costante,2.00E+00,Costante,1.00E+00,Costante,2.50E-04,Costante,0.000000,Dirichlet,Costante,1,Dirichlet,Costante,1,Dirichlet,Costante,0,Dirichlet,Costante,0,10,1000000,1,1,1,1,100,100,2.00E-04
1011,Costante,2.50E-04,Costante,8.66E-01,Costante,5.00E-01,Costante,0.00E+00,Costante,0.000000,Dirichlet,Costante,1,Dirichlet,Costante,1,Dirichlet,Costante,0,Dirichlet,Costante,0,3.5,1000000,1,1,1,1,100,100,2.00E-04
1012,Costante,2.50E-04,Costante,8.66E-01,Costante,5.00E-01,Costante,0.00E+00,Costante,0.000000,Dirichlet,Costante,1,Dirichlet,Costante,1,Dirichlet,Costante,0,Dirichlet,Costante,0,3.75,1000000,1,1,1,1,100,100,2.00E-04
1013,Costante,2.50E-04,Costante,8.66E-01,Costante,5.00E-01,Costante,0.00E+00,Costante,0.000000,Dirichlet,Costante,1,Dirichlet,Costante,1,Dirichlet,Costante,0,Dirichlet,Costante,0,4,1000000,1,1,1,1,100,100,2.00E-04
1014,Costante,2.50E-04,Costante,8.66E-01,Costante,5.00E-01,Costante,0.00E+00,Costante,0.000000,Dirichlet,Costante,1,Dirichlet,Costante,1,Dirichlet,Costante,0,Dirichlet,Costante,0,4.25,1000000,1,1,1,1,100,100,2.00E-04
1015,Costante,2.50E-04,Costante,8.66E-01,Costante,5.00E-01,Costante,0.00E+00,Costante,0.000000,Dirichlet,Costante,1,Dirichlet,Costante,1,Dirichlet,Costante,0,Dirichlet,Costante,0,4.5,1000000,1,1,1,1,100,100,2.00E-04
1016,Costante,2.50E-04,Costante,2.00E-01,Costante,1.00E-01,Costante,2.50E-04,Costante,0.000000,Dirichlet,Costante,1,Dirichlet,Costante,1,Dirichlet,Costante,0,Dirichlet,Costante,0,1.2,1000000,1,1,1,1,100,100,2.00E-04
1017,Costante,2.50E-04,Costante,2.00E-01,Costante,1.00E-01,Costante,2.50E-04,Costante,0.000000,Dirichlet,Costante,1,Dirichlet,Costante,1,Dirichlet,Costante,0,Dirichlet,Costante,0,1.25,1000000,1,1,1,1,100,100,2.00E-04
1018,Costante,2.50E-04,Costante,2.00E-01,Costante,1.00E-01,Costante,2.50E-04,Costante,0.000000,Dirichlet,Costante,1,Dirichlet,Costante,1,Dirichlet,Costante,0,Dirichlet,Costante,0,1.3,1000000,1,1,1,1,100,100,2.00E-04
1019,Costante,2.50E-04,Costante,2.00E-01,Costante,1.00E-01,Costante,2.50E-04,Costante,0.000000,Dirichlet,Costante,1,Dirichlet,Costante,1,Dirichlet,Costante,0,Dirichlet,Costante,0,1.35,1000000,1,1,1,1,100,100,2.00E-04
1020,Costante,2.50E-04,Costante,2.00E-01,Costante,1.00E-01,Costante,2.50E-04,Costante,0.000000,Dirichlet,Costante,1,Dirichlet,Costante,1,Dirichlet,Costante,0,Dirichlet,Costante,0,1.4,1000000,1,1,1,1,100,100,2.00E-04
1021,Costante,2.50E-02,Costante,2.00E+00,Costante,1.00E+00,Costante,0.00E+00,Costante,0.000000,Dirichlet,Costante,1,Dirichlet,Costante,1,Dirichlet,Costante,0,Dirichlet,Costante,0,0.5,1000000,1,1,1,1,100,100,1.00E-04
1022,Costante,2.50E-02,Costante,2.00E+00,Costante,1.00E+00,Costante,0.00E+00,Costante,0.000000,Dirichlet,Costante,1,Dirichlet,Costante,1,Dirichlet,Costante,0,Dirichlet,Costante,0,0.75,1000000,1,1,1,1,100,100,1.00E-04
1023,Costante,2.50E-02,Costante,2.00E+00,Costante,1.00E+00,Costante,0.00E+00,Costante,0.000000,Dirichlet,Costante,1,Dirichlet,Costante,1,Dirichlet,Costante,0,Dirichlet,Costante,0,1,1000000,1,1,1,1,100,100,1.00E-04
1024,Costante,2.50E-02,Costante,2.00E+00,Costante,1.00E+00,Costante,0.00E+00,Costante,0.000000,Dirichlet,Costante,1,Dirichlet,Costante,1,Dirichlet,Costante,0,Dirichlet,Costante,0,1.25,1000000,1,1,1,1,100,100,1.00E-04
1025,Costante,2.50E-02,Costante,2.00E+00,Costante,1.00E+00,Costante,0.00E+00,Costante,0.000000,Dirichlet,Costante,1,Dirichlet,Costante,1,Dirichlet,Costante,0,Dirichlet,Costante,0,1.5,1000000,1,1,1,1,100,100,1.00E-04
1026,Costante,2.50E-02,Costante,2.00E+01,Costante,1.00E+01,Costante,0.00E+00,Costante,0.000000,Dirichlet,Costante,1,Dirichlet,Costante,1,Dirichlet,Costante,0,Dirichlet,Costante,0,4.5,1000000,1,1,1,1,100,100,1.00E-04
1027,Costante,2.50E-02,Costante,2.00E+01,Costante,1.00E+01,Costante,0.00E+00,Costante,0.000000,Dirichlet,Costante,1,Dirichlet,Costante,1,Dirichlet,Costante,0,Dirichlet,Costante,0,5,1000000,1,1,1,1,100,100,1.00E-04
1028,Costante,2.50E-02,Costante,2.00E+01,Costante,1.00E+01,Costante,0.00E+00,Costante,0.000000,Dirichlet,Costante,1,Dirichlet,Costante,1,Dirichlet,Costante,0,Dirichlet,Costante,0,7.5,1000000,1,1,1,1,100,100,1.00E-04
1029,Costante,2.50E-02,Costante,2.00E+01,Costante,1.00E+01,Costante,0.00E+00,Costante,0.000000,Dirichlet,Costante,1,Dirichlet,Costante,1,Dirichlet,Costante,0,Dirichlet,Costante,0,10,1000000,1,1,1,1,100,100,1.00E-04
1030,Costante,2.50E-02,Costante,2.00E+01,Costante,1.00E+01,Costante,0.00E+00,Costante,0.000000,Dirichlet,Costante,1,Dirichlet,Costante,1,Dirichlet,Costante,0,Dirichlet,Costante,0,15,1000000,1,1,1,1,100,100,1.00E-04
1031,Costante,2.50E-02,Costante,2.00E-01,Costante,1.00E-01,Costante,0.00E+00,Costante,0.000000,Dirichlet,Costante,1,Dirichlet,Costante,1,Dirichlet,Costante,0,Dirichlet,Costante,0,0.1,1000000,1,1,1,1,100,100,1.00E-04
1032,Costante,2.50E-02,Costante,2.00E-01,Costante,1.00E-01,Costante,0.00E+00,Costante,0.000000,Dirichlet,Costante,1,Dirichlet,Costante,1,Dirichlet,Costante,0,Dirichlet,Costante,0,0.3,1000000,1,1,1,1,100,100,1.00E-04
1033,Costante,2.50E-02,Costante,2.00E-01,Costante,1.00E-01,Costante,0.00E+00,Costante,0.000000,Dirichlet,Costante,1,Dirichlet,Costante,1,Dirichlet,Costante,0,Dirichlet,Costante,0,0.5,1000000,1,1,1,1,100,100,1.00E-04
1034,Costante,2.50E-02,Costante,2.00E-01,Costante,1.00E-01,Costante,0.00E+00,Costante,0.000000,Dirichlet,Costante,1,Dirichlet,Costante,1,Dirichlet,Costante,0,Dirichlet,Costante,0,0.75,1000000,1,1,1,1,100,100,1.00E-04
1035,Costante,2.50E-02,Costante,2.00E-01,Costante,1.00E-01,Costante,0.00E+00,Costante,0.000000,Dirichlet,Costante,1,Dirichlet,Costante,1,Dirichlet,Costante,0,Dirichlet,Costante,0,1,1000000,1,1,1,1,100,100,1.00E-04
1036,Costante,2.50E-02,Costante,2.00E+00,Costante,1.00E+00,Costante,2.50E-02,Costante,0.000000,Dirichlet,Costante,1,Dirichlet,Costante,1,Dirichlet,Costante,0,Dirichlet,Costante,0,0.5,1000000,1,1,1,1,100,100,1.00E-04
1037,Costante,2.50E-02,Costante,2.00E+00,Costante,1.00E+00,Costante,2.50E-02,Costante,0.000000,Dirichlet,Costante,1,Dirichlet,Costante,1,Dirichlet,Costante,0,Dirichlet,Costante,0,0.75,1000000,1,1,1,1,100,100,1.00E-04
1038,Costante,2.50E-02,Costante,2.00E+00,Costante,1.00E+00,Costante,2.50E-02,Costante,0.000000,Dirichlet,Costante,1,Dirichlet,Costante,1,Dirichlet,Costante,0,Dirichlet,Costante,0,1,1000000,1,1,1,1,100,100,1.00E-04
1039,Costante,2.50E-02,Costante,2.00E+00,Costante,1.00E+00,Costante,2.50E-02,Costante,0.000000,Dirichlet,Costante,1,Dirichlet,Costante,1,Dirichlet,Costante,0,Dirichlet,Costante,0,1.25,1000000,1,1,1,1,100,100,1.00E-04
1040,Costante,2.50E-02,Costante,2.00E+00,Costante,1.00E+00,Costante,2.50E-02,Costante,0.000000,Dirichlet,Costante,1,Dirichlet,Costante,1,Dirichlet,Costante,0,Dirichlet,Costante,0,1.5,1000000,1,1,1,1,100,100,1.00E-04
1041,Costante,2.50E-02,Costante,8.66E-01,Costante,5.00E-01,Costante,0.00E+00,Costante,0.000000,Dirichlet,Costante,1,Dirichlet,Costante,1,Dirichlet,Costante,0,Dirichlet,Costante,0,0.5,1000000,1,1,1,1,100,100,1.00E-04
1042,Costante,2.50E-02,Costante,8.66E-01,Costante,5.00E-01,Costante,0.00E+00,Costante,0.000000,Dirichlet,Costante,1,Dirichlet,Costante,1,Dirichlet,Costante,0,Dirichlet,Costante,0,0.75,1000000,1,1,1,1,100,100,1.00E-04
1043,Costante,2.50E-02,Costante,8.66E-01,Costante,5.00E-01,Costante,0.00E+00,Costante,0.000000,Dirichlet,Costante,1,Dirichlet,Costante,1,Dirichlet,Costante,0,Dirichlet,Costante,0,1,1000000,1,1,1,1,100,100,1.00E-04
1044,Costante,2.50E-02,Costante,8.66E-01,Costante,5.00E-01,Costante,0.00E+00,Costante,0.000000,Dirichlet,Costante,1,Dirichlet,Costante,1,Dirichlet,Costante,0,Dirichlet,Costante,0,1.25,1000000,1,1,1,1,100,100,1.00E-04
1045,Costante,2.50E-02,Costante,8.66E-01,Costante,5.00E-01,Costante,0.00E+00,Costante,0.000000,Dirichlet,Costante,1,Dirichlet,Costante,1,Dirichlet,Costante,0,Dirichlet,Costante,0,1.5,1000000,1,1,1,1,100,100,1.00E-04
1046,Costante,2.50E-02,Costante,2.00E+00,Costante,1.00E+00,Costante,1.00E-01,Costante,0.000000,Dirichlet,Costante,1,Dirichlet,Costante,1,Dirichlet,Costante,0,Dirichlet,Costante,0,0.5,1000000,1,1,1,1,100,100,1.00E-04
1047,Costante,2.50E-02,Costante,2.00E+00,Costante,1.00E+00,Costante,1.00E-01,Costante,0.000000,Dirichlet,Costante,1,Dirichlet,Costante,1,Dirichlet,Costante,0,Dirichlet,Costante,0,0.75,1000000,1,1,1,1,100,100,1.00E-04
1048,Costante,2.50E-02,Costante,2.00E+00,Costante,1.00E+00,Costante,1.00E-01,Costante,0.000000,Dirichlet,Costante,1,Dirichlet,Costante,1,Dirichlet,Costante,0,Dirichlet,Costante,0,1,1000000,1,1,1,1,100,100,1.00E-04
1049,Costante,2.50E-02,Costante,2.00E+00,Costante,1.00E+00,Costante,1.00E-01,Costante,0.000000,Dirichlet,Costante,1,Dirichlet,Costante,1,Dirichlet,Costante,0,Dirichlet,Costante,0,1.25,1000000,1,1,1,1,100,100,1.00E-04
1050,Costante,2.50E-02,Costante,2.00E+00,Costante,1.00E+00,Costante,1.00E-01,Costante,0.000000,Dirichlet,Costante,1,Dirichlet,Costante,1,Dirichlet,Costante,0,Dirichlet,Costante,0,1.5,1000000,1,1,1,1,100,100,1.00E-04
1051,Costante,2.50E-02,Costante,2.00E-01,Costante,1.00E-01,Costante,2.50E-02,Costante,0.000000,Dirichlet,Costante,1,Dirichlet,Costante,1,Dirichlet,Costante,0,Dirichlet,Costante,0,0.5,1000000,1,1,1,1,100,100,1.00E-04
1052,Costante,2.50E-02,Costante,2.00E-01,Costante,1.00E-01,Costante,2.50E-02,Costante,0.000000,Dirichlet,Costante,1,Dirichlet,Costante,1,Dirichlet,Costante,0,Dirichlet,Costante,0,0.75,1000000,1,1,1,1,100,100,1.00E-04
1053,Costante,2.50E-02,Costante,2.00E-01,Costante,1.00E-01,Costante,2.50E-02,Costante,0.000000,Dirichlet,Costante,1,Dirichlet,Costante,1,Dirichlet,Costante,0,Dirichlet,Costante,0,1,1000000,1,1,1,1,100,100,1.00E-04
1054,Costante,2.50E-02,Costante,2.00E-01,Costante,1.00E-01,Costante,2.50E-02,Costante,0.000000,Dirichlet,Costante,1,Dirichlet,Costante,1,Dirichlet,Costante,0,Dirichlet,Costante,0,1.25,1000000,1,1,1,1,100,100,1.00E-04
1055,Costante,2.50E-02,Costante,2.00E-01,Costante,1.00E-01,Costante,2.50E-02,Costante,0.000000,Dirichlet,Costante,1,Dirichlet,Costante,1,Dirichlet,Costante,0,Dirichlet,Costante,0,1.5,1000000,1,1,1,1,100,100,1.00E-04
1056,Costante,5.00E-01,Costante,2.00E+00,Costante,1.00E+00,Costante,0.00E+00,Costante,0.000000,Dirichlet,Costante,1,Dirichlet,Costante,1,Dirichlet,Costante,0,Dirichlet,Costante,0,0.1,1000000,1,1,1,1,100,100,1.00E-04
1057,Costante,5.00E-01,Costante,2.00E+00,Costante,1.00E+00,Costante,0.00E+00,Costante,0.000000,Dirichlet,Costante,1,Dirichlet,Costante,1,Dirichlet,Costante,0,Dirichlet,Costante,0,0.3,1000000,1,1,1,1,100,100,1.00E-04
1058,Costante,5.00E-01,Costante,2.00E+00,Costante,1.00E+00,Costante,0.00E+00,Costante,0.000000,Dirichlet,Costante,1,Dirichlet,Costante,1,Dirichlet,Costante,0,Dirichlet,Costante,0,0.5,1000000,1,1,1,1,100,100,1.00E-04
1059,Costante,5.00E-01,Costante,2.00E+00,Costante,1.00E+00,Costante,0.00E+00,Costante,0.000000,Dirichlet,Costante,1,Dirichlet,Costante,1,Dirichlet,Costante,0,Dirichlet,Costante,0,0.75,1000000,1,1,1,1,100,100,1.00E-04
1060,Costante,5.00E-01,Costante,2.00E+00,Costante,1.00E+00,Costante,0.00E+00,Costante,0.000000,Dirichlet,Costante,1,Dirichlet,Costante,1,Dirichlet,Costante,0,Dirichlet,Costante,0,1,1000000,1,1,1,1,100,100,1.00E-04
1061,Costante,5.00E-01,Costante,2.00E+01,Costante,1.00E+01,Costante,0.00E+00,Costante,0.000000,Dirichlet,Costante,1,Dirichlet,Costante,1,Dirichlet,Costante,0,Dirichlet,Costante,0,0.3,1000000,1,1,1,1,100,100,1.00E-04
1062,Costante,5.00E-01,Costante,2.00E+01,Costante,1.00E+01,Costante,0.00E+00,Costante,0.000000,Dirichlet,Costante,1,Dirichlet,Costante,1,Dirichlet,Costante,0,Dirichlet,Costante,0,0.4,1000000,1,1,1,1,100,100,1.00E-04
1063,Costante,5.00E-01,Costante,2.00E+01,Costante,1.00E+01,Costante,0.00E+00,Costante,0.000000,Dirichlet,Costante,1,Dirichlet,Costante,1,Dirichlet,Costante,0,Dirichlet,Costante,0,0.5,1000000,1,1,1,1,100,100,1.00E-04
1064,Costante,5.00E-01,Costante,2.00E+01,Costante,1.00E+01,Costante,0.00E+00,Costante,0.000000,Dirichlet,Costante,1,Dirichlet,Costante,1,Dirichlet,Costante,0,Dirichlet,Costante,0,0.75,1000000,1,1,1,1,100,100,1.00E-04
1065,Costante,5.00E-01,Costante,2.00E+01,Costante,1.00E+01,Costante,0.00E+00,Costante,0.000000,Dirichlet,Costante,1,Dirichlet,Costante,1,Dirichlet,Costante,0,Dirichlet,Costante,0,1,1000000,1,1,1,1,100,100,1.00E-04
1066,Costante,5.00E-01,Costante,2.00E-01,Costante,1.00E-01,Costante,0.00E+00,Costante,0.000000,Dirichlet,Costante,1,Dirichlet,Costante,1,Dirichlet,Costante,0,Dirichlet,Costante,0,0.1,1000000,1,1,1,1,100,100,1.00E-04
1067,Costante,5.00E-01,Costante,2.00E-01,Costante,1.00E-01,Costante,0.00E+00,Costante,0.000000,Dirichlet,Costante,1,Dirichlet,Costante,1,Dirichlet,Costante,0,Dirichlet,Costante,0,0.3,1000000,1,1,1,1,100,100,1.00E-04
1068,Costante,5.00E-01,Costante,2.00E-01,Costante,1.00E-01,Costante,0.00E+00,Costante,0.000000,Dirichlet,Costante,1,Dirichlet,Costante,1,Dirichlet,Costante,0,Dirichlet,Costante,0,0.5,1000000,1,1,1,1,100,100,1.00E-04
1069,Costante,5.00E-01,Costante,2.00E-01,Costante,1.00E-01,Costante,0.00E+00,Costante,0.000000,Dirichlet,Costante,1,Dirichlet,Costante,1,Dirichlet,Costante,0,Dirichlet,Costante,0,0.75,1000000,1,1,1,1,100,100,1.00E-04
1070,Costante,5.00E-01,Costante,2.00E-01,Costante,1.00E-01,Costante,0.00E+00,Costante,0.000000,Dirichlet,Costante,1,Dirichlet,Costante,1,Dirichlet,Costante,0,Dirichlet,Costante,0,1,1000000,1,1,1,1,100,100,1.00E-04
1071,Costante,5.00E-01,Costante,2.00E+00,Costante,1.00E+00,Costante,5.00E-01,Costante,0.000000,Dirichlet,Costante,1,Dirichlet,Costante,1,Dirichlet,Costante,0,Dirichlet,Costante,0,0.1,1000000,1,1,1,1,100,100,1.00E-04
1072,Costante,5.00E-01,Costante,2.00E+00,Costante,1.00E+00,Costante,5.00E-01,Costante,0.000000,Dirichlet,Costante,1,Dirichlet,Costante,1,Dirichlet,Costante,0,Dirichlet,Costante,0,0.3,1000000,1,1,1,1,100,100,1.00E-04
1073,Costante,5.00E-01,Costante,2.00E+00,Costante,1.00E+00,Costante,5.00E-01,Costante,0.000000,Dirichlet,Costante,1,Dirichlet,Costante,1,Dirichlet,Costante,0,Dirichlet,Costante,0,0.5,1000000,1,1,1,1,100,100,1.00E-04
1074,Costante,5.00E-01,Costante,2.00E+00,Costante,1.00E+00,Costante,5.00E-01,Costante,0.000000,Dirichlet,Costante,1,Dirichlet,Costante,1,Dirichlet,Costante,0,Dirichlet,Costante,0,0.75,1000000,1,1,1,1,100,100,1.00E-04
1075,Costante,5.00E-01,Costante,2.00E+00,Costante,1.00E+00,Costante,5.00E-01,Costante,0.000000,Dirichlet,Costante,1,Dirichlet,Costante,1,Dirichlet,Costante,0,Dirichlet,Costante,0,1,1000000,1,1,1,1,100,100,1.00E-04
1076,Costante,5.00E-01,Costante,8.66E-01,Costante,5.00E-01,Costante,0.00E+00,Costante,0.000000,Dirichlet,Costante,1,Dirichlet,Costante,1,Dirichlet,Costante,0,Dirichlet,Costante,0,0.1,1000000,1,1,1,1,100,100,1.00E-04
1077,Costante,5.00E-01,Costante,8.66E-01,Costante,5.00E-01,Costante,0.00E+00,Costante,0.000000,Dirichlet,Costante,1,Dirichlet,Costante,1,Dirichlet,Costante,0,Dirichlet,Costante,0,0.3,1000000,1,1,1,1,100,100,1.00E-04
1078,Costante,5.00E-01,Costante,8.66E-01,Costante,5.00E-01,Costante,0.00E+00,Costante,0.000000,Dirichlet,Costante,1,Dirichlet,Costante,1,Dirichlet,Costante,0,Dirichlet,Costante,0,0.5,1000000,1,1,1,1,100,100,1.00E-04
1079,Costante,5.00E-01,Costante,8.66E-01,Costante,5.00E-01,Costante,0.00E+00,Costante,0.000000,Dirichlet,Costante,1,Dirichlet,Costante,1,Dirichlet,Costante,0,Dirichlet,Costante,0,0.75,1000000,1,1,1,1,100,100,1.00E-04
1080,Costante,5.00E-01,Costante,8.66E-01,Costante,5.00E-01,Costante,0.00E+00,Costante,0.000000,Dirichlet,Costante,1,Dirichlet,Costante,1,Dirichlet,Costante,0,Dirichlet,Costante,0,1,1000000,1,1,1,1,100,100,1.00E-04
1081,Costante,5.00E-01,Costante,2.00E+00,Costante,1.00E+00,Costante,1.00E-01,Costante,0.000000,Dirichlet,Costante,1,Dirichlet,Costante,1,Dirichlet,Costante,0,Dirichlet,Costante,0,0.1,1000000,1,1,1,1,100,100,1.00E-04
1082,Costante,5.00E-01,Costante,2.00E+00,Costante,1.00E+00,Costante,1.00E-01,Costante,0.000000,Dirichlet,Costante,1,Dirichlet,Costante,1,Dirichlet,Costante,0,Dirichlet,Costante,0,0.3,1000000,1,1,1,1,100,100,1.00E-04
1083,Costante,5.00E-01,Costante,2.00E+00,Costante,1.00E+00,Costante,1.00E-01,Costante,0.000000,Dirichlet,Costante,1,Dirichlet,Costante,1,Dirichlet,Costante,0,Dirichlet,Costante,0,0.5,1000000,1,1,1,1,100,100,1.00E-04
1084,Costante,5.00E-01,Costante,2.00E+00,Costante,1.00E+00,Costante,1.00E-01,Costante,0.000000,Dirichlet,Costante,1,Dirichlet,Costante,1,Dirichlet,Costante,0,Dirichlet,Costante,0,0.75,1000000,1,1,1,1,100,100,1.00E-04
1085,Costante,5.00E-01,Costante,2.00E+00,Costante,1.00E+00,Costante,1.00E-01,Costante,0.000000,Dirichlet,Costante,1,Dirichlet,Costante,1,Dirichlet,Costante,0,Dirichlet,Costante,0,1,1000000,1,1,1,1,100,100,1.00E-04
1086,Costante,5.00E-01,Costante,2.00E-01,Costante,1.00E-01,Costante,5.00E-01,Costante,0.000000,Dirichlet,Costante,1,Dirichlet,Costante,1,Dirichlet,Costante,0,Dirichlet,Costante,0,0.1,1000000,1,1,1,1,100,100,1.00E-04
1087,Costante,5.00E-01,Costante,2.00E-01,Costante,1.00E-01,Costante,5.00E-01,Costante,0.000000,Dirichlet,Costante,1,Dirichlet,Costante,1,Dirichlet,Costante,0,Dirichlet,Costante,0,0.3,1000000,1,1,1,1,100,100,1.00E-04
1088,Costante,5.00E-01,Costante,2.00E-01,Costante,1.00E-01,Costante,5.00E-01,Costante,0.000000,Dirichlet,Costante,1,Dirichlet,Costante,1,Dirichlet,Costante,0,Dirichlet,Costante,0,0.5,1000000,1,1,1,1,100,100,1.00E-04
1089,Costante,5.00E-01,Costante,2.00E-01,Costante,1.00E-01,Costante,5.00E-01,Costante,0.000000,Dirichlet,Costante,1,Dirichlet,Costante,1,Dirichlet,Costante,0,Dirichlet,Costante,0,0.75,1000000,1,1,1,1,100,100,1.00E-04
1090,Costante,5.00E-01,Costante,2.00E-01,Costante,1.00E-01,Costante,5.00E-01,Costante,0.000000,Dirichlet,Costante,1,Dirichlet,Costante,1,Dirichlet,Costante,0,Dirichlet,Costante,0,0.875,1000000,1,1,1,1,100,100,1.00E-04
1091,Costante,2.50E-04,Costante,2.00E-01,Costante,1.00E-01,Costante,0.00E+00,Costante,0.000000,Dirichlet,Costante,0,Dirichlet,Costante,1,Dirichlet,Costante,1,Dirichlet,Costante,0,21,1000000,1,1,1,1,100,100,1.00E-04
1092,Costante,2.50E-04,Costante,2.00E-01,Costante,1.00E-01,Costante,0.00E+00,Costante,0.000000,Dirichlet,Costante,0,Dirichlet,Costante,1,Dirichlet,Costante,1,Dirichlet,Costante,0,22.25,1000000,1,1,1,1,100,100,1.00E-04
1093,Costante,2.50E-04,Costante,2.00E-01,Costante,1.00E-01,Costante,0.00E+00,Costante,0.000000,Dirichlet,Costante,0,Dirichlet,Costante,1,Dirichlet,Costante,1,Dirichlet,Costante,0,23.5,1000000,1,1,1,1,100,100,1.00E-04
1094,Costante,2.50E-04,Costante,2.00E-01,Costante,1.00E-01,Costante,0.00E+00,Costante,0.000000,Dirichlet,Costante,0,Dirichlet,Costante,1,Dirichlet,Costante,1,Dirichlet,Costante,0,24,1000000,1,1,1,1,100,100,1.00E-04
1095,Costante,2.50E-04,Costante,2.00E-01,Costante,1.00E-01,Costante,0.00E+00,Costante,0.000000,Dirichlet,Costante,0,Dirichlet,Costante,1,Dirichlet,Costante,1,Dirichlet,Costante,0,25,1000000,1,1,1,1,100,100,1.00E-04
1096,Costante,2.50E-04,Costante,8.66E-01,Costante,5.00E-01,Costante,0.00E+00,Costante,0.000000,Dirichlet,Costante,0,Dirichlet,Costante,1,Dirichlet,Costante,1,Dirichlet,Costante,0,3.5,1000000,1,1,1,1,100,100,2.00E-04
1097,Costante,2.50E-04,Costante,8.66E-01,Costante,5.00E-01,Costante,0.00E+00,Costante,0.000000,Dirichlet,Costante,0,Dirichlet,Costante,1,Dirichlet,Costante,1,Dirichlet,Costante,0,3.75,1000000,1,1,1,1,100,100,2.00E-04
1098,Costante,2.50E-04,Costante,8.66E-01,Costante,5.00E-01,Costante,0.00E+00,Costante,0.000000,Dirichlet,Costante,0,Dirichlet,Costante,1,Dirichlet,Costante,1,Dirichlet,Costante,0,4,1000000,1,1,1,1,100,100,2.00E-04
1099,Costante,2.50E-04,Costante,8.66E-01,Costante,5.00E-01,Costante,0.00E+00,Costante,0.000000,Dirichlet,Costante,0,Dirichlet,Costante,1,Dirichlet,Costante,1,Dirichlet,Costante,0,4.25,1000000,1,1,1,1,100,100,2.00E-04
1100,Costante,2.50E-04,Costante,8.66E-01,Costante,5.00E-01,Costante,0.00E+00,Costante,0.000000,Dirichlet,Costante,0,Dirichlet,Costante,1,Dirichlet,Costante,1,Dirichlet,Costante,0,4.5,1000000,1,1,1,1,100,100,2.00E-04
1101,Costante,2.50E-04,Costante,2.00E-01,Costante,1.00E-01,Costante,2.50E-04,Costante,0.000000,Dirichlet,Costante,0,Dirichlet,Costante,1,Dirichlet,Costante,1,Dirichlet,Costante,0,25,1000000,1,1,1,1,100,100,2.00E-04
1102,Costante,2.50E-04,Costante,2.00E-01,Costante,1.00E-01,Costante,2.50E-04,Costante,0.000000,Dirichlet,Costante,0,Dirichlet,Costante,1,Dirichlet,Costante,1,Dirichlet,Costante,0,35,1000000,1,1,1,1,100,100,2.00E-04
1103,Costante,2.50E-04,Costante,2.00E-01,Costante,1.00E-01,Costante,2.50E-04,Costante,0.000000,Dirichlet,Costante,0,Dirichlet,Costante,1,Dirichlet,Costante,1,Dirichlet,Costante,0,42.5,1000000,1,1,1,1,100,100,2.00E-04
1104,Costante,2.50E-04,Costante,2.00E-01,Costante,1.00E-01,Costante,2.50E-04,Costante,0.000000,Dirichlet,Costante,0,Dirichlet,Costante,1,Dirichlet,Costante,1,Dirichlet,Costante,0,50,1000000,1,1,1,1,100,100,2.00E-04
1105,Costante,2.50E-04,Costante,2.00E-01,Costante,1.00E-01,Costante,2.50E-04,Costante,0.000000,Dirichlet,Costante,0,Dirichlet,Costante,1,Dirichlet,Costante,1,Dirichlet,Costante,0,62.5,1000000,1,1,1,1,100,100,2.00E-04
1106,Costante,2.50E-02,Costante,2.00E+00,Costante,1.00E+00,Costante,0.00E+00,Costante,0.000000,Dirichlet,Costante,0,Dirichlet,Costante,1,Dirichlet,Costante,1,Dirichlet,Costante,0,1,1000000,1,1,1,1,100,100,1.00E-04
1107,Costante,2.50E-02,Costante,2.00E+00,Costante,1.00E+00,Costante,0.00E+00,Costante,0.000000,Dirichlet,Costante,0,Dirichlet,Costante,1,Dirichlet,Costante,1,Dirichlet,Costante,0,1.5,1000000,1,1,1,1,100,100,1.00E-04
1108,Costante,2.50E-02,Costante,2.00E+00,Costante,1.00E+00,Costante,0.00E+00,Costante,0.000000,Dirichlet,Costante,0,Dirichlet,Costante,1,Dirichlet,Costante,1,Dirichlet,Costante,0,2.5,1000000,1,1,1,1,100,100,1.00E-04
1109,Costante,2.50E-02,Costante,2.00E+00,Costante,1.00E+00,Costante,0.00E+00,Costante,0.000000,Dirichlet,Costante,0,Dirichlet,Costante,1,Dirichlet,Costante,1,Dirichlet,Costante,0,5,1000000,1,1,1,1,100,100,1.00E-04
1110,Costante,2.50E-02,Costante,2.00E+00,Costante,1.00E+00,Costante,0.00E+00,Costante,0.000000,Dirichlet,Costante,0,Dirichlet,Costante,1,Dirichlet,Costante,1,Dirichlet,Costante,0,10,1000000,1,1,1,1,100,100,1.00E-04
1111,Costante,2.50E-02,Costante,2.00E+01,Costante,1.00E+01,Costante,0.00E+00,Costante,0.000000,Dirichlet,Costante,0,Dirichlet,Costante,1,Dirichlet,Costante,1,Dirichlet,Costante,0,20,1000000,1,1,1,1,100,100,1.00E-04
1112,Costante,2.50E-02,Costante,2.00E+01,Costante,1.00E+01,Costante,0.00E+00,Costante,0.000000,Dirichlet,Costante,0,Dirichlet,Costante,1,Dirichlet,Costante,1,Dirichlet,Costante,0,22.5,1000000,1,1,1,1,100,100,1.00E-04
1113,Costante,2.50E-02,Costante,2.00E+01,Costante,1.00E+01,Costante,0.00E+00,Costante,0.000000,Dirichlet,Costante,0,Dirichlet,Costante,1,Dirichlet,Costante,1,Dirichlet,Costante,0,25,1000000,1,1,1,1,100,100,1.00E-04
1114,Costante,2.50E-02,Costante,2.00E+01,Costante,1.00E+01,Costante,0.00E+00,Costante,0.000000,Dirichlet,Costante,0,Dirichlet,Costante,1,Dirichlet,Costante,1,Dirichlet,Costante,0,27.5,1000000,1,1,1,1,100,100,1.00E-04
1115,Costante,2.50E-02,Costante,2.00E+01,Costante,1.00E+01,Costante,0.00E+00,Costante,0.000000,Dirichlet,Costante,0,Dirichlet,Costante,1,Dirichlet,Costante,1,Dirichlet,Costante,0,30,1000000,1,1,1,1,100,100,1.00E-04
1116,Costante,2.50E-02,Costante,2.00E-01,Costante,1.00E-01,Costante,0.00E+00,Costante,0.000000,Dirichlet,Costante,0,Dirichlet,Costante,1,Dirichlet,Costante,1,Dirichlet,Costante,0,0.2,1000000,1,1,1,1,100,100,1.00E-04
1117,Costante,2.50E-02,Costante,2.00E-01,Costante,1.00E-01,Costante,0.00E+00,Costante,0.000000,Dirichlet,Costante,0,Dirichlet,Costante,1,Dirichlet,Costante,1,Dirichlet,Costante,0,0.3,1000000,1,1,1,1,100,100,1.00E-04
1118,Costante,2.50E-02,Costante,2.00E-01,Costante,1.00E-01,Costante,0.00E+00,Costante,0.000000,Dirichlet,Costante,0,Dirichlet,Costante,1,Dirichlet,Costante,1,Dirichlet,Costante,0,0.5,1000000,1,1,1,1,100,100,1.00E-04
1119,Costante,2.50E-02,Costante,2.00E-01,Costante,1.00E-01,Costante,0.00E+00,Costante,0.000000,Dirichlet,Costante,0,Dirichlet,Costante,1,Dirichlet,Costante,1,Dirichlet,Costante,0,0.75,1000000,1,1,1,1,100,100,1.00E-04
1120,Costante,2.50E-02,Costante,2.00E-01,Costante,1.00E-01,Costante,0.00E+00,Costante,0.000000,Dirichlet,Costante,0,Dirichlet,Costante,1,Dirichlet,Costante,1,Dirichlet,Costante,0,1,1000000,1,1,1,1,100,100,1.00E-04
1121,Costante,2.50E-02,Costante,2.00E+00,Costante,1.00E+00,Costante,2.50E-02,Costante,0.000000,Dirichlet,Costante,0,Dirichlet,Costante,1,Dirichlet,Costante,1,Dirichlet,Costante,0,1,1000000,1,1,1,1,100,100,1.00E-04
1122,Costante,2.50E-02,Costante,2.00E+00,Costante,1.00E+00,Costante,2.50E-02,Costante,0.000000,Dirichlet,Costante,0,Dirichlet,Costante,1,Dirichlet,Costante,1,Dirichlet,Costante,0,1.5,1000000,1,1,1,1,100,100,1.00E-04
1123,Costante,2.50E-02,Costante,2.00E+00,Costante,1.00E+00,Costante,2.50E-02,Costante,0.000000,Dirichlet,Costante,0,Dirichlet,Costante,1,Dirichlet,Costante,1,Dirichlet,Costante,0,2,1000000,1,1,1,1,100,100,1.00E-04
1124,Costante,2.50E-02,Costante,2.00E+00,Costante,1.00E+00,Costante,2.50E-02,Costante,0.000000,Dirichlet,Costante,0,Dirichlet,Costante,1,Dirichlet,Costante,1,Dirichlet,Costante,0,5,1000000,1,1,1,1,100,100,1.00E-04
1125,Costante,2.50E-02,Costante,2.00E+00,Costante,1.00E+00,Costante,2.50E-02,Costante,0.000000,Dirichlet,Costante,0,Dirichlet,Costante,1,Dirichlet,Costante,1,Dirichlet,Costante,0,10,1000000,1,1,1,1,100,100,1.00E-04
1126,Costante,2.50E-02,Costante,8.66E-01,Costante,5.00E-01,Costante,0.00E+00,Costante,0.000000,Dirichlet,Costante,0,Dirichlet,Costante,1,Dirichlet,Costante,1,Dirichlet,Costante,0,0.5,1000000,1,1,1,1,100,100,1.00E-04
1127,Costante,2.50E-02,Costante,8.66E-01,Costante,5.00E-01,Costante,0.00E+00,Costante,0.000000,Dirichlet,Costante,0,Dirichlet,Costante,1,Dirichlet,Costante,1,Dirichlet,Costante,0,0.75,1000000,1,1,1,1,100,100,1.00E-04
1128,Costante,2.50E-02,Costante,8.66E-01,Costante,5.00E-01,Costante,0.00E+00,Costante,0.000000,Dirichlet,Costante,0,Dirichlet,Costante,1,Dirichlet,Costante,1,Dirichlet,Costante,0,1,1000000,1,1,1,1,100,100,1.00E-04
1129,Costante,2.50E-02,Costante,8.66E-01,Costante,5.00E-01,Costante,0.00E+00,Costante,0.000000,Dirichlet,Costante,0,Dirichlet,Costante,1,Dirichlet,Costante,1,Dirichlet,Costante,0,1.25,1000000,1,1,1,1,100,100,1.00E-04
1130,Costante,2.50E-02,Costante,8.66E-01,Costante,5.00E-01,Costante,0.00E+00,Costante,0.000000,Dirichlet,Costante,0,Dirichlet,Costante,1,Dirichlet,Costante,1,Dirichlet,Costante,0,1.5,1000000,1,1,1,1,100,100,1.00E-04
1131,Costante,2.50E-02,Costante,2.00E+00,Costante,1.00E+00,Costante,1.00E-01,Costante,0.000000,Dirichlet,Costante,0,Dirichlet,Costante,1,Dirichlet,Costante,1,Dirichlet,Costante,0,1,1000000,1,1,1,1,100,100,1.00E-04
1132,Costante,2.50E-02,Costante,2.00E+00,Costante,1.00E+00,Costante,1.00E-01,Costante,0.000000,Dirichlet,Costante,0,Dirichlet,Costante,1,Dirichlet,Costante,1,Dirichlet,Costante,0,1.5,1000000,1,1,1,1,100,100,1.00E-04
1133,Costante,2.50E-02,Costante,2.00E+00,Costante,1.00E+00,Costante,1.00E-01,Costante,0.000000,Dirichlet,Costante,0,Dirichlet,Costante,1,Dirichlet,Costante,1,Dirichlet,Costante,0,2,1000000,1,1,1,1,100,100,1.00E-04
1134,Costante,2.50E-02,Costante,2.00E+00,Costante,1.00E+00,Costante,1.00E-01,Costante,0.000000,Dirichlet,Costante,0,Dirichlet,Costante,1,Dirichlet,Costante,1,Dirichlet,Costante,0,5,1000000,1,1,1,1,100,100,1.00E-04
1135,Costante,2.50E-02,Costante,2.00E+00,Costante,1.00E+00,Costante,1.00E-01,Costante,0.000000,Dirichlet,Costante,0,Dirichlet,Costante,1,Dirichlet,Costante,1,Dirichlet,Costante,0,10,1000000,1,1,1,1,100,100,1.00E-04
1136,Costante,2.50E-02,Costante,2.00E-01,Costante,1.00E-01,Costante,2.50E-02,Costante,0.000000,Dirichlet,Costante,0,Dirichlet,Costante,1,Dirichlet,Costante,1,Dirichlet,Costante,0,0.5,1000000,1,1,1,1,100,100,1.00E-04
1137,Costante,2.50E-02,Costante,2.00E-01,Costante,1.00E-01,Costante,2.50E-02,Costante,0.000000,Dirichlet,Costante,0,Dirichlet,Costante,1,Dirichlet,Costante,1,Dirichlet,Costante,0,0.75,1000000,1,1,1,1,100,100,1.00E-04
1138,Costante,2.50E-02,Costante,2.00E-01,Costante,1.00E-01,Costante,2.50E-02,Costante,0.000000,Dirichlet,Costante,0,Dirichlet,Costante,1,Dirichlet,Costante,1,Dirichlet,Costante,0,1,1000000,1,1,1,1,100,100,1.00E-04
1139,Costante,2.50E-02,Costante,2.00E-01,Costante,1.00E-01,Costante,2.50E-02,Costante,0.000000,Dirichlet,Costante,0,Dirichlet,Costante,1,Dirichlet,Costante,1,Dirichlet,Costante,0,1.25,1000000,1,1,1,1,100,100,1.00E-04
1140,Costante,2.50E-02,Costante,2.00E-01,Costante,1.00E-01,Costante,2.50E-02,Costante,0.000000,Dirichlet,Costante,0,Dirichlet,Costante,1,Dirichlet,Costante,1,Dirichlet,Costante,0,1.5,1000000,1,1,1,1,100,100,1.00E-04
1141,Costante,5.00E-01,Costante,2.00E+00,Costante,1.00E+00,Costante,0.00E+00,Costante,0.000000,Dirichlet,Costante,0,Dirichlet,Costante,1,Dirichlet,Costante,1,Dirichlet,Costante,0,0.1,1000000,1,1,1,1,100,100,1.00E-04
1142,Costante,5.00E-01,Costante,2.00E+00,Costante,1.00E+00,Costante,0.00E+00,Costante,0.000000,Dirichlet,Costante,0,Dirichlet,Costante,1,Dirichlet,Costante,1,Dirichlet,Costante,0,0.3,1000000,1,1,1,1,100,100,1.00E-04
1143,Costante,5.00E-01,Costante,2.00E+00,Costante,1.00E+00,Costante,0.00E+00,Costante,0.000000,Dirichlet,Costante,0,Dirichlet,Costante,1,Dirichlet,Costante,1,Dirichlet,Costante,0,0.5,1000000,1,1,1,1,100,100,1.00E-04
1144,Costante,5.00E-01,Costante,2.00E+00,Costante,1.00E+00,Costante,0.00E+00,Costante,0.000000,Dirichlet,Costante,0,Dirichlet,Costante,1,Dirichlet,Costante,1,Dirichlet,Costante,0,0.75,1000000,1,1,1,1,100,100,1.00E-04
1145,Costante,5.00E-01,Costante,2.00E+00,Costante,1.00E+00,Costante,0.00E+00,Costante,0.000000,Dirichlet,Costante,0,Dirichlet,Costante,1,Dirichlet,Costante,1,Dirichlet,Costante,0,1,1000000,1,1,1,1,100,100,1.00E-04
1146,Costante,5.00E-01,Costante,2.00E+01,Costante,1.00E+01,Costante,0.00E+00,Costante,0.000000,Dirichlet,Costante,0,Dirichlet,Costante,1,Dirichlet,Costante,1,Dirichlet,Costante,0,0.4,1000000,1,1,1,1,100,100,1.00E-04
1147,Costante,5.00E-01,Costante,2.00E+01,Costante,1.00E+01,Costante,0.00E+00,Costante,0.000000,Dirichlet,Costante,0,Dirichlet,Costante,1,Dirichlet,Costante,1,Dirichlet,Costante,0,0.5,1000000,1,1,1,1,100,100,1.00E-04
1148,Costante,5.00E-01,Costante,2.00E+01,Costante,1.00E+01,Costante,0.00E+00,Costante,0.000000,Dirichlet,Costante,0,Dirichlet,Costante,1,Dirichlet,Costante,1,Dirichlet,Costante,0,0.75,1000000,1,1,1,1,100,100,1.00E-04
1149,Costante,5.00E-01,Costante,2.00E+01,Costante,1.00E+01,Costante,0.00E+00,Costante,0.000000,Dirichlet,Costante,0,Dirichlet,Costante,1,Dirichlet,Costante,1,Dirichlet,Costante,0,1,1000000,1,1,1,1,100,100,1.00E-04
1150,Costante,5.00E-01,Costante,2.00E+01,Costante,1.00E+01,Costante,0.00E+00,Costante,0.000000,Dirichlet,Costante,0,Dirichlet,Costante,1,Dirichlet,Costante,1,Dirichlet,Costante,0,1.5,1000000,1,1,1,1,100,100,1.00E-04
1151,Costante,5.00E-01,Costante,2.00E-01,Costante,1.00E-01,Costante,0.00E+00,Costante,0.000000,Dirichlet,Costante,0,Dirichlet,Costante,1,Dirichlet,Costante,1,Dirichlet,Costante,0,0.1,1000000,1,1,1,1,100,100,1.00E-04
1152,Costante,5.00E-01,Costante,2.00E-01,Costante,1.00E-01,Costante,0.00E+00,Costante,0.000000,Dirichlet,Costante,0,Dirichlet,Costante,1,Dirichlet,Costante,1,Dirichlet,Costante,0,0.3,1000000,1,1,1,1,100,100,1.00E-04
1153,Costante,5.00E-01,Costante,2.00E-01,Costante,1.00E-01,Costante,0.00E+00,Costante,0.000000,Dirichlet,Costante,0,Dirichlet,Costante,1,Dirichlet,Costante,1,Dirichlet,Costante,0,0.5,1000000,1,1,1,1,100,100,1.00E-04
1154,Costante,5.00E-01,Costante,2.00E-01,Costante,1.00E-01,Costante,0.00E+00,Costante,0.000000,Dirichlet,Costante,0,Dirichlet,Costante,1,Dirichlet,Costante,1,Dirichlet,Costante,0,0.75,1000000,1,1,1,1,100,100,1.00E-04
1155,Costante,5.00E-01,Costante,2.00E-01,Costante,1.00E-01,Costante,0.00E+00,Costante,0.000000,Dirichlet,Costante,0,Dirichlet,Costante,1,Dirichlet,Costante,1,Dirichlet,Costante,0,1,1000000,1,1,1,1,100,100,1.00E-04
1156,Costante,5.00E-01,Costante,2.00E+00,Costante,1.00E+00,Costante,5.00E-01,Costante,0.000000,Dirichlet,Costante,0,Dirichlet,Costante,1,Dirichlet,Costante,1,Dirichlet,Costante,0,0.1,1000000,1,1,1,1,100,100,1.00E-04
1157,Costante,5.00E-01,Costante,2.00E+00,Costante,1.00E+00,Costante,5.00E-01,Costante,0.000000,Dirichlet,Costante,0,Dirichlet,Costante,1,Dirichlet,Costante,1,Dirichlet,Costante,0,0.3,1000000,1,1,1,1,100,100,1.00E-04
1158,Costante,5.00E-01,Costante,2.00E+00,Costante,1.00E+00,Costante,5.00E-01,Costante,0.000000,Dirichlet,Costante,0,Dirichlet,Costante,1,Dirichlet,Costante,1,Dirichlet,Costante,0,0.5,1000000,1,1,1,1,100,100,1.00E-04
1159,Costante,5.00E-01,Costante,2.00E+00,Costante,1.00E+00,Costante,5.00E-01,Costante,0.000000,Dirichlet,Costante,0,Dirichlet,Costante,1,Dirichlet,Costante,1,Dirichlet,Costante,0,0.75,1000000,1,1,1,1,100,100,1.00E-04
1160,Costante,5.00E-01,Costante,2.00E+00,Costante,1.00E+00,Costante,5.00E-01,Costante,0.000000,Dirichlet,Costante,0,Dirichlet,Costante,1,Dirichlet,Costante,1,Dirichlet,Costante,0,1,1000000,1,1,1,1,100,100,1.00E-04
1161,Costante,5.00E-01,Costante,8.66E-01,Costante,5.00E-01,Costante,0.00E+00,Costante,0.000000,Dirichlet,Costante,0,Dirichlet,Costante,1,Dirichlet,Costante,1,Dirichlet,Costante,0,0.1,1000000,1,1,1,1,100,100,1.00E-04
1162,Costante,5.00E-01,Costante,8.66E-01,Costante,5.00E-01,Costante,0.00E+00,Costante,0.000000,Dirichlet,Costante,0,Dirichlet,Costante,1,Dirichlet,Costante,1,Dirichlet,Costante,0,0.3,1000000,1,1,1,1,100,100,1.00E-04
1163,Costante,5.00E-01,Costante,8.66E-01,Costante,5.00E-01,Costante,0.00E+00,Costante,0.000000,Dirichlet,Costante,0,Dirichlet,Costante,1,Dirichlet,Costante,1,Dirichlet,Costante,0,0.5,1000000,1,1,1,1,100,100,1.00E-04
1164,Costante,5.00E-01,Costante,8.66E-01,Costante,5.00E-01,Costante,0.00E+00,Costante,0.000000,Dirichlet,Costante,0,Dirichlet,Costante,1,Dirichlet,Costante,1,Dirichlet,Costante,0,0.75,1000000,1,1,1,1,100,100,1.00E-04
1165,Costante,5.00E-01,Costante,8.66E-01,Costante,5.00E-01,Costante,0.00E+00,Costante,0.000000,Dirichlet,Costante,0,Dirichlet,Costante,1,Dirichlet,Costante,1,Dirichlet,Costante,0,1,1000000,1,1,1,1,100,100,1.00E-04
1166,Costante,5.00E-01,Costante,2.00E+00,Costante,1.00E+00,Costante,1.00E-01,Costante,0.000000,Dirichlet,Costante,0,Dirichlet,Costante,1,Dirichlet,Costante,1,Dirichlet,Costante,0,0.1,1000000,1,1,1,1,100,100,1.00E-04
1167,Costante,5.00E-01,Costante,2.00E+00,Costante,1.00E+00,Costante,1.00E-01,Costante,0.000000,Dirichlet,Costante,0,Dirichlet,Costante,1,Dirichlet,Costante,1,Dirichlet,Costante,0,0.3,1000000,1,1,1,1,100,100,1.00E-04
1168,Costante,5.00E-01,Costante,2.00E+00,Costante,1.00E+00,Costante,1.00E-01,Costante,0.000000,Dirichlet,Costante,0,Dirichlet,Costante,1,Dirichlet,Costante,1,Dirichlet,Costante,0,0.5,1000000,1,1,1,1,100,100,1.00E-04
1169,Costante,5.00E-01,Costante,2.00E+00,Costante,1.00E+00,Costante,1.00E-01,Costante,0.000000,Dirichlet,Costante,0,Dirichlet,Costante,1,Dirichlet,Costante,1,Dirichlet,Costante,0,0.75,1000000,1,1,1,1,100,100,1.00E-04
1170,Costante,5.00E-01,Costante,2.00E+00,Costante,1.00E+00,Costante,1.00E-01,Costante,0.000000,Dirichlet,Costante,0,Dirichlet,Costante,1,Dirichlet,Costante,1,Dirichlet,Costante,0,1,1000000,1,1,1,1,100,100,1.00E-04
1171,Costante,5.00E-01,Costante,2.00E-01,Costante,1.00E-01,Costante,5.00E-01,Costante,0.000000,Dirichlet,Costante,0,Dirichlet,Costante,1,Dirichlet,Costante,1,Dirichlet,Costante,0,0.1,1000000,1,1,1,1,100,100,1.00E-04
1172,Costante,5.00E-01,Costante,2.00E-01,Costante,1.00E-01,Costante,5.00E-01,Costante,0.000000,Dirichlet,Costante,0,Dirichlet,Costante,1,Dirichlet,Costante,1,Dirichlet,Costante,0,0.3,1000000,1,1,1,1,100,100,1.00E-04
1173,Costante,5.00E-01,Costante,2.00E-01,Costante,1.00E-01,Costante,5.00E-01,Costante,0.000000,Dirichlet,Costante,0,Dirichlet,Costante,1,Dirichlet,Costante,1,Dirichlet,Costante,0,0.5,1000000,1,1,1,1,100,100,1.00E-04
1174,Costante,5.00E-01,Costante,2.00E-01,Costante,1.00E-01,Costante,5.00E-01,Costante,0.000000,Dirichlet,Costante,0,Dirichlet,Costante,1,Dirichlet,Costante,1,Dirichlet,Costante,0,0.75,1000000,1,1,1,1,100,100,1.00E-04
1175,Costante,5.00E-01,Costante,2.00E-01,Costante,1.00E-01,Costante,5.00E-01,Costante,0.000000,Dirichlet,Costante,0,Dirichlet,Costante,1,Dirichlet,Costante,1,Dirichlet,Costante,0,1,1000000,1,1,1,1,100,100,1.00E-04
1176,Costante,2.50E-04,Costante,2.00E-01,Costante,1.00E-01,Costante,0.00E+00,Costante,0.000000,Dirichlet,Costante,1,Dirichlet,Costante,0,Dirichlet,Costante,0,Dirichlet,Costante,1,21,1000000,1,1,1,1,100,100,1.00E-04
1177,Costante,2.50E-04,Costante,2.00E-01,Costante,1.00E-01,Costante,0.00E+00,Costante,0.000000,Dirichlet,Costante,1,Dirichlet,Costante,0,Dirichlet,Costante,0,Dirichlet,Costante,1,23,1000000,1,1,1,1,100,100,1.00E-04
1178,Costante,2.50E-04,Costante,2.00E-01,Costante,1.00E-01,Costante,0.00E+00,Costante,0.000000,Dirichlet,Costante,1,Dirichlet,Costante,0,Dirichlet,Costante,0,Dirichlet,Costante,1,25,1000000,1,1,1,1,100,100,1.00E-04
1179,Costante,2.50E-04,Costante,2.00E-01,Costante,1.00E-01,Costante,0.00E+00,Costante,0.000000,Dirichlet,Costante,1,Dirichlet,Costante,0,Dirichlet,Costante,0,Dirichlet,Costante,1,30,1000000,1,1,1,1,100,100,1.00E-04
1180,Costante,2.50E-04,Costante,2.00E-01,Costante,1.00E-01,Costante,0.00E+00,Costante,0.000000,Dirichlet,Costante,1,Dirichlet,Costante,0,Dirichlet,Costante,0,Dirichlet,Costante,1,35,1000000,1,1,1,1,100,100,1.00E-04
1181,Costante,2.50E-04,Costante,8.66E-01,Costante,5.00E-01,Costante,0.00E+00,Costante,0.000000,Dirichlet,Costante,1,Dirichlet,Costante,0,Dirichlet,Costante,0,Dirichlet,Costante,1,3.5,1000000,1,1,1,1,100,100,2.00E-04
1182,Costante,2.50E-04,Costante,8.66E-01,Costante,5.00E-01,Costante,0.00E+00,Costante,0.000000,Dirichlet,Costante,1,Dirichlet,Costante,0,Dirichlet,Costante,0,Dirichlet,Costante,1,3.75,1000000,1,1,1,1,100,100,2.00E-04
1183,Costante,2.50E-04,Costante,8.66E-01,Costante,5.00E-01,Costante,0.00E+00,Costante,0.000000,Dirichlet,Costante,1,Dirichlet,Costante,0,Dirichlet,Costante,0,Dirichlet,Costante,1,4,1000000,1,1,1,1,100,100,2.00E-04
1184,Costante,2.50E-04,Costante,8.66E-01,Costante,5.00E-01,Costante,0.00E+00,Costante,0.000000,Dirichlet,Costante,1,Dirichlet,Costante,0,Dirichlet,Costante,0,Dirichlet,Costante,1,4.25,1000000,1,1,1,1,100,100,2.00E-04
1185,Costante,2.50E-04,Costante,8.66E-01,Costante,5.00E-01,Costante,0.00E+00,Costante,0.000000,Dirichlet,Costante,1,Dirichlet,Costante,0,Dirichlet,Costante,0,Dirichlet,Costante,1,4.5,1000000,1,1,1,1,100,100,2.00E-04
1186,Costante,2.50E-04,Costante,2.00E+00,Costante,1.00E+00,Costante,1.00E-01,Costante,0.000000,Dirichlet,Costante,1,Dirichlet,Costante,0,Dirichlet,Costante,0,Dirichlet,Costante,1,32.5,1000000,1,1,1,1,100,100,2.00E-04
1187,Costante,2.50E-04,Costante,2.00E+00,Costante,1.00E+00,Costante,1.00E-01,Costante,0.000000,Dirichlet,Costante,1,Dirichlet,Costante,0,Dirichlet,Costante,0,Dirichlet,Costante,1,37.5,1000000,1,1,1,1,100,100,2.00E-04
1188,Costante,2.50E-04,Costante,2.00E+00,Costante,1.00E+00,Costante,1.00E-01,Costante,0.000000,Dirichlet,Costante,1,Dirichlet,Costante,0,Dirichlet,Costante,0,Dirichlet,Costante,1,45,1000000,1,1,1,1,100,100,2.00E-04
1189,Costante,2.50E-04,Costante,2.00E+00,Costante,1.00E+00,Costante,1.00E-01,Costante,0.000000,Dirichlet,Costante,1,Dirichlet,Costante,0,Dirichlet,Costante,0,Dirichlet,Costante,1,52.5,1000000,1,1,1,1,100,100,2.00E-04
1190,Costante,2.50E-04,Costante,2.00E+00,Costante,1.00E+00,Costante,1.00E-01,Costante,0.000000,Dirichlet,Costante,1,Dirichlet,Costante,0,Dirichlet,Costante,0,Dirichlet,Costante,1,60,1000000,1,1,1,1,100,100,2.00E-04
1191,Costante,2.50E-04,Costante,2.00E-01,Costante,1.00E-01,Costante,2.50E-04,Costante,0.000000,Dirichlet,Costante,1,Dirichlet,Costante,0,Dirichlet,Costante,0,Dirichlet,Costante,1,26.5,1000000,1,1,1,1,100,100,2.00E-04
1192,Costante,2.50E-04,Costante,2.00E-01,Costante,1.00E-01,Costante,2.50E-04,Costante,0.000000,Dirichlet,Costante,1,Dirichlet,Costante,0,Dirichlet,Costante,0,Dirichlet,Costante,1,27.5,1000000,1,1,1,1,100,100,2.00E-04
1193,Costante,2.50E-04,Costante,2.00E-01,Costante,1.00E-01,Costante,2.50E-04,Costante,0.000000,Dirichlet,Costante,1,Dirichlet,Costante,0,Dirichlet,Costante,0,Dirichlet,Costante,1,30,1000000,1,1,1,1,100,100,2.00E-04
1194,Costante,2.50E-04,Costante,2.00E-01,Costante,1.00E-01,Costante,2.50E-04,Costante,0.000000,Dirichlet,Costante,1,Dirichlet,Costante,0,Dirichlet,Costante,0,Dirichlet,Costante,1,40,1000000,1,1,1,1,100,100,2.00E-04
1195,Costante,2.50E-04,Costante,2.00E-01,Costante,1.00E-01,Costante,2.50E-04,Costante,0.000000,Dirichlet,Costante,1,Dirichlet,Costante,0,Dirichlet,Costante,0,Dirichlet,Costante,1,50,1000000,1,1,1,1,100,100,2.00E-04
1196,Costante,2.50E-02,Costante,2.00E+00,Costante,1.00E+00,Costante,0.00E+00,Costante,0.000000,Dirichlet,Costante,1,Dirichlet,Costante,0,Dirichlet,Costante,0,Dirichlet,Costante,1,1,1000000,1,1,1,1,100,100,1.00E-04
1197,Costante,2.50E-02,Costante,2.00E+00,Costante,1.00E+00,Costante,0.00E+00,Costante,0.000000,Dirichlet,Costante,1,Dirichlet,Costante,0,Dirichlet,Costante,0,Dirichlet,Costante,1,1.25,1000000,1,1,1,1,100,100,1.00E-04
1198,Costante,2.50E-02,Costante,2.00E+00,Costante,1.00E+00,Costante,0.00E+00,Costante,0.000000,Dirichlet,Costante,1,Dirichlet,Costante,0,Dirichlet,Costante,0,Dirichlet,Costante,1,1.5,1000000,1,1,1,1,100,100,1.00E-04
1199,Costante,2.50E-02,Costante,2.00E+00,Costante,1.00E+00,Costante,0.00E+00,Costante,0.000000,Dirichlet,Costante,1,Dirichlet,Costante,0,Dirichlet,Costante,0,Dirichlet,Costante,1,2,1000000,1,1,1,1,100,100,1.00E-04
1200,Costante,2.50E-02,Costante,2.00E+00,Costante,1.00E+00,Costante,0.00E+00,Costante,0.000000,Dirichlet,Costante,1,Dirichlet,Costante,0,Dirichlet,Costante,0,Dirichlet,Costante,1,5,1000000,1,1,1,1,100,100,1.00E-04
1201,Costante,2.50E-02,Costante,2.00E-01,Costante,1.00E-01,Costante,0.00E+00,Costante,0.000000,Dirichlet,Costante,1,Dirichlet,Costante,0,Dirichlet,Costante,0,Dirichlet,Costante,1,0.2,1000000,1,1,1,1,100,100,1.00E-04
1202,Costante,2.50E-02,Costante,2.00E-01,Costante,1.00E-01,Costante,0.00E+00,Costante,0.000000,Dirichlet,Costante,1,Dirichlet,Costante,0,Dirichlet,Costante,0,Dirichlet,Costante,1,0.3,1000000,1,1,1,1,100,100,1.00E-04
1203,Costante,2.50E-02,Costante,2.00E-01,Costante,1.00E-01,Costante,0.00E+00,Costante,0.000000,Dirichlet,Costante,1,Dirichlet,Costante,0,Dirichlet,Costante,0,Dirichlet,Costante,1,0.5,1000000,1,1,1,1,100,100,1.00E-04
1204,Costante,2.50E-02,Costante,2.00E-01,Costante,1.00E-01,Costante,0.00E+00,Costante,0.000000,Dirichlet,Costante,1,Dirichlet,Costante,0,Dirichlet,Costante,0,Dirichlet,Costante,1,0.75,1000000,1,1,1,1,100,100,1.00E-04
1205,Costante,2.50E-02,Costante,2.00E-01,Costante,1.00E-01,Costante,0.00E+00,Costante,0.000000,Dirichlet,Costante,1,Dirichlet,Costante,0,Dirichlet,Costante,0,Dirichlet,Costante,1,1,1000000,1,1,1,1,100,100,1.00E-04
1206,Costante,2.50E-02,Costante,2.00E+00,Costante,1.00E+00,Costante,2.50E-02,Costante,0.000000,Dirichlet,Costante,1,Dirichlet,Costante,0,Dirichlet,Costante,0,Dirichlet,Costante,1,1,1000000,1,1,1,1,100,100,1.00E-04
1207,Costante,2.50E-02,Costante,2.00E+00,Costante,1.00E+00,Costante,2.50E-02,Costante,0.000000,Dirichlet,Costante,1,Dirichlet,Costante,0,Dirichlet,Costante,0,Dirichlet,Costante,1,1.25,1000000,1,1,1,1,100,100,1.00E-04
1208,Costante,2.50E-02,Costante,2.00E+00,Costante,1.00E+00,Costante,2.50E-02,Costante,0.000000,Dirichlet,Costante,1,Dirichlet,Costante,0,Dirichlet,Costante,0,Dirichlet,Costante,1,1.5,1000000,1,1,1,1,100,100,1.00E-04
1209,Costante,2.50E-02,Costante,2.00E+00,Costante,1.00E+00,Costante,2.50E-02,Costante,0.000000,Dirichlet,Costante,1,Dirichlet,Costante,0,Dirichlet,Costante,0,Dirichlet,Costante,1,1.75,1000000,1,1,1,1,100,100,1.00E-04
1210,Costante,2.50E-02,Costante,2.00E+00,Costante,1.00E+00,Costante,2.50E-02,Costante,0.000000,Dirichlet,Costante,1,Dirichlet,Costante,0,Dirichlet,Costante,0,Dirichlet,Costante,1,2,1000000,1,1,1,1,100,100,1.00E-04
1211,Costante,2.50E-02,Costante,8.66E-01,Costante,5.00E-01,Costante,0.00E+00,Costante,0.000000,Dirichlet,Costante,1,Dirichlet,Costante,0,Dirichlet,Costante,0,Dirichlet,Costante,1,0.5,1000000,1,1,1,1,100,100,1.00E-04
1212,Costante,2.50E-02,Costante,8.66E-01,Costante,5.00E-01,Costante,0.00E+00,Costante,0.000000,Dirichlet,Costante,1,Dirichlet,Costante,0,Dirichlet,Costante,0,Dirichlet,Costante,1,0.75,1000000,1,1,1,1,100,100,1.00E-04
1213,Costante,2.50E-02,Costante,8.66E-01,Costante,5.00E-01,Costante,0.00E+00,Costante,0.000000,Dirichlet,Costante,1,Dirichlet,Costante,0,Dirichlet,Costante,0,Dirichlet,Costante,1,1,1000000,1,1,1,1,100,100,1.00E-04
1214,Costante,2.50E-02,Costante,8.66E-01,Costante,5.00E-01,Costante,0.00E+00,Costante,0.000000,Dirichlet,Costante,1,Dirichlet,Costante,0,Dirichlet,Costante,0,Dirichlet,Costante,1,1.25,1000000,1,1,1,1,100,100,1.00E-04
1215,Costante,2.50E-02,Costante,8.66E-01,Costante,5.00E-01,Costante,0.00E+00,Costante,0.000000,Dirichlet,Costante,1,Dirichlet,Costante,0,Dirichlet,Costante,0,Dirichlet,Costante,1,1.5,1000000,1,1,1,1,100,100,1.00E-04
1216,Costante,2.50E-02,Costante,2.00E+00,Costante,1.00E+00,Costante,1.00E-01,Costante,0.000000,Dirichlet,Costante,1,Dirichlet,Costante,0,Dirichlet,Costante,0,Dirichlet,Costante,1,1,1000000,1,1,1,1,100,100,1.00E-04
1217,Costante,2.50E-02,Costante,2.00E+00,Costante,1.00E+00,Costante,1.00E-01,Costante,0.000000,Dirichlet,Costante,1,Dirichlet,Costante,0,Dirichlet,Costante,0,Dirichlet,Costante,1,1.125,1000000,1,1,1,1,100,100,1.00E-04
1218,Costante,2.50E-02,Costante,2.00E+00,Costante,1.00E+00,Costante,1.00E-01,Costante,0.000000,Dirichlet,Costante,1,Dirichlet,Costante,0,Dirichlet,Costante,0,Dirichlet,Costante,1,1.25,1000000,1,1,1,1,100,100,1.00E-04
1219,Costante,2.50E-02,Costante,2.00E+00,Costante,1.00E+00,Costante,1.00E-01,Costante,0.000000,Dirichlet,Costante,1,Dirichlet,Costante,0,Dirichlet,Costante,0,Dirichlet,Costante,1,1.375,1000000,1,1,1,1,100,100,1.00E-04
1220,Costante,2.50E-02,Costante,2.00E+00,Costante,1.00E+00,Costante,1.00E-01,Costante,0.000000,Dirichlet,Costante,1,Dirichlet,Costante,0,Dirichlet,Costante,0,Dirichlet,Costante,1,1.5,1000000,1,1,1,1,100,100,1.00E-04
1221,Costante,2.50E-02,Costante,2.00E-01,Costante,1.00E-01,Costante,2.50E-02,Costante,0.000000,Dirichlet,Costante,1,Dirichlet,Costante,0,Dirichlet,Costante,0,Dirichlet,Costante,1,0.5,1000000,1,1,1,1,100,100,1.00E-04
1222,Costante,2.50E-02,Costante,2.00E-01,Costante,1.00E-01,Costante,2.50E-02,Costante,0.000000,Dirichlet,Costante,1,Dirichlet,Costante,0,Dirichlet,Costante,0,Dirichlet,Costante,1,0.75,1000000,1,1,1,1,100,100,1.00E-04
1223,Costante,2.50E-02,Costante,2.00E-01,Costante,1.00E-01,Costante,2.50E-02,Costante,0.000000,Dirichlet,Costante,1,Dirichlet,Costante,0,Dirichlet,Costante,0,Dirichlet,Costante,1,1,1000000,1,1,1,1,100,100,1.00E-04
1224,Costante,2.50E-02,Costante,2.00E-01,Costante,1.00E-01,Costante,2.50E-02,Costante,0.000000,Dirichlet,Costante,1,Dirichlet,Costante,0,Dirichlet,Costante,0,Dirichlet,Costante,1,1.25,1000000,1,1,1,1,100,100,1.00E-04
1225,Costante,2.50E-02,Costante,2.00E-01,Costante,1.00E-01,Costante,2.50E-02,Costante,0.000000,Dirichlet,Costante,1,Dirichlet,Costante,0,Dirichlet,Costante,0,Dirichlet,Costante,1,1.5,1000000,1,1,1,1,100,100,1.00E-04
1226,Costante,5.00E-01,Costante,2.00E+00,Costante,1.00E+00,Costante,0.00E+00,Costante,0.000000,Dirichlet,Costante,1,Dirichlet,Costante,0,Dirichlet,Costante,0,Dirichlet,Costante,1,0.1,1000000,1,1,1,1,100,100,1.00E-04
1227,Costante,5.00E-01,Costante,2.00E+00,Costante,1.00E+00,Costante,0.00E+00,Costante,0.000000,Dirichlet,Costante,1,Dirichlet,Costante,0,Dirichlet,Costante,0,Dirichlet,Costante,1,0.3,1000000,1,1,1,1,100,100,1.00E-04
1228,Costante,5.00E-01,Costante,2.00E+00,Costante,1.00E+00,Costante,0.00E+00,Costante,0.000000,Dirichlet,Costante,1,Dirichlet,Costante,0,Dirichlet,Costante,0,Dirichlet,Costante,1,0.5,1000000,1,1,1,1,100,100,1.00E-04
1229,Costante,5.00E-01,Costante,2.00E+00,Costante,1.00E+00,Costante,0.00E+00,Costante,0.000000,Dirichlet,Costante,1,Dirichlet,Costante,0,Dirichlet,Costante,0,Dirichlet,Costante,1,0.75,1000000,1,1,1,1,100,100,1.00E-04
1230,Costante,5.00E-01,Costante,2.00E+00,Costante,1.00E+00,Costante,0.00E+00,Costante,0.000000,Dirichlet,Costante,1,Dirichlet,Costante,0,Dirichlet,Costante,0,Dirichlet,Costante,1,1,1000000,1,1,1,1,100,100,1.00E-04
1231,Costante,5.00E-01,Costante,2.00E+01,Costante,1.00E+01,Costante,0.00E+00,Costante,0.000000,Dirichlet,Costante,1,Dirichlet,Costante,0,Dirichlet,Costante,0,Dirichlet,Costante,1,0.4,1000000,1,1,1,1,100,100,1.00E-04
1232,Costante,5.00E-01,Costante,2.00E+01,Costante,1.00E+01,Costante,0.00E+00,Costante,0.000000,Dirichlet,Costante,1,Dirichlet,Costante,0,Dirichlet,Costante,0,Dirichlet,Costante,1,0.5,1000000,1,1,1,1,100,100,1.00E-04
1233,Costante,5.00E-01,Costante,2.00E+01,Costante,1.00E+01,Costante,0.00E+00,Costante,0.000000,Dirichlet,Costante,1,Dirichlet,Costante,0,Dirichlet,Costante,0,Dirichlet,Costante,1,0.75,1000000,1,1,1,1,100,100,1.00E-04
1234,Costante,5.00E-01,Costante,2.00E+01,Costante,1.00E+01,Costante,0.00E+00,Costante,0.000000,Dirichlet,Costante,1,Dirichlet,Costante,0,Dirichlet,Costante,0,Dirichlet,Costante,1,1,1000000,1,1,1,1,100,100,1.00E-04
1235,Costante,5.00E-01,Costante,2.00E+01,Costante,1.00E+01,Costante,0.00E+00,Costante,0.000000,Dirichlet,Costante,1,Dirichlet,Costante,0,Dirichlet,Costante,0,Dirichlet,Costante,1,1.25,1000000,1,1,1,1,100,100,1.00E-04
1236,Costante,5.00E-01,Costante,2.00E-01,Costante,1.00E-01,Costante,0.00E+00,Costante,0.000000,Dirichlet,Costante,1,Dirichlet,Costante,0,Dirichlet,Costante,0,Dirichlet,Costante,1,0.1,1000000,1,1,1,1,100,100,1.00E-04
1237,Costante,5.00E-01,Costante,2.00E-01,Costante,1.00E-01,Costante,0.00E+00,Costante,0.000000,Dirichlet,Costante,1,Dirichlet,Costante,0,Dirichlet,Costante,0,Dirichlet,Costante,1,0.3,1000000,1,1,1,1,100,100,1.00E-04
1238,Costante,5.00E-01,Costante,2.00E-01,Costante,1.00E-01,Costante,0.00E+00,Costante,0.000000,Dirichlet,Costante,1,Dirichlet,Costante,0,Dirichlet,Costante,0,Dirichlet,Costante,1,0.5,1000000,1,1,1,1,100,100,1.00E-04
1239,Costante,5.00E-01,Costante,2.00E-01,Costante,1.00E-01,Costante,0.00E+00,Costante,0.000000,Dirichlet,Costante,1,Dirichlet,Costante,0,Dirichlet,Costante,0,Dirichlet,Costante,1,0.75,1000000,1,1,1,1,100,100,1.00E-04
1240,Costante,5.00E-01,Costante,2.00E-01,Costante,1.00E-01,Costante,0.00E+00,Costante,0.000000,Dirichlet,Costante,1,Dirichlet,Costante,0,Dirichlet,Costante,0,Dirichlet,Costante,1,1,1000000,1,1,1,1,100,100,1.00E-04
1241,Costante,5.00E-01,Costante,2.00E+00,Costante,1.00E+00,Costante,5.00E-01,Costante,0.000000,Dirichlet,Costante,1,Dirichlet,Costante,0,Dirichlet,Costante,0,Dirichlet,Costante,1,0.1,1000000,1,1,1,1,100,100,1.00E-04
1242,Costante,5.00E-01,Costante,2.00E+00,Costante,1.00E+00,Costante,5.00E-01,Costante,0.000000,Dirichlet,Costante,1,Dirichlet,Costante,0,Dirichlet,Costante,0,Dirichlet,Costante,1,0.3,1000000,1,1,1,1,100,100,1.00E-04
1243,Costante,5.00E-01,Costante,2.00E+00,Costante,1.00E+00,Costante,5.00E-01,Costante,0.000000,Dirichlet,Costante,1,Dirichlet,Costante,0,Dirichlet,Costante,0,Dirichlet,Costante,1,0.5,1000000,1,1,1,1,100,100,1.00E-04
1244,Costante,5.00E-01,Costante,2.00E+00,Costante,1.00E+00,Costante,5.00E-01,Costante,0.000000,Dirichlet,Costante,1,Dirichlet,Costante,0,Dirichlet,Costante,0,Dirichlet,Costante,1,0.75,1000000,1,1,1,1,100,100,1.00E-04
1245,Costante,5.00E-01,Costante,2.00E+00,Costante,1.00E+00,Costante,5.00E-01,Costante,0.000000,Dirichlet,Costante,1,Dirichlet,Costante,0,Dirichlet,Costante,0,Dirichlet,Costante,1,1,1000000,1,1,1,1,100,100,1.00E-04
1246,Costante,5.00E-01,Costante,8.66E-01,Costante,5.00E-01,Costante,0.00E+00,Costante,0.000000,Dirichlet,Costante,1,Dirichlet,Costante,0,Dirichlet,Costante,0,Dirichlet,Costante,1,0.1,1000000,1,1,1,1,100,100,1.00E-04
1247,Costante,5.00E-01,Costante,8.66E-01,Costante,5.00E-01,Costante,0.00E+00,Costante,0.000000,Dirichlet,Costante,1,Dirichlet,Costante,0,Dirichlet,Costante,0,Dirichlet,Costante,1,0.3,1000000,1,1,1,1,100,100,1.00E-04
1248,Costante,5.00E-01,Costante,8.66E-01,Costante,5.00E-01,Costante,0.00E+00,Costante,0.000000,Dirichlet,Costante,1,Dirichlet,Costante,0,Dirichlet,Costante,0,Dirichlet,Costante,1,0.5,1000000,1,1,1,1,100,100,1.00E-04
1249,Costante,5.00E-01,Costante,8.66E-01,Costante,5.00E-01,Costante,0.00E+00,Costante,0.000000,Dirichlet,Costante,1,Dirichlet,Costante,0,Dirichlet,Costante,0,Dirichlet,Costante,1,0.75,1000000,1,1,1,1,100,100,1.00E-04
1250,Costante,5.00E-01,Costante,8.66E-01,Costante,5.00E-01,Costante,0.00E+00,Costante,0.000000,Dirichlet,Costante,1,Dirichlet,Costante,0,Dirichlet,Costante,0,Dirichlet,Costante,1,1,1000000,1,1,1,1,100,100,1.00E-04
1251,Costante,5.00E-01,Costante,2.00E+00,Costante,1.00E+00,Costante,1.00E-01,Costante,0.000000,Dirichlet,Costante,1,Dirichlet,Costante,0,Dirichlet,Costante,0,Dirichlet,Costante,1,0.1,1000000,1,1,1,1,100,100,1.00E-04
1252,Costante,5.00E-01,Costante,2.00E+00,Costante,1.00E+00,Costante,1.00E-01,Costante,0.000000,Dirichlet,Costante,1,Dirichlet,Costante,0,Dirichlet,Costante,0,Dirichlet,Costante,1,0.3,1000000,1,1,1,1,100,100,1.00E-04
1253,Costante,5.00E-01,Costante,2.00E+00,Costante,1.00E+00,Costante,1.00E-01,Costante,0.000000,Dirichlet,Costante,1,Dirichlet,Costante,0,Dirichlet,Costante,0,Dirichlet,Costante,1,0.5,1000000,1,1,1,1,100,100,1.00E-04
1254,Costante,5.00E-01,Costante,2.00E+00,Costante,1.00E+00,Costante,1.00E-01,Costante,0.000000,Dirichlet,Costante,1,Dirichlet,Costante,0,Dirichlet,Costante,0,Dirichlet,Costante,1,0.75,1000000,1,1,1,1,100,100,1.00E-04
1255,Costante,5.00E-01,Costante,2.00E+00,Costante,1.00E+00,Costante,1.00E-01,Costante,0.000000,Dirichlet,Costante,1,Dirichlet,Costante,0,Dirichlet,Costante,0,Dirichlet,Costante,1,1,1000000,1,1,1,1,100,100,1.00E-04
1256,Costante,5.00E-01,Costante,2.00E-01,Costante,1.00E-01,Costante,5.00E-01,Costante,0.000000,Dirichlet,Costante,1,Dirichlet,Costante,0,Dirichlet,Costante,0,Dirichlet,Costante,1,0.1,1000000,1,1,1,1,100,100,1.00E-04
1257,Costante,5.00E-01,Costante,2.00E-01,Costante,1.00E-01,Costante,5.00E-01,Costante,0.000000,Dirichlet,Costante,1,Dirichlet,Costante,0,Dirichlet,Costante,0,Dirichlet,Costante,1,0.3,1000000,1,1,1,1,100,100,1.00E-04
1258,Costante,5.00E-01,Costante,2.00E-01,Costante,1.00E-01,Costante,5.00E-01,Costante,0.000000,Dirichlet,Costante,1,Dirichlet,Costante,0,Dirichlet,Costante,0,Dirichlet,Costante,1,0.5,1000000,1,1,1,1,100,100,1.00E-04
1259,Costante,5.00E-01,Costante,2.00E-01,Costante,1.00E-01,Costante,5.00E-01,Costante,0.000000,Dirichlet,Costante,1,Dirichlet,Costante,0,Dirichlet,Costante,0,Dirichlet,Costante,1,0.75,1000000,1,1,1,1,100,100,1.00E-04
1260,Costante,5.00E-01,Costante,2.00E-01,Costante,1.00E-01,Costante,5.00E-01,Costante,0.000000,Dirichlet,Costante,1,Dirichlet,Costante,0,Dirichlet,Costante,0,Dirichlet,Costante,1,1,1000000,1,1,1,1,100,100,1.00E-04