mu_tipo,mu_intensita,b_tipo_1,b_intensita_1,b_tipo_2,b_Intensita_2,sigma_tipo,sigma_intensita,forzante_tipo,forzante_intensita,L1_bc_fun,L1_bc_intensita,L2_bc_fun,L2_bc_intensita,L3_bc_fun,L3_bc_intensita,L4_bc_fun,L4_bc_intensita,toll,alpha,err_fin
Costante,1.00E-01,Costante,1.00E+00,Costante,0.00E+00,Costante,0.00E+00,Funzione 8,1.000000,Costante,0,Costante,0,Costante,0,Costante,0,0.15,1.00E-01,8.27269E-05
Costante,1.00E-01,Costante,1.00E+00,Costante,0.00E+00,Costante,0.00E+00,Funzione 8,1.000000,Costante,0,Costante,0,Costante,0,Costante,0,0.2,1.00E-01,1.48870E-04
Costante,1.00E-01,Costante,1.00E+00,Costante,0.00E+00,Costante,0.00E+00,Funzione 8,1.000000,Costante,0,Costante,0,Costante,0,Costante,0,0.25,1.00E-01,2.35176E-04
Costante,1.00E-01,Costante,1.00E+00,Costante,0.00E+00,Costante,0.00E+00,Funzione 8,1.000000,Costante,0,Costante,0,Costante,0,Costante,0,0.3,1.00E-01,3.65422E-04
Costante,1.00E-01,Costante,1.00E+00,Costante,0.00E+00,Costante,0.00E+00,Funzione 8,1.000000,Costante,0,Costante,0,Costante,0,Costante,0,0.5,1.00E-01,1.13981E-03
Costante,1.00E-01,Costante,1.00E+00,Costante,0.00E+00,Costante,1.00E-01,Funzione 8,1.000000,Costante,0,Costante,0,Costante,0,Costante,0,0.15,1.00E-01,8.27996E-05
Costante,1.00E-01,Costante,1.00E+00,Costante,0.00E+00,Costante,1.00E-01,Funzione 8,1.000000,Costante,0,Costante,0,Costante,0,Costante,0,0.2,1.00E-01,1.47736E-04
Costante,1.00E-01,Costante,1.00E+00,Costante,0.00E+00,Costante,1.00E-01,Funzione 8,1.000000,Costante,0,Costante,0,Costante,0,Costante,0,0.25,1.00E-01,2.35658E-04
Costante,1.00E-01,Costante,1.00E+00,Costante,0.00E+00,Costante,1.00E-01,Funzione 8,1.000000,Costante,0,Costante,0,Costante,0,Costante,0,0.3,1.00E-01,3.66434E-04
Costante,1.00E-01,Costante,1.00E+00,Costante,0.00E+00,Costante,1.00E-01,Funzione 8,1.000000,Costante,0,Costante,0,Costante,0,Costante,0,0.5,1.00E-01,1.15954E-03
Costante,1.00E-01,Costante,1.00E+01,Costante,0.00E+00,Costante,0.00E+00,Funzione 8,1.000000,Costante,0,Costante,0,Costante,0,Costante,0,0.15,1.00E-01,8.26195E-05
Costante,1.00E-01,Costante,1.00E+01,Costante,0.00E+00,Costante,0.00E+00,Funzione 8,1.000000,Costante,0,Costante,0,Costante,0,Costante,0,0.2,1.00E-01,1.47926E-04
Costante,1.00E-01,Costante,1.00E+01,Costante,0.00E+00,Costante,0.00E+00,Funzione 8,1.000000,Costante,0,Costante,0,Costante,0,Costante,0,0.25,1.00E-01,2.36721E-04
Costante,1.00E-01,Costante,1.00E+01,Costante,0.00E+00,Costante,0.00E+00,Funzione 8,1.000000,Costante,0,Costante,0,Costante,0,Costante,0,0.3,1.00E-01,3.65309E-04
Costante,1.00E-01,Costante,1.00E+01,Costante,0.00E+00,Costante,0.00E+00,Funzione 8,1.000000,Costante,0,Costante,0,Costante,0,Costante,0,0.5,1.00E-01,1.13868E-03
Costante,1.00E-01,Costante,1.00E-01,Costante,0.00E+00,Costante,0.00E+00,Funzione 8,1.000000,Costante,0,Costante,0,Costante,0,Costante,0,0.15,1.00E-01,8.26209E-05
Costante,1.00E-01,Costante,1.00E-01,Costante,0.00E+00,Costante,0.00E+00,Funzione 8,1.000000,Costante,0,Costante,0,Costante,0,Costante,0,0.2,1.00E-01,1.48350E-04
Costante,1.00E-01,Costante,1.00E-01,Costante,0.00E+00,Costante,0.00E+00,Funzione 8,1.000000,Costante,0,Costante,0,Costante,0,Costante,0,0.25,1.00E-01,2.37040E-04
Costante,1.00E-01,Costante,1.00E-01,Costante,0.00E+00,Costante,0.00E+00,Funzione 8,1.000000,Costante,0,Costante,0,Costante,0,Costante,0,0.3,1.00E-01,3.67550E-04
Costante,1.00E-01,Costante,1.00E-01,Costante,0.00E+00,Costante,0.00E+00,Funzione 8,1.000000,Costante,0,Costante,0,Costante,0,Costante,0,0.5,1.00E-01,1.14588E-03
Costante,1.00E-01,Costante,1.00E+00,Costante,1.00E+00,Costante,0.00E+00,Funzione 8,1.000000,Costante,0,Costante,0,Costante,0,Costante,0,0.15,1.00E-01,8.23112E-05
Costante,1.00E-01,Costante,1.00E+00,Costante,1.00E+00,Costante,0.00E+00,Funzione 8,1.000000,Costante,0,Costante,0,Costante,0,Costante,0,0.2,1.00E-01,1.48132E-04
Costante,1.00E-01,Costante,1.00E+00,Costante,1.00E+00,Costante,0.00E+00,Funzione 8,1.000000,Costante,0,Costante,0,Costante,0,Costante,0,0.25,1.00E-01,2.37963E-04
Costante,1.00E-01,Costante,1.00E+00,Costante,1.00E+00,Costante,0.00E+00,Funzione 8,1.000000,Costante,0,Costante,0,Costante,0,Costante,0,0.3,1.00E-01,3.62713E-04
Costante,1.00E-01,Costante,1.00E+00,Costante,1.00E+00,Costante,0.00E+00,Funzione 8,1.000000,Costante,0,Costante,0,Costante,0,Costante,0,0.5,1.00E-01,1.17030E-03
Costante,1.00E-01,Costante,7.07E-01,Costante,-7.07E-01,Costante,0.00E+00,Funzione 8,1.000000,Costante,0,Costante,0,Costante,0,Costante,0,0.15,1.00E-01,8.27694E-05
Costante,1.00E-01,Costante,7.07E-01,Costante,-7.07E-01,Costante,0.00E+00,Funzione 8,1.000000,Costante,0,Costante,0,Costante,0,Costante,0,0.2,1.00E-01,1.46862E-04
Costante,1.00E-01,Costante,7.07E-01,Costante,-7.07E-01,Costante,0.00E+00,Funzione 8,1.000000,Costante,0,Costante,0,Costante,0,Costante,0,0.25,1.00E-01,2.39251E-04
Costante,1.00E-01,Costante,7.07E-01,Costante,-7.07E-01,Costante,0.00E+00,Funzione 8,1.000000,Costante,0,Costante,0,Costante,0,Costante,0,0.3,1.00E-01,3.61711E-04
Costante,1.00E-01,Costante,7.07E-01,Costante,-7.07E-01,Costante,0.00E+00,Funzione 8,1.000000,Costante,0,Costante,0,Costante,0,Costante,0,0.5,1.00E-01,1.16010E-03
Costante,1.00E-01,Costante,5.00E-01,Costante,8.66E-01,Costante,0.00E+00,Funzione 8,1.000000,Costante,0,Costante,0,Costante,0,Costante,0,0.15,1.00E-01,8.26090E-05
Costante,1.00E-01,Costante,5.00E-01,Costante,8.66E-01,Costante,0.00E+00,Funzione 8,1.000000,Costante,0,Costante,0,Costante,0,Costante,0,0.2,1.00E-01,1.48051E-04
Costante,1.00E-01,Costante,5.00E-01,Costante,8.66E-01,Costante,0.00E+00,Funzione 8,1.000000,Costante,0,Costante,0,Costante,0,Costante,0,0.25,1.00E-01,2.37998E-04
Costante,1.00E-01,Costante,5.00E-01,Costante,8.66E-01,Costante,0.00E+00,Funzione 8,1.000000,Costante,0,Costante,0,Costante,0,Costante,0,0.3,1.00E-01,3.67103E-04
Costante,1.00E-01,Costante,5.00E-01,Costante,8.66E-01,Costante,0.00E+00,Funzione 8,1.000000,Costante,0,Costante,0,Costante,0,Costante,0,0.5,1.00E-01,1.13891E-03
Costante,1.00E-01,Costante,1.73E+00,Costante,1.00E+00,Costante,0.00E+00,Funzione 8,1.000000,Costante,0,Costante,0,Costante,0,Costante,0,0.15,1.00E-01,8.27512E-05
Costante,1.00E-01,Costante,1.73E+00,Costante,1.00E+00,Costante,0.00E+00,Funzione 8,1.000000,Costante,0,Costante,0,Costante,0,Costante,0,0.2,1.00E-01,1.46996E-04
Costante,1.00E-01,Costante,1.73E+00,Costante,1.00E+00,Costante,0.00E+00,Funzione 8,1.000000,Costante,0,Costante,0,Costante,0,Costante,0,0.25,1.00E-01,2.37348E-04
Costante,1.00E-01,Costante,1.73E+00,Costante,1.00E+00,Costante,0.00E+00,Funzione 8,1.000000,Costante,0,Costante,0,Costante,0,Costante,0,0.3,1.00E-01,3.62489E-04
Costante,1.00E-01,Costante,1.73E+00,Costante,1.00E+00,Costante,0.00E+00,Funzione 8,1.000000,Costante,0,Costante,0,Costante,0,Costante,0,0.5,1.00E-01,1.13049E-03
Costante,5.00E-02,Costante,1.00E+00,Costante,0.00E+00,Costante,0.00E+00,Funzione 8,1.000000,Costante,0,Costante,0,Costante,0,Costante,0,0.15,5.00E-02,1.05908E-04
Costante,5.00E-02,Costante,1.00E+00,Costante,0.00E+00,Costante,0.00E+00,Funzione 8,1.000000,Costante,0,Costante,0,Costante,0,Costante,0,0.3,5.00E-02,3.48455E-04
Costante,5.00E-02,Costante,1.00E+00,Costante,0.00E+00,Costante,0.00E+00,Funzione 8,1.000000,Costante,0,Costante,0,Costante,0,Costante,0,0.5,5.00E-02,1.09833E-03
Costante,5.00E-02,Costante,1.00E+00,Costante,0.00E+00,Costante,0.00E+00,Funzione 8,1.000000,Costante,0,Costante,0,Costante,0,Costante,0,0.75,5.00E-02,2.87753E-03
Costante,5.00E-02,Costante,1.00E+00,Costante,0.00E+00,Costante,0.00E+00,Funzione 8,1.000000,Costante,0,Costante,0,Costante,0,Costante,0,1,5.00E-02,6.01587E-03
Costante,5.00E-02,Costante,1.00E+00,Costante,0.00E+00,Costante,5.00E-02,Funzione 8,1.000000,Costante,0,Costante,0,Costante,0,Costante,0,0.3,5.00E-02,3.53422E-04
Costante,5.00E-02,Costante,1.00E+00,Costante,0.00E+00,Costante,5.00E-02,Funzione 8,1.000000,Costante,0,Costante,0,Costante,0,Costante,0,0.4,5.00E-02,6.69011E-04
Costante,5.00E-02,Costante,1.00E+00,Costante,0.00E+00,Costante,5.00E-02,Funzione 8,1.000000,Costante,0,Costante,0,Costante,0,Costante,0,0.5,5.00E-02,1.12687E-03
Costante,5.00E-02,Costante,1.00E+00,Costante,0.00E+00,Costante,5.00E-02,Funzione 8,1.000000,Costante,0,Costante,0,Costante,0,Costante,0,0.75,5.00E-02,2.96796E-03
Costante,5.00E-02,Costante,1.00E+00,Costante,0.00E+00,Costante,5.00E-02,Funzione 8,1.000000,Costante,0,Costante,0,Costante,0,Costante,0,1,5.00E-02,5.97898E-03
Costante,5.00E-02,Costante,1.00E+01,Costante,0.00E+00,Costante,0.00E+00,Funzione 8,1.000000,Costante,0,Costante,0,Costante,0,Costante,0,0.3,5.00E-02,3.45161E-04
Costante,5.00E-02,Costante,1.00E+01,Costante,0.00E+00,Costante,0.00E+00,Funzione 8,1.000000,Costante,0,Costante,0,Costante,0,Costante,0,0.4,5.00E-02,6.69241E-04
Costante,5.00E-02,Costante,1.00E+01,Costante,0.00E+00,Costante,0.00E+00,Funzione 8,1.000000,Costante,0,Costante,0,Costante,0,Costante,0,0.5,5.00E-02,1.13651E-03
Costante,5.00E-02,Costante,1.00E+01,Costante,0.00E+00,Costante,0.00E+00,Funzione 8,1.000000,Costante,0,Costante,0,Costante,0,Costante,0,0.75,5.00E-02,2.93787E-03
Costante,5.00E-02,Costante,1.00E+01,Costante,0.00E+00,Costante,0.00E+00,Funzione 8,1.000000,Costante,0,Costante,0,Costante,0,Costante,0,1,5.00E-02,6.21114E-03
Costante,5.00E-02,Costante,1.00E-01,Costante,0.00E+00,Costante,0.00E+00,Funzione 8,1.000000,Costante,0,Costante,0,Costante,0,Costante,0,0.3,5.00E-02,3.51822E-04
Costante,5.00E-02,Costante,1.00E-01,Costante,0.00E+00,Costante,0.00E+00,Funzione 8,1.000000,Costante,0,Costante,0,Costante,0,Costante,0,0.4,5.00E-02,6.63173E-04
Costante,5.00E-02,Costante,1.00E-01,Costante,0.00E+00,Costante,0.00E+00,Funzione 8,1.000000,Costante,0,Costante,0,Costante,0,Costante,0,0.5,5.00E-02,1.11751E-03
Costante,5.00E-02,Costante,1.00E-01,Costante,0.00E+00,Costante,0.00E+00,Funzione 8,1.000000,Costante,0,Costante,0,Costante,0,Costante,0,0.75,5.00E-02,2.85410E-03
Costante,5.00E-02,Costante,1.00E-01,Costante,0.00E+00,Costante,0.00E+00,Funzione 8,1.000000,Costante,0,Costante,0,Costante,0,Costante,0,1,5.00E-02,6.05104E-03
Costante,5.00E-02,Costante,1.00E+00,Costante,1.00E+00,Costante,0.00E+00,Funzione 8,1.000000,Costante,0,Costante,0,Costante,0,Costante,0,0.3,5.00E-02,3.52246E-04
Costante,5.00E-02,Costante,1.00E+00,Costante,1.00E+00,Costante,0.00E+00,Funzione 8,1.000000,Costante,0,Costante,0,Costante,0,Costante,0,0.4,5.00E-02,6.65829E-04
Costante,5.00E-02,Costante,1.00E+00,Costante,1.00E+00,Costante,0.00E+00,Funzione 8,1.000000,Costante,0,Costante,0,Costante,0,Costante,0,0.5,5.00E-02,1.11902E-03
Costante,5.00E-02,Costante,1.00E+00,Costante,1.00E+00,Costante,0.00E+00,Funzione 8,1.000000,Costante,0,Costante,0,Costante,0,Costante,0,0.75,5.00E-02,2.94777E-03
Costante,5.00E-02,Costante,1.00E+00,Costante,1.00E+00,Costante,0.00E+00,Funzione 8,1.000000,Costante,0,Costante,0,Costante,0,Costante,0,1,5.00E-02,6.03131E-03
Costante,5.00E-02,Costante,7.07E-01,Costante,-7.07E-01,Costante,0.00E+00,Funzione 8,1.000000,Costante,0,Costante,0,Costante,0,Costante,0,0.3,5.00E-02,3.53317E-04
Costante,5.00E-02,Costante,7.07E-01,Costante,-7.07E-01,Costante,0.00E+00,Funzione 8,1.000000,Costante,0,Costante,0,Costante,0,Costante,0,0.4,5.00E-02,6.68715E-04
Costante,5.00E-02,Costante,7.07E-01,Costante,-7.07E-01,Costante,0.00E+00,Funzione 8,1.000000,Costante,0,Costante,0,Costante,0,Costante,0,0.5,5.00E-02,1.09405E-03
Costante,5.00E-02,Costante,7.07E-01,Costante,-7.07E-01,Costante,0.00E+00,Funzione 8,1.000000,Costante,0,Costante,0,Costante,0,Costante,0,0.75,5.00E-02,2.95223E-03
Costante,5.00E-02,Costante,7.07E-01,Costante,-7.07E-01,Costante,0.00E+00,Funzione 8,1.000000,Costante,0,Costante,0,Costante,0,Costante,0,1,5.00E-02,5.91930E-03
Costante,5.00E-02,Costante,5.00E-01,Costante,8.66E-01,Costante,0.00E+00,Funzione 8,1.000000,Costante,0,Costante,0,Costante,0,Costante,0,0.3,5.00E-02,3.55964E-04
Costante,5.00E-02,Costante,5.00E-01,Costante,8.66E-01,Costante,0.00E+00,Funzione 8,1.000000,Costante,0,Costante,0,Costante,0,Costante,0,0.4,5.00E-02,6.61217E-04
Costante,5.00E-02,Costante,5.00E-01,Costante,8.66E-01,Costante,0.00E+00,Funzione 8,1.000000,Costante,0,Costante,0,Costante,0,Costante,0,0.5,5.00E-02,1.12493E-03
Costante,5.00E-02,Costante,5.00E-01,Costante,8.66E-01,Costante,0.00E+00,Funzione 8,1.000000,Costante,0,Costante,0,Costante,0,Costante,0,0.75,5.00E-02,2.91328E-03
Costante,5.00E-02,Costante,5.00E-01,Costante,8.66E-01,Costante,0.00E+00,Funzione 8,1.000000,Costante,0,Costante,0,Costante,0,Costante,0,1,5.00E-02,6.24496E-03
Costante,5.00E-02,Costante,1.73E+00,Costante,1.00E+00,Costante,0.00E+00,Funzione 8,1.000000,Costante,0,Costante,0,Costante,0,Costante,0,0.3,5.00E-02,3.50762E-04
Costante,5.00E-02,Costante,1.73E+00,Costante,1.00E+00,Costante,0.00E+00,Funzione 8,1.000000,Costante,0,Costante,0,Costante,0,Costante,0,0.4,5.00E-02,6.59642E-04
Costante,5.00E-02,Costante,1.73E+00,Costante,1.00E+00,Costante,0.00E+00,Funzione 8,1.000000,Costante,0,Costante,0,Costante,0,Costante,0,0.5,5.00E-02,1.13109E-03
Costante,5.00E-02,Costante,1.73E+00,Costante,1.00E+00,Costante,0.00E+00,Funzione 8,1.000000,Costante,0,Costante,0,Costante,0,Costante,0,0.75,5.00E-02,2.96134E-03
Costante,5.00E-02,Costante,1.73E+00,Costante,1.00E+00,Costante,0.00E+00,Funzione 8,1.000000,Costante,0,Costante,0,Costante,0,Costante,0,1,5.00E-02,6.16958E-03
Costante,5.00E-03,Costante,1.00E+00,Costante,0.00E+00,Costante,0.00E+00,Funzione 8,1.000000,Costante,0,Costante,0,Costante,0,Costante,0,0.3,5.00E-03,8.83085E-02
Costante,5.00E-03,Costante,1.00E+00,Costante,0.00E+00,Costante,0.00E+00,Funzione 8,1.000000,Costante,0,Costante,0,Costante,0,Costante,0,0.4,5.00E-03,8.83379E-02
Costante,5.00E-03,Costante,1.00E+00,Costante,0.00E+00,Costante,0.00E+00,Funzione 8,1.000000,Costante,0,Costante,0,Costante,0,Costante,0,0.5,5.00E-03,9.12678E-02
Costante,5.00E-03,Costante,1.00E+00,Costante,0.00E+00,Costante,0.00E+00,Funzione 8,1.000000,Costante,0,Costante,0,Costante,0,Costante,0,0.75,5.00E-03,9.10750E-02
Costante,5.00E-03,Costante,1.00E+00,Costante,0.00E+00,Costante,0.00E+00,Funzione 8,1.000000,Costante,0,Costante,0,Costante,0,Costante,0,1,5.00E-03,8.91000E-02
Costante,5.00E-03,Costante,1.00E+00,Costante,0.00E+00,Costante,5.00E-03,Funzione 8,1.000000,Costante,0,Costante,0,Costante,0,Costante,0,0.3,5.00E-03,8.94851E-02
Costante,5.00E-03,Costante,1.00E+00,Costante,0.00E+00,Costante,5.00E-03,Funzione 8,1.000000,Costante,0,Costante,0,Costante,0,Costante,0,0.4,5.00E-03,8.93713E-02
Costante,5.00E-03,Costante,1.00E+00,Costante,0.00E+00,Costante,5.00E-03,Funzione 8,1.000000,Costante,0,Costante,0,Costante,0,Costante,0,0.5,5.00E-03,8.87166E-02
Costante,5.00E-03,Costante,1.00E+00,Costante,0.00E+00,Costante,5.00E-03,Funzione 8,1.000000,Costante,0,Costante,0,Costante,0,Costante,0,0.75,5.00E-03,8.80644E-02
Costante,5.00E-03,Costante,1.00E+00,Costante,0.00E+00,Costante,5.00E-03,Funzione 8,1.000000,Costante,0,Costante,0,Costante,0,Costante,0,1,5.00E-03,9.22305E-02
Costante,5.00E-03,Costante,1.00E+01,Costante,0.00E+00,Costante,0.00E+00,Funzione 8,1.000000,Costante,0,Costante,0,Costante,0,Costante,0,0.3,5.00E-03,9.76401E-02
Costante,5.00E-03,Costante,1.00E+01,Costante,0.00E+00,Costante,0.00E+00,Funzione 8,1.000000,Costante,0,Costante,0,Costante,0,Costante,0,0.5,5.00E-03,9.85153E-02
Costante,5.00E-03,Costante,1.00E+01,Costante,0.00E+00,Costante,0.00E+00,Funzione 8,1.000000,Costante,0,Costante,0,Costante,0,Costante,0,1,5.00E-03,9.60927E-02
Costante,5.00E-03,Costante,1.00E+01,Costante,0.00E+00,Costante,0.00E+00,Funzione 8,1.000000,Costante,0,Costante,0,Costante,0,Costante,0,2.5,5.00E-03,1.06313E-01
Costante,5.00E-03,Costante,1.00E+01,Costante,0.00E+00,Costante,0.00E+00,Funzione 8,1.000000,Costante,0,Costante,0,Costante,0,Costante,0,5,5.00E-03,2.65254E-01
Costante,5.00E-03,Costante,1.00E-01,Costante,0.00E+00,Costante,0.00E+00,Funzione 8,1.000000,Costante,0,Costante,0,Costante,0,Costante,0,0.3,5.00E-03,8.81802E-02
Costante,5.00E-03,Costante,1.00E-01,Costante,0.00E+00,Costante,0.00E+00,Funzione 8,1.000000,Costante,0,Costante,0,Costante,0,Costante,0,0.5,5.00E-03,8.49694E-02
Costante,5.00E-03,Costante,1.00E-01,Costante,0.00E+00,Costante,0.00E+00,Funzione 8,1.000000,Costante,0,Costante,0,Costante,0,Costante,0,1,5.00E-03,8.92350E-02
Costante,5.00E-03,Costante,1.00E-01,Costante,0.00E+00,Costante,0.00E+00,Funzione 8,1.000000,Costante,0,Costante,0,Costante,0,Costante,0,2.5,5.00E-03,9.99666E-02
Costante,5.00E-03,Costante,1.00E-01,Costante,0.00E+00,Costante,0.00E+00,Funzione 8,1.000000,Costante,0,Costante,0,Costante,0,Costante,0,5,5.00E-03,2.33628E-01
Costante,5.00E-03,Costante,1.00E+00,Costante,1.00E+00,Costante,0.00E+00,Funzione 8,1.000000,Costante,0,Costante,0,Costante,0,Costante,0,0.3,5.00E-03,8.81696E-02
Costante,5.00E-03,Costante,1.00E+00,Costante,1.00E+00,Costante,0.00E+00,Funzione 8,1.000000,Costante,0,Costante,0,Costante,0,Costante,0,0.5,5.00E-03,9.03920E-02
Costante,5.00E-03,Costante,1.00E+00,Costante,1.00E+00,Costante,0.00E+00,Funzione 8,1.000000,Costante,0,Costante,0,Costante,0,Costante,0,1,5.00E-03,8.71231E-02
Costante,5.00E-03,Costante,1.00E+00,Costante,1.00E+00,Costante,0.00E+00,Funzione 8,1.000000,Costante,0,Costante,0,Costante,0,Costante,0,2.5,5.00E-03,9.83556E-02
Costante,5.00E-03,Costante,1.00E+00,Costante,1.00E+00,Costante,0.00E+00,Funzione 8,1.000000,Costante,0,Costante,0,Costante,0,Costante,0,5,5.00E-03,2.38421E-01
Costante,5.00E-03,Costante,7.07E-01,Costante,-7.07E-01,Costante,0.00E+00,Funzione 8,1.000000,Costante,0,Costante,0,Costante,0,Costante,0,0.3,5.00E-03,8.67949E-02
Costante,5.00E-03,Costante,7.07E-01,Costante,-7.07E-01,Costante,0.00E+00,Funzione 8,1.000000,Costante,0,Costante,0,Costante,0,Costante,0,0.5,5.00E-03,8.98647E-02
Costante,5.00E-03,Costante,7.07E-01,Costante,-7.07E-01,Costante,0.00E+00,Funzione 8,1.000000,Costante,0,Costante,0,Costante,0,Costante,0,1,5.00E-03,8.97336E-02
Costante,5.00E-03,Costante,7.07E-01,Costante,-7.07E-01,Costante,0.00E+00,Funzione 8,1.000000,Costante,0,Costante,0,Costante,0,Costante,0,2.5,5.00E-03,9.99170E-02
Costante,5.00E-03,Costante,7.07E-01,Costante,-7.07E-01,Costante,0.00E+00,Funzione 8,1.000000,Costante,0,Costante,0,Costante,0,Costante,0,5,5.00E-03,2.35802E-01
Costante,5.00E-03,Costante,5.00E-01,Costante,8.66E-01,Costante,0.00E+00,Funzione 8,1.000000,Costante,0,Costante,0,Costante,0,Costante,0,0.3,5.00E-03,1.67282E-02
Costante,5.00E-03,Costante,5.00E-01,Costante,8.66E-01,Costante,0.00E+00,Funzione 8,1.000000,Costante,0,Costante,0,Costante,0,Costante,0,0.5,5.00E-03,1.70825E-02
Costante,5.00E-03,Costante,5.00E-01,Costante,8.66E-01,Costante,0.00E+00,Funzione 8,1.000000,Costante,0,Costante,0,Costante,0,Costante,0,1,5.00E-03,1.82990E-02
Costante,5.00E-03,Costante,5.00E-01,Costante,8.66E-01,Costante,0.00E+00,Funzione 8,1.000000,Costante,0,Costante,0,Costante,0,Costante,0,2.5,5.00E-03,4.01277E-02
Costante,5.00E-03,Costante,5.00E-01,Costante,8.66E-01,Costante,0.00E+00,Funzione 8,1.000000,Costante,0,Costante,0,Costante,0,Costante,0,5,5.00E-03,2.37677E-01
Costante,5.00E-03,Costante,1.73E+00,Costante,1.00E+00,Costante,0.00E+00,Funzione 8,1.000000,Costante,0,Costante,0,Costante,0,Costante,0,0.3,5.00E-03,8.99874E-02
Costante,5.00E-03,Costante,1.73E+00,Costante,1.00E+00,Costante,0.00E+00,Funzione 8,1.000000,Costante,0,Costante,0,Costante,0,Costante,0,0.5,5.00E-03,9.25394E-02
Costante,5.00E-03,Costante,1.73E+00,Costante,1.00E+00,Costante,0.00E+00,Funzione 8,1.000000,Costante,0,Costante,0,Costante,0,Costante,0,1,5.00E-03,8.93553E-02
Costante,5.00E-03,Costante,1.73E+00,Costante,1.00E+00,Costante,0.00E+00,Funzione 8,1.000000,Costante,0,Costante,0,Costante,0,Costante,0,2.5,5.00E-03,9.97626E-02
Costante,5.00E-03,Costante,1.73E+00,Costante,1.00E+00,Costante,0.00E+00,Funzione 8,1.000000,Costante,0,Costante,0,Costante,0,Costante,0,5,5.00E-03,2.40331E-01
Costante,1.00E-01,Costante,1.00E+00,Costante,0.00E+00,Costante,0.00E+00,Funzione 13,1.000000,Costante,0,Costante,0,Costante,0,Costante,0,0.15,1.00E-01,7.98160E-05
Costante,1.00E-01,Costante,1.00E+00,Costante,0.00E+00,Costante,0.00E+00,Funzione 13,1.000000,Costante,0,Costante,0,Costante,0,Costante,0,0.2,1.00E-01,1.48437E-04
Costante,1.00E-01,Costante,1.00E+00,Costante,0.00E+00,Costante,0.00E+00,Funzione 13,1.000000,Costante,0,Costante,0,Costante,0,Costante,0,0.25,1.00E-01,2.35635E-04
Costante,1.00E-01,Costante,1.00E+00,Costante,0.00E+00,Costante,0.00E+00,Funzione 13,1.000000,Costante,0,Costante,0,Costante,0,Costante,0,0.3,1.00E-01,3.48331E-04
Costante,1.00E-01,Costante,1.00E+00,Costante,0.00E+00,Costante,0.00E+00,Funzione 13,1.000000,Costante,0,Costante,0,Costante,0,Costante,0,0.5,1.00E-01,1.11333E-03
Costante,1.00E-01,Costante,1.00E+00,Costante,0.00E+00,Costante,1.00E-01,Funzione 13,1.000000,Costante,0,Costante,0,Costante,0,Costante,0,0.15,1.00E-01,8.00352E-05
Costante,1.00E-01,Costante,1.00E+00,Costante,0.00E+00,Costante,1.00E-01,Funzione 13,1.000000,Costante,0,Costante,0,Costante,0,Costante,0,0.2,1.00E-01,1.48070E-04
Costante,1.00E-01,Costante,1.00E+00,Costante,0.00E+00,Costante,1.00E-01,Funzione 13,1.000000,Costante,0,Costante,0,Costante,0,Costante,0,0.25,1.00E-01,2.36052E-04
Costante,1.00E-01,Costante,1.00E+00,Costante,0.00E+00,Costante,1.00E-01,Funzione 13,1.000000,Costante,0,Costante,0,Costante,0,Costante,0,0.3,1.00E-01,3.50719E-04
Costante,1.00E-01,Costante,1.00E+00,Costante,0.00E+00,Costante,1.00E-01,Funzione 13,1.000000,Costante,0,Costante,0,Costante,0,Costante,0,0.5,1.00E-01,1.13266E-03
Costante,1.00E-01,Costante,1.00E+01,Costante,0.00E+00,Costante,0.00E+00,Funzione 13,1.000000,Costante,0,Costante,0,Costante,0,Costante,0,0.15,1.00E-01,2.13857E-03
Costante,1.00E-01,Costante,1.00E+01,Costante,0.00E+00,Costante,0.00E+00,Funzione 13,1.000000,Costante,0,Costante,0,Costante,0,Costante,0,0.2,1.00E-01,2.10468E-03
Costante,1.00E-01,Costante,1.00E+01,Costante,0.00E+00,Costante,0.00E+00,Funzione 13,1.000000,Costante,0,Costante,0,Costante,0,Costante,0,0.25,1.00E-01,2.15946E-03
Costante,1.00E-01,Costante,1.00E+01,Costante,0.00E+00,Costante,0.00E+00,Funzione 13,1.000000,Costante,0,Costante,0,Costante,0,Costante,0,0.3,1.00E-01,2.25887E-03
Costante,1.00E-01,Costante,1.00E+01,Costante,0.00E+00,Costante,0.00E+00,Funzione 13,1.000000,Costante,0,Costante,0,Costante,0,Costante,0,0.5,1.00E-01,2.71178E-03
Costante,1.00E-01,Costante,1.00E-01,Costante,0.00E+00,Costante,0.00E+00,Funzione 13,1.000000,Costante,0,Costante,0,Costante,0,Costante,0,0.15,1.00E-01,8.22702E-05
Costante,1.00E-01,Costante,1.00E-01,Costante,0.00E+00,Costante,0.00E+00,Funzione 13,1.000000,Costante,0,Costante,0,Costante,0,Costante,0,0.2,1.00E-01,1.49687E-04
Costante,1.00E-01,Costante,1.00E-01,Costante,0.00E+00,Costante,0.00E+00,Funzione 13,1.000000,Costante,0,Costante,0,Costante,0,Costante,0,0.25,1.00E-01,2.35863E-04
Costante,1.00E-01,Costante,1.00E-01,Costante,0.00E+00,Costante,0.00E+00,Funzione 13,1.000000,Costante,0,Costante,0,Costante,0,Costante,0,0.3,1.00E-01,3.49828E-04
Costante,1.00E-01,Costante,1.00E-01,Costante,0.00E+00,Costante,0.00E+00,Funzione 13,1.000000,Costante,0,Costante,0,Costante,0,Costante,0,0.5,1.00E-01,1.09966E-03
Costante,1.00E-01,Costante,1.00E+00,Costante,1.00E+00,Costante,0.00E+00,Funzione 13,1.000000,Costante,0,Costante,0,Costante,0,Costante,0,0.15,1.00E-01,8.05127E-05
Costante,1.00E-01,Costante,1.00E+00,Costante,1.00E+00,Costante,0.00E+00,Funzione 13,1.000000,Costante,0,Costante,0,Costante,0,Costante,0,0.2,1.00E-01,1.48970E-04
Costante,1.00E-01,Costante,1.00E+00,Costante,1.00E+00,Costante,0.00E+00,Funzione 13,1.000000,Costante,0,Costante,0,Costante,0,Costante,0,0.25,1.00E-01,2.39418E-04
Costante,1.00E-01,Costante,1.00E+00,Costante,1.00E+00,Costante,0.00E+00,Funzione 13,1.000000,Costante,0,Costante,0,Costante,0,Costante,0,0.3,1.00E-01,3.50774E-04
Costante,1.00E-01,Costante,1.00E+00,Costante,1.00E+00,Costante,0.00E+00,Funzione 13,1.000000,Costante,0,Costante,0,Costante,0,Costante,0,0.5,1.00E-01,1.15502E-03
Costante,1.00E-01,Costante,7.07E-01,Costante,-7.07E-01,Costante,0.00E+00,Funzione 13,1.000000,Costante,0,Costante,0,Costante,0,Costante,0,0.15,1.00E-01,7.99651E-05
Costante,1.00E-01,Costante,7.07E-01,Costante,-7.07E-01,Costante,0.00E+00,Funzione 13,1.000000,Costante,0,Costante,0,Costante,0,Costante,0,0.2,1.00E-01,1.48525E-04
Costante,1.00E-01,Costante,7.07E-01,Costante,-7.07E-01,Costante,0.00E+00,Funzione 13,1.000000,Costante,0,Costante,0,Costante,0,Costante,0,0.25,1.00E-01,2.36837E-04
Costante,1.00E-01,Costante,7.07E-01,Costante,-7.07E-01,Costante,0.00E+00,Funzione 13,1.000000,Costante,0,Costante,0,Costante,0,Costante,0,0.3,1.00E-01,3.46205E-04
Costante,1.00E-01,Costante,7.07E-01,Costante,-7.07E-01,Costante,0.00E+00,Funzione 13,1.000000,Costante,0,Costante,0,Costante,0,Costante,0,0.5,1.00E-01,1.09913E-03
Costante,1.00E-01,Costante,5.00E-01,Costante,8.66E-01,Costante,0.00E+00,Funzione 13,1.000000,Costante,0,Costante,0,Costante,0,Costante,0,0.15,1.00E-01,8.08788E-05
Costante,1.00E-01,Costante,5.00E-01,Costante,8.66E-01,Costante,0.00E+00,Funzione 13,1.000000,Costante,0,Costante,0,Costante,0,Costante,0,0.2,1.00E-01,1.49103E-04
Costante,1.00E-01,Costante,5.00E-01,Costante,8.66E-01,Costante,0.00E+00,Funzione 13,1.000000,Costante,0,Costante,0,Costante,0,Costante,0,0.25,1.00E-01,2.36680E-04
Costante,1.00E-01,Costante,5.00E-01,Costante,8.66E-01,Costante,0.00E+00,Funzione 13,1.000000,Costante,0,Costante,0,Costante,0,Costante,0,0.3,1.00E-01,3.47589E-04
Costante,1.00E-01,Costante,5.00E-01,Costante,8.66E-01,Costante,0.00E+00,Funzione 13,1.000000,Costante,0,Costante,0,Costante,0,Costante,0,0.5,1.00E-01,1.17216E-03
Costante,1.00E-01,Costante,1.73E+00,Costante,1.00E+00,Costante,0.00E+00,Funzione 13,1.000000,Costante,0,Costante,0,Costante,0,Costante,0,0.15,1.00E-01,8.77571E-05
Costante,1.00E-01,Costante,1.73E+00,Costante,1.00E+00,Costante,0.00E+00,Funzione 13,1.000000,Costante,0,Costante,0,Costante,0,Costante,0,0.2,1.00E-01,1.45349E-04
Costante,1.00E-01,Costante,1.73E+00,Costante,1.00E+00,Costante,0.00E+00,Funzione 13,1.000000,Costante,0,Costante,0,Costante,0,Costante,0,0.25,1.00E-01,2.39309E-04
Costante,1.00E-01,Costante,1.73E+00,Costante,1.00E+00,Costante,0.00E+00,Funzione 13,1.000000,Costante,0,Costante,0,Costante,0,Costante,0,0.3,1.00E-01,3.48485E-04
Costante,1.00E-01,Costante,1.73E+00,Costante,1.00E+00,Costante,0.00E+00,Funzione 13,1.000000,Costante,0,Costante,0,Costante,0,Costante,0,0.5,1.00E-01,1.10449E-03
Costante,5.00E-02,Costante,1.00E+00,Costante,0.00E+00,Costante,0.00E+00,Funzione 13,1.000000,Costante,0,Costante,0,Costante,0,Costante,0,0.15,5.00E-02,1.27454E-04
Costante,5.00E-02,Costante,1.00E+00,Costante,0.00E+00,Costante,0.00E+00,Funzione 13,1.000000,Costante,0,Costante,0,Costante,0,Costante,0,0.3,5.00E-02,3.42455E-04
Costante,5.00E-02,Costante,1.00E+00,Costante,0.00E+00,Costante,0.00E+00,Funzione 13,1.000000,Costante,0,Costante,0,Costante,0,Costante,0,0.5,5.00E-02,1.07612E-03
Costante,5.00E-02,Costante,1.00E+00,Costante,0.00E+00,Costante,0.00E+00,Funzione 13,1.000000,Costante,0,Costante,0,Costante,0,Costante,0,0.75,5.00E-02,2.76828E-03
Costante,5.00E-02,Costante,1.00E+00,Costante,0.00E+00,Costante,0.00E+00,Funzione 13,1.000000,Costante,0,Costante,0,Costante,0,Costante,0,1,5.00E-02,5.70839E-03
Costante,5.00E-02,Costante,1.00E+00,Costante,0.00E+00,Costante,5.00E-02,Funzione 13,1.000000,Costante,0,Costante,0,Costante,0,Costante,0,0.3,5.00E-02,3.40357E-04
Costante,5.00E-02,Costante,1.00E+00,Costante,0.00E+00,Costante,5.00E-02,Funzione 13,1.000000,Costante,0,Costante,0,Costante,0,Costante,0,0.4,5.00E-02,6.52184E-04
Costante,5.00E-02,Costante,1.00E+00,Costante,0.00E+00,Costante,5.00E-02,Funzione 13,1.000000,Costante,0,Costante,0,Costante,0,Costante,0,0.5,5.00E-02,1.07576E-03
Costante,5.00E-02,Costante,1.00E+00,Costante,0.00E+00,Costante,5.00E-02,Funzione 13,1.000000,Costante,0,Costante,0,Costante,0,Costante,0,0.75,5.00E-02,2.77558E-03
Costante,5.00E-02,Costante,1.00E+00,Costante,0.00E+00,Costante,5.00E-02,Funzione 13,1.000000,Costante,0,Costante,0,Costante,0,Costante,0,1,5.00E-02,5.83812E-03
Costante,5.00E-02,Costante,1.00E+01,Costante,0.00E+00,Costante,0.00E+00,Funzione 13,1.000000,Costante,0,Costante,0,Costante,0,Costante,0,0.3,5.00E-02,6.79067E-03
Costante,5.00E-02,Costante,1.00E+01,Costante,0.00E+00,Costante,0.00E+00,Funzione 13,1.000000,Costante,0,Costante,0,Costante,0,Costante,0,0.4,5.00E-02,6.87581E-03
Costante,5.00E-02,Costante,1.00E+01,Costante,0.00E+00,Costante,0.00E+00,Funzione 13,1.000000,Costante,0,Costante,0,Costante,0,Costante,0,0.5,5.00E-02,7.31197E-03
Costante,5.00E-02,Costante,1.00E+01,Costante,0.00E+00,Costante,0.00E+00,Funzione 13,1.000000,Costante,0,Costante,0,Costante,0,Costante,0,0.75,5.00E-02,8.39735E-03
Costante,5.00E-02,Costante,1.00E+01,Costante,0.00E+00,Costante,0.00E+00,Funzione 13,1.000000,Costante,0,Costante,0,Costante,0,Costante,0,1,5.00E-02,1.04710E-02
Costante,5.00E-02,Costante,1.00E-01,Costante,0.00E+00,Costante,0.00E+00,Funzione 13,1.000000,Costante,0,Costante,0,Costante,0,Costante,0,0.3,5.00E-02,3.50609E-04
Costante,5.00E-02,Costante,1.00E-01,Costante,0.00E+00,Costante,0.00E+00,Funzione 13,1.000000,Costante,0,Costante,0,Costante,0,Costante,0,0.4,5.00E-02,6.62756E-04
Costante,5.00E-02,Costante,1.00E-01,Costante,0.00E+00,Costante,0.00E+00,Funzione 13,1.000000,Costante,0,Costante,0,Costante,0,Costante,0,0.5,5.00E-02,1.10219E-03
Costante,5.00E-02,Costante,1.00E-01,Costante,0.00E+00,Costante,0.00E+00,Funzione 13,1.000000,Costante,0,Costante,0,Costante,0,Costante,0,0.75,5.00E-02,2.94398E-03
Costante,5.00E-02,Costante,1.00E-01,Costante,0.00E+00,Costante,0.00E+00,Funzione 13,1.000000,Costante,0,Costante,0,Costante,0,Costante,0,1,5.00E-02,6.03749E-03
Costante,5.00E-02,Costante,1.00E+00,Costante,1.00E+00,Costante,0.00E+00,Funzione 13,1.000000,Costante,0,Costante,0,Costante,0,Costante,0,0.3,5.00E-02,3.38875E-04
Costante,5.00E-02,Costante,1.00E+00,Costante,1.00E+00,Costante,0.00E+00,Funzione 13,1.000000,Costante,0,Costante,0,Costante,0,Costante,0,0.4,5.00E-02,6.66639E-04
Costante,5.00E-02,Costante,1.00E+00,Costante,1.00E+00,Costante,0.00E+00,Funzione 13,1.000000,Costante,0,Costante,0,Costante,0,Costante,0,0.5,5.00E-02,1.06312E-03
Costante,5.00E-02,Costante,1.00E+00,Costante,1.00E+00,Costante,0.00E+00,Funzione 13,1.000000,Costante,0,Costante,0,Costante,0,Costante,0,0.75,5.00E-02,2.86181E-03
Costante,5.00E-02,Costante,1.00E+00,Costante,1.00E+00,Costante,0.00E+00,Funzione 13,1.000000,Costante,0,Costante,0,Costante,0,Costante,0,1,5.00E-02,5.82165E-03
Costante,5.00E-02,Costante,7.07E-01,Costante,-7.07E-01,Costante,0.00E+00,Funzione 13,1.000000,Costante,0,Costante,0,Costante,0,Costante,0,0.3,5.00E-02,3.38965E-04
Costante,5.00E-02,Costante,7.07E-01,Costante,-7.07E-01,Costante,0.00E+00,Funzione 13,1.000000,Costante,0,Costante,0,Costante,0,Costante,0,0.4,5.00E-02,6.63812E-04
Costante,5.00E-02,Costante,7.07E-01,Costante,-7.07E-01,Costante,0.00E+00,Funzione 13,1.000000,Costante,0,Costante,0,Costante,0,Costante,0,0.5,5.00E-02,1.08320E-03
Costante,5.00E-02,Costante,7.07E-01,Costante,-7.07E-01,Costante,0.00E+00,Funzione 13,1.000000,Costante,0,Costante,0,Costante,0,Costante,0,0.75,5.00E-02,2.89901E-03
Costante,5.00E-02,Costante,7.07E-01,Costante,-7.07E-01,Costante,0.00E+00,Funzione 13,1.000000,Costante,0,Costante,0,Costante,0,Costante,0,1,5.00E-02,5.77053E-03
Costante,5.00E-02,Costante,5.00E-01,Costante,8.66E-01,Costante,0.00E+00,Funzione 13,1.000000,Costante,0,Costante,0,Costante,0,Costante,0,0.3,5.00E-02,3.40598E-04
Costante,5.00E-02,Costante,5.00E-01,Costante,8.66E-01,Costante,0.00E+00,Funzione 13,1.000000,Costante,0,Costante,0,Costante,0,Costante,0,0.4,5.00E-02,6.62801E-04
Costante,5.00E-02,Costante,5.00E-01,Costante,8.66E-01,Costante,0.00E+00,Funzione 13,1.000000,Costante,0,Costante,0,Costante,0,Costante,0,0.5,5.00E-02,1.09467E-03
Costante,5.00E-02,Costante,5.00E-01,Costante,8.66E-01,Costante,0.00E+00,Funzione 13,1.000000,Costante,0,Costante,0,Costante,0,Costante,0,0.75,5.00E-02,2.91505E-03
Costante,5.00E-02,Costante,5.00E-01,Costante,8.66E-01,Costante,0.00E+00,Funzione 13,1.000000,Costante,0,Costante,0,Costante,0,Costante,0,1,5.00E-02,6.00949E-03
Costante,5.00E-02,Costante,1.73E+00,Costante,1.00E+00,Costante,0.00E+00,Funzione 13,1.000000,Costante,0,Costante,0,Costante,0,Costante,0,0.3,5.00E-02,3.56728E-04
Costante,5.00E-02,Costante,1.73E+00,Costante,1.00E+00,Costante,0.00E+00,Funzione 13,1.000000,Costante,0,Costante,0,Costante,0,Costante,0,0.4,5.00E-02,6.40946E-04
Costante,5.00E-02,Costante,1.73E+00,Costante,1.00E+00,Costante,0.00E+00,Funzione 13,1.000000,Costante,0,Costante,0,Costante,0,Costante,0,0.5,5.00E-02,1.10212E-03
Costante,5.00E-02,Costante,1.73E+00,Costante,1.00E+00,Costante,0.00E+00,Funzione 13,1.000000,Costante,0,Costante,0,Costante,0,Costante,0,0.75,5.00E-02,2.81781E-03
Costante,5.00E-02,Costante,1.73E+00,Costante,1.00E+00,Costante,0.00E+00,Funzione 13,1.000000,Costante,0,Costante,0,Costante,0,Costante,0,1,5.00E-02,5.72089E-03
Costante,5.00E-03,Costante,1.00E+00,Costante,0.00E+00,Costante,0.00E+00,Funzione 13,1.000000,Costante,0,Costante,0,Costante,0,Costante,0,0.3,5.00E-03,8.43447E-02
Costante,5.00E-03,Costante,1.00E+00,Costante,0.00E+00,Costante,0.00E+00,Funzione 13,1.000000,Costante,0,Costante,0,Costante,0,Costante,0,0.4,5.00E-03,8.39629E-02
Costante,5.00E-03,Costante,1.00E+00,Costante,0.00E+00,Costante,0.00E+00,Funzione 13,1.000000,Costante,0,Costante,0,Costante,0,Costante,0,0.5,5.00E-03,8.56120E-02
Costante,5.00E-03,Costante,1.00E+00,Costante,0.00E+00,Costante,0.00E+00,Funzione 13,1.000000,Costante,0,Costante,0,Costante,0,Costante,0,0.75,5.00E-03,8.64495E-02
Costante,5.00E-03,Costante,1.00E+00,Costante,0.00E+00,Costante,0.00E+00,Funzione 13,1.000000,Costante,0,Costante,0,Costante,0,Costante,0,1,5.00E-03,8.57159E-02
Costante,5.00E-03,Costante,1.00E+00,Costante,0.00E+00,Costante,5.00E-03,Funzione 13,1.000000,Costante,0,Costante,0,Costante,0,Costante,0,0.3,5.00E-03,8.32836E-02
Costante,5.00E-03,Costante,1.00E+00,Costante,0.00E+00,Costante,5.00E-03,Funzione 13,1.000000,Costante,0,Costante,0,Costante,0,Costante,0,0.4,5.00E-03,8.43555E-02
Costante,5.00E-03,Costante,1.00E+00,Costante,0.00E+00,Costante,5.00E-03,Funzione 13,1.000000,Costante,0,Costante,0,Costante,0,Costante,0,0.5,5.00E-03,8.42397E-02
Costante,5.00E-03,Costante,1.00E+00,Costante,0.00E+00,Costante,5.00E-03,Funzione 13,1.000000,Costante,0,Costante,0,Costante,0,Costante,0,0.75,5.00E-03,8.49595E-02
Costante,5.00E-03,Costante,1.00E+00,Costante,0.00E+00,Costante,5.00E-03,Funzione 13,1.000000,Costante,0,Costante,0,Costante,0,Costante,0,1,5.00E-03,8.62076E-02
Costante,5.00E-03,Costante,1.00E+01,Costante,0.00E+00,Costante,0.00E+00,Funzione 13,1.000000,Costante,0,Costante,0,Costante,0,Costante,0,0.3,5.00E-03,1.88469E-01
Costante,5.00E-03,Costante,1.00E+01,Costante,0.00E+00,Costante,0.00E+00,Funzione 13,1.000000,Costante,0,Costante,0,Costante,0,Costante,0,0.5,5.00E-03,1.82990E-01
Costante,5.00E-03,Costante,1.00E+01,Costante,0.00E+00,Costante,0.00E+00,Funzione 13,1.000000,Costante,0,Costante,0,Costante,0,Costante,0,1,5.00E-03,1.83388E-01
Costante,5.00E-03,Costante,1.00E+01,Costante,0.00E+00,Costante,0.00E+00,Funzione 13,1.000000,Costante,0,Costante,0,Costante,0,Costante,0,2.5,5.00E-03,1.95069E-01
Costante,5.00E-03,Costante,1.00E+01,Costante,0.00E+00,Costante,0.00E+00,Funzione 13,1.000000,Costante,0,Costante,0,Costante,0,Costante,0,5,5.00E-03,2.78014E-01
Costante,5.00E-03,Costante,1.00E-01,Costante,0.00E+00,Costante,0.00E+00,Funzione 13,1.000000,Costante,0,Costante,0,Costante,0,Costante,0,0.3,5.00E-03,8.06080E-02
Costante,5.00E-03,Costante,1.00E-01,Costante,0.00E+00,Costante,0.00E+00,Funzione 13,1.000000,Costante,0,Costante,0,Costante,0,Costante,0,0.5,5.00E-03,8.03610E-02
Costante,5.00E-03,Costante,1.00E-01,Costante,0.00E+00,Costante,0.00E+00,Funzione 13,1.000000,Costante,0,Costante,0,Costante,0,Costante,0,1,5.00E-03,8.21508E-02
Costante,5.00E-03,Costante,1.00E-01,Costante,0.00E+00,Costante,0.00E+00,Funzione 13,1.000000,Costante,0,Costante,0,Costante,0,Costante,0,2.5,5.00E-03,9.47045E-02
Costante,5.00E-03,Costante,1.00E-01,Costante,0.00E+00,Costante,0.00E+00,Funzione 13,1.000000,Costante,0,Costante,0,Costante,0,Costante,0,5,5.00E-03,2.32829E-01
Costante,5.00E-03,Costante,1.00E+00,Costante,1.00E+00,Costante,0.00E+00,Funzione 13,1.000000,Costante,0,Costante,0,Costante,0,Costante,0,0.3,5.00E-03,8.98203E-02
Costante,5.00E-03,Costante,1.00E+00,Costante,1.00E+00,Costante,0.00E+00,Funzione 13,1.000000,Costante,0,Costante,0,Costante,0,Costante,0,0.5,5.00E-03,8.61866E-02
Costante,5.00E-03,Costante,1.00E+00,Costante,1.00E+00,Costante,0.00E+00,Funzione 13,1.000000,Costante,0,Costante,0,Costante,0,Costante,0,1,5.00E-03,8.85382E-02
Costante,5.00E-03,Costante,1.00E+00,Costante,1.00E+00,Costante,0.00E+00,Funzione 13,1.000000,Costante,0,Costante,0,Costante,0,Costante,0,2.5,5.00E-03,1.01058E-01
Costante,5.00E-03,Costante,1.00E+00,Costante,1.00E+00,Costante,0.00E+00,Funzione 13,1.000000,Costante,0,Costante,0,Costante,0,Costante,0,5,5.00E-03,2.34498E-01
Costante,5.00E-03,Costante,7.07E-01,Costante,-7.07E-01,Costante,0.00E+00,Funzione 13,1.000000,Costante,0,Costante,0,Costante,0,Costante,0,0.3,5.00E-03,8.19559E-02
Costante,5.00E-03,Costante,7.07E-01,Costante,-7.07E-01,Costante,0.00E+00,Funzione 13,1.000000,Costante,0,Costante,0,Costante,0,Costante,0,0.5,5.00E-03,8.08267E-02
Costante,5.00E-03,Costante,7.07E-01,Costante,-7.07E-01,Costante,0.00E+00,Funzione 13,1.000000,Costante,0,Costante,0,Costante,0,Costante,0,1,5.00E-03,8.35075E-02
Costante,5.00E-03,Costante,7.07E-01,Costante,-7.07E-01,Costante,0.00E+00,Funzione 13,1.000000,Costante,0,Costante,0,Costante,0,Costante,0,2.5,5.00E-03,9.79567E-02
Costante,5.00E-03,Costante,7.07E-01,Costante,-7.07E-01,Costante,0.00E+00,Funzione 13,1.000000,Costante,0,Costante,0,Costante,0,Costante,0,5,5.00E-03,2.34942E-01
Costante,5.00E-03,Costante,5.00E-01,Costante,8.66E-01,Costante,0.00E+00,Funzione 13,1.000000,Costante,0,Costante,0,Costante,0,Costante,0,0.3,5.00E-03,1.71094E-02
Costante,5.00E-03,Costante,5.00E-01,Costante,8.66E-01,Costante,0.00E+00,Funzione 13,1.000000,Costante,0,Costante,0,Costante,0,Costante,0,0.5,5.00E-03,1.79163E-02
Costante,5.00E-03,Costante,5.00E-01,Costante,8.66E-01,Costante,0.00E+00,Funzione 13,1.000000,Costante,0,Costante,0,Costante,0,Costante,0,1,5.00E-03,1.89136E-02
Costante,5.00E-03,Costante,5.00E-01,Costante,8.66E-01,Costante,0.00E+00,Funzione 13,1.000000,Costante,0,Costante,0,Costante,0,Costante,0,2.5,5.00E-03,4.07511E-02
Costante,5.00E-03,Costante,5.00E-01,Costante,8.66E-01,Costante,0.00E+00,Funzione 13,1.000000,Costante,0,Costante,0,Costante,0,Costante,0,5,5.00E-03,2.45326E-01
Costante,5.00E-03,Costante,1.73E+00,Costante,1.00E+00,Costante,0.00E+00,Funzione 13,1.000000,Costante,0,Costante,0,Costante,0,Costante,0,0.3,5.00E-03,9.21025E-02
Costante,5.00E-03,Costante,1.73E+00,Costante,1.00E+00,Costante,0.00E+00,Funzione 13,1.000000,Costante,0,Costante,0,Costante,0,Costante,0,0.5,5.00E-03,9.28946E-02
Costante,5.00E-03,Costante,1.73E+00,Costante,1.00E+00,Costante,0.00E+00,Funzione 13,1.000000,Costante,0,Costante,0,Costante,0,Costante,0,1,5.00E-03,9.47994E-02
Costante,5.00E-03,Costante,1.73E+00,Costante,1.00E+00,Costante,0.00E+00,Funzione 13,1.000000,Costante,0,Costante,0,Costante,0,Costante,0,2.5,5.00E-03,1.07612E-01
Costante,5.00E-03,Costante,1.73E+00,Costante,1.00E+00,Costante,0.00E+00,Funzione 13,1.000000,Costante,0,Costante,0,Costante,0,Costante,0,5,5.00E-03,2.38448E-01
Costante,1.00E-01,Costante,1.00E+00,Costante,0.00E+00,Costante,0.00E+00,Funzione 14,1.000000,Costante,0,Costante,0,Costante,0,Costante,0,0.15,1.00E-01,8.02354E-05
Costante,1.00E-01,Costante,1.00E+00,Costante,0.00E+00,Costante,0.00E+00,Funzione 14,1.000000,Costante,0,Costante,0,Costante,0,Costante,0,0.2,1.00E-01,1.47633E-04
Costante,1.00E-01,Costante,1.00E+00,Costante,0.00E+00,Costante,0.00E+00,Funzione 14,1.000000,Costante,0,Costante,0,Costante,0,Costante,0,0.25,1.00E-01,2.36262E-04
Costante,1.00E-01,Costante,1.00E+00,Costante,0.00E+00,Costante,0.00E+00,Funzione 14,1.000000,Costante,0,Costante,0,Costante,0,Costante,0,0.3,1.00E-01,3.49925E-04
Costante,1.00E-01,Costante,1.00E+00,Costante,0.00E+00,Costante,0.00E+00,Funzione 14,1.000000,Costante,0,Costante,0,Costante,0,Costante,0,0.5,1.00E-01,1.07615E-03
Costante,1.00E-01,Costante,1.00E+00,Costante,0.00E+00,Costante,1.00E-01,Funzione 14,1.000000,Costante,0,Costante,0,Costante,0,Costante,0,0.15,1.00E-01,8.04041E-05
Costante,1.00E-01,Costante,1.00E+00,Costante,0.00E+00,Costante,1.00E-01,Funzione 14,1.000000,Costante,0,Costante,0,Costante,0,Costante,0,0.2,1.00E-01,1.48121E-04
Costante,1.00E-01,Costante,1.00E+00,Costante,0.00E+00,Costante,1.00E-01,Funzione 14,1.000000,Costante,0,Costante,0,Costante,0,Costante,0,0.25,1.00E-01,2.34720E-04
Costante,1.00E-01,Costante,1.00E+00,Costante,0.00E+00,Costante,1.00E-01,Funzione 14,1.000000,Costante,0,Costante,0,Costante,0,Costante,0,0.3,1.00E-01,3.47748E-04
Costante,1.00E-01,Costante,1.00E+00,Costante,0.00E+00,Costante,1.00E-01,Funzione 14,1.000000,Costante,0,Costante,0,Costante,0,Costante,0,0.5,1.00E-01,1.11728E-03
Costante,1.00E-01,Costante,1.00E+01,Costante,0.00E+00,Costante,0.00E+00,Funzione 14,1.000000,Costante,0,Costante,0,Costante,0,Costante,0,0.15,1.00E-01,8.60094E-05
Costante,1.00E-01,Costante,1.00E+01,Costante,0.00E+00,Costante,0.00E+00,Funzione 14,1.000000,Costante,0,Costante,0,Costante,0,Costante,0,0.2,1.00E-01,1.58502E-04
Costante,1.00E-01,Costante,1.00E+01,Costante,0.00E+00,Costante,0.00E+00,Funzione 14,1.000000,Costante,0,Costante,0,Costante,0,Costante,0,0.25,1.00E-01,2.53763E-04
Costante,1.00E-01,Costante,1.00E+01,Costante,0.00E+00,Costante,0.00E+00,Funzione 14,1.000000,Costante,0,Costante,0,Costante,0,Costante,0,0.3,1.00E-01,3.89141E-04
Costante,1.00E-01,Costante,1.00E+01,Costante,0.00E+00,Costante,0.00E+00,Funzione 14,1.000000,Costante,0,Costante,0,Costante,0,Costante,0,0.5,1.00E-01,1.31616E-03
Costante,1.00E-01,Costante,1.00E-01,Costante,0.00E+00,Costante,0.00E+00,Funzione 14,1.000000,Costante,0,Costante,0,Costante,0,Costante,0,0.15,1.00E-01,8.15729E-05
Costante,1.00E-01,Costante,1.00E-01,Costante,0.00E+00,Costante,0.00E+00,Funzione 14,1.000000,Costante,0,Costante,0,Costante,0,Costante,0,0.2,1.00E-01,1.48588E-04
Costante,1.00E-01,Costante,1.00E-01,Costante,0.00E+00,Costante,0.00E+00,Funzione 14,1.000000,Costante,0,Costante,0,Costante,0,Costante,0,0.25,1.00E-01,2.34262E-04
Costante,1.00E-01,Costante,1.00E-01,Costante,0.00E+00,Costante,0.00E+00,Funzione 14,1.000000,Costante,0,Costante,0,Costante,0,Costante,0,0.3,1.00E-01,3.50200E-04
Costante,1.00E-01,Costante,1.00E-01,Costante,0.00E+00,Costante,0.00E+00,Funzione 14,1.000000,Costante,0,Costante,0,Costante,0,Costante,0,0.5,1.00E-01,1.09848E-03
Costante,1.00E-01,Costante,1.00E+00,Costante,1.00E+00,Costante,0.00E+00,Funzione 14,1.000000,Costante,0,Costante,0,Costante,0,Costante,0,0.15,1.00E-01,8.11360E-05
Costante,1.00E-01,Costante,1.00E+00,Costante,1.00E+00,Costante,0.00E+00,Funzione 14,1.000000,Costante,0,Costante,0,Costante,0,Costante,0,0.2,1.00E-01,1.48284E-04
Costante,1.00E-01,Costante,1.00E+00,Costante,1.00E+00,Costante,0.00E+00,Funzione 14,1.000000,Costante,0,Costante,0,Costante,0,Costante,0,0.25,1.00E-01,2.35438E-04
Costante,1.00E-01,Costante,1.00E+00,Costante,1.00E+00,Costante,0.00E+00,Funzione 14,1.000000,Costante,0,Costante,0,Costante,0,Costante,0,0.3,1.00E-01,3.55777E-04
Costante,1.00E-01,Costante,1.00E+00,Costante,1.00E+00,Costante,0.00E+00,Funzione 14,1.000000,Costante,0,Costante,0,Costante,0,Costante,0,0.5,1.00E-01,1.14383E-03
Costante,1.00E-01,Costante,7.07E-01,Costante,-7.07E-01,Costante,0.00E+00,Funzione 14,1.000000,Costante,0,Costante,0,Costante,0,Costante,0,0.15,1.00E-01,8.00963E-05
Costante,1.00E-01,Costante,7.07E-01,Costante,-7.07E-01,Costante,0.00E+00,Funzione 14,1.000000,Costante,0,Costante,0,Costante,0,Costante,0,0.2,1.00E-01,1.48318E-04
Costante,1.00E-01,Costante,7.07E-01,Costante,-7.07E-01,Costante,0.00E+00,Funzione 14,1.000000,Costante,0,Costante,0,Costante,0,Costante,0,0.25,1.00E-01,2.32569E-04
Costante,1.00E-01,Costante,7.07E-01,Costante,-7.07E-01,Costante,0.00E+00,Funzione 14,1.000000,Costante,0,Costante,0,Costante,0,Costante,0,0.3,1.00E-01,3.45117E-04
Costante,1.00E-01,Costante,7.07E-01,Costante,-7.07E-01,Costante,0.00E+00,Funzione 14,1.000000,Costante,0,Costante,0,Costante,0,Costante,0,0.5,1.00E-01,1.09257E-03
Costante,1.00E-01,Costante,5.00E-01,Costante,8.66E-01,Costante,0.00E+00,Funzione 14,1.000000,Costante,0,Costante,0,Costante,0,Costante,0,0.15,1.00E-01,8.11912E-05
Costante,1.00E-01,Costante,5.00E-01,Costante,8.66E-01,Costante,0.00E+00,Funzione 14,1.000000,Costante,0,Costante,0,Costante,0,Costante,0,0.2,1.00E-01,1.47683E-04
Costante,1.00E-01,Costante,5.00E-01,Costante,8.66E-01,Costante,0.00E+00,Funzione 14,1.000000,Costante,0,Costante,0,Costante,0,Costante,0,0.25,1.00E-01,2.36134E-04
Costante,1.00E-01,Costante,5.00E-01,Costante,8.66E-01,Costante,0.00E+00,Funzione 14,1.000000,Costante,0,Costante,0,Costante,0,Costante,0,0.3,1.00E-01,3.53184E-04
Costante,1.00E-01,Costante,5.00E-01,Costante,8.66E-01,Costante,0.00E+00,Funzione 14,1.000000,Costante,0,Costante,0,Costante,0,Costante,0,0.5,1.00E-01,1.14337E-03
Costante,1.00E-01,Costante,1.73E+00,Costante,1.00E+00,Costante,0.00E+00,Funzione 14,1.000000,Costante,0,Costante,0,Costante,0,Costante,0,0.15,1.00E-01,8.16958E-05
Costante,1.00E-01,Costante,1.73E+00,Costante,1.00E+00,Costante,0.00E+00,Funzione 14,1.000000,Costante,0,Costante,0,Costante,0,Costante,0,0.2,1.00E-01,1.49204E-04
Costante,1.00E-01,Costante,1.73E+00,Costante,1.00E+00,Costante,0.00E+00,Funzione 14,1.000000,Costante,0,Costante,0,Costante,0,Costante,0,0.25,1.00E-01,2.36448E-04
Costante,1.00E-01,Costante,1.73E+00,Costante,1.00E+00,Costante,0.00E+00,Funzione 14,1.000000,Costante,0,Costante,0,Costante,0,Costante,0,0.3,1.00E-01,3.57179E-04
Costante,1.00E-01,Costante,1.73E+00,Costante,1.00E+00,Costante,0.00E+00,Funzione 14,1.000000,Costante,0,Costante,0,Costante,0,Costante,0,0.5,1.00E-01,1.15188E-03
Costante,5.00E-02,Costante,1.00E+00,Costante,0.00E+00,Costante,0.00E+00,Funzione 14,1.000000,Costante,0,Costante,0,Costante,0,Costante,0,0.15,5.00E-02,1.07185E-04
Costante,5.00E-02,Costante,1.00E+00,Costante,0.00E+00,Costante,0.00E+00,Funzione 14,1.000000,Costante,0,Costante,0,Costante,0,Costante,0,0.3,5.00E-02,3.46657E-04
Costante,5.00E-02,Costante,1.00E+00,Costante,0.00E+00,Costante,0.00E+00,Funzione 14,1.000000,Costante,0,Costante,0,Costante,0,Costante,0,0.5,5.00E-02,1.11596E-03
Costante,5.00E-02,Costante,1.00E+00,Costante,0.00E+00,Costante,0.00E+00,Funzione 14,1.000000,Costante,0,Costante,0,Costante,0,Costante,0,0.75,5.00E-02,2.88610E-03
Costante,5.00E-02,Costante,1.00E+00,Costante,0.00E+00,Costante,0.00E+00,Funzione 14,1.000000,Costante,0,Costante,0,Costante,0,Costante,0,1,5.00E-02,5.99918E-03
Costante,5.00E-02,Costante,1.00E+00,Costante,0.00E+00,Costante,5.00E-02,Funzione 14,1.000000,Costante,0,Costante,0,Costante,0,Costante,0,0.3,5.00E-02,3.51203E-04
Costante,5.00E-02,Costante,1.00E+00,Costante,0.00E+00,Costante,5.00E-02,Funzione 14,1.000000,Costante,0,Costante,0,Costante,0,Costante,0,0.4,5.00E-02,6.52324E-04
Costante,5.00E-02,Costante,1.00E+00,Costante,0.00E+00,Costante,5.00E-02,Funzione 14,1.000000,Costante,0,Costante,0,Costante,0,Costante,0,0.5,5.00E-02,1.09060E-03
Costante,5.00E-02,Costante,1.00E+00,Costante,0.00E+00,Costante,5.00E-02,Funzione 14,1.000000,Costante,0,Costante,0,Costante,0,Costante,0,0.75,5.00E-02,2.83660E-03
Costante,5.00E-02,Costante,1.00E+00,Costante,0.00E+00,Costante,5.00E-02,Funzione 14,1.000000,Costante,0,Costante,0,Costante,0,Costante,0,1,5.00E-02,5.83664E-03
Costante,5.00E-02,Costante,1.00E+01,Costante,0.00E+00,Costante,0.00E+00,Funzione 14,1.000000,Costante,0,Costante,0,Costante,0,Costante,0,0.3,5.00E-02,3.89290E-04
Costante,5.00E-02,Costante,1.00E+01,Costante,0.00E+00,Costante,0.00E+00,Funzione 14,1.000000,Costante,0,Costante,0,Costante,0,Costante,0,0.4,5.00E-02,7.62670E-04
Costante,5.00E-02,Costante,1.00E+01,Costante,0.00E+00,Costante,0.00E+00,Funzione 14,1.000000,Costante,0,Costante,0,Costante,0,Costante,0,0.5,5.00E-02,1.29625E-03
Costante,5.00E-02,Costante,1.00E+01,Costante,0.00E+00,Costante,0.00E+00,Funzione 14,1.000000,Costante,0,Costante,0,Costante,0,Costante,0,0.75,5.00E-02,3.54075E-03
Costante,5.00E-02,Costante,1.00E+01,Costante,0.00E+00,Costante,0.00E+00,Funzione 14,1.000000,Costante,0,Costante,0,Costante,0,Costante,0,1,5.00E-02,7.54079E-03
Costante,5.00E-02,Costante,1.00E-01,Costante,0.00E+00,Costante,0.00E+00,Funzione 14,1.000000,Costante,0,Costante,0,Costante,0,Costante,0,0.3,5.00E-02,3.49340E-04
Costante,5.00E-02,Costante,1.00E-01,Costante,0.00E+00,Costante,0.00E+00,Funzione 14,1.000000,Costante,0,Costante,0,Costante,0,Costante,0,0.4,5.00E-02,6.47999E-04
Costante,5.00E-02,Costante,1.00E-01,Costante,0.00E+00,Costante,0.00E+00,Funzione 14,1.000000,Costante,0,Costante,0,Costante,0,Costante,0,0.5,5.00E-02,1.08710E-03
Costante,5.00E-02,Costante,1.00E-01,Costante,0.00E+00,Costante,0.00E+00,Funzione 14,1.000000,Costante,0,Costante,0,Costante,0,Costante,0,0.75,5.00E-02,2.79315E-03
Costante,5.00E-02,Costante,1.00E-01,Costante,0.00E+00,Costante,0.00E+00,Funzione 14,1.000000,Costante,0,Costante,0,Costante,0,Costante,0,1,5.00E-02,5.76877E-03
Costante,5.00E-02,Costante,1.00E+00,Costante,1.00E+00,Costante,0.00E+00,Funzione 14,1.000000,Costante,0,Costante,0,Costante,0,Costante,0,0.3,5.00E-02,3.55052E-04
Costante,5.00E-02,Costante,1.00E+00,Costante,1.00E+00,Costante,0.00E+00,Funzione 14,1.000000,Costante,0,Costante,0,Costante,0,Costante,0,0.4,5.00E-02,6.73225E-04
Costante,5.00E-02,Costante,1.00E+00,Costante,1.00E+00,Costante,0.00E+00,Funzione 14,1.000000,Costante,0,Costante,0,Costante,0,Costante,0,0.5,5.00E-02,1.11675E-03
Costante,5.00E-02,Costante,1.00E+00,Costante,1.00E+00,Costante,0.00E+00,Funzione 14,1.000000,Costante,0,Costante,0,Costante,0,Costante,0,0.75,5.00E-02,2.86124E-03
Costante,5.00E-02,Costante,1.00E+00,Costante,1.00E+00,Costante,0.00E+00,Funzione 14,1.000000,Costante,0,Costante,0,Costante,0,Costante,0,1,5.00E-02,6.12924E-03
Costante,5.00E-02,Costante,7.07E-01,Costante,-7.07E-01,Costante,0.00E+00,Funzione 14,1.000000,Costante,0,Costante,0,Costante,0,Costante,0,0.3,5.00E-02,3.43824E-04
Costante,5.00E-02,Costante,7.07E-01,Costante,-7.07E-01,Costante,0.00E+00,Funzione 14,1.000000,Costante,0,Costante,0,Costante,0,Costante,0,0.4,5.00E-02,6.54749E-04
Costante,5.00E-02,Costante,7.07E-01,Costante,-7.07E-01,Costante,0.00E+00,Funzione 14,1.000000,Costante,0,Costante,0,Costante,0,Costante,0,0.5,5.00E-02,1.10612E-03
Costante,5.00E-02,Costante,7.07E-01,Costante,-7.07E-01,Costante,0.00E+00,Funzione 14,1.000000,Costante,0,Costante,0,Costante,0,Costante,0,0.75,5.00E-02,2.91657E-03
Costante,5.00E-02,Costante,7.07E-01,Costante,-7.07E-01,Costante,0.00E+00,Funzione 14,1.000000,Costante,0,Costante,0,Costante,0,Costante,0,1,5.00E-02,5.79693E-03
Costante,5.00E-02,Costante,5.00E-01,Costante,8.66E-01,Costante,0.00E+00,Funzione 14,1.000000,Costante,0,Costante,0,Costante,0,Costante,0,0.3,5.00E-02,3.51204E-04
Costante,5.00E-02,Costante,5.00E-01,Costante,8.66E-01,Costante,0.00E+00,Funzione 14,1.000000,Costante,0,Costante,0,Costante,0,Costante,0,0.4,5.00E-02,6.58498E-04
Costante,5.00E-02,Costante,5.00E-01,Costante,8.66E-01,Costante,0.00E+00,Funzione 14,1.000000,Costante,0,Costante,0,Costante,0,Costante,0,0.5,5.00E-02,1.10352E-03
Costante,5.00E-02,Costante,5.00E-01,Costante,8.66E-01,Costante,0.00E+00,Funzione 14,1.000000,Costante,0,Costante,0,Costante,0,Costante,0,0.75,5.00E-02,2.92382E-03
Costante,5.00E-02,Costante,5.00E-01,Costante,8.66E-01,Costante,0.00E+00,Funzione 14,1.000000,Costante,0,Costante,0,Costante,0,Costante,0,1,5.00E-02,5.95984E-03
Costante,5.00E-02,Costante,1.73E+00,Costante,1.00E+00,Costante,0.00E+00,Funzione 14,1.000000,Costante,0,Costante,0,Costante,0,Costante,0,0.3,5.00E-02,3.56984E-04
Costante,5.00E-02,Costante,1.73E+00,Costante,1.00E+00,Costante,0.00E+00,Funzione 14,1.000000,Costante,0,Costante,0,Costante,0,Costante,0,0.4,5.00E-02,6.68779E-04
Costante,5.00E-02,Costante,1.73E+00,Costante,1.00E+00,Costante,0.00E+00,Funzione 14,1.000000,Costante,0,Costante,0,Costante,0,Costante,0,0.5,5.00E-02,1.13341E-03
Costante,5.00E-02,Costante,1.73E+00,Costante,1.00E+00,Costante,0.00E+00,Funzione 14,1.000000,Costante,0,Costante,0,Costante,0,Costante,0,0.75,5.00E-02,3.02957E-03
Costante,5.00E-02,Costante,1.73E+00,Costante,1.00E+00,Costante,0.00E+00,Funzione 14,1.000000,Costante,0,Costante,0,Costante,0,Costante,0,1,5.00E-02,6.23999E-03
Costante,5.00E-03,Costante,1.00E+00,Costante,0.00E+00,Costante,0.00E+00,Funzione 14,1.000000,Costante,0,Costante,0,Costante,0,Costante,0,0.3,5.00E-03,8.52882E-02
Costante,5.00E-03,Costante,1.00E+00,Costante,0.00E+00,Costante,0.00E+00,Funzione 14,1.000000,Costante,0,Costante,0,Costante,0,Costante,0,0.4,5.00E-03,8.57080E-02
Costante,5.00E-03,Costante,1.00E+00,Costante,0.00E+00,Costante,0.00E+00,Funzione 14,1.000000,Costante,0,Costante,0,Costante,0,Costante,0,0.5,5.00E-03,8.59383E-02
Costante,5.00E-03,Costante,1.00E+00,Costante,0.00E+00,Costante,0.00E+00,Funzione 14,1.000000,Costante,0,Costante,0,Costante,0,Costante,0,0.75,5.00E-03,8.46378E-02
Costante,5.00E-03,Costante,1.00E+00,Costante,0.00E+00,Costante,0.00E+00,Funzione 14,1.000000,Costante,0,Costante,0,Costante,0,Costante,0,1,5.00E-03,8.64055E-02
Costante,5.00E-03,Costante,1.00E+00,Costante,0.00E+00,Costante,5.00E-03,Funzione 14,1.000000,Costante,0,Costante,0,Costante,0,Costante,0,0.3,5.00E-03,8.52778E-02
Costante,5.00E-03,Costante,1.00E+00,Costante,0.00E+00,Costante,5.00E-03,Funzione 14,1.000000,Costante,0,Costante,0,Costante,0,Costante,0,0.4,5.00E-03,8.60747E-02
Costante,5.00E-03,Costante,1.00E+00,Costante,0.00E+00,Costante,5.00E-03,Funzione 14,1.000000,Costante,0,Costante,0,Costante,0,Costante,0,0.5,5.00E-03,8.62184E-02
Costante,5.00E-03,Costante,1.00E+00,Costante,0.00E+00,Costante,5.00E-03,Funzione 14,1.000000,Costante,0,Costante,0,Costante,0,Costante,0,0.75,5.00E-03,8.62245E-02
Costante,5.00E-03,Costante,1.00E+00,Costante,0.00E+00,Costante,5.00E-03,Funzione 14,1.000000,Costante,0,Costante,0,Costante,0,Costante,0,1,5.00E-03,8.70069E-02
Costante,5.00E-03,Costante,1.00E+01,Costante,0.00E+00,Costante,0.00E+00,Funzione 14,1.000000,Costante,0,Costante,0,Costante,0,Costante,0,0.3,5.00E-03,8.20265E-02
Costante,5.00E-03,Costante,1.00E+01,Costante,0.00E+00,Costante,0.00E+00,Funzione 14,1.000000,Costante,0,Costante,0,Costante,0,Costante,0,0.5,5.00E-03,8.30793E-02
Costante,5.00E-03,Costante,1.00E+01,Costante,0.00E+00,Costante,0.00E+00,Funzione 14,1.000000,Costante,0,Costante,0,Costante,0,Costante,0,1,5.00E-03,8.55743E-02
Costante,5.00E-03,Costante,1.00E+01,Costante,0.00E+00,Costante,0.00E+00,Funzione 14,1.000000,Costante,0,Costante,0,Costante,0,Costante,0,2.5,5.00E-03,9.57609E-02
Costante,5.00E-03,Costante,1.00E+01,Costante,0.00E+00,Costante,0.00E+00,Funzione 14,1.000000,Costante,0,Costante,0,Costante,0,Costante,0,5,5.00E-03,2.43508E-01
Costante,5.00E-03,Costante,1.00E-01,Costante,0.00E+00,Costante,0.00E+00,Funzione 14,1.000000,Costante,0,Costante,0,Costante,0,Costante,0,0.3,5.00E-03,8.67314E-02
Costante,5.00E-03,Costante,1.00E-01,Costante,0.00E+00,Costante,0.00E+00,Funzione 14,1.000000,Costante,0,Costante,0,Costante,0,Costante,0,0.5,5.00E-03,8.59466E-02
Costante,5.00E-03,Costante,1.00E-01,Costante,0.00E+00,Costante,0.00E+00,Funzione 14,1.000000,Costante,0,Costante,0,Costante,0,Costante,0,1,5.00E-03,8.77742E-02
Costante,5.00E-03,Costante,1.00E-01,Costante,0.00E+00,Costante,0.00E+00,Funzione 14,1.000000,Costante,0,Costante,0,Costante,0,Costante,0,2.5,5.00E-03,9.76034E-02
Costante,5.00E-03,Costante,1.00E-01,Costante,0.00E+00,Costante,0.00E+00,Funzione 14,1.000000,Costante,0,Costante,0,Costante,0,Costante,0,5,5.00E-03,2.31345E-01
Costante,5.00E-03,Costante,1.00E+00,Costante,1.00E+00,Costante,0.00E+00,Funzione 14,1.000000,Costante,0,Costante,0,Costante,0,Costante,0,0.3,5.00E-03,8.48947E-02
Costante,5.00E-03,Costante,1.00E+00,Costante,1.00E+00,Costante,0.00E+00,Funzione 14,1.000000,Costante,0,Costante,0,Costante,0,Costante,0,0.5,5.00E-03,8.18530E-02
Costante,5.00E-03,Costante,1.00E+00,Costante,1.00E+00,Costante,0.00E+00,Funzione 14,1.000000,Costante,0,Costante,0,Costante,0,Costante,0,1,5.00E-03,8.46945E-02
Costante,5.00E-03,Costante,1.00E+00,Costante,1.00E+00,Costante,0.00E+00,Funzione 14,1.000000,Costante,0,Costante,0,Costante,0,Costante,0,2.5,5.00E-03,9.80094E-02
Costante,5.00E-03,Costante,1.00E+00,Costante,1.00E+00,Costante,0.00E+00,Funzione 14,1.000000,Costante,0,Costante,0,Costante,0,Costante,0,5,5.00E-03,2.41242E-01
Costante,5.00E-03,Costante,7.07E-01,Costante,-7.07E-01,Costante,0.00E+00,Funzione 14,1.000000,Costante,0,Costante,0,Costante,0,Costante,0,0.3,5.00E-03,8.35604E-02
Costante,5.00E-03,Costante,7.07E-01,Costante,-7.07E-01,Costante,0.00E+00,Funzione 14,1.000000,Costante,0,Costante,0,Costante,0,Costante,0,0.5,5.00E-03,8.66552E-02
Costante,5.00E-03,Costante,7.07E-01,Costante,-7.07E-01,Costante,0.00E+00,Funzione 14,1.000000,Costante,0,Costante,0,Costante,0,Costante,0,1,5.00E-03,8.67728E-02
Costante,5.00E-03,Costante,7.07E-01,Costante,-7.07E-01,Costante,0.00E+00,Funzione 14,1.000000,Costante,0,Costante,0,Costante,0,Costante,0,2.5,5.00E-03,9.91624E-02
Costante,5.00E-03,Costante,7.07E-01,Costante,-7.07E-01,Costante,0.00E+00,Funzione 14,1.000000,Costante,0,Costante,0,Costante,0,Costante,0,5,5.00E-03,2.36028E-01
Costante,5.00E-03,Costante,5.00E-01,Costante,8.66E-01,Costante,0.00E+00,Funzione 14,1.000000,Costante,0,Costante,0,Costante,0,Costante,0,0.3,5.00E-03,1.67034E-02
Costante,5.00E-03,Costante,5.00E-01,Costante,8.66E-01,Costante,0.00E+00,Funzione 14,1.000000,Costante,0,Costante,0,Costante,0,Costante,0,0.5,5.00E-03,1.68947E-02
Costante,5.00E-03,Costante,5.00E-01,Costante,8.66E-01,Costante,0.00E+00,Funzione 14,1.000000,Costante,0,Costante,0,Costante,0,Costante,0,1,5.00E-03,1.79604E-02
Costante,5.00E-03,Costante,5.00E-01,Costante,8.66E-01,Costante,0.00E+00,Funzione 14,1.000000,Costante,0,Costante,0,Costante,0,Costante,0,2.5,5.00E-03,4.14060E-02
Costante,5.00E-03,Costante,5.00E-01,Costante,8.66E-01,Costante,0.00E+00,Funzione 14,1.000000,Costante,0,Costante,0,Costante,0,Costante,0,5,5.00E-03,2.45498E-01
Costante,5.00E-03,Costante,1.73E+00,Costante,1.00E+00,Costante,0.00E+00,Funzione 14,1.000000,Costante,0,Costante,0,Costante,0,Costante,0,0.3,5.00E-03,8.47374E-02
Costante,5.00E-03,Costante,1.73E+00,Costante,1.00E+00,Costante,0.00E+00,Funzione 14,1.000000,Costante,0,Costante,0,Costante,0,Costante,0,0.5,5.00E-03,8.44498E-02
Costante,5.00E-03,Costante,1.73E+00,Costante,1.00E+00,Costante,0.00E+00,Funzione 14,1.000000,Costante,0,Costante,0,Costante,0,Costante,0,1,5.00E-03,8.66990E-02
Costante,5.00E-03,Costante,1.73E+00,Costante,1.00E+00,Costante,0.00E+00,Funzione 14,1.000000,Costante,0,Costante,0,Costante,0,Costante,0,2.5,5.00E-03,9.82288E-02
Costante,5.00E-03,Costante,1.73E+00,Costante,1.00E+00,Costante,0.00E+00,Funzione 14,1.000000,Costante,0,Costante,0,Costante,0,Costante,0,5,5.00E-03,2.33809E-01
Costante,1.00E-02,Costante,1.00E+00,Costante,1.00E+00,Costante,1.00E-02,Funzione 11,1.000000,Costante,0,Costante,0,Costante,0,Costante,0,2,1.00E-02,3.48970E-02
Costante,1.00E-02,Costante,1.00E+00,Costante,1.00E+00,Costante,1.00E-02,Funzione 11,1.000000,Costante,0,Costante,0,Costante,0,Costante,0,3,1.00E-02,6.83164E-02
Costante,1.00E-02,Costante,1.00E+00,Costante,1.00E+00,Costante,1.00E-02,Funzione 11,1.000000,Costante,0,Costante,0,Costante,0,Costante,0,4,1.00E-02,1.40585E-01
Costante,1.00E-02,Costante,1.00E+00,Costante,1.00E+00,Costante,1.00E-02,Funzione 11,1.000000,Costante,0,Costante,0,Costante,0,Costante,0,5,1.00E-02,2.70295E-01
Costante,1.00E-02,Costante,1.00E+00,Costante,1.00E+00,Costante,1.00E-02,Funzione 11,1.000000,Costante,0,Costante,0,Costante,0,Costante,0,5.5,1.00E-02,3.57778E-01
Costante,1.00E-03,Costante,1.00E+00,Costante,1.00E+00,Costante,1.00E-03,Funzione 11,1.000000,Costante,0,Costante,0,Costante,0,Costante,0,2,1.00E-02,3.74322E-02
Costante,1.00E-03,Costante,1.00E+00,Costante,1.00E+00,Costante,1.00E-03,Funzione 11,1.000000,Costante,0,Costante,0,Costante,0,Costante,0,3,1.00E-02,6.98946E-02
Costante,1.00E-03,Costante,1.00E+00,Costante,1.00E+00,Costante,1.00E-03,Funzione 11,1.000000,Costante,0,Costante,0,Costante,0,Costante,0,4,1.00E-02,1.43413E-01
Costante,1.00E-03,Costante,1.00E+00,Costante,1.00E+00,Costante,1.00E-03,Funzione 11,1.000000,Costante,0,Costante,0,Costante,0,Costante,0,5,1.00E-02,2.63772E-01
Costante,1.00E-03,Costante,1.00E+00,Costante,1.00E+00,Costante,1.00E-03,Funzione 11,1.000000,Costante,0,Costante,0,Costante,0,Costante,0,5.5,1.00E-02,3.40831E-01
Costante,1.00E-04,Costante,1.00E+00,Costante,1.00E+00,Costante,1.00E-04,Funzione 11,1.000000,Costante,0,Costante,0,Costante,0,Costante,0,2,1.00E-02,3.68498E-02
Costante,1.00E-04,Costante,1.00E+00,Costante,1.00E+00,Costante,1.00E-04,Funzione 11,1.000000,Costante,0,Costante,0,Costante,0,Costante,0,3,1.00E-02,7.14867E-02
Costante,1.00E-04,Costante,1.00E+00,Costante,1.00E+00,Costante,1.00E-04,Funzione 11,1.000000,Costante,0,Costante,0,Costante,0,Costante,0,4,1.00E-02,1.43924E-01
Costante,1.00E-04,Costante,1.00E+00,Costante,1.00E+00,Costante,1.00E-04,Funzione 11,1.000000,Costante,0,Costante,0,Costante,0,Costante,0,5,1.00E-02,2.57756E-01
Costante,1.00E-04,Costante,1.00E+00,Costante,1.00E+00,Costante,1.00E-04,Funzione 11,1.000000,Costante,0,Costante,0,Costante,0,Costante,0,5.5,1.00E-02,3.57907E-01
Costante,1.00E-02,Costante,1.00E+01,Costante,1.00E+01,Costante,1.00E-02,Funzione 11,1.000000,Costante,0,Costante,0,Costante,0,Costante,0,2,1.00E-02,3.81328E-02
Costante,1.00E-02,Costante,1.00E+01,Costante,1.00E+01,Costante,1.00E-02,Funzione 11,1.000000,Costante,0,Costante,0,Costante,0,Costante,0,3,1.00E-02,7.01229E-02
Costante,1.00E-02,Costante,1.00E+01,Costante,1.00E+01,Costante,1.00E-02,Funzione 11,1.000000,Costante,0,Costante,0,Costante,0,Costante,0,4,1.00E-02,1.42570E-01
Costante,1.00E-02,Costante,1.00E+01,Costante,1.00E+01,Costante,1.00E-02,Funzione 11,1.000000,Costante,0,Costante,0,Costante,0,Costante,0,5,1.00E-02,2.67355E-01
Costante,1.00E-02,Costante,1.00E+01,Costante,1.00E+01,Costante,1.00E-02,Funzione 11,1.000000,Costante,0,Costante,0,Costante,0,Costante,0,5.5,1.00E-02,3.41260E-01
Costante,1.00E-02,Costante,1.00E-01,Costante,1.00E-01,Costante,1.00E-02,Funzione 11,1.000000,Costante,0,Costante,0,Costante,0,Costante,0,2,1.00E-02,3.49278E-02
Costante,1.00E-02,Costante,1.00E-01,Costante,1.00E-01,Costante,1.00E-02,Funzione 11,1.000000,Costante,0,Costante,0,Costante,0,Costante,0,3,1.00E-02,6.93840E-02
Costante,1.00E-02,Costante,1.00E-01,Costante,1.00E-01,Costante,1.00E-02,Funzione 11,1.000000,Costante,0,Costante,0,Costante,0,Costante,0,4,1.00E-02,1.38668E-01
Costante,1.00E-02,Costante,1.00E-01,Costante,1.00E-01,Costante,1.00E-02,Funzione 11,1.000000,Costante,0,Costante,0,Costante,0,Costante,0,5,1.00E-02,2.55496E-01
Costante,1.00E-02,Costante,1.00E-01,Costante,1.00E-01,Costante,1.00E-02,Funzione 11,1.000000,Costante,0,Costante,0,Costante,0,Costante,0,5.5,1.00E-02,3.51709E-01
Costante,1.00E-02,Costante,1.00E+00,Costante,0.00E+00,Costante,1.00E-02,Funzione 11,1.000000,Costante,0,Costante,0,Costante,0,Costante,0,2,1.00E-02,3.47726E-02
Costante,1.00E-02,Costante,1.00E+00,Costante,0.00E+00,Costante,1.00E-02,Funzione 11,1.000000,Costante,0,Costante,0,Costante,0,Costante,0,3,1.00E-02,6.85887E-02
Costante,1.00E-02,Costante,1.00E+00,Costante,0.00E+00,Costante,1.00E-02,Funzione 11,1.000000,Costante,0,Costante,0,Costante,0,Costante,0,4,1.00E-02,1.40559E-01
Costante,1.00E-02,Costante,1.00E+00,Costante,0.00E+00,Costante,1.00E-02,Funzione 11,1.000000,Costante,0,Costante,0,Costante,0,Costante,0,5,1.00E-02,2.70331E-01
Costante,1.00E-02,Costante,1.00E+00,Costante,0.00E+00,Costante,1.00E-02,Funzione 11,1.000000,Costante,0,Costante,0,Costante,0,Costante,0,5.5,1.00E-02,3.56564E-01
Costante,1.00E-02,Costante,1.00E+00,Costante,-1.00E+00,Costante,1.00E-02,Funzione 11,1.000000,Costante,0,Costante,0,Costante,0,Costante,0,2,1.00E-02,3.66125E-02
Costante,1.00E-02,Costante,1.00E+00,Costante,-1.00E+00,Costante,1.00E-02,Funzione 11,1.000000,Costante,0,Costante,0,Costante,0,Costante,0,3,1.00E-02,7.01177E-02
Costante,1.00E-02,Costante,1.00E+00,Costante,-1.00E+00,Costante,1.00E-02,Funzione 11,1.000000,Costante,0,Costante,0,Costante,0,Costante,0,4,1.00E-02,1.39870E-01
Costante,1.00E-02,Costante,1.00E+00,Costante,-1.00E+00,Costante,1.00E-02,Funzione 11,1.000000,Costante,0,Costante,0,Costante,0,Costante,0,5,1.00E-02,2.75112E-01
Costante,1.00E-02,Costante,1.00E+00,Costante,-1.00E+00,Costante,1.00E-02,Funzione 11,1.000000,Costante,0,Costante,0,Costante,0,Costante,0,5.5,1.00E-02,3.49667E-01
Costante,1.00E-02,Costante,-1.00E+01,Costante,-1.00E+01,Costante,1.00E-02,Funzione 11,1.000000,Costante,0,Costante,0,Costante,0,Costante,0,2,1.00E-02,3.69252E-02
Costante,1.00E-02,Costante,-1.00E+01,Costante,-1.00E+01,Costante,1.00E-02,Funzione 11,1.000000,Costante,0,Costante,0,Costante,0,Costante,0,3,1.00E-02,6.85558E-02
Costante,1.00E-02,Costante,-1.00E+01,Costante,-1.00E+01,Costante,1.00E-02,Funzione 11,1.000000,Costante,0,Costante,0,Costante,0,Costante,0,4,1.00E-02,1.38101E-01
Costante,1.00E-02,Costante,-1.00E+01,Costante,-1.00E+01,Costante,1.00E-02,Funzione 11,1.000000,Costante,0,Costante,0,Costante,0,Costante,0,5,1.00E-02,2.49396E-01
Costante,1.00E-02,Costante,-1.00E+01,Costante,-1.00E+01,Costante,1.00E-02,Funzione 11,1.000000,Costante,0,Costante,0,Costante,0,Costante,0,5.5,1.00E-02,3.22205E-01
Costante,1.00E-02,Costante,1.00E+00,Costante,1.00E+00,Costante,1.00E+00,Funzione 11,1.000000,Costante,0,Costante,0,Costante,0,Costante,0,2,1.00E-02,3.47568E-02
Costante,1.00E-02,Costante,1.00E+00,Costante,1.00E+00,Costante,1.00E+00,Funzione 11,1.000000,Costante,0,Costante,0,Costante,0,Costante,0,3,1.00E-02,6.79344E-02
Costante,1.00E-02,Costante,1.00E+00,Costante,1.00E+00,Costante,1.00E+00,Funzione 11,1.000000,Costante,0,Costante,0,Costante,0,Costante,0,4,1.00E-02,1.38428E-01
Costante,1.00E-02,Costante,1.00E+00,Costante,1.00E+00,Costante,1.00E+00,Funzione 11,1.000000,Costante,0,Costante,0,Costante,0,Costante,0,5,1.00E-02,2.67991E-01
Costante,1.00E-02,Costante,1.00E+00,Costante,1.00E+00,Costante,1.00E+00,Funzione 11,1.000000,Costante,0,Costante,0,Costante,0,Costante,0,5.5,1.00E-02,3.50216E-01
Costante,1.00E-03,Costante,1.00E+00,Costante,1.00E+00,Costante,1.00E+00,Funzione 11,1.000000,Costante,0,Costante,0,Costante,0,Costante,0,2,1.00E-02,3.74143E-02
Costante,1.00E-03,Costante,1.00E+00,Costante,1.00E+00,Costante,1.00E+00,Funzione 11,1.000000,Costante,0,Costante,0,Costante,0,Costante,0,3,1.00E-02,7.00159E-02
Costante,1.00E-03,Costante,1.00E+00,Costante,1.00E+00,Costante,1.00E+00,Funzione 11,1.000000,Costante,0,Costante,0,Costante,0,Costante,0,4,1.00E-02,1.41147E-01
Costante,1.00E-03,Costante,1.00E+00,Costante,1.00E+00,Costante,1.00E+00,Funzione 11,1.000000,Costante,0,Costante,0,Costante,0,Costante,0,5,1.00E-02,2.71181E-01
Costante,1.00E-03,Costante,1.00E+00,Costante,1.00E+00,Costante,1.00E+00,Funzione 11,1.000000,Costante,0,Costante,0,Costante,0,Costante,0,5.5,1.00E-02,3.44531E-01
Costante,1.00E-04,Costante,1.00E+00,Costante,1.00E+00,Costante,1.00E+00,Funzione 11,1.000000,Costante,0,Costante,0,Costante,0,Costante,0,2,1.00E-02,3.68891E-02
Costante,1.00E-04,Costante,1.00E+00,Costante,1.00E+00,Costante,1.00E+00,Funzione 11,1.000000,Costante,0,Costante,0,Costante,0,Costante,0,3,1.00E-02,7.03184E-02
Costante,1.00E-04,Costante,1.00E+00,Costante,1.00E+00,Costante,1.00E+00,Funzione 11,1.000000,Costante,0,Costante,0,Costante,0,Costante,0,4,1.00E-02,1.40558E-01
Costante,1.00E-04,Costante,1.00E+00,Costante,1.00E+00,Costante,1.00E+00,Funzione 11,1.000000,Costante,0,Costante,0,Costante,0,Costante,0,5,1.00E-02,2.66975E-01
Costante,1.00E-04,Costante,1.00E+00,Costante,1.00E+00,Costante,1.00E+00,Funzione 11,1.000000,Costante,0,Costante,0,Costante,0,Costante,0,5.5,1.00E-02,3.45436E-01
Costante,1.00E-02,Costante,1.00E+00,Costante,1.00E+00,Costante,0.00E+00,Funzione 11,1.000000,Costante,0,Costante,0,Costante,0,Costante,0,2,1.00E-02,3.46332E-02
Costante,1.00E-02,Costante,1.00E+00,Costante,1.00E+00,Costante,0.00E+00,Funzione 11,1.000000,Costante,0,Costante,0,Costante,0,Costante,0,3,1.00E-02,6.81313E-02
Costante,1.00E-02,Costante,1.00E+00,Costante,1.00E+00,Costante,0.00E+00,Funzione 11,1.000000,Costante,0,Costante,0,Costante,0,Costante,0,4,1.00E-02,1.39954E-01
Costante,1.00E-02,Costante,1.00E+00,Costante,1.00E+00,Costante,0.00E+00,Funzione 11,1.000000,Costante,0,Costante,0,Costante,0,Costante,0,5,1.00E-02,2.69143E-01
Costante,1.00E-02,Costante,1.00E+00,Costante,1.00E+00,Costante,0.00E+00,Funzione 11,1.000000,Costante,0,Costante,0,Costante,0,Costante,0,5.5,1.00E-02,3.70811E-01
Costante,1.00E-03,Costante,1.00E+01,Costante,1.00E+01,Costante,0.00E+00,Funzione 11,1.000000,Costante,0,Costante,0,Costante,0,Costante,0,2,1.00E-02,3.75627E-02
Costante,1.00E-03,Costante,1.00E+01,Costante,1.00E+01,Costante,0.00E+00,Funzione 11,1.000000,Costante,0,Costante,0,Costante,0,Costante,0,3,1.00E-02,6.94384E-02
Costante,1.00E-03,Costante,1.00E+01,Costante,1.00E+01,Costante,0.00E+00,Funzione 11,1.000000,Costante,0,Costante,0,Costante,0,Costante,0,4,1.00E-02,1.46311E-01
Costante,1.00E-03,Costante,1.00E+01,Costante,1.00E+01,Costante,0.00E+00,Funzione 11,1.000000,Costante,0,Costante,0,Costante,0,Costante,0,5,1.00E-02,2.65774E-01
Costante,1.00E-03,Costante,1.00E+01,Costante,1.00E+01,Costante,0.00E+00,Funzione 11,1.000000,Costante,0,Costante,0,Costante,0,Costante,0,5.5,1.00E-02,3.65102E-01
Costante,1.00E-03,Costante,1.00E-01,Costante,1.00E-01,Costante,0.00E+00,Funzione 11,1.000000,Costante,0,Costante,0,Costante,0,Costante,0,2,1.00E-02,3.41737E-02
Costante,1.00E-03,Costante,1.00E-01,Costante,1.00E-01,Costante,0.00E+00,Funzione 11,1.000000,Costante,0,Costante,0,Costante,0,Costante,0,3,1.00E-02,6.91535E-02
Costante,1.00E-03,Costante,1.00E-01,Costante,1.00E-01,Costante,0.00E+00,Funzione 11,1.000000,Costante,0,Costante,0,Costante,0,Costante,0,4,1.00E-02,1.40095E-01
Costante,1.00E-03,Costante,1.00E-01,Costante,1.00E-01,Costante,0.00E+00,Funzione 11,1.000000,Costante,0,Costante,0,Costante,0,Costante,0,5,1.00E-02,2.68248E-01
Costante,1.00E-03,Costante,1.00E-01,Costante,1.00E-01,Costante,0.00E+00,Funzione 11,1.000000,Costante,0,Costante,0,Costante,0,Costante,0,5.5,1.00E-02,3.60191E-01
Costante,1.00E-02,Costante,-1.00E+00,Costante,-1.00E+00,Costante,1.00E-02,Funzione 11,1.000000,Costante,0,Costante,0,Costante,0,Costante,0,2,1.00E-02,3.73583E-02
Costante,1.00E-02,Costante,-1.00E+00,Costante,-1.00E+00,Costante,1.00E-02,Funzione 11,1.000000,Costante,0,Costante,0,Costante,0,Costante,0,3,1.00E-02,6.90846E-02
Costante,1.00E-02,Costante,-1.00E+00,Costante,-1.00E+00,Costante,1.00E-02,Funzione 11,1.000000,Costante,0,Costante,0,Costante,0,Costante,0,4,1.00E-02,1.39429E-01
Costante,1.00E-02,Costante,-1.00E+00,Costante,-1.00E+00,Costante,1.00E-02,Funzione 11,1.000000,Costante,0,Costante,0,Costante,0,Costante,0,5,1.00E-02,2.59179E-01
Costante,1.00E-02,Costante,-1.00E+00,Costante,-1.00E+00,Costante,1.00E-02,Funzione 11,1.000000,Costante,0,Costante,0,Costante,0,Costante,0,5.5,1.00E-02,3.42097E-01
Costante,1.00E-02,Costante,-1.00E+00,Costante,-1.00E+00,Costante,1.00E-02,Funzione 11,1.000000,Costante,0,Costante,0,Costante,0,Costante,0,2,1.00E-02,3.73583E-02
Costante,1.00E-02,Costante,-1.00E+00,Costante,-1.00E+00,Costante,1.00E-02,Funzione 11,1.000000,Costante,0,Costante,0,Costante,0,Costante,0,3,1.00E-02,6.90846E-02
Costante,1.00E-02,Costante,-1.00E+00,Costante,-1.00E+00,Costante,1.00E-02,Funzione 11,1.000000,Costante,0,Costante,0,Costante,0,Costante,0,4,1.00E-02,1.39429E-01
Costante,1.00E-02,Costante,-1.00E+00,Costante,-1.00E+00,Costante,1.00E-02,Funzione 11,1.000000,Costante,0,Costante,0,Costante,0,Costante,0,5,1.00E-02,2.59179E-01
Costante,1.00E-02,Costante,-1.00E+00,Costante,-1.00E+00,Costante,1.00E-02,Funzione 11,1.000000,Costante,0,Costante,0,Costante,0,Costante,0,5.5,1.00E-02,3.42097E-01
Costante,1.00E-02,Costante,-1.00E+00,Costante,-1.00E+00,Costante,1.00E-02,Funzione 11,1.000000,Costante,0,Costante,0,Costante,0,Costante,0,2,1.00E-02,3.73583E-02
Costante,1.00E-02,Costante,-1.00E+00,Costante,-1.00E+00,Costante,1.00E-02,Funzione 11,1.000000,Costante,0,Costante,0,Costante,0,Costante,0,3,1.00E-02,6.90846E-02
Costante,1.00E-02,Costante,-1.00E+00,Costante,-1.00E+00,Costante,1.00E-02,Funzione 11,1.000000,Costante,0,Costante,0,Costante,0,Costante,0,4,1.00E-02,1.39429E-01
Costante,1.00E-02,Costante,-1.00E+00,Costante,-1.00E+00,Costante,1.00E-02,Funzione 11,1.000000,Costante,0,Costante,0,Costante,0,Costante,0,5,1.00E-02,2.59179E-01
Costante,1.00E-02,Costante,-1.00E+00,Costante,-1.00E+00,Costante,1.00E-02,Funzione 11,1.000000,Costante,0,Costante,0,Costante,0,Costante,0,5.5,1.00E-02,3.42097E-01
Costante,1.00E-02,Costante,-1.00E+00,Costante,-1.00E+00,Costante,1.00E-02,Funzione 11,1.000000,Costante,0,Costante,0,Costante,0,Costante,0,2,1.00E-02,3.73583E-02
Costante,1.00E-02,Costante,-1.00E+00,Costante,-1.00E+00,Costante,1.00E-02,Funzione 11,1.000000,Costante,0,Costante,0,Costante,0,Costante,0,3,1.00E-02,6.90846E-02
Costante,1.00E-02,Costante,-1.00E+00,Costante,-1.00E+00,Costante,1.00E-02,Funzione 11,1.000000,Costante,0,Costante,0,Costante,0,Costante,0,4,1.00E-02,1.39429E-01
Costante,1.00E-02,Costante,-1.00E+00,Costante,-1.00E+00,Costante,1.00E-02,Funzione 11,1.000000,Costante,0,Costante,0,Costante,0,Costante,0,5,1.00E-02,2.59179E-01
Costante,1.00E-02,Costante,-1.00E+00,Costante,-1.00E+00,Costante,1.00E-02,Funzione 11,1.000000,Costante,0,Costante,0,Costante,0,Costante,0,5.5,1.00E-02,3.42097E-01
Costante,1.00E-02,Costante,-1.00E+00,Costante,-1.00E+00,Costante,1.00E-02,Funzione 11,1.000000,Costante,0,Costante,0,Costante,0,Costante,0,2,1.00E-02,3.73583E-02
Costante,1.00E-02,Costante,-1.00E+00,Costante,-1.00E+00,Costante,1.00E-02,Funzione 11,1.000000,Costante,0,Costante,0,Costante,0,Costante,0,3,1.00E-02,6.90846E-02
Costante,1.00E-02,Costante,-1.00E+00,Costante,-1.00E+00,Costante,1.00E-02,Funzione 11,1.000000,Costante,0,Costante,0,Costante,0,Costante,0,4,1.00E-02,1.39429E-01
Costante,1.00E-02,Costante,-1.00E+00,Costante,-1.00E+00,Costante,1.00E-02,Funzione 11,1.000000,Costante,0,Costante,0,Costante,0,Costante,0,5,1.00E-02,2.59179E-01
Costante,1.00E-02,Costante,-1.00E+00,Costante,-1.00E+00,Costante,1.00E-02,Funzione 11,1.000000,Costante,0,Costante,0,Costante,0,Costante,0,5.5,1.00E-02,3.42097E-01
Costante,1.00E-02,Costante,0.00E+00,Costante,1.00E+00,Costante,1.00E-02,Funzione 11,1.000000,Costante,0,Costante,0,Costante,0,Costante,0,2,1.00E-02,3.51372E-02
Costante,1.00E-02,Costante,0.00E+00,Costante,1.00E+00,Costante,1.00E-02,Funzione 11,1.000000,Costante,0,Costante,0,Costante,0,Costante,0,3,1.00E-02,6.81771E-02
Costante,1.00E-02,Costante,0.00E+00,Costante,1.00E+00,Costante,1.00E-02,Funzione 11,1.000000,Costante,0,Costante,0,Costante,0,Costante,0,4,1.00E-02,1.40982E-01
Costante,1.00E-02,Costante,0.00E+00,Costante,1.00E+00,Costante,1.00E-02,Funzione 11,1.000000,Costante,0,Costante,0,Costante,0,Costante,0,5,1.00E-02,2.70982E-01
Costante,1.00E-02,Costante,0.00E+00,Costante,1.00E+00,Costante,1.00E-02,Funzione 11,1.000000,Costante,0,Costante,0,Costante,0,Costante,0,5.5,1.00E-02,3.62164E-01
Costante,1.00E-02,Costante,1.00E+00,Costante,1.00E+00,Costante,1.00E-02,Funzione 15,1.000000,Costante,0,Costante,0,Costante,0,Costante,0,2,1.00E-02,3.74822E-02
Costante,1.00E-02,Costante,1.00E+00,Costante,1.00E+00,Costante,1.00E-02,Funzione 15,1.000000,Costante,0,Costante,0,Costante,0,Costante,0,3,1.00E-02,7.05997E-02
Costante,1.00E-02,Costante,1.00E+00,Costante,1.00E+00,Costante,1.00E-02,Funzione 15,1.000000,Costante,0,Costante,0,Costante,0,Costante,0,4,1.00E-02,1.42708E-01
Costante,1.00E-02,Costante,1.00E+00,Costante,1.00E+00,Costante,1.00E-02,Funzione 15,1.000000,Costante,0,Costante,0,Costante,0,Costante,0,5,1.00E-02,2.53716E-01
Costante,1.00E-02,Costante,1.00E+00,Costante,1.00E+00,Costante,1.00E-02,Funzione 15,1.000000,Costante,0,Costante,0,Costante,0,Costante,0,5.5,1.00E-02,3.51102E-01
Costante,1.00E-03,Costante,1.00E+00,Costante,1.00E+00,Costante,1.00E-03,Funzione 15,1.000000,Costante,0,Costante,0,Costante,0,Costante,0,2,1.00E-02,3.70396E-02
Costante,1.00E-03,Costante,1.00E+00,Costante,1.00E+00,Costante,1.00E-03,Funzione 15,1.000000,Costante,0,Costante,0,Costante,0,Costante,0,3,1.00E-02,6.97465E-02
Costante,1.00E-03,Costante,1.00E+00,Costante,1.00E+00,Costante,1.00E-03,Funzione 15,1.000000,Costante,0,Costante,0,Costante,0,Costante,0,4,1.00E-02,1.38299E-01
Costante,1.00E-03,Costante,1.00E+00,Costante,1.00E+00,Costante,1.00E-03,Funzione 15,1.000000,Costante,0,Costante,0,Costante,0,Costante,0,5,1.00E-02,2.53513E-01
Costante,1.00E-03,Costante,1.00E+00,Costante,1.00E+00,Costante,1.00E-03,Funzione 15,1.000000,Costante,0,Costante,0,Costante,0,Costante,0,5.5,1.00E-02,3.18122E-01
Costante,1.00E-04,Costante,1.00E+00,Costante,1.00E+00,Costante,1.00E-04,Funzione 15,1.000000,Costante,0,Costante,0,Costante,0,Costante,0,2,1.00E-02,3.73808E-02
Costante,1.00E-04,Costante,1.00E+00,Costante,1.00E+00,Costante,1.00E-04,Funzione 15,1.000000,Costante,0,Costante,0,Costante,0,Costante,0,3,1.00E-02,7.01022E-02
Costante,1.00E-04,Costante,1.00E+00,Costante,1.00E+00,Costante,1.00E-04,Funzione 15,1.000000,Costante,0,Costante,0,Costante,0,Costante,0,4,1.00E-02,1.46484E-01
Costante,1.00E-04,Costante,1.00E+00,Costante,1.00E+00,Costante,1.00E-04,Funzione 15,1.000000,Costante,0,Costante,0,Costante,0,Costante,0,5,1.00E-02,2.72844E-01
Costante,1.00E-04,Costante,1.00E+00,Costante,1.00E+00,Costante,1.00E-04,Funzione 15,1.000000,Costante,0,Costante,0,Costante,0,Costante,0,5.5,1.00E-02,3.60086E-01
Costante,1.00E-02,Costante,1.00E+01,Costante,1.00E+01,Costante,1.00E-02,Funzione 15,1.000000,Costante,0,Costante,0,Costante,0,Costante,0,2,1.00E-02,3.68661E-02
Costante,1.00E-02,Costante,1.00E+01,Costante,1.00E+01,Costante,1.00E-02,Funzione 15,1.000000,Costante,0,Costante,0,Costante,0,Costante,0,3,1.00E-02,7.02016E-02
Costante,1.00E-02,Costante,1.00E+01,Costante,1.00E+01,Costante,1.00E-02,Funzione 15,1.000000,Costante,0,Costante,0,Costante,0,Costante,0,4,1.00E-02,1.39397E-01
Costante,1.00E-02,Costante,1.00E+01,Costante,1.00E+01,Costante,1.00E-02,Funzione 15,1.000000,Costante,0,Costante,0,Costante,0,Costante,0,5,1.00E-02,2.52214E-01
Costante,1.00E-02,Costante,1.00E+01,Costante,1.00E+01,Costante,1.00E-02,Funzione 15,1.000000,Costante,0,Costante,0,Costante,0,Costante,0,5.5,1.00E-02,3.21624E-01
Costante,1.00E-02,Costante,1.00E-01,Costante,1.00E-01,Costante,1.00E-02,Funzione 15,1.000000,Costante,0,Costante,0,Costante,0,Costante,0,2,1.00E-02,3.72883E-02
Costante,1.00E-02,Costante,1.00E-01,Costante,1.00E-01,Costante,1.00E-02,Funzione 15,1.000000,Costante,0,Costante,0,Costante,0,Costante,0,3,1.00E-02,7.05813E-02
Costante,1.00E-02,Costante,1.00E-01,Costante,1.00E-01,Costante,1.00E-02,Funzione 15,1.000000,Costante,0,Costante,0,Costante,0,Costante,0,4,1.00E-02,1.44707E-01
Costante,1.00E-02,Costante,1.00E-01,Costante,1.00E-01,Costante,1.00E-02,Funzione 15,1.000000,Costante,0,Costante,0,Costante,0,Costante,0,5,1.00E-02,2.67820E-01
Costante,1.00E-02,Costante,1.00E-01,Costante,1.00E-01,Costante,1.00E-02,Funzione 15,1.000000,Costante,0,Costante,0,Costante,0,Costante,0,5.5,1.00E-02,3.39808E-01
Costante,1.00E-02,Costante,1.00E+00,Costante,0.00E+00,Costante,1.00E-02,Funzione 15,1.000000,Costante,0,Costante,0,Costante,0,Costante,0,2,1.00E-02,3.77415E-02
Costante,1.00E-02,Costante,1.00E+00,Costante,0.00E+00,Costante,1.00E-02,Funzione 15,1.000000,Costante,0,Costante,0,Costante,0,Costante,0,3,1.00E-02,7.18723E-02
Costante,1.00E-02,Costante,1.00E+00,Costante,0.00E+00,Costante,1.00E-02,Funzione 15,1.000000,Costante,0,Costante,0,Costante,0,Costante,0,4,1.00E-02,1.44106E-01
Costante,1.00E-02,Costante,1.00E+00,Costante,0.00E+00,Costante,1.00E-02,Funzione 15,1.000000,Costante,0,Costante,0,Costante,0,Costante,0,5,1.00E-02,2.61548E-01
Costante,1.00E-02,Costante,1.00E+00,Costante,0.00E+00,Costante,1.00E-02,Funzione 15,1.000000,Costante,0,Costante,0,Costante,0,Costante,0,5.5,1.00E-02,3.54261E-01
Costante,1.00E-02,Costante,1.00E+00,Costante,-1.00E+00,Costante,1.00E-02,Funzione 15,1.000000,Costante,0,Costante,0,Costante,0,Costante,0,2,1.00E-02,3.71169E-02
Costante,1.00E-02,Costante,1.00E+00,Costante,-1.00E+00,Costante,1.00E-02,Funzione 15,1.000000,Costante,0,Costante,0,Costante,0,Costante,0,3,1.00E-02,7.05411E-02
Costante,1.00E-02,Costante,1.00E+00,Costante,-1.00E+00,Costante,1.00E-02,Funzione 15,1.000000,Costante,0,Costante,0,Costante,0,Costante,0,4,1.00E-02,1.40659E-01
Costante,1.00E-02,Costante,1.00E+00,Costante,-1.00E+00,Costante,1.00E-02,Funzione 15,1.000000,Costante,0,Costante,0,Costante,0,Costante,0,5,1.00E-02,2.59586E-01
Costante,1.00E-02,Costante,1.00E+00,Costante,-1.00E+00,Costante,1.00E-02,Funzione 15,1.000000,Costante,0,Costante,0,Costante,0,Costante,0,5.5,1.00E-02,3.46230E-01
Costante,1.00E-02,Costante,-1.00E+01,Costante,-1.00E+01,Costante,1.00E-02,Funzione 15,1.000000,Costante,0,Costante,0,Costante,0,Costante,0,2,1.00E-02,3.67891E-02
Costante,1.00E-02,Costante,-1.00E+01,Costante,-1.00E+01,Costante,1.00E-02,Funzione 15,1.000000,Costante,0,Costante,0,Costante,0,Costante,0,3,1.00E-02,6.86684E-02
Costante,1.00E-02,Costante,-1.00E+01,Costante,-1.00E+01,Costante,1.00E-02,Funzione 15,1.000000,Costante,0,Costante,0,Costante,0,Costante,0,4,1.00E-02,1.44167E-01
Costante,1.00E-02,Costante,-1.00E+01,Costante,-1.00E+01,Costante,1.00E-02,Funzione 15,1.000000,Costante,0,Costante,0,Costante,0,Costante,0,5,1.00E-02,2.66367E-01
Costante,1.00E-02,Costante,-1.00E+01,Costante,-1.00E+01,Costante,1.00E-02,Funzione 15,1.000000,Costante,0,Costante,0,Costante,0,Costante,0,5.5,1.00E-02,3.26009E-01
Costante,1.00E-02,Costante,1.00E+00,Costante,1.00E+00,Costante,1.00E+00,Funzione 15,1.000000,Costante,0,Costante,0,Costante,0,Costante,0,2,1.00E-02,3.74891E-02
Costante,1.00E-02,Costante,1.00E+00,Costante,1.00E+00,Costante,1.00E+00,Funzione 15,1.000000,Costante,0,Costante,0,Costante,0,Costante,0,3,1.00E-02,6.99476E-02
Costante,1.00E-02,Costante,1.00E+00,Costante,1.00E+00,Costante,1.00E+00,Funzione 15,1.000000,Costante,0,Costante,0,Costante,0,Costante,0,4,1.00E-02,1.46306E-01
Costante,1.00E-02,Costante,1.00E+00,Costante,1.00E+00,Costante,1.00E+00,Funzione 15,1.000000,Costante,0,Costante,0,Costante,0,Costante,0,5,1.00E-02,2.58374E-01
Costante,1.00E-02,Costante,1.00E+00,Costante,1.00E+00,Costante,1.00E+00,Funzione 15,1.000000,Costante,0,Costante,0,Costante,0,Costante,0,5.5,1.00E-02,3.34025E-01
Costante,1.00E-03,Costante,1.00E+00,Costante,1.00E+00,Costante,1.00E+00,Funzione 15,1.000000,Costante,0,Costante,0,Costante,0,Costante,0,2,1.00E-02,3.69866E-02
Costante,1.00E-03,Costante,1.00E+00,Costante,1.00E+00,Costante,1.00E+00,Funzione 15,1.000000,Costante,0,Costante,0,Costante,0,Costante,0,3,1.00E-02,6.92876E-02
Costante,1.00E-03,Costante,1.00E+00,Costante,1.00E+00,Costante,1.00E+00,Funzione 15,1.000000,Costante,0,Costante,0,Costante,0,Costante,0,4,1.00E-02,1.38352E-01
Costante,1.00E-03,Costante,1.00E+00,Costante,1.00E+00,Costante,1.00E+00,Funzione 15,1.000000,Costante,0,Costante,0,Costante,0,Costante,0,5,1.00E-02,2.46999E-01
Costante,1.00E-03,Costante,1.00E+00,Costante,1.00E+00,Costante,1.00E+00,Funzione 15,1.000000,Costante,0,Costante,0,Costante,0,Costante,0,5.5,1.00E-02,3.20697E-01
Costante,1.00E-04,Costante,1.00E+00,Costante,1.00E+00,Costante,1.00E+00,Funzione 15,1.000000,Costante,0,Costante,0,Costante,0,Costante,0,2,1.00E-02,3.73535E-02
Costante,1.00E-04,Costante,1.00E+00,Costante,1.00E+00,Costante,1.00E+00,Funzione 15,1.000000,Costante,0,Costante,0,Costante,0,Costante,0,3,1.00E-02,7.13112E-02
Costante,1.00E-04,Costante,1.00E+00,Costante,1.00E+00,Costante,1.00E+00,Funzione 15,1.000000,Costante,0,Costante,0,Costante,0,Costante,0,4,1.00E-02,1.46224E-01
Costante,1.00E-04,Costante,1.00E+00,Costante,1.00E+00,Costante,1.00E+00,Funzione 15,1.000000,Costante,0,Costante,0,Costante,0,Costante,0,5,1.00E-02,2.73872E-01
Costante,1.00E-04,Costante,1.00E+00,Costante,1.00E+00,Costante,1.00E+00,Funzione 15,1.000000,Costante,0,Costante,0,Costante,0,Costante,0,5.5,1.00E-02,3.66280E-01
Costante,1.00E-02,Costante,1.00E+00,Costante,1.00E+00,Costante,0.00E+00,Funzione 15,1.000000,Costante,0,Costante,0,Costante,0,Costante,0,2,1.00E-02,3.74629E-02
Costante,1.00E-02,Costante,1.00E+00,Costante,1.00E+00,Costante,0.00E+00,Funzione 15,1.000000,Costante,0,Costante,0,Costante,0,Costante,0,3,1.00E-02,7.02036E-02
Costante,1.00E-02,Costante,1.00E+00,Costante,1.00E+00,Costante,0.00E+00,Funzione 15,1.000000,Costante,0,Costante,0,Costante,0,Costante,0,4,1.00E-02,1.43100E-01
Costante,1.00E-02,Costante,1.00E+00,Costante,1.00E+00,Costante,0.00E+00,Funzione 15,1.000000,Costante,0,Costante,0,Costante,0,Costante,0,5,1.00E-02,2.62377E-01
Costante,1.00E-02,Costante,1.00E+00,Costante,1.00E+00,Costante,0.00E+00,Funzione 15,1.000000,Costante,0,Costante,0,Costante,0,Costante,0,5.5,1.00E-02,3.40098E-01
Costante,1.00E-03,Costante,1.00E+01,Costante,1.00E+01,Costante,0.00E+00,Funzione 15,1.000000,Costante,0,Costante,0,Costante,0,Costante,0,2,1.00E-02,3.67398E-02
Costante,1.00E-03,Costante,1.00E+01,Costante,1.00E+01,Costante,0.00E+00,Funzione 15,1.000000,Costante,0,Costante,0,Costante,0,Costante,0,3,1.00E-02,7.03520E-02
Costante,1.00E-03,Costante,1.00E+01,Costante,1.00E+01,Costante,0.00E+00,Funzione 15,1.000000,Costante,0,Costante,0,Costante,0,Costante,0,4,1.00E-02,1.45498E-01
Costante,1.00E-03,Costante,1.00E+01,Costante,1.00E+01,Costante,0.00E+00,Funzione 15,1.000000,Costante,0,Costante,0,Costante,0,Costante,0,5,1.00E-02,2.70240E-01
Costante,1.00E-03,Costante,1.00E+01,Costante,1.00E+01,Costante,0.00E+00,Funzione 15,1.000000,Costante,0,Costante,0,Costante,0,Costante,0,5.5,1.00E-02,3.54998E-01
Costante,1.00E-03,Costante,1.00E-01,Costante,1.00E-01,Costante,0.00E+00,Funzione 15,1.000000,Costante,0,Costante,0,Costante,0,Costante,0,2,1.00E-02,3.76402E-02
Costante,1.00E-03,Costante,1.00E-01,Costante,1.00E-01,Costante,0.00E+00,Funzione 15,1.000000,Costante,0,Costante,0,Costante,0,Costante,0,3,1.00E-02,6.98336E-02
Costante,1.00E-03,Costante,1.00E-01,Costante,1.00E-01,Costante,0.00E+00,Funzione 15,1.000000,Costante,0,Costante,0,Costante,0,Costante,0,4,1.00E-02,1.43929E-01
Costante,1.00E-03,Costante,1.00E-01,Costante,1.00E-01,Costante,0.00E+00,Funzione 15,1.000000,Costante,0,Costante,0,Costante,0,Costante,0,5,1.00E-02,2.57404E-01
Costante,1.00E-03,Costante,1.00E-01,Costante,1.00E-01,Costante,0.00E+00,Funzione 15,1.000000,Costante,0,Costante,0,Costante,0,Costante,0,5.5,1.00E-02,3.29177E-01
Costante,1.00E-02,Costante,-1.00E+00,Costante,-1.00E+00,Costante,1.00E-02,Funzione 15,1.000000,Costante,0,Costante,0,Costante,0,Costante,0,2,1.00E-02,3.68312E-02
Costante,1.00E-02,Costante,-1.00E+00,Costante,-1.00E+00,Costante,1.00E-02,Funzione 15,1.000000,Costante,0,Costante,0,Costante,0,Costante,0,3,1.00E-02,6.86449E-02
Costante,1.00E-02,Costante,-1.00E+00,Costante,-1.00E+00,Costante,1.00E-02,Funzione 15,1.000000,Costante,0,Costante,0,Costante,0,Costante,0,4,1.00E-02,1.46606E-01
Costante,1.00E-02,Costante,-1.00E+00,Costante,-1.00E+00,Costante,1.00E-02,Funzione 15,1.000000,Costante,0,Costante,0,Costante,0,Costante,0,5,1.00E-02,2.74396E-01
Costante,1.00E-02,Costante,-1.00E+00,Costante,-1.00E+00,Costante,1.00E-02,Funzione 15,1.000000,Costante,0,Costante,0,Costante,0,Costante,0,5.5,1.00E-02,3.52960E-01
Costante,1.00E-02,Costante,-1.00E+00,Costante,-1.00E+00,Costante,1.00E-02,Funzione 15,1.000000,Costante,0,Costante,0,Costante,0,Costante,0,2,1.00E-02,3.68312E-02
Costante,1.00E-02,Costante,-1.00E+00,Costante,-1.00E+00,Costante,1.00E-02,Funzione 15,1.000000,Costante,0,Costante,0,Costante,0,Costante,0,3,1.00E-02,6.86449E-02
Costante,1.00E-02,Costante,-1.00E+00,Costante,-1.00E+00,Costante,1.00E-02,Funzione 15,1.000000,Costante,0,Costante,0,Costante,0,Costante,0,4,1.00E-02,1.46606E-01
Costante,1.00E-02,Costante,-1.00E+00,Costante,-1.00E+00,Costante,1.00E-02,Funzione 15,1.000000,Costante,0,Costante,0,Costante,0,Costante,0,5,1.00E-02,2.74396E-01
Costante,1.00E-02,Costante,-1.00E+00,Costante,-1.00E+00,Costante,1.00E-02,Funzione 15,1.000000,Costante,0,Costante,0,Costante,0,Costante,0,5.5,1.00E-02,3.52960E-01
Costante,1.00E-02,Costante,-1.00E+00,Costante,-1.00E+00,Costante,1.00E-02,Funzione 15,1.000000,Costante,0,Costante,0,Costante,0,Costante,0,2,1.00E-02,3.68312E-02
Costante,1.00E-02,Costante,-1.00E+00,Costante,-1.00E+00,Costante,1.00E-02,Funzione 15,1.000000,Costante,0,Costante,0,Costante,0,Costante,0,3,1.00E-02,6.86449E-02
Costante,1.00E-02,Costante,-1.00E+00,Costante,-1.00E+00,Costante,1.00E-02,Funzione 15,1.000000,Costante,0,Costante,0,Costante,0,Costante,0,4,1.00E-02,1.46606E-01
Costante,1.00E-02,Costante,-1.00E+00,Costante,-1.00E+00,Costante,1.00E-02,Funzione 15,1.000000,Costante,0,Costante,0,Costante,0,Costante,0,5,1.00E-02,2.74396E-01
Costante,1.00E-02,Costante,-1.00E+00,Costante,-1.00E+00,Costante,1.00E-02,Funzione 15,1.000000,Costante,0,Costante,0,Costante,0,Costante,0,5.5,1.00E-02,3.52960E-01
Costante,1.00E-02,Costante,-1.00E+00,Costante,-1.00E+00,Costante,1.00E-02,Funzione 15,1.000000,Costante,0,Costante,0,Costante,0,Costante,0,2,1.00E-02,3.68312E-02
Costante,1.00E-02,Costante,-1.00E+00,Costante,-1.00E+00,Costante,1.00E-02,Funzione 15,1.000000,Costante,0,Costante,0,Costante,0,Costante,0,3,1.00E-02,6.86449E-02
Costante,1.00E-02,Costante,-1.00E+00,Costante,-1.00E+00,Costante,1.00E-02,Funzione 15,1.000000,Costante,0,Costante,0,Costante,0,Costante,0,4,1.00E-02,1.46606E-01
Costante,1.00E-02,Costante,-1.00E+00,Costante,-1.00E+00,Costante,1.00E-02,Funzione 15,1.000000,Costante,0,Costante,0,Costante,0,Costante,0,5,1.00E-02,2.74396E-01
Costante,1.00E-02,Costante,-1.00E+00,Costante,-1.00E+00,Costante,1.00E-02,Funzione 15,1.000000,Costante,0,Costante,0,Costante,0,Costante,0,5.5,1.00E-02,3.52960E-01
Costante,1.00E-02,Costante,-1.00E+00,Costante,-1.00E+00,Costante,1.00E-02,Funzione 15,1.000000,Costante,0,Costante,0,Costante,0,Costante,0,2,1.00E-02,3.68312E-02
Costante,1.00E-02,Costante,-1.00E+00,Costante,-1.00E+00,Costante,1.00E-02,Funzione 15,1.000000,Costante,0,Costante,0,Costante,0,Costante,0,3,1.00E-02,6.86449E-02
Costante,1.00E-02,Costante,-1.00E+00,Costante,-1.00E+00,Costante,1.00E-02,Funzione 15,1.000000,Costante,0,Costante,0,Costante,0,Costante,0,4,1.00E-02,1.46606E-01
Costante,1.00E-02,Costante,-1.00E+00,Costante,-1.00E+00,Costante,1.00E-02,Funzione 15,1.000000,Costante,0,Costante,0,Costante,0,Costante,0,5,1.00E-02,2.74396E-01
Costante,1.00E-02,Costante,-1.00E+00,Costante,-1.00E+00,Costante,1.00E-02,Funzione 15,1.000000,Costante,0,Costante,0,Costante,0,Costante,0,5.5,1.00E-02,3.52960E-01
Costante,1.00E-02,Costante,0.00E+00,Costante,1.00E+00,Costante,1.00E-02,Funzione 15,1.000000,Costante,0,Costante,0,Costante,0,Costante,0,2,1.00E-02,3.73672E-02
Costante,1.00E-02,Costante,0.00E+00,Costante,1.00E+00,Costante,1.00E-02,Funzione 15,1.000000,Costante,0,Costante,0,Costante,0,Costante,0,3,1.00E-02,7.03269E-02
Costante,1.00E-02,Costante,0.00E+00,Costante,1.00E+00,Costante,1.00E-02,Funzione 15,1.000000,Costante,0,Costante,0,Costante,0,Costante,0,4,1.00E-02,1.44540E-01
Costante,1.00E-02,Costante,0.00E+00,Costante,1.00E+00,Costante,1.00E-02,Funzione 15,1.000000,Costante,0,Costante,0,Costante,0,Costante,0,5,1.00E-02,2.55462E-01
Costante,1.00E-02,Costante,0.00E+00,Costante,1.00E+00,Costante,1.00E-02,Funzione 15,1.000000,Costante,0,Costante,0,Costante,0,Costante,0,5.5,1.00E-02,3.43432E-01
Costante,2.50E-04,Costante,-5.00E-01,Costante,8.66E-01,Costante,0.00E+00,Costante,0.000000,Funzione 9,1,Funzione 10,1,Costante,0,Costante,0,2,1,3.06523E+02
Costante,2.50E-04,Costante,-5.00E-01,Costante,8.66E-01,Costante,0.00E+00,Costante,0.000000,Funzione 9,1,Funzione 10,1,Costante,0,Costante,0,3,1,2.98577E+02
Costante,2.50E-04,Costante,-5.00E-01,Costante,8.66E-01,Costante,0.00E+00,Costante,0.000000,Funzione 9,1,Funzione 10,1,Costante,0,Costante,0,5,1,2.93646E+02
Costante,2.50E-04,Costante,-5.00E-01,Costante,8.66E-01,Costante,0.00E+00,Costante,0.000000,Funzione 9,1,Funzione 10,1,Costante,0,Costante,0,10,1,2.78484E+02
Costante,2.50E-04,Costante,-5.00E-01,Costante,8.66E-01,Costante,0.00E+00,Costante,0.000000,Funzione 9,1,Funzione 10,1,Costante,0,Costante,0,20,1,2.62371E+02
Costante,2.50E-04,Costante,-5.00E-02,Costante,8.66E-02,Costante,0.00E+00,Costante,0.000000,Funzione 9,1,Funzione 10,1,Costante,0,Costante,0,2.5,1,7.46393E-01
Costante,2.50E-04,Costante,-5.00E-02,Costante,8.66E-02,Costante,0.00E+00,Costante,0.000000,Funzione 9,1,Funzione 10,1,Costante,0,Costante,0,5,1,8.26510E-01
Costante,2.50E-04,Costante,-5.00E-02,Costante,8.66E-02,Costante,0.00E+00,Costante,0.000000,Funzione 9,1,Funzione 10,1,Costante,0,Costante,0,10,1,1.52950E+00
Costante,2.50E-04,Costante,-5.00E-02,Costante,8.66E-02,Costante,0.00E+00,Costante,0.000000,Funzione 9,1,Funzione 10,1,Costante,0,Costante,0,17.5,1,4.69584E+00
Costante,2.50E-04,Costante,-5.00E-02,Costante,8.66E-02,Costante,0.00E+00,Costante,0.000000,Funzione 9,1,Funzione 10,1,Costante,0,Costante,0,25,1,1.13520E+01
Costante,2.50E-04,Costante,-5.00E+00,Costante,8.66E+00,Costante,0.00E+00,Costante,0.000000,Funzione 9,1,Funzione 10,1,Costante,0,Costante,0,375,1,1.41170E+04
Costante,2.50E-04,Costante,-5.00E+00,Costante,8.66E+00,Costante,0.00E+00,Costante,0.000000,Funzione 9,1,Funzione 10,1,Costante,0,Costante,0,400,1,1.41178E+04
Costante,2.50E-04,Costante,-5.00E+00,Costante,8.66E+00,Costante,0.00E+00,Costante,0.000000,Funzione 9,1,Funzione 10,1,Costante,0,Costante,0,425,1,1.98946E+04
Costante,2.50E-04,Costante,-5.00E+00,Costante,8.66E+00,Costante,0.00E+00,Costante,0.000000,Funzione 9,1,Funzione 10,1,Costante,0,Costante,0,450,1,1.48515E+04
Costante,2.50E-04,Costante,-5.00E+00,Costante,8.66E+00,Costante,0.00E+00,Costante,0.000000,Funzione 9,1,Funzione 10,1,Costante,0,Costante,0,475,1,1.73957E+04
Costante,2.50E-04,Costante,-5.00E-03,Costante,8.66E-03,Costante,0.00E+00,Costante,0.000000,Funzione 9,1,Funzione 10,1,Costante,0,Costante,0,0.75,1,4.15405E-01
Costante,2.50E-04,Costante,-5.00E-03,Costante,8.66E-03,Costante,0.00E+00,Costante,0.000000,Funzione 9,1,Funzione 10,1,Costante,0,Costante,0,1,1,3.58203E-01
Costante,2.50E-04,Costante,-5.00E-03,Costante,8.66E-03,Costante,0.00E+00,Costante,0.000000,Funzione 9,1,Funzione 10,1,Costante,0,Costante,0,1.25,1,6.12718E-01
Costante,2.50E-04,Costante,-5.00E-03,Costante,8.66E-03,Costante,0.00E+00,Costante,0.000000,Funzione 9,1,Funzione 10,1,Costante,0,Costante,0,2,1,5.76337E-01
Costante,2.50E-04,Costante,-5.00E-03,Costante,8.66E-03,Costante,0.00E+00,Costante,0.000000,Funzione 9,1,Funzione 10,1,Costante,0,Costante,0,2.5,1,6.19995E-01
Costante,2.50E-04,Costante,-5.00E-01,Costante,8.66E-01,Costante,1.00E-01,Costante,0.000000,Funzione 9,1,Funzione 10,1,Costante,0,Costante,0,1.5,1,2.60154E+02
Costante,2.50E-04,Costante,-5.00E-01,Costante,8.66E-01,Costante,1.00E-01,Costante,0.000000,Funzione 9,1,Funzione 10,1,Costante,0,Costante,0,2,1,2.59303E+02
Costante,2.50E-04,Costante,-5.00E-01,Costante,8.66E-01,Costante,1.00E-01,Costante,0.000000,Funzione 9,1,Funzione 10,1,Costante,0,Costante,0,3,1,2.53820E+02
Costante,2.50E-04,Costante,-5.00E-01,Costante,8.66E-01,Costante,1.00E-01,Costante,0.000000,Funzione 9,1,Funzione 10,1,Costante,0,Costante,0,5,1,2.48700E+02
Costante,2.50E-04,Costante,-5.00E-01,Costante,8.66E-01,Costante,1.00E-01,Costante,0.000000,Funzione 9,1,Funzione 10,1,Costante,0,Costante,0,10,1,2.36925E+02
Costante,2.50E-04,Costante,-5.00E-01,Costante,8.66E-01,Costante,2.50E-04,Costante,0.000000,Funzione 9,1,Funzione 10,1,Costante,0,Costante,0,5,1,2.95000E+02
Costante,2.50E-04,Costante,-5.00E-01,Costante,8.66E-01,Costante,2.50E-04,Costante,0.000000,Funzione 9,1,Funzione 10,1,Costante,0,Costante,0,10,1,2.77789E+02
Costante,2.50E-04,Costante,-5.00E-01,Costante,8.66E-01,Costante,2.50E-04,Costante,0.000000,Funzione 9,1,Funzione 10,1,Costante,0,Costante,0,17.5,1,2.63587E+02
Costante,2.50E-04,Costante,-5.00E-01,Costante,8.66E-01,Costante,2.50E-04,Costante,0.000000,Funzione 9,1,Funzione 10,1,Costante,0,Costante,0,25,1,2.62399E+02
Costante,2.50E-04,Costante,-5.00E-01,Costante,8.66E-01,Costante,2.50E-04,Costante,0.000000,Funzione 9,1,Funzione 10,1,Costante,0,Costante,0,50,1,2.73940E+02
Costante,2.50E-02,Costante,-5.00E-01,Costante,8.66E-01,Costante,0.00E+00,Costante,0.000000,Funzione 9,1,Funzione 10,1,Costante,0,Costante,0,0.3,1,4.12025E-04
Costante,2.50E-02,Costante,-5.00E-01,Costante,8.66E-01,Costante,0.00E+00,Costante,0.000000,Funzione 9,1,Funzione 10,1,Costante,0,Costante,0,0.5,1,1.12764E-03
Costante,2.50E-02,Costante,-5.00E-01,Costante,8.66E-01,Costante,0.00E+00,Costante,0.000000,Funzione 9,1,Funzione 10,1,Costante,0,Costante,0,1,1,5.05942E-03
Costante,2.50E-02,Costante,-5.00E-01,Costante,8.66E-01,Costante,0.00E+00,Costante,0.000000,Funzione 9,1,Funzione 10,1,Costante,0,Costante,0,2,1,2.81622E-02
Costante,2.50E-02,Costante,-5.00E-01,Costante,8.66E-01,Costante,0.00E+00,Costante,0.000000,Funzione 9,1,Funzione 10,1,Costante,0,Costante,0,3,1,8.30349E-02
Costante,2.50E-02,Costante,-5.00E-02,Costante,8.66E-02,Costante,0.00E+00,Costante,0.000000,Funzione 9,1,Funzione 10,1,Costante,0,Costante,0,0.2,1,2.86233E-04
Costante,2.50E-02,Costante,-5.00E-02,Costante,8.66E-02,Costante,0.00E+00,Costante,0.000000,Funzione 9,1,Funzione 10,1,Costante,0,Costante,0,0.3,1,5.72737E-04
Costante,2.50E-02,Costante,-5.00E-02,Costante,8.66E-02,Costante,0.00E+00,Costante,0.000000,Funzione 9,1,Funzione 10,1,Costante,0,Costante,0,0.5,1,1.67282E-03
Costante,2.50E-02,Costante,-5.00E-02,Costante,8.66E-02,Costante,0.00E+00,Costante,0.000000,Funzione 9,1,Funzione 10,1,Costante,0,Costante,0,0.75,1,4.32024E-03
Costante,2.50E-02,Costante,-5.00E-02,Costante,8.66E-02,Costante,0.00E+00,Costante,0.000000,Funzione 9,1,Funzione 10,1,Costante,0,Costante,0,1,1,8.50848E-03
Costante,2.50E-02,Costante,-5.00E+00,Costante,8.66E+00,Costante,0.00E+00,Costante,0.000000,Funzione 9,1,Funzione 10,1,Costante,0,Costante,0,1.5,1,2.32194E-01
Costante,2.50E-02,Costante,-5.00E+00,Costante,8.66E+00,Costante,0.00E+00,Costante,0.000000,Funzione 9,1,Funzione 10,1,Costante,0,Costante,0,3,1,2.43027E-01
Costante,2.50E-02,Costante,-5.00E+00,Costante,8.66E+00,Costante,0.00E+00,Costante,0.000000,Funzione 9,1,Funzione 10,1,Costante,0,Costante,0,5,1,2.73846E-01
Costante,2.50E-02,Costante,-5.00E+00,Costante,8.66E+00,Costante,0.00E+00,Costante,0.000000,Funzione 9,1,Funzione 10,1,Costante,0,Costante,0,10,1,8.74587E-01
Costante,2.50E-02,Costante,-5.00E+00,Costante,8.66E+00,Costante,0.00E+00,Costante,0.000000,Funzione 9,1,Funzione 10,1,Costante,0,Costante,0,20,1,6.09015E+00
Costante,2.50E-02,Costante,-5.00E-03,Costante,8.66E-03,Costante,0.00E+00,Costante,0.000000,Funzione 9,1,Funzione 10,1,Costante,0,Costante,0,0.075,1,1.26402E-04
Costante,2.50E-02,Costante,-5.00E-03,Costante,8.66E-03,Costante,0.00E+00,Costante,0.000000,Funzione 9,1,Funzione 10,1,Costante,0,Costante,0,0.1,1,1.48674E-04
Costante,2.50E-02,Costante,-5.00E-03,Costante,8.66E-03,Costante,0.00E+00,Costante,0.000000,Funzione 9,1,Funzione 10,1,Costante,0,Costante,0,0.3,1,6.20613E-04
Costante,2.50E-02,Costante,-5.00E-03,Costante,8.66E-03,Costante,0.00E+00,Costante,0.000000,Funzione 9,1,Funzione 10,1,Costante,0,Costante,0,0.5,1,1.80176E-03
Costante,2.50E-02,Costante,-5.00E-03,Costante,8.66E-03,Costante,0.00E+00,Costante,0.000000,Funzione 9,1,Funzione 10,1,Costante,0,Costante,0,1,1,9.07505E-03
Costante,2.50E-02,Costante,-5.00E-01,Costante,8.66E-01,Costante,1.00E-01,Costante,0.000000,Funzione 9,1,Funzione 10,1,Costante,0,Costante,0,0.5,1,1.14269E-03
Costante,2.50E-02,Costante,-5.00E-01,Costante,8.66E-01,Costante,1.00E-01,Costante,0.000000,Funzione 9,1,Funzione 10,1,Costante,0,Costante,0,0.75,1,2.75572E-03
Costante,2.50E-02,Costante,-5.00E-01,Costante,8.66E-01,Costante,1.00E-01,Costante,0.000000,Funzione 9,1,Funzione 10,1,Costante,0,Costante,0,0.9,1,4.17602E-03
Costante,2.50E-02,Costante,-5.00E-01,Costante,8.66E-01,Costante,1.00E-01,Costante,0.000000,Funzione 9,1,Funzione 10,1,Costante,0,Costante,0,1,1,5.20122E-03
Costante,2.50E-02,Costante,-5.00E-01,Costante,8.66E-01,Costante,1.00E-01,Costante,0.000000,Funzione 9,1,Funzione 10,1,Costante,0,Costante,0,1.25,1,9.13498E-03
Costante,2.50E-02,Costante,-5.00E-01,Costante,8.66E-01,Costante,2.50E-02,Costante,0.000000,Funzione 9,1,Funzione 10,1,Costante,0,Costante,0,0.3,1,4.13409E-04
Costante,2.50E-02,Costante,-5.00E-01,Costante,8.66E-01,Costante,2.50E-02,Costante,0.000000,Funzione 9,1,Funzione 10,1,Costante,0,Costante,0,0.5,1,1.12773E-03
Costante,2.50E-02,Costante,-5.00E-01,Costante,8.66E-01,Costante,2.50E-02,Costante,0.000000,Funzione 9,1,Funzione 10,1,Costante,0,Costante,0,0.75,1,2.70134E-03
Costante,2.50E-02,Costante,-5.00E-01,Costante,8.66E-01,Costante,2.50E-02,Costante,0.000000,Funzione 9,1,Funzione 10,1,Costante,0,Costante,0,1,1,5.16215E-03
Costante,2.50E-02,Costante,-5.00E-01,Costante,8.66E-01,Costante,2.50E-02,Costante,0.000000,Funzione 9,1,Funzione 10,1,Costante,0,Costante,0,1.25,1,8.77570E-03
Costante,5.00E-01,Costante,-5.00E-01,Costante,8.66E-01,Costante,0.00E+00,Costante,0.000000,Funzione 9,1,Funzione 10,1,Costante,0,Costante,0,0.05,1,1.97730E-04
Costante,5.00E-01,Costante,-5.00E-01,Costante,8.66E-01,Costante,0.00E+00,Costante,0.000000,Funzione 9,1,Funzione 10,1,Costante,0,Costante,0,0.075,1,1.91318E-04
Costante,5.00E-01,Costante,-5.00E-01,Costante,8.66E-01,Costante,0.00E+00,Costante,0.000000,Funzione 9,1,Funzione 10,1,Costante,0,Costante,0,0.1,1,2.12461E-04
Costante,5.00E-01,Costante,-5.00E-01,Costante,8.66E-01,Costante,0.00E+00,Costante,0.000000,Funzione 9,1,Funzione 10,1,Costante,0,Costante,0,0.2,1,4.35053E-04
Costante,5.00E-01,Costante,-5.00E-01,Costante,8.66E-01,Costante,0.00E+00,Costante,0.000000,Funzione 9,1,Funzione 10,1,Costante,0,Costante,0,0.3,1,9.15625E-04
Costante,5.00E-01,Costante,-5.00E-02,Costante,8.66E-02,Costante,0.00E+00,Costante,0.000000,Funzione 9,1,Funzione 10,1,Costante,0,Costante,0,0.05,1,1.77985E-04
Costante,5.00E-01,Costante,-5.00E-02,Costante,8.66E-02,Costante,0.00E+00,Costante,0.000000,Funzione 9,1,Funzione 10,1,Costante,0,Costante,0,0.075,1,1.96962E-04
Costante,5.00E-01,Costante,-5.00E-02,Costante,8.66E-02,Costante,0.00E+00,Costante,0.000000,Funzione 9,1,Funzione 10,1,Costante,0,Costante,0,0.1,1,2.41196E-04
Costante,5.00E-01,Costante,-5.00E-02,Costante,8.66E-02,Costante,0.00E+00,Costante,0.000000,Funzione 9,1,Funzione 10,1,Costante,0,Costante,0,0.175,1,3.64993E-04
Costante,5.00E-01,Costante,-5.00E-02,Costante,8.66E-02,Costante,0.00E+00,Costante,0.000000,Funzione 9,1,Funzione 10,1,Costante,0,Costante,0,0.25,1,6.88589E-04
Costante,5.00E-01,Costante,-5.00E+00,Costante,8.66E+00,Costante,0.00E+00,Costante,0.000000,Funzione 9,1,Funzione 10,1,Costante,0,Costante,0,0.3,1,5.12860E-04
Costante,5.00E-01,Costante,-5.00E+00,Costante,8.66E+00,Costante,0.00E+00,Costante,0.000000,Funzione 9,1,Funzione 10,1,Costante,0,Costante,0,0.5,1,1.38391E-03
Costante,5.00E-01,Costante,-5.00E+00,Costante,8.66E+00,Costante,0.00E+00,Costante,0.000000,Funzione 9,1,Funzione 10,1,Costante,0,Costante,0,0.75,1,3.44916E-03
Costante,5.00E-01,Costante,-5.00E+00,Costante,8.66E+00,Costante,0.00E+00,Costante,0.000000,Funzione 9,1,Funzione 10,1,Costante,0,Costante,0,0.875,1,5.03827E-03
Costante,5.00E-01,Costante,-5.00E+00,Costante,8.66E+00,Costante,0.00E+00,Costante,0.000000,Funzione 9,1,Funzione 10,1,Costante,0,Costante,0,1,1,6.80907E-03
Costante,5.00E-01,Costante,-5.00E-03,Costante,8.66E-03,Costante,0.00E+00,Costante,0.000000,Funzione 9,1,Funzione 10,1,Costante,0,Costante,0,0.05,1,1.88020E-04
Costante,5.00E-01,Costante,-5.00E-03,Costante,8.66E-03,Costante,0.00E+00,Costante,0.000000,Funzione 9,1,Funzione 10,1,Costante,0,Costante,0,0.075,1,1.89436E-04
Costante,5.00E-01,Costante,-5.00E-03,Costante,8.66E-03,Costante,0.00E+00,Costante,0.000000,Funzione 9,1,Funzione 10,1,Costante,0,Costante,0,0.1,1,2.26999E-04
Costante,5.00E-01,Costante,-5.00E-03,Costante,8.66E-03,Costante,0.00E+00,Costante,0.000000,Funzione 9,1,Funzione 10,1,Costante,0,Costante,0,0.2,1,4.62512E-04
Costante,5.00E-01,Costante,-5.00E-03,Costante,8.66E-03,Costante,0.00E+00,Costante,0.000000,Funzione 9,1,Funzione 10,1,Costante,0,Costante,0,0.3,1,9.85776E-04
Costante,5.00E-01,Costante,-5.00E-01,Costante,8.66E-01,Costante,1.00E-01,Costante,0.000000,Funzione 9,1,Funzione 10,1,Costante,0,Costante,0,0.05,1,1.74787E-04
Costante,5.00E-01,Costante,-5.00E-01,Costante,8.66E-01,Costante,1.00E-01,Costante,0.000000,Funzione 9,1,Funzione 10,1,Costante,0,Costante,0,0.075,1,1.99349E-04
Costante,5.00E-01,Costante,-5.00E-01,Costante,8.66E-01,Costante,1.00E-01,Costante,0.000000,Funzione 9,1,Funzione 10,1,Costante,0,Costante,0,0.1,1,2.20217E-04
Costante,5.00E-01,Costante,-5.00E-01,Costante,8.66E-01,Costante,1.00E-01,Costante,0.000000,Funzione 9,1,Funzione 10,1,Costante,0,Costante,0,0.15,1,2.86580E-04
Costante,5.00E-01,Costante,-5.00E-01,Costante,8.66E-01,Costante,1.00E-01,Costante,0.000000,Funzione 9,1,Funzione 10,1,Costante,0,Costante,0,0.2,1,4.18750E-04
Costante,5.00E-01,Costante,-5.00E-01,Costante,8.66E-01,Costante,5.00E-01,Costante,0.000000,Funzione 9,1,Funzione 10,1,Costante,0,Costante,0,0.05,1,1.78460E-04
Costante,5.00E-01,Costante,-5.00E-01,Costante,8.66E-01,Costante,5.00E-01,Costante,0.000000,Funzione 9,1,Funzione 10,1,Costante,0,Costante,0,0.0625,1,1.90828E-04
Costante,5.00E-01,Costante,-5.00E-01,Costante,8.66E-01,Costante,5.00E-01,Costante,0.000000,Funzione 9,1,Funzione 10,1,Costante,0,Costante,0,0.075,1,2.33231E-04
Costante,5.00E-01,Costante,-5.00E-01,Costante,8.66E-01,Costante,5.00E-01,Costante,0.000000,Funzione 9,1,Funzione 10,1,Costante,0,Costante,0,0.0875,1,2.13785E-04
Costante,5.00E-01,Costante,-5.00E-01,Costante,8.66E-01,Costante,5.00E-01,Costante,0.000000,Funzione 9,1,Funzione 10,1,Costante,0,Costante,0,0.1,1,2.22490E-04
Costante,2.50E-04,Costante,-5.00E-01,Costante,8.66E-01,Costante,0.00E+00,Costante,0.000000,Funzione 10,1,Costante,0,Costante,0,Funzione 9,1,2,1,1.89341E+02
Costante,2.50E-04,Costante,-5.00E-01,Costante,8.66E-01,Costante,0.00E+00,Costante,0.000000,Funzione 10,1,Costante,0,Costante,0,Funzione 9,1,3,1,1.90142E+02
Costante,2.50E-04,Costante,-5.00E-01,Costante,8.66E-01,Costante,0.00E+00,Costante,0.000000,Funzione 10,1,Costante,0,Costante,0,Funzione 9,1,5,1,1.85532E+02
Costante,2.50E-04,Costante,-5.00E-01,Costante,8.66E-01,Costante,0.00E+00,Costante,0.000000,Funzione 10,1,Costante,0,Costante,0,Funzione 9,1,10,1,1.77646E+02
Costante,2.50E-04,Costante,-5.00E-01,Costante,8.66E-01,Costante,0.00E+00,Costante,0.000000,Funzione 10,1,Costante,0,Costante,0,Funzione 9,1,20,1,1.68090E+02
Costante,2.50E-04,Costante,-5.00E-02,Costante,8.66E-02,Costante,0.00E+00,Costante,0.000000,Funzione 10,1,Costante,0,Costante,0,Funzione 9,1,2.5,1,6.00627E-01
Costante,2.50E-04,Costante,-5.00E-02,Costante,8.66E-02,Costante,0.00E+00,Costante,0.000000,Funzione 10,1,Costante,0,Costante,0,Funzione 9,1,5,1,7.04343E-01
Costante,2.50E-04,Costante,-5.00E-02,Costante,8.66E-02,Costante,0.00E+00,Costante,0.000000,Funzione 10,1,Costante,0,Costante,0,Funzione 9,1,10,1,1.38551E+00
Costante,2.50E-04,Costante,-5.00E-02,Costante,8.66E-02,Costante,0.00E+00,Costante,0.000000,Funzione 10,1,Costante,0,Costante,0,Funzione 9,1,17.5,1,4.72489E+00
Costante,2.50E-04,Costante,-5.00E-02,Costante,8.66E-02,Costante,0.00E+00,Costante,0.000000,Funzione 10,1,Costante,0,Costante,0,Funzione 9,1,25,1,1.26258E+01
Costante,2.50E-04,Costante,-5.00E-03,Costante,8.66E-03,Costante,0.00E+00,Costante,0.000000,Funzione 10,1,Costante,0,Costante,0,Funzione 9,1,0.75,1,5.30278E-01
Costante,2.50E-04,Costante,-5.00E-03,Costante,8.66E-03,Costante,0.00E+00,Costante,0.000000,Funzione 10,1,Costante,0,Costante,0,Funzione 9,1,1,1,4.96889E-01
Costante,2.50E-04,Costante,-5.00E-03,Costante,8.66E-03,Costante,0.00E+00,Costante,0.000000,Funzione 10,1,Costante,0,Costante,0,Funzione 9,1,1.25,1,5.02554E-01
Costante,2.50E-04,Costante,-5.00E-03,Costante,8.66E-03,Costante,0.00E+00,Costante,0.000000,Funzione 10,1,Costante,0,Costante,0,Funzione 9,1,2,1,5.45125E-01
Costante,2.50E-04,Costante,-5.00E-03,Costante,8.66E-03,Costante,0.00E+00,Costante,0.000000,Funzione 10,1,Costante,0,Costante,0,Funzione 9,1,2.5,1,6.53622E-01
Costante,2.50E-04,Costante,-5.00E-01,Costante,8.66E-01,Costante,1.00E-01,Costante,0.000000,Funzione 10,1,Costante,0,Costante,0,Funzione 9,1,2,1,1.60081E+02
Costante,2.50E-04,Costante,-5.00E-01,Costante,8.66E-01,Costante,1.00E-01,Costante,0.000000,Funzione 10,1,Costante,0,Costante,0,Funzione 9,1,3,1,1.55307E+02
Costante,2.50E-04,Costante,-5.00E-01,Costante,8.66E-01,Costante,1.00E-01,Costante,0.000000,Funzione 10,1,Costante,0,Costante,0,Funzione 9,1,5,1,1.53748E+02
Costante,2.50E-04,Costante,-5.00E-01,Costante,8.66E-01,Costante,1.00E-01,Costante,0.000000,Funzione 10,1,Costante,0,Costante,0,Funzione 9,1,10,1,1.46790E+02
Costante,2.50E-04,Costante,-5.00E-01,Costante,8.66E-01,Costante,1.00E-01,Costante,0.000000,Funzione 10,1,Costante,0,Costante,0,Funzione 9,1,20,1,1.37657E+02
Costante,2.50E-04,Costante,-5.00E-01,Costante,8.66E-01,Costante,2.50E-04,Costante,0.000000,Funzione 10,1,Costante,0,Costante,0,Funzione 9,1,5,1,1.86009E+02
Costante,2.50E-04,Costante,-5.00E-01,Costante,8.66E-01,Costante,2.50E-04,Costante,0.000000,Funzione 10,1,Costante,0,Costante,0,Funzione 9,1,10,1,1.78182E+02
Costante,2.50E-04,Costante,-5.00E-01,Costante,8.66E-01,Costante,2.50E-04,Costante,0.000000,Funzione 10,1,Costante,0,Costante,0,Funzione 9,1,50,1,1.66728E+02
Costante,2.50E-04,Costante,-5.00E-01,Costante,8.66E-01,Costante,2.50E-04,Costante,0.000000,Funzione 10,1,Costante,0,Costante,0,Funzione 9,1,75,1,1.78020E+02
Costante,2.50E-04,Costante,-5.00E-01,Costante,8.66E-01,Costante,2.50E-04,Costante,0.000000,Funzione 10,1,Costante,0,Costante,0,Funzione 9,1,100,1,2.65270E+02
Costante,2.50E-02,Costante,-5.00E-01,Costante,8.66E-01,Costante,0.00E+00,Costante,0.000000,Funzione 10,1,Costante,0,Costante,0,Funzione 9,1,0.3,1,6.25934E-01
Costante,2.50E-02,Costante,-5.00E-01,Costante,8.66E-01,Costante,0.00E+00,Costante,0.000000,Funzione 10,1,Costante,0,Costante,0,Funzione 9,1,0.5,1,5.25968E-01
Costante,2.50E-02,Costante,-5.00E-01,Costante,8.66E-01,Costante,0.00E+00,Costante,0.000000,Funzione 10,1,Costante,0,Costante,0,Funzione 9,1,1,1,4.98465E-01
Costante,2.50E-02,Costante,-5.00E-01,Costante,8.66E-01,Costante,0.00E+00,Costante,0.000000,Funzione 10,1,Costante,0,Costante,0,Funzione 9,1,2,1,5.32923E-01
Costante,2.50E-02,Costante,-5.00E-01,Costante,8.66E-01,Costante,0.00E+00,Costante,0.000000,Funzione 10,1,Costante,0,Costante,0,Funzione 9,1,3,1,6.07722E-01
Costante,2.50E-02,Costante,-5.00E-02,Costante,8.66E-02,Costante,0.00E+00,Costante,0.000000,Funzione 10,1,Costante,0,Costante,0,Funzione 9,1,0.2,1,4.89593E-01
Costante,2.50E-02,Costante,-5.00E-02,Costante,8.66E-02,Costante,0.00E+00,Costante,0.000000,Funzione 10,1,Costante,0,Costante,0,Funzione 9,1,0.3,1,5.65459E-01
Costante,2.50E-02,Costante,-5.00E-02,Costante,8.66E-02,Costante,0.00E+00,Costante,0.000000,Funzione 10,1,Costante,0,Costante,0,Funzione 9,1,0.5,1,6.74529E-01
Costante,2.50E-02,Costante,-5.00E-02,Costante,8.66E-02,Costante,0.00E+00,Costante,0.000000,Funzione 10,1,Costante,0,Costante,0,Funzione 9,1,0.75,1,4.96121E-01
Costante,2.50E-02,Costante,-5.00E-02,Costante,8.66E-02,Costante,0.00E+00,Costante,0.000000,Funzione 10,1,Costante,0,Costante,0,Funzione 9,1,1,1,5.23125E-01
Costante,2.50E-02,Costante,-5.00E+00,Costante,8.66E+00,Costante,0.00E+00,Costante,0.000000,Funzione 10,1,Costante,0,Costante,0,Funzione 9,1,1.5,1,6.13091E-01
Costante,2.50E-02,Costante,-5.00E+00,Costante,8.66E+00,Costante,0.00E+00,Costante,0.000000,Funzione 10,1,Costante,0,Costante,0,Funzione 9,1,3,1,6.86289E-01
Costante,2.50E-02,Costante,-5.00E+00,Costante,8.66E+00,Costante,0.00E+00,Costante,0.000000,Funzione 10,1,Costante,0,Costante,0,Funzione 9,1,5,1,6.58287E-01
Costante,2.50E-02,Costante,-5.00E+00,Costante,8.66E+00,Costante,0.00E+00,Costante,0.000000,Funzione 10,1,Costante,0,Costante,0,Funzione 9,1,10,1,1.39383E+00
Costante,2.50E-02,Costante,-5.00E+00,Costante,8.66E+00,Costante,0.00E+00,Costante,0.000000,Funzione 10,1,Costante,0,Costante,0,Funzione 9,1,20,1,6.79686E+00
Costante,2.50E-02,Costante,-5.00E-03,Costante,8.66E-03,Costante,0.00E+00,Costante,0.000000,Funzione 10,1,Costante,0,Costante,0,Funzione 9,1,0.075,1,5.31345E-01
Costante,2.50E-02,Costante,-5.00E-03,Costante,8.66E-03,Costante,0.00E+00,Costante,0.000000,Funzione 10,1,Costante,0,Costante,0,Funzione 9,1,0.1,1,4.96667E-01
Costante,2.50E-02,Costante,-5.00E-03,Costante,8.66E-03,Costante,0.00E+00,Costante,0.000000,Funzione 10,1,Costante,0,Costante,0,Funzione 9,1,0.3,1,5.79196E-01
Costante,2.50E-02,Costante,-5.00E-03,Costante,8.66E-03,Costante,0.00E+00,Costante,0.000000,Funzione 10,1,Costante,0,Costante,0,Funzione 9,1,0.5,1,5.06375E-01
Costante,2.50E-02,Costante,-5.00E-03,Costante,8.66E-03,Costante,0.00E+00,Costante,0.000000,Funzione 10,1,Costante,0,Costante,0,Funzione 9,1,1,1,5.53335E-01
Costante,2.50E-02,Costante,-5.00E-01,Costante,8.66E-01,Costante,1.00E-01,Costante,0.000000,Funzione 10,1,Costante,0,Costante,0,Funzione 9,1,0.5,1,5.14412E-01
Costante,2.50E-02,Costante,-5.00E-01,Costante,8.66E-01,Costante,1.00E-01,Costante,0.000000,Funzione 10,1,Costante,0,Costante,0,Funzione 9,1,0.75,1,4.87293E-01
Costante,2.50E-02,Costante,-5.00E-01,Costante,8.66E-01,Costante,1.00E-01,Costante,0.000000,Funzione 10,1,Costante,0,Costante,0,Funzione 9,1,0.9,1,5.60856E-01
Costante,2.50E-02,Costante,-5.00E-01,Costante,8.66E-01,Costante,1.00E-01,Costante,0.000000,Funzione 10,1,Costante,0,Costante,0,Funzione 9,1,1,1,5.22024E-01
Costante,2.50E-02,Costante,-5.00E-01,Costante,8.66E-01,Costante,1.00E-01,Costante,0.000000,Funzione 10,1,Costante,0,Costante,0,Funzione 9,1,1.25,1,5.63060E-01
Costante,2.50E-02,Costante,-5.00E-01,Costante,8.66E-01,Costante,2.50E-02,Costante,0.000000,Funzione 10,1,Costante,0,Costante,0,Funzione 9,1,0.3,1,5.02808E-01
Costante,2.50E-02,Costante,-5.00E-01,Costante,8.66E-01,Costante,2.50E-02,Costante,0.000000,Funzione 10,1,Costante,0,Costante,0,Funzione 9,1,0.5,1,4.77326E-01
Costante,2.50E-02,Costante,-5.00E-01,Costante,8.66E-01,Costante,2.50E-02,Costante,0.000000,Funzione 10,1,Costante,0,Costante,0,Funzione 9,1,0.75,1,5.08705E-01
Costante,2.50E-02,Costante,-5.00E-01,Costante,8.66E-01,Costante,2.50E-02,Costante,0.000000,Funzione 10,1,Costante,0,Costante,0,Funzione 9,1,1,1,4.80486E-01
Costante,2.50E-02,Costante,-5.00E-01,Costante,8.66E-01,Costante,2.50E-02,Costante,0.000000,Funzione 10,1,Costante,0,Costante,0,Funzione 9,1,1.25,1,5.00940E-01
Costante,5.00E-01,Costante,-5.00E-01,Costante,8.66E-01,Costante,0.00E+00,Costante,0.000000,Funzione 10,1,Costante,0,Costante,0,Funzione 9,1,0.075,1,5.74651E-01
Costante,5.00E-01,Costante,-5.00E-01,Costante,8.66E-01,Costante,0.00E+00,Costante,0.000000,Funzione 10,1,Costante,0,Costante,0,Funzione 9,1,0.1,1,5.79874E-01
Costante,5.00E-01,Costante,-5.00E-01,Costante,8.66E-01,Costante,0.00E+00,Costante,0.000000,Funzione 10,1,Costante,0,Costante,0,Funzione 9,1,0.15,1,5.44120E-01
Costante,5.00E-01,Costante,-5.00E-01,Costante,8.66E-01,Costante,0.00E+00,Costante,0.000000,Funzione 10,1,Costante,0,Costante,0,Funzione 9,1,0.2,1,5.68332E-01
Costante,5.00E-01,Costante,-5.00E-01,Costante,8.66E-01,Costante,0.00E+00,Costante,0.000000,Funzione 10,1,Costante,0,Costante,0,Funzione 9,1,0.3,1,5.78590E-01
Costante,5.00E-01,Costante,-5.00E-02,Costante,8.66E-02,Costante,0.00E+00,Costante,0.000000,Funzione 10,1,Costante,0,Costante,0,Funzione 9,1,0.075,1,5.28726E-01
Costante,5.00E-01,Costante,-5.00E-02,Costante,8.66E-02,Costante,0.00E+00,Costante,0.000000,Funzione 10,1,Costante,0,Costante,0,Funzione 9,1,0.1,1,5.00482E-01
Costante,5.00E-01,Costante,-5.00E-02,Costante,8.66E-02,Costante,0.00E+00,Costante,0.000000,Funzione 10,1,Costante,0,Costante,0,Funzione 9,1,0.14,1,5.02985E-01
Costante,5.00E-01,Costante,-5.00E-02,Costante,8.66E-02,Costante,0.00E+00,Costante,0.000000,Funzione 10,1,Costante,0,Costante,0,Funzione 9,1,0.175,1,5.64196E-01
Costante,5.00E-01,Costante,-5.00E-02,Costante,8.66E-02,Costante,0.00E+00,Costante,0.000000,Funzione 10,1,Costante,0,Costante,0,Funzione 9,1,0.25,1,5.12125E-01
Costante,5.00E-01,Costante,-5.00E+00,Costante,8.66E+00,Costante,0.00E+00,Costante,0.000000,Funzione 10,1,Costante,0,Costante,0,Funzione 9,1,0.3,1,4.77423E-01
Costante,5.00E-01,Costante,-5.00E+00,Costante,8.66E+00,Costante,0.00E+00,Costante,0.000000,Funzione 10,1,Costante,0,Costante,0,Funzione 9,1,0.5,1,4.71483E-01
Costante,5.00E-01,Costante,-5.00E+00,Costante,8.66E+00,Costante,0.00E+00,Costante,0.000000,Funzione 10,1,Costante,0,Costante,0,Funzione 9,1,0.75,1,5.41201E-01
Costante,5.00E-01,Costante,-5.00E+00,Costante,8.66E+00,Costante,0.00E+00,Costante,0.000000,Funzione 10,1,Costante,0,Costante,0,Funzione 9,1,0.875,1,4.95401E-01
Costante,5.00E-01,Costante,-5.00E+00,Costante,8.66E+00,Costante,0.00E+00,Costante,0.000000,Funzione 10,1,Costante,0,Costante,0,Funzione 9,1,1,1,4.92542E-01
Costante,5.00E-01,Costante,-5.00E-03,Costante,8.66E-03,Costante,0.00E+00,Costante,0.000000,Funzione 10,1,Costante,0,Costante,0,Funzione 9,1,0.075,1,5.31207E-01
Costante,5.00E-01,Costante,-5.00E-03,Costante,8.66E-03,Costante,0.00E+00,Costante,0.000000,Funzione 10,1,Costante,0,Costante,0,Funzione 9,1,0.1,1,6.19580E-01
Costante,5.00E-01,Costante,-5.00E-03,Costante,8.66E-03,Costante,0.00E+00,Costante,0.000000,Funzione 10,1,Costante,0,Costante,0,Funzione 9,1,0.15,1,5.08279E-01
Costante,5.00E-01,Costante,-5.00E-03,Costante,8.66E-03,Costante,0.00E+00,Costante,0.000000,Funzione 10,1,Costante,0,Costante,0,Funzione 9,1,0.2,1,5.44360E-01
Costante,5.00E-01,Costante,-5.00E-03,Costante,8.66E-03,Costante,0.00E+00,Costante,0.000000,Funzione 10,1,Costante,0,Costante,0,Funzione 9,1,0.3,1,5.38236E-01
Costante,5.00E-01,Costante,-5.00E-01,Costante,8.66E-01,Costante,1.00E-01,Costante,0.000000,Funzione 10,1,Costante,0,Costante,0,Funzione 9,1,0.075,1,5.34918E-01
Costante,5.00E-01,Costante,-5.00E-01,Costante,8.66E-01,Costante,1.00E-01,Costante,0.000000,Funzione 10,1,Costante,0,Costante,0,Funzione 9,1,0.1,1,5.13168E-01
Costante,5.00E-01,Costante,-5.00E-01,Costante,8.66E-01,Costante,1.00E-01,Costante,0.000000,Funzione 10,1,Costante,0,Costante,0,Funzione 9,1,0.15,1,6.25909E-01
Costante,5.00E-01,Costante,-5.00E-01,Costante,8.66E-01,Costante,1.00E-01,Costante,0.000000,Funzione 10,1,Costante,0,Costante,0,Funzione 9,1,0.2,1,5.39071E-01
Costante,5.00E-01,Costante,-5.00E-01,Costante,8.66E-01,Costante,1.00E-01,Costante,0.000000,Funzione 10,1,Costante,0,Costante,0,Funzione 9,1,0.5,1,4.93488E-01
Costante,5.00E-01,Costante,-5.00E-01,Costante,8.66E-01,Costante,5.00E-01,Costante,0.000000,Funzione 10,1,Costante,0,Costante,0,Funzione 9,1,0.0625,1,5.68527E-01
Costante,5.00E-01,Costante,-5.00E-01,Costante,8.66E-01,Costante,5.00E-01,Costante,0.000000,Funzione 10,1,Costante,0,Costante,0,Funzione 9,1,0.075,1,5.01289E-01
Costante,5.00E-01,Costante,-5.00E-01,Costante,8.66E-01,Costante,5.00E-01,Costante,0.000000,Funzione 10,1,Costante,0,Costante,0,Funzione 9,1,0.0875,1,4.94434E-01
Costante,5.00E-01,Costante,-5.00E-01,Costante,8.66E-01,Costante,5.00E-01,Costante,0.000000,Funzione 10,1,Costante,0,Costante,0,Funzione 9,1,0.1,1,6.42883E-01
Costante,5.00E-01,Costante,-5.00E-01,Costante,8.66E-01,Costante,5.00E-01,Costante,0.000000,Funzione 10,1,Costante,0,Costante,0,Funzione 9,1,0.15,1,5.68797E-01
Costante,2.50E-04,Costante,-5.00E-01,Costante,8.66E-01,Costante,0.00E+00,Costante,0.000000,Costante,0,Costante,0,Funzione 9,10,Funzione 10,1,2,1,1.55262E+04
Costante,2.50E-04,Costante,-5.00E-01,Costante,8.66E-01,Costante,0.00E+00,Costante,0.000000,Costante,0,Costante,0,Funzione 9,10,Funzione 10,1,3,1,1.56337E+04
Costante,2.50E-04,Costante,-5.00E-01,Costante,8.66E-01,Costante,0.00E+00,Costante,0.000000,Costante,0,Costante,0,Funzione 9,10,Funzione 10,1,5,1,1.54290E+04
Costante,2.50E-04,Costante,-5.00E-01,Costante,8.66E-01,Costante,0.00E+00,Costante,0.000000,Costante,0,Costante,0,Funzione 9,10,Funzione 10,1,10,1,1.50826E+04
Costante,2.50E-04,Costante,-5.00E-01,Costante,8.66E-01,Costante,0.00E+00,Costante,0.000000,Costante,0,Costante,0,Funzione 9,10,Funzione 10,1,20,1,1.49012E+04
Costante,2.50E-04,Costante,-5.00E-02,Costante,8.66E-02,Costante,0.00E+00,Costante,0.000000,Costante,0,Costante,0,Funzione 9,10,Funzione 10,1,2.5,1,7.17727E+01
Costante,2.50E-04,Costante,-5.00E-02,Costante,8.66E-02,Costante,0.00E+00,Costante,0.000000,Costante,0,Costante,0,Funzione 9,10,Funzione 10,1,5,1,6.45628E+01
Costante,2.50E-04,Costante,-5.00E-02,Costante,8.66E-02,Costante,0.00E+00,Costante,0.000000,Costante,0,Costante,0,Funzione 9,10,Funzione 10,1,10,1,7.21338E+01
Costante,2.50E-04,Costante,-5.00E-02,Costante,8.66E-02,Costante,0.00E+00,Costante,0.000000,Costante,0,Costante,0,Funzione 9,10,Funzione 10,1,17.5,1,7.17416E+01
Costante,2.50E-04,Costante,-5.00E-02,Costante,8.66E-02,Costante,0.00E+00,Costante,0.000000,Costante,0,Costante,0,Funzione 9,10,Funzione 10,1,25,1,4.93605E+01
Costante,2.50E-04,Costante,-5.00E-03,Costante,8.66E-03,Costante,0.00E+00,Costante,0.000000,Costante,0,Costante,0,Funzione 9,10,Funzione 10,1,1.25,1,5.35286E+01
Costante,2.50E-04,Costante,-5.00E-03,Costante,8.66E-03,Costante,0.00E+00,Costante,0.000000,Costante,0,Costante,0,Funzione 9,10,Funzione 10,1,2,1,4.99462E+01
Costante,2.50E-04,Costante,-5.00E-03,Costante,8.66E-03,Costante,0.00E+00,Costante,0.000000,Costante,0,Costante,0,Funzione 9,10,Funzione 10,1,2.5,1,4.83911E+01
Costante,2.50E-04,Costante,-5.00E-03,Costante,8.66E-03,Costante,0.00E+00,Costante,0.000000,Costante,0,Costante,0,Funzione 9,10,Funzione 10,1,5,1,4.61471E+01
Costante,2.50E-04,Costante,-5.00E-03,Costante,8.66E-03,Costante,0.00E+00,Costante,0.000000,Costante,0,Costante,0,Funzione 9,10,Funzione 10,1,10,1,6.67167E+01
Costante,2.50E-04,Costante,-5.00E-01,Costante,8.66E-01,Costante,1.00E-01,Costante,0.000000,Costante,0,Costante,0,Funzione 9,10,Funzione 10,1,1.5,1,1.54989E+04
Costante,2.50E-04,Costante,-5.00E-01,Costante,8.66E-01,Costante,1.00E-01,Costante,0.000000,Costante,0,Costante,0,Funzione 9,10,Funzione 10,1,2,1,1.56585E+04
Costante,2.50E-04,Costante,-5.00E-01,Costante,8.66E-01,Costante,1.00E-01,Costante,0.000000,Costante,0,Costante,0,Funzione 9,10,Funzione 10,1,3,1,1.55172E+04
Costante,2.50E-04,Costante,-5.00E-01,Costante,8.66E-01,Costante,1.00E-01,Costante,0.000000,Costante,0,Costante,0,Funzione 9,10,Funzione 10,1,5,1,1.52890E+04
Costante,2.50E-04,Costante,-5.00E-01,Costante,8.66E-01,Costante,1.00E-01,Costante,0.000000,Costante,0,Costante,0,Funzione 9,10,Funzione 10,1,10,1,1.52763E+04
Costante,2.50E-04,Costante,-5.00E-01,Costante,8.66E-01,Costante,2.50E-04,Costante,0.000000,Costante,0,Costante,0,Funzione 9,10,Funzione 10,1,5,1,1.55218E+04
Costante,2.50E-04,Costante,-5.00E-01,Costante,8.66E-01,Costante,2.50E-04,Costante,0.000000,Costante,0,Costante,0,Funzione 9,10,Funzione 10,1,10,1,1.51203E+04
Costante,2.50E-04,Costante,-5.00E-01,Costante,8.66E-01,Costante,2.50E-04,Costante,0.000000,Costante,0,Costante,0,Funzione 9,10,Funzione 10,1,50,1,1.44779E+04
Costante,2.50E-04,Costante,-5.00E-01,Costante,8.66E-01,Costante,2.50E-04,Costante,0.000000,Costante,0,Costante,0,Funzione 9,10,Funzione 10,1,100,1,1.30738E+04
Costante,2.50E-04,Costante,-5.00E-01,Costante,8.66E-01,Costante,2.50E-04,Costante,0.000000,Costante,0,Costante,0,Funzione 9,10,Funzione 10,1,150,1,1.27106E+04
Costante,2.50E-02,Costante,-5.00E-01,Costante,8.66E-01,Costante,0.00E+00,Costante,0.000000,Costante,0,Costante,0,Funzione 9,10,Funzione 10,1,2.5,1,2.37266E+01
Costante,2.50E-02,Costante,-5.00E-01,Costante,8.66E-01,Costante,0.00E+00,Costante,0.000000,Costante,0,Costante,0,Funzione 9,10,Funzione 10,1,5,1,2.39788E+01
Costante,2.50E-02,Costante,-5.00E-01,Costante,8.66E-01,Costante,0.00E+00,Costante,0.000000,Costante,0,Costante,0,Funzione 9,10,Funzione 10,1,10,1,2.29815E+01
Costante,2.50E-02,Costante,-5.00E-01,Costante,8.66E-01,Costante,0.00E+00,Costante,0.000000,Costante,0,Costante,0,Funzione 9,10,Funzione 10,1,17.5,1,2.73978E+01
Costante,2.50E-02,Costante,-5.00E-01,Costante,8.66E-01,Costante,0.00E+00,Costante,0.000000,Costante,0,Costante,0,Funzione 9,10,Funzione 10,1,25,1,2.79817E+01
Costante,2.50E-02,Costante,-5.00E-02,Costante,8.66E-02,Costante,0.00E+00,Costante,0.000000,Costante,0,Costante,0,Funzione 9,10,Funzione 10,1,0.75,1,2.44016E+01
Costante,2.50E-02,Costante,-5.00E-02,Costante,8.66E-02,Costante,0.00E+00,Costante,0.000000,Costante,0,Costante,0,Funzione 9,10,Funzione 10,1,1,1,2.49107E+01
Costante,2.50E-02,Costante,-5.00E-02,Costante,8.66E-02,Costante,0.00E+00,Costante,0.000000,Costante,0,Costante,0,Funzione 9,10,Funzione 10,1,1.5,1,2.41899E+01
Costante,2.50E-02,Costante,-5.00E-02,Costante,8.66E-02,Costante,0.00E+00,Costante,0.000000,Costante,0,Costante,0,Funzione 9,10,Funzione 10,1,2.5,1,2.41490E+01
Costante,2.50E-02,Costante,-5.00E-02,Costante,8.66E-02,Costante,0.00E+00,Costante,0.000000,Costante,0,Costante,0,Funzione 9,10,Funzione 10,1,5,1,2.52514E+01
Costante,2.50E-02,Costante,-5.00E+00,Costante,8.66E+00,Costante,0.00E+00,Costante,0.000000,Costante,0,Costante,0,Funzione 9,10,Funzione 10,1,1.5,1,3.34303E+01
Costante,2.50E-02,Costante,-5.00E+00,Costante,8.66E+00,Costante,0.00E+00,Costante,0.000000,Costante,0,Costante,0,Funzione 9,10,Funzione 10,1,3,1,3.59444E+01
Costante,2.50E-02,Costante,-5.00E+00,Costante,8.66E+00,Costante,0.00E+00,Costante,0.000000,Costante,0,Costante,0,Funzione 9,10,Funzione 10,1,5,1,3.47776E+01
Costante,2.50E-02,Costante,-5.00E+00,Costante,8.66E+00,Costante,0.00E+00,Costante,0.000000,Costante,0,Costante,0,Funzione 9,10,Funzione 10,1,10,1,3.52144E+01
Costante,2.50E-02,Costante,-5.00E+00,Costante,8.66E+00,Costante,0.00E+00,Costante,0.000000,Costante,0,Costante,0,Funzione 9,10,Funzione 10,1,20,1,3.59962E+01
Costante,2.50E-02,Costante,-5.00E-03,Costante,8.66E-03,Costante,0.00E+00,Costante,0.000000,Costante,0,Costante,0,Funzione 9,10,Funzione 10,1,1,1,2.73353E+01
Costante,2.50E-02,Costante,-5.00E-03,Costante,8.66E-03,Costante,0.00E+00,Costante,0.000000,Costante,0,Costante,0,Funzione 9,10,Funzione 10,1,2.5,1,2.26368E+01
Costante,2.50E-02,Costante,-5.00E-03,Costante,8.66E-03,Costante,0.00E+00,Costante,0.000000,Costante,0,Costante,0,Funzione 9,10,Funzione 10,1,5,1,2.41121E+01
Costante,2.50E-02,Costante,-5.00E-03,Costante,8.66E-03,Costante,0.00E+00,Costante,0.000000,Costante,0,Costante,0,Funzione 9,10,Funzione 10,1,10,1,3.55888E+01
Costante,2.50E-02,Costante,-5.00E-03,Costante,8.66E-03,Costante,0.00E+00,Costante,0.000000,Costante,0,Costante,0,Funzione 9,10,Funzione 10,1,15,1,3.82025E+01
Costante,2.50E-02,Costante,-5.00E-01,Costante,8.66E-01,Costante,1.00E-01,Costante,0.000000,Costante,0,Costante,0,Funzione 9,10,Funzione 10,1,1.25,1,2.44288E+01
Costante,2.50E-02,Costante,-5.00E-01,Costante,8.66E-01,Costante,1.00E-01,Costante,0.000000,Costante,0,Costante,0,Funzione 9,10,Funzione 10,1,2.5,1,2.29539E+01
Costante,2.50E-02,Costante,-5.00E-01,Costante,8.66E-01,Costante,1.00E-01,Costante,0.000000,Costante,0,Costante,0,Funzione 9,10,Funzione 10,1,5,1,2.45068E+01
Costante,2.50E-02,Costante,-5.00E-01,Costante,8.66E-01,Costante,1.00E-01,Costante,0.000000,Costante,0,Costante,0,Funzione 9,10,Funzione 10,1,10,1,2.65777E+01
Costante,2.50E-02,Costante,-5.00E-01,Costante,8.66E-01,Costante,1.00E-01,Costante,0.000000,Costante,0,Costante,0,Funzione 9,10,Funzione 10,1,25,1,3.21538E+01
Costante,2.50E-02,Costante,-5.00E-01,Costante,8.66E-01,Costante,2.50E-02,Costante,0.000000,Costante,0,Costante,0,Funzione 9,10,Funzione 10,1,1.25,1,2.28297E+01
Costante,2.50E-02,Costante,-5.00E-01,Costante,8.66E-01,Costante,2.50E-02,Costante,0.000000,Costante,0,Costante,0,Funzione 9,10,Funzione 10,1,2.5,1,2.37636E+01
Costante,2.50E-02,Costante,-5.00E-01,Costante,8.66E-01,Costante,2.50E-02,Costante,0.000000,Costante,0,Costante,0,Funzione 9,10,Funzione 10,1,5,1,2.52793E+01
Costante,2.50E-02,Costante,-5.00E-01,Costante,8.66E-01,Costante,2.50E-02,Costante,0.000000,Costante,0,Costante,0,Funzione 9,10,Funzione 10,1,10,1,2.61379E+01
Costante,2.50E-02,Costante,-5.00E-01,Costante,8.66E-01,Costante,2.50E-02,Costante,0.000000,Costante,0,Costante,0,Funzione 9,10,Funzione 10,1,25,1,3.14369E+01
Costante,5.00E-01,Costante,-5.00E-01,Costante,8.66E-01,Costante,0.00E+00,Costante,0.000000,Costante,0,Costante,0,Funzione 9,10,Funzione 10,1,1,1,2.35039E+01
Costante,5.00E-01,Costante,-5.00E-01,Costante,8.66E-01,Costante,0.00E+00,Costante,0.000000,Costante,0,Costante,0,Funzione 9,10,Funzione 10,1,1.25,1,3.21994E+01
Costante,5.00E-01,Costante,-5.00E-01,Costante,8.66E-01,Costante,0.00E+00,Costante,0.000000,Costante,0,Costante,0,Funzione 9,10,Funzione 10,1,2.5,1,3.24203E+01
Costante,5.00E-01,Costante,-5.00E-01,Costante,8.66E-01,Costante,0.00E+00,Costante,0.000000,Costante,0,Costante,0,Funzione 9,10,Funzione 10,1,5,1,2.25675E+01
Costante,5.00E-01,Costante,-5.00E-01,Costante,8.66E-01,Costante,0.00E+00,Costante,0.000000,Costante,0,Costante,0,Funzione 9,10,Funzione 10,1,10,1,3.56988E+01
Costante,5.00E-01,Costante,-5.00E-02,Costante,8.66E-02,Costante,0.00E+00,Costante,0.000000,Costante,0,Costante,0,Funzione 9,10,Funzione 10,1,1,1,2.38778E+01
Costante,5.00E-01,Costante,-5.00E-02,Costante,8.66E-02,Costante,0.00E+00,Costante,0.000000,Costante,0,Costante,0,Funzione 9,10,Funzione 10,1,1.25,1,2.25470E+01
Costante,5.00E-01,Costante,-5.00E-02,Costante,8.66E-02,Costante,0.00E+00,Costante,0.000000,Costante,0,Costante,0,Funzione 9,10,Funzione 10,1,2.5,1,2.26256E+01
Costante,5.00E-01,Costante,-5.00E-02,Costante,8.66E-02,Costante,0.00E+00,Costante,0.000000,Costante,0,Costante,0,Funzione 9,10,Funzione 10,1,5,1,2.54372E+01
Costante,5.00E-01,Costante,-5.00E-02,Costante,8.66E-02,Costante,0.00E+00,Costante,0.000000,Costante,0,Costante,0,Funzione 9,10,Funzione 10,1,10,1,2.35954E+01
Costante,5.00E-01,Costante,-5.00E+00,Costante,8.66E+00,Costante,0.00E+00,Costante,0.000000,Costante,0,Costante,0,Funzione 9,10,Funzione 10,1,1.25,1,2.26453E+01
Costante,5.00E-01,Costante,-5.00E+00,Costante,8.66E+00,Costante,0.00E+00,Costante,0.000000,Costante,0,Costante,0,Funzione 9,10,Funzione 10,1,2.5,1,2.44235E+01
Costante,5.00E-01,Costante,-5.00E+00,Costante,8.66E+00,Costante,0.00E+00,Costante,0.000000,Costante,0,Costante,0,Funzione 9,10,Funzione 10,1,5,1,2.19805E+01
Costante,5.00E-01,Costante,-5.00E+00,Costante,8.66E+00,Costante,0.00E+00,Costante,0.000000,Costante,0,Costante,0,Funzione 9,10,Funzione 10,1,10,1,2.32729E+01
Costante,5.00E-01,Costante,-5.00E+00,Costante,8.66E+00,Costante,0.00E+00,Costante,0.000000,Costante,0,Costante,0,Funzione 9,10,Funzione 10,1,12.5,1,2.60891E+01
Costante,5.00E-01,Costante,-5.00E-03,Costante,8.66E-03,Costante,0.00E+00,Costante,0.000000,Costante,0,Costante,0,Funzione 9,10,Funzione 10,1,1.25,1,2.26612E+01
Costante,5.00E-01,Costante,-5.00E-03,Costante,8.66E-03,Costante,0.00E+00,Costante,0.000000,Costante,0,Costante,0,Funzione 9,10,Funzione 10,1,2.5,1,2.21416E+01
Costante,5.00E-01,Costante,-5.00E-03,Costante,8.66E-03,Costante,0.00E+00,Costante,0.000000,Costante,0,Costante,0,Funzione 9,10,Funzione 10,1,5,1,2.51412E+01
Costante,5.00E-01,Costante,-5.00E-03,Costante,8.66E-03,Costante,0.00E+00,Costante,0.000000,Costante,0,Costante,0,Funzione 9,10,Funzione 10,1,10,1,2.69934E+01
Costante,5.00E-01,Costante,-5.00E-03,Costante,8.66E-03,Costante,0.00E+00,Costante,0.000000,Costante,0,Costante,0,Funzione 9,10,Funzione 10,1,12.5,1,2.46315E+01
Costante,5.00E-01,Costante,-5.00E-01,Costante,8.66E-01,Costante,1.00E-01,Costante,0.000000,Costante,0,Costante,0,Funzione 9,10,Funzione 10,1,1,1,2.23368E+01
Costante,5.00E-01,Costante,-5.00E-01,Costante,8.66E-01,Costante,1.00E-01,Costante,0.000000,Costante,0,Costante,0,Funzione 9,10,Funzione 10,1,1.25,1,2.18845E+01
Costante,5.00E-01,Costante,-5.00E-01,Costante,8.66E-01,Costante,1.00E-01,Costante,0.000000,Costante,0,Costante,0,Funzione 9,10,Funzione 10,1,2.5,1,2.28137E+01
Costante,5.00E-01,Costante,-5.00E-01,Costante,8.66E-01,Costante,1.00E-01,Costante,0.000000,Costante,0,Costante,0,Funzione 9,10,Funzione 10,1,5,1,2.37974E+01
Costante,5.00E-01,Costante,-5.00E-01,Costante,8.66E-01,Costante,1.00E-01,Costante,0.000000,Costante,0,Costante,0,Funzione 9,10,Funzione 10,1,10,1,2.31112E+01
Costante,5.00E-01,Costante,-5.00E-01,Costante,8.66E-01,Costante,5.00E-01,Costante,0.000000,Costante,0,Costante,0,Funzione 9,10,Funzione 10,1,1,1,2.30767E+01
Costante,5.00E-01,Costante,-5.00E-01,Costante,8.66E-01,Costante,5.00E-01,Costante,0.000000,Costante,0,Costante,0,Funzione 9,10,Funzione 10,1,1.25,1,2.44318E+01
Costante,5.00E-01,Costante,-5.00E-01,Costante,8.66E-01,Costante,5.00E-01,Costante,0.000000,Costante,0,Costante,0,Funzione 9,10,Funzione 10,1,2.5,1,2.49766E+01
Costante,5.00E-01,Costante,-5.00E-01,Costante,8.66E-01,Costante,5.00E-01,Costante,0.000000,Costante,0,Costante,0,Funzione 9,10,Funzione 10,1,5,1,2.24247E+01
Costante,5.00E-01,Costante,-5.00E-01,Costante,8.66E-01,Costante,5.00E-01,Costante,0.000000,Costante,0,Costante,0,Funzione 9,10,Funzione 10,1,10,1,2.60939E+01
Costante,2.50E-04,Costante,-5.00E-01,Costante,8.66E-01,Costante,0.00E+00,Costante,0.000000,Costante,0,Funzione 9,10,Funzione 10,1,Costante,0,5,1,1.72234E+04
Costante,2.50E-04,Costante,-5.00E-01,Costante,8.66E-01,Costante,0.00E+00,Costante,0.000000,Costante,0,Funzione 9,10,Funzione 10,1,Costante,0,10,1,1.68686E+04
Costante,2.50E-04,Costante,-5.00E-01,Costante,8.66E-01,Costante,0.00E+00,Costante,0.000000,Costante,0,Funzione 9,10,Funzione 10,1,Costante,0,20,1,1.64932E+04
Costante,2.50E-04,Costante,-5.00E-01,Costante,8.66E-01,Costante,0.00E+00,Costante,0.000000,Costante,0,Funzione 9,10,Funzione 10,1,Costante,0,50,1,1.57010E+04
Costante,2.50E-04,Costante,-5.00E-01,Costante,8.66E-01,Costante,0.00E+00,Costante,0.000000,Costante,0,Funzione 9,10,Funzione 10,1,Costante,0,100,1,1.50182E+04
Costante,2.50E-04,Costante,-5.00E-02,Costante,8.66E-02,Costante,0.00E+00,Costante,0.000000,Costante,0,Funzione 9,10,Funzione 10,1,Costante,0,2.5,1,6.02068E+01
Costante,2.50E-04,Costante,-5.00E-02,Costante,8.66E-02,Costante,0.00E+00,Costante,0.000000,Costante,0,Funzione 9,10,Funzione 10,1,Costante,0,5,1,6.27474E+01
Costante,2.50E-04,Costante,-5.00E-02,Costante,8.66E-02,Costante,0.00E+00,Costante,0.000000,Costante,0,Funzione 9,10,Funzione 10,1,Costante,0,10,1,6.50683E+01
Costante,2.50E-04,Costante,-5.00E-02,Costante,8.66E-02,Costante,0.00E+00,Costante,0.000000,Costante,0,Funzione 9,10,Funzione 10,1,Costante,0,17.5,1,6.51663E+01
Costante,2.50E-04,Costante,-5.00E-02,Costante,8.66E-02,Costante,0.00E+00,Costante,0.000000,Costante,0,Funzione 9,10,Funzione 10,1,Costante,0,25,1,6.08542E+01
Costante,2.50E-04,Costante,-5.00E-03,Costante,8.66E-03,Costante,0.00E+00,Costante,0.000000,Costante,0,Funzione 9,10,Funzione 10,1,Costante,0,2.5,1,6.79980E+01
Costante,2.50E-04,Costante,-5.00E-03,Costante,8.66E-03,Costante,0.00E+00,Costante,0.000000,Costante,0,Funzione 9,10,Funzione 10,1,Costante,0,5,1,5.30973E+01
Costante,2.50E-04,Costante,-5.00E-03,Costante,8.66E-03,Costante,0.00E+00,Costante,0.000000,Costante,0,Funzione 9,10,Funzione 10,1,Costante,0,10,1,5.25231E+01
Costante,2.50E-04,Costante,-5.00E-03,Costante,8.66E-03,Costante,0.00E+00,Costante,0.000000,Costante,0,Funzione 9,10,Funzione 10,1,Costante,0,17.5,1,5.31633E+01
Costante,2.50E-04,Costante,-5.00E-03,Costante,8.66E-03,Costante,0.00E+00,Costante,0.000000,Costante,0,Funzione 9,10,Funzione 10,1,Costante,0,25,1,5.72205E+01
Costante,2.50E-04,Costante,-5.00E-01,Costante,8.66E-01,Costante,1.00E-01,Costante,0.000000,Costante,0,Funzione 9,10,Funzione 10,1,Costante,0,5,1,1.55052E+04
Costante,2.50E-04,Costante,-5.00E-01,Costante,8.66E-01,Costante,1.00E-01,Costante,0.000000,Costante,0,Funzione 9,10,Funzione 10,1,Costante,0,10,1,1.51599E+04
Costante,2.50E-04,Costante,-5.00E-01,Costante,8.66E-01,Costante,1.00E-01,Costante,0.000000,Costante,0,Funzione 9,10,Funzione 10,1,Costante,0,25,1,1.45275E+04
Costante,2.50E-04,Costante,-5.00E-01,Costante,8.66E-01,Costante,1.00E-01,Costante,0.000000,Costante,0,Funzione 9,10,Funzione 10,1,Costante,0,50,1,1.39767E+04
Costante,2.50E-04,Costante,-5.00E-01,Costante,8.66E-01,Costante,1.00E-01,Costante,0.000000,Costante,0,Funzione 9,10,Funzione 10,1,Costante,0,100,1,1.32840E+04
Costante,2.50E-04,Costante,-5.00E-01,Costante,8.66E-01,Costante,2.50E-04,Costante,0.000000,Costante,0,Funzione 9,10,Funzione 10,1,Costante,0,5,1,1.73164E+04
Costante,2.50E-04,Costante,-5.00E-01,Costante,8.66E-01,Costante,2.50E-04,Costante,0.000000,Costante,0,Funzione 9,10,Funzione 10,1,Costante,0,10,1,1.69330E+04
Costante,2.50E-04,Costante,-5.00E-01,Costante,8.66E-01,Costante,2.50E-04,Costante,0.000000,Costante,0,Funzione 9,10,Funzione 10,1,Costante,0,50,1,1.57431E+04
Costante,2.50E-04,Costante,-5.00E-01,Costante,8.66E-01,Costante,2.50E-04,Costante,0.000000,Costante,0,Funzione 9,10,Funzione 10,1,Costante,0,100,1,1.47063E+04
Costante,2.50E-04,Costante,-5.00E-01,Costante,8.66E-01,Costante,2.50E-04,Costante,0.000000,Costante,0,Funzione 9,10,Funzione 10,1,Costante,0,150,1,1.43788E+04
Costante,2.50E-02,Costante,-5.00E-01,Costante,8.66E-01,Costante,0.00E+00,Costante,0.000000,Costante,0,Funzione 9,10,Funzione 10,1,Costante,0,2.5,1,5.21185E+01
Costante,2.50E-02,Costante,-5.00E-01,Costante,8.66E-01,Costante,0.00E+00,Costante,0.000000,Costante,0,Funzione 9,10,Funzione 10,1,Costante,0,5,1,5.44589E+01
Costante,2.50E-02,Costante,-5.00E-01,Costante,8.66E-01,Costante,0.00E+00,Costante,0.000000,Costante,0,Funzione 9,10,Funzione 10,1,Costante,0,10,1,5.63424E+01
Costante,2.50E-02,Costante,-5.00E-01,Costante,8.66E-01,Costante,0.00E+00,Costante,0.000000,Costante,0,Funzione 9,10,Funzione 10,1,Costante,0,15,1,5.44714E+01
Costante,2.50E-02,Costante,-5.00E-01,Costante,8.66E-01,Costante,0.00E+00,Costante,0.000000,Costante,0,Funzione 9,10,Funzione 10,1,Costante,0,25,1,5.70711E+01
Costante,2.50E-02,Costante,-5.00E-02,Costante,8.66E-02,Costante,0.00E+00,Costante,0.000000,Costante,0,Funzione 9,10,Funzione 10,1,Costante,0,0.75,1,5.09280E+01
Costante,2.50E-02,Costante,-5.00E-02,Costante,8.66E-02,Costante,0.00E+00,Costante,0.000000,Costante,0,Funzione 9,10,Funzione 10,1,Costante,0,1,1,5.57021E+01
Costante,2.50E-02,Costante,-5.00E-02,Costante,8.66E-02,Costante,0.00E+00,Costante,0.000000,Costante,0,Funzione 9,10,Funzione 10,1,Costante,0,2.5,1,6.05618E+01
Costante,2.50E-02,Costante,-5.00E-02,Costante,8.66E-02,Costante,0.00E+00,Costante,0.000000,Costante,0,Funzione 9,10,Funzione 10,1,Costante,0,5,1,5.04649E+01
Costante,2.50E-02,Costante,-5.00E-02,Costante,8.66E-02,Costante,0.00E+00,Costante,0.000000,Costante,0,Funzione 9,10,Funzione 10,1,Costante,0,10,1,4.93482E+01
Costante,2.50E-02,Costante,-5.00E+00,Costante,8.66E+00,Costante,0.00E+00,Costante,0.000000,Costante,0,Funzione 9,10,Funzione 10,1,Costante,0,2.5,1,6.43682E+01
Costante,2.50E-02,Costante,-5.00E+00,Costante,8.66E+00,Costante,0.00E+00,Costante,0.000000,Costante,0,Funzione 9,10,Funzione 10,1,Costante,0,3,1,6.50503E+01
Costante,2.50E-02,Costante,-5.00E+00,Costante,8.66E+00,Costante,0.00E+00,Costante,0.000000,Costante,0,Funzione 9,10,Funzione 10,1,Costante,0,5,1,7.07580E+01
Costante,2.50E-02,Costante,-5.00E+00,Costante,8.66E+00,Costante,0.00E+00,Costante,0.000000,Costante,0,Funzione 9,10,Funzione 10,1,Costante,0,10,1,7.38093E+01
Costante,2.50E-02,Costante,-5.00E+00,Costante,8.66E+00,Costante,0.00E+00,Costante,0.000000,Costante,0,Funzione 9,10,Funzione 10,1,Costante,0,20,1,6.10526E+01
Costante,2.50E-02,Costante,-5.00E-03,Costante,8.66E-03,Costante,0.00E+00,Costante,0.000000,Costante,0,Funzione 9,10,Funzione 10,1,Costante,0,0.75,1,5.15855E+01
Costante,2.50E-02,Costante,-5.00E-03,Costante,8.66E-03,Costante,0.00E+00,Costante,0.000000,Costante,0,Funzione 9,10,Funzione 10,1,Costante,0,1,1,6.04227E+01
Costante,2.50E-02,Costante,-5.00E-03,Costante,8.66E-03,Costante,0.00E+00,Costante,0.000000,Costante,0,Funzione 9,10,Funzione 10,1,Costante,0,2.5,1,5.00533E+01
Costante,2.50E-02,Costante,-5.00E-03,Costante,8.66E-03,Costante,0.00E+00,Costante,0.000000,Costante,0,Funzione 9,10,Funzione 10,1,Costante,0,5,1,5.36943E+01
Costante,2.50E-02,Costante,-5.00E-03,Costante,8.66E-03,Costante,0.00E+00,Costante,0.000000,Costante,0,Funzione 9,10,Funzione 10,1,Costante,0,10,1,5.59008E+01
Costante,2.50E-02,Costante,-5.00E-01,Costante,8.66E-01,Costante,1.00E-01,Costante,0.000000,Costante,0,Funzione 9,10,Funzione 10,1,Costante,0,1.75,1,4.75415E+01
Costante,2.50E-02,Costante,-5.00E-01,Costante,8.66E-01,Costante,1.00E-01,Costante,0.000000,Costante,0,Funzione 9,10,Funzione 10,1,Costante,0,2.5,1,4.91287E+01
Costante,2.50E-02,Costante,-5.00E-01,Costante,8.66E-01,Costante,1.00E-01,Costante,0.000000,Costante,0,Funzione 9,10,Funzione 10,1,Costante,0,5,1,4.95444E+01
Costante,2.50E-02,Costante,-5.00E-01,Costante,8.66E-01,Costante,1.00E-01,Costante,0.000000,Costante,0,Funzione 9,10,Funzione 10,1,Costante,0,10,1,5.21809E+01
Costante,2.50E-02,Costante,-5.00E-01,Costante,8.66E-01,Costante,1.00E-01,Costante,0.000000,Costante,0,Funzione 9,10,Funzione 10,1,Costante,0,25,1,7.15723E+01
Costante,2.50E-02,Costante,-5.00E-01,Costante,8.66E-01,Costante,2.50E-02,Costante,0.000000,Costante,0,Funzione 9,10,Funzione 10,1,Costante,0,1.75,1,5.32419E+01
Costante,2.50E-02,Costante,-5.00E-01,Costante,8.66E-01,Costante,2.50E-02,Costante,0.000000,Costante,0,Funzione 9,10,Funzione 10,1,Costante,0,2.5,1,6.09164E+01
Costante,2.50E-02,Costante,-5.00E-01,Costante,8.66E-01,Costante,2.50E-02,Costante,0.000000,Costante,0,Funzione 9,10,Funzione 10,1,Costante,0,5,1,5.68506E+01
Costante,2.50E-02,Costante,-5.00E-01,Costante,8.66E-01,Costante,2.50E-02,Costante,0.000000,Costante,0,Funzione 9,10,Funzione 10,1,Costante,0,10,1,5.21564E+01
Costante,2.50E-02,Costante,-5.00E-01,Costante,8.66E-01,Costante,2.50E-02,Costante,0.000000,Costante,0,Funzione 9,10,Funzione 10,1,Costante,0,25,1,5.86727E+01
Costante,5.00E-01,Costante,-5.00E-01,Costante,8.66E-01,Costante,0.00E+00,Costante,0.000000,Costante,0,Funzione 9,10,Funzione 10,1,Costante,0,1.25,1,4.88994E+01
Costante,5.00E-01,Costante,-5.00E-01,Costante,8.66E-01,Costante,0.00E+00,Costante,0.000000,Costante,0,Funzione 9,10,Funzione 10,1,Costante,0,2.5,1,5.39819E+01
Costante,5.00E-01,Costante,-5.00E-01,Costante,8.66E-01,Costante,0.00E+00,Costante,0.000000,Costante,0,Funzione 9,10,Funzione 10,1,Costante,0,5,1,4.89073E+01
Costante,5.00E-01,Costante,-5.00E-01,Costante,8.66E-01,Costante,0.00E+00,Costante,0.000000,Costante,0,Funzione 9,10,Funzione 10,1,Costante,0,10,1,5.15505E+01
Costante,5.00E-01,Costante,-5.00E-01,Costante,8.66E-01,Costante,0.00E+00,Costante,0.000000,Costante,0,Funzione 9,10,Funzione 10,1,Costante,0,15,1,5.37443E+01
Costante,5.00E-01,Costante,-5.00E-02,Costante,8.66E-02,Costante,0.00E+00,Costante,0.000000,Costante,0,Funzione 9,10,Funzione 10,1,Costante,0,1.25,1,5.17815E+01
Costante,5.00E-01,Costante,-5.00E-02,Costante,8.66E-02,Costante,0.00E+00,Costante,0.000000,Costante,0,Funzione 9,10,Funzione 10,1,Costante,0,2.5,1,5.54067E+01
Costante,5.00E-01,Costante,-5.00E-02,Costante,8.66E-02,Costante,0.00E+00,Costante,0.000000,Costante,0,Funzione 9,10,Funzione 10,1,Costante,0,5,1,5.20823E+01
Costante,5.00E-01,Costante,-5.00E-02,Costante,8.66E-02,Costante,0.00E+00,Costante,0.000000,Costante,0,Funzione 9,10,Funzione 10,1,Costante,0,10,1,5.20614E+01
Costante,5.00E-01,Costante,-5.00E-02,Costante,8.66E-02,Costante,0.00E+00,Costante,0.000000,Costante,0,Funzione 9,10,Funzione 10,1,Costante,0,15,1,5.43984E+01
Costante,5.00E-01,Costante,-5.00E+00,Costante,8.66E+00,Costante,0.00E+00,Costante,0.000000,Costante,0,Funzione 9,10,Funzione 10,1,Costante,0,1.25,1,4.85278E+01
Costante,5.00E-01,Costante,-5.00E+00,Costante,8.66E+00,Costante,0.00E+00,Costante,0.000000,Costante,0,Funzione 9,10,Funzione 10,1,Costante,0,2.5,1,5.49491E+01
Costante,5.00E-01,Costante,-5.00E+00,Costante,8.66E+00,Costante,0.00E+00,Costante,0.000000,Costante,0,Funzione 9,10,Funzione 10,1,Costante,0,5,1,4.76943E+01
Costante,5.00E-01,Costante,-5.00E+00,Costante,8.66E+00,Costante,0.00E+00,Costante,0.000000,Costante,0,Funzione 9,10,Funzione 10,1,Costante,0,10,1,4.96047E+01
Costante,5.00E-01,Costante,-5.00E+00,Costante,8.66E+00,Costante,0.00E+00,Costante,0.000000,Costante,0,Funzione 9,10,Funzione 10,1,Costante,0,25,1,5.36434E+01
Costante,5.00E-01,Costante,-5.00E-03,Costante,8.66E-03,Costante,0.00E+00,Costante,0.000000,Costante,0,Funzione 9,10,Funzione 10,1,Costante,0,1.25,1,5.59785E+01
Costante,5.00E-01,Costante,-5.00E-03,Costante,8.66E-03,Costante,0.00E+00,Costante,0.000000,Costante,0,Funzione 9,10,Funzione 10,1,Costante,0,2.5,1,4.97988E+01
Costante,5.00E-01,Costante,-5.00E-03,Costante,8.66E-03,Costante,0.00E+00,Costante,0.000000,Costante,0,Funzione 9,10,Funzione 10,1,Costante,0,5,1,5.34361E+01
Costante,5.00E-01,Costante,-5.00E-03,Costante,8.66E-03,Costante,0.00E+00,Costante,0.000000,Costante,0,Funzione 9,10,Funzione 10,1,Costante,0,10,1,6.57465E+01
Costante,5.00E-01,Costante,-5.00E-03,Costante,8.66E-03,Costante,0.00E+00,Costante,0.000000,Costante,0,Funzione 9,10,Funzione 10,1,Costante,0,15,1,5.04314E+01
Costante,5.00E-01,Costante,-5.00E-01,Costante,8.66E-01,Costante,1.00E-01,Costante,0.000000,Costante,0,Funzione 9,10,Funzione 10,1,Costante,0,1.25,1,5.23037E+01
Costante,5.00E-01,Costante,-5.00E-01,Costante,8.66E-01,Costante,1.00E-01,Costante,0.000000,Costante,0,Funzione 9,10,Funzione 10,1,Costante,0,2.5,1,5.34636E+01
Costante,5.00E-01,Costante,-5.00E-01,Costante,8.66E-01,Costante,1.00E-01,Costante,0.000000,Costante,0,Funzione 9,10,Funzione 10,1,Costante,0,5,1,6.18010E+01
Costante,5.00E-01,Costante,-5.00E-01,Costante,8.66E-01,Costante,1.00E-01,Costante,0.000000,Costante,0,Funzione 9,10,Funzione 10,1,Costante,0,10,1,4.82274E+01
Costante,5.00E-01,Costante,-5.00E-01,Costante,8.66E-01,Costante,1.00E-01,Costante,0.000000,Costante,0,Funzione 9,10,Funzione 10,1,Costante,0,15,1,5.54142E+01
Costante,5.00E-01,Costante,-5.00E-01,Costante,8.66E-01,Costante,5.00E-01,Costante,0.000000,Costante,0,Funzione 9,10,Funzione 10,1,Costante,0,1.25,1,4.98438E+01
Costante,5.00E-01,Costante,-5.00E-01,Costante,8.66E-01,Costante,5.00E-01,Costante,0.000000,Costante,0,Funzione 9,10,Funzione 10,1,Costante,0,2.5,1,5.29490E+01
Costante,5.00E-01,Costante,-5.00E-01,Costante,8.66E-01,Costante,5.00E-01,Costante,0.000000,Costante,0,Funzione 9,10,Funzione 10,1,Costante,0,5,1,5.20014E+01
Costante,5.00E-01,Costante,-5.00E-01,Costante,8.66E-01,Costante,5.00E-01,Costante,0.000000,Costante,0,Funzione 9,10,Funzione 10,1,Costante,0,10,1,5.93264E+01
Costante,5.00E-01,Costante,-5.00E-01,Costante,8.66E-01,Costante,5.00E-01,Costante,0.000000,Costante,0,Funzione 9,10,Funzione 10,1,Costante,0,15,1,4.90742E+01
Costante,2.50E-04,Costante,2.00E-01,Costante,1.00E-01,Costante,0.00E+00,Costante,0.000000,Costante,0,Costante,0,Costante,1,Costante,1,1.75,1,7.57777E-01
Costante,2.50E-04,Costante,2.00E-01,Costante,1.00E-01,Costante,0.00E+00,Costante,0.000000,Costante,0,Costante,0,Costante,1,Costante,1,2,1,7.46912E-01
Costante,2.50E-04,Costante,2.00E-01,Costante,1.00E-01,Costante,0.00E+00,Costante,0.000000,Costante,0,Costante,0,Costante,1,Costante,1,5,1,7.54981E-01
Costante,2.50E-04,Costante,2.00E-01,Costante,1.00E-01,Costante,0.00E+00,Costante,0.000000,Costante,0,Costante,0,Costante,1,Costante,1,10,1,1.35060E+00
Costante,2.50E-04,Costante,2.00E-01,Costante,1.00E-01,Costante,0.00E+00,Costante,0.000000,Costante,0,Costante,0,Costante,1,Costante,1,25,1,1.11689E+01
Costante,2.50E-04,Costante,8.66E-01,Costante,5.00E-01,Costante,0.00E+00,Costante,0.000000,Costante,0,Costante,0,Costante,1,Costante,1,3.5,1,8.81423E+01
Costante,2.50E-04,Costante,8.66E-01,Costante,5.00E-01,Costante,0.00E+00,Costante,0.000000,Costante,0,Costante,0,Costante,1,Costante,1,3.75,1,9.03655E+01
Costante,2.50E-04,Costante,8.66E-01,Costante,5.00E-01,Costante,0.00E+00,Costante,0.000000,Costante,0,Costante,0,Costante,1,Costante,1,4,1,9.02420E+01
Costante,2.50E-04,Costante,8.66E-01,Costante,5.00E-01,Costante,0.00E+00,Costante,0.000000,Costante,0,Costante,0,Costante,1,Costante,1,4.25,1,8.96880E+01
Costante,2.50E-04,Costante,8.66E-01,Costante,5.00E-01,Costante,0.00E+00,Costante,0.000000,Costante,0,Costante,0,Costante,1,Costante,1,4.5,1,8.98106E+01
Costante,2.50E-04,Costante,2.00E-01,Costante,1.00E-01,Costante,2.50E-04,Costante,0.000000,Costante,0,Costante,0,Costante,1,Costante,1,1.2,1,1.75048E+00
Costante,2.50E-04,Costante,2.00E-01,Costante,1.00E-01,Costante,2.50E-04,Costante,0.000000,Costante,0,Costante,0,Costante,1,Costante,1,1.25,1,1.75160E+00
Costante,2.50E-04,Costante,2.00E-01,Costante,1.00E-01,Costante,2.50E-04,Costante,0.000000,Costante,0,Costante,0,Costante,1,Costante,1,1.3,1,1.71497E+00
Costante,2.50E-04,Costante,2.00E-01,Costante,1.00E-01,Costante,2.50E-04,Costante,0.000000,Costante,0,Costante,0,Costante,1,Costante,1,1.35,1,1.74832E+00
Costante,2.50E-04,Costante,2.00E-01,Costante,1.00E-01,Costante,2.50E-04,Costante,0.000000,Costante,0,Costante,0,Costante,1,Costante,1,1.4,1,1.74072E+00
Costante,2.50E-02,Costante,2.00E+00,Costante,1.00E+00,Costante,0.00E+00,Costante,0.000000,Costante,0,Costante,0,Costante,1,Costante,1,0.5,1,4.66199E-01
Costante,2.50E-02,Costante,2.00E+00,Costante,1.00E+00,Costante,0.00E+00,Costante,0.000000,Costante,0,Costante,0,Costante,1,Costante,1,0.75,1,4.81301E-01
Costante,2.50E-02,Costante,2.00E+00,Costante,1.00E+00,Costante,0.00E+00,Costante,0.000000,Costante,0,Costante,0,Costante,1,Costante,1,1,1,5.02678E-01
Costante,2.50E-02,Costante,2.00E+00,Costante,1.00E+00,Costante,0.00E+00,Costante,0.000000,Costante,0,Costante,0,Costante,1,Costante,1,1.25,1,5.11954E-01
Costante,2.50E-02,Costante,2.00E+00,Costante,1.00E+00,Costante,0.00E+00,Costante,0.000000,Costante,0,Costante,0,Costante,1,Costante,1,1.5,1,5.02873E-01
Costante,2.50E-02,Costante,2.00E+01,Costante,1.00E+01,Costante,0.00E+00,Costante,0.000000,Costante,0,Costante,0,Costante,1,Costante,1,1,1,7.15397E-01
Costante,2.50E-02,Costante,2.00E+01,Costante,1.00E+01,Costante,0.00E+00,Costante,0.000000,Costante,0,Costante,0,Costante,1,Costante,1,5,1,7.75592E-01
Costante,2.50E-02,Costante,2.00E+01,Costante,1.00E+01,Costante,0.00E+00,Costante,0.000000,Costante,0,Costante,0,Costante,1,Costante,1,7.5,1,9.21930E-01
Costante,2.50E-02,Costante,2.00E+01,Costante,1.00E+01,Costante,0.00E+00,Costante,0.000000,Costante,0,Costante,0,Costante,1,Costante,1,10,1,1.34762E+00
Costante,2.50E-02,Costante,2.00E+01,Costante,1.00E+01,Costante,0.00E+00,Costante,0.000000,Costante,0,Costante,0,Costante,1,Costante,1,15,1,3.15158E+00
Costante,2.50E-02,Costante,2.00E-01,Costante,1.00E-01,Costante,0.00E+00,Costante,0.000000,Costante,0,Costante,0,Costante,1,Costante,1,0.1,1,4.68795E-01
Costante,2.50E-02,Costante,2.00E-01,Costante,1.00E-01,Costante,0.00E+00,Costante,0.000000,Costante,0,Costante,0,Costante,1,Costante,1,0.3,1,4.69909E-01
Costante,2.50E-02,Costante,2.00E-01,Costante,1.00E-01,Costante,0.00E+00,Costante,0.000000,Costante,0,Costante,0,Costante,1,Costante,1,0.5,1,4.85458E-01
Costante,2.50E-02,Costante,2.00E-01,Costante,1.00E-01,Costante,0.00E+00,Costante,0.000000,Costante,0,Costante,0,Costante,1,Costante,1,0.75,1,4.64514E-01
Costante,2.50E-02,Costante,2.00E-01,Costante,1.00E-01,Costante,0.00E+00,Costante,0.000000,Costante,0,Costante,0,Costante,1,Costante,1,1,1,5.13420E-01
Costante,2.50E-02,Costante,2.00E+00,Costante,1.00E+00,Costante,2.50E-02,Costante,0.000000,Costante,0,Costante,0,Costante,1,Costante,1,0.5,1,4.70059E-01
Costante,2.50E-02,Costante,2.00E+00,Costante,1.00E+00,Costante,2.50E-02,Costante,0.000000,Costante,0,Costante,0,Costante,1,Costante,1,0.75,1,4.86845E-01
Costante,2.50E-02,Costante,2.00E+00,Costante,1.00E+00,Costante,2.50E-02,Costante,0.000000,Costante,0,Costante,0,Costante,1,Costante,1,1,1,4.71225E-01
Costante,2.50E-02,Costante,2.00E+00,Costante,1.00E+00,Costante,2.50E-02,Costante,0.000000,Costante,0,Costante,0,Costante,1,Costante,1,1.25,1,4.74226E-01
Costante,2.50E-02,Costante,2.00E+00,Costante,1.00E+00,Costante,2.50E-02,Costante,0.000000,Costante,0,Costante,0,Costante,1,Costante,1,1.5,1,4.91476E-01
Costante,2.50E-02,Costante,8.66E-01,Costante,5.00E-01,Costante,0.00E+00,Costante,0.000000,Costante,0,Costante,0,Costante,1,Costante,1,0.5,1,4.73211E-01
Costante,2.50E-02,Costante,8.66E-01,Costante,5.00E-01,Costante,0.00E+00,Costante,0.000000,Costante,0,Costante,0,Costante,1,Costante,1,0.75,1,4.83238E-01
Costante,2.50E-02,Costante,8.66E-01,Costante,5.00E-01,Costante,0.00E+00,Costante,0.000000,Costante,0,Costante,0,Costante,1,Costante,1,1,1,4.67159E-01
Costante,2.50E-02,Costante,8.66E-01,Costante,5.00E-01,Costante,0.00E+00,Costante,0.000000,Costante,0,Costante,0,Costante,1,Costante,1,1.25,1,4.68855E-01
Costante,2.50E-02,Costante,8.66E-01,Costante,5.00E-01,Costante,0.00E+00,Costante,0.000000,Costante,0,Costante,0,Costante,1,Costante,1,1.5,1,4.82084E-01
Costante,2.50E-02,Costante,2.00E+00,Costante,1.00E+00,Costante,1.00E-01,Costante,0.000000,Costante,0,Costante,0,Costante,1,Costante,1,0.5,1,4.93787E-01
Costante,2.50E-02,Costante,2.00E+00,Costante,1.00E+00,Costante,1.00E-01,Costante,0.000000,Costante,0,Costante,0,Costante,1,Costante,1,0.75,1,5.17832E-01
Costante,2.50E-02,Costante,2.00E+00,Costante,1.00E+00,Costante,1.00E-01,Costante,0.000000,Costante,0,Costante,0,Costante,1,Costante,1,1,1,4.74392E-01
Costante,2.50E-02,Costante,2.00E+00,Costante,1.00E+00,Costante,1.00E-01,Costante,0.000000,Costante,0,Costante,0,Costante,1,Costante,1,1.25,1,4.88889E-01
Costante,2.50E-02,Costante,2.00E+00,Costante,1.00E+00,Costante,1.00E-01,Costante,0.000000,Costante,0,Costante,0,Costante,1,Costante,1,1.5,1,4.83543E-01
Costante,2.50E-02,Costante,2.00E-01,Costante,1.00E-01,Costante,2.50E-02,Costante,0.000000,Costante,0,Costante,0,Costante,1,Costante,1,0.5,1,4.71937E-01
Costante,2.50E-02,Costante,2.00E-01,Costante,1.00E-01,Costante,2.50E-02,Costante,0.000000,Costante,0,Costante,0,Costante,1,Costante,1,0.75,1,4.72242E-01
Costante,2.50E-02,Costante,2.00E-01,Costante,1.00E-01,Costante,2.50E-02,Costante,0.000000,Costante,0,Costante,0,Costante,1,Costante,1,1,1,5.04938E-01
Costante,2.50E-02,Costante,2.00E-01,Costante,1.00E-01,Costante,2.50E-02,Costante,0.000000,Costante,0,Costante,0,Costante,1,Costante,1,1.25,1,4.97778E-01
Costante,2.50E-02,Costante,2.00E-01,Costante,1.00E-01,Costante,2.50E-02,Costante,0.000000,Costante,0,Costante,0,Costante,1,Costante,1,1.5,1,4.75707E-01
Costante,5.00E-01,Costante,2.00E+00,Costante,1.00E+00,Costante,0.00E+00,Costante,0.000000,Costante,0,Costante,0,Costante,1,Costante,1,0.1,1,4.78588E-01
Costante,5.00E-01,Costante,2.00E+00,Costante,1.00E+00,Costante,0.00E+00,Costante,0.000000,Costante,0,Costante,0,Costante,1,Costante,1,0.3,1,4.88229E-01
Costante,5.00E-01,Costante,2.00E+00,Costante,1.00E+00,Costante,0.00E+00,Costante,0.000000,Costante,0,Costante,0,Costante,1,Costante,1,0.5,1,4.68995E-01
Costante,5.00E-01,Costante,2.00E+00,Costante,1.00E+00,Costante,0.00E+00,Costante,0.000000,Costante,0,Costante,0,Costante,1,Costante,1,0.75,1,4.66547E-01
Costante,5.00E-01,Costante,2.00E+00,Costante,1.00E+00,Costante,0.00E+00,Costante,0.000000,Costante,0,Costante,0,Costante,1,Costante,1,1,1,4.70333E-01
Costante,5.00E-01,Costante,2.00E+01,Costante,1.00E+01,Costante,0.00E+00,Costante,0.000000,Costante,0,Costante,0,Costante,1,Costante,1,0.3,1,4.87501E-01
Costante,5.00E-01,Costante,2.00E+01,Costante,1.00E+01,Costante,0.00E+00,Costante,0.000000,Costante,0,Costante,0,Costante,1,Costante,1,0.4,1,4.68428E-01
Costante,5.00E-01,Costante,2.00E+01,Costante,1.00E+01,Costante,0.00E+00,Costante,0.000000,Costante,0,Costante,0,Costante,1,Costante,1,0.5,1,4.67027E-01
Costante,5.00E-01,Costante,2.00E+01,Costante,1.00E+01,Costante,0.00E+00,Costante,0.000000,Costante,0,Costante,0,Costante,1,Costante,1,0.75,1,4.64982E-01
Costante,5.00E-01,Costante,2.00E+01,Costante,1.00E+01,Costante,0.00E+00,Costante,0.000000,Costante,0,Costante,0,Costante,1,Costante,1,1,1,4.88627E-01
Costante,5.00E-01,Costante,2.00E-01,Costante,1.00E-01,Costante,0.00E+00,Costante,0.000000,Costante,0,Costante,0,Costante,1,Costante,1,0.1,1,4.50049E-01
Costante,5.00E-01,Costante,2.00E-01,Costante,1.00E-01,Costante,0.00E+00,Costante,0.000000,Costante,0,Costante,0,Costante,1,Costante,1,0.3,1,4.73825E-01
Costante,5.00E-01,Costante,2.00E-01,Costante,1.00E-01,Costante,0.00E+00,Costante,0.000000,Costante,0,Costante,0,Costante,1,Costante,1,0.5,1,4.85996E-01
Costante,5.00E-01,Costante,2.00E-01,Costante,1.00E-01,Costante,0.00E+00,Costante,0.000000,Costante,0,Costante,0,Costante,1,Costante,1,0.75,1,4.56987E-01
Costante,5.00E-01,Costante,2.00E-01,Costante,1.00E-01,Costante,0.00E+00,Costante,0.000000,Costante,0,Costante,0,Costante,1,Costante,1,1,1,4.89566E-01
Costante,5.00E-01,Costante,2.00E+00,Costante,1.00E+00,Costante,5.00E-01,Costante,0.000000,Costante,0,Costante,0,Costante,1,Costante,1,0.1,1,4.75071E-01
Costante,5.00E-01,Costante,2.00E+00,Costante,1.00E+00,Costante,5.00E-01,Costante,0.000000,Costante,0,Costante,0,Costante,1,Costante,1,0.3,1,4.61232E-01
Costante,5.00E-01,Costante,2.00E+00,Costante,1.00E+00,Costante,5.00E-01,Costante,0.000000,Costante,0,Costante,0,Costante,1,Costante,1,0.5,1,4.85653E-01
Costante,5.00E-01,Costante,2.00E+00,Costante,1.00E+00,Costante,5.00E-01,Costante,0.000000,Costante,0,Costante,0,Costante,1,Costante,1,0.75,1,5.22747E-01
Costante,5.00E-01,Costante,2.00E+00,Costante,1.00E+00,Costante,5.00E-01,Costante,0.000000,Costante,0,Costante,0,Costante,1,Costante,1,1,1,4.73960E-01
Costante,5.00E-01,Costante,8.66E-01,Costante,5.00E-01,Costante,0.00E+00,Costante,0.000000,Costante,0,Costante,0,Costante,1,Costante,1,0.1,1,4.86604E-01
Costante,5.00E-01,Costante,8.66E-01,Costante,5.00E-01,Costante,0.00E+00,Costante,0.000000,Costante,0,Costante,0,Costante,1,Costante,1,0.3,1,4.82554E-01
Costante,5.00E-01,Costante,8.66E-01,Costante,5.00E-01,Costante,0.00E+00,Costante,0.000000,Costante,0,Costante,0,Costante,1,Costante,1,0.5,1,4.70916E-01
Costante,5.00E-01,Costante,8.66E-01,Costante,5.00E-01,Costante,0.00E+00,Costante,0.000000,Costante,0,Costante,0,Costante,1,Costante,1,0.75,1,4.84108E-01
Costante,5.00E-01,Costante,8.66E-01,Costante,5.00E-01,Costante,0.00E+00,Costante,0.000000,Costante,0,Costante,0,Costante,1,Costante,1,1,1,4.96002E-01
Costante,5.00E-01,Costante,2.00E+00,Costante,1.00E+00,Costante,1.00E-01,Costante,0.000000,Costante,0,Costante,0,Costante,1,Costante,1,0.1,1,4.79690E-01
Costante,5.00E-01,Costante,2.00E+00,Costante,1.00E+00,Costante,1.00E-01,Costante,0.000000,Costante,0,Costante,0,Costante,1,Costante,1,0.3,1,5.01511E-01
Costante,5.00E-01,Costante,2.00E+00,Costante,1.00E+00,Costante,1.00E-01,Costante,0.000000,Costante,0,Costante,0,Costante,1,Costante,1,0.5,1,4.69296E-01
Costante,5.00E-01,Costante,2.00E+00,Costante,1.00E+00,Costante,1.00E-01,Costante,0.000000,Costante,0,Costante,0,Costante,1,Costante,1,0.75,1,4.64390E-01
Costante,5.00E-01,Costante,2.00E+00,Costante,1.00E+00,Costante,1.00E-01,Costante,0.000000,Costante,0,Costante,0,Costante,1,Costante,1,1,1,4.65616E-01
Costante,5.00E-01,Costante,2.00E-01,Costante,1.00E-01,Costante,5.00E-01,Costante,0.000000,Costante,0,Costante,0,Costante,1,Costante,1,0.1,1,5.19472E-01
Costante,5.00E-01,Costante,2.00E-01,Costante,1.00E-01,Costante,5.00E-01,Costante,0.000000,Costante,0,Costante,0,Costante,1,Costante,1,0.3,1,4.62985E-01
Costante,5.00E-01,Costante,2.00E-01,Costante,1.00E-01,Costante,5.00E-01,Costante,0.000000,Costante,0,Costante,0,Costante,1,Costante,1,0.5,1,4.92670E-01
Costante,5.00E-01,Costante,2.00E-01,Costante,1.00E-01,Costante,5.00E-01,Costante,0.000000,Costante,0,Costante,0,Costante,1,Costante,1,0.75,1,4.99202E-01
Costante,5.00E-01,Costante,2.00E-01,Costante,1.00E-01,Costante,5.00E-01,Costante,0.000000,Costante,0,Costante,0,Costante,1,Costante,1,1,1,4.79523E-01
Costante,2.50E-04,Costante,2.00E+00,Costante,1.00E+00,Costante,0.00E+00,Costante,0.000000,Costante,1,Costante,1,Costante,0,Costante,0,0.9375,1,3.08192E+02
Costante,2.50E-04,Costante,2.00E+00,Costante,1.00E+00,Costante,0.00E+00,Costante,0.000000,Costante,1,Costante,1,Costante,0,Costante,0,0.95,1,3.09508E+02
Costante,2.50E-04,Costante,2.00E+00,Costante,1.00E+00,Costante,0.00E+00,Costante,0.000000,Costante,1,Costante,1,Costante,0,Costante,0,1,1,3.08548E+02
Costante,2.50E-04,Costante,2.00E+00,Costante,1.00E+00,Costante,0.00E+00,Costante,0.000000,Costante,1,Costante,1,Costante,0,Costante,0,1.025,1,3.09660E+02
Costante,2.50E-04,Costante,2.00E+00,Costante,1.00E+00,Costante,0.00E+00,Costante,0.000000,Costante,1,Costante,1,Costante,0,Costante,0,1.05,1,3.07277E+02
Costante,2.50E-04,Costante,2.00E+01,Costante,1.00E+01,Costante,0.00E+00,Costante,0.000000,Costante,1,Costante,1,Costante,0,Costante,0,415,1,2.16573E+04
Costante,2.50E-04,Costante,2.00E+01,Costante,1.00E+01,Costante,0.00E+00,Costante,0.000000,Costante,1,Costante,1,Costante,0,Costante,0,425,1,2.11807E+04
Costante,2.50E-04,Costante,2.00E+01,Costante,1.00E+01,Costante,0.00E+00,Costante,0.000000,Costante,1,Costante,1,Costante,0,Costante,0,475,1,2.27204E+04
Costante,2.50E-04,Costante,2.00E+01,Costante,1.00E+01,Costante,0.00E+00,Costante,0.000000,Costante,1,Costante,1,Costante,0,Costante,0,500,1,1.53832E+04
Costante,2.50E-04,Costante,2.00E+01,Costante,1.00E+01,Costante,0.00E+00,Costante,0.000000,Costante,1,Costante,1,Costante,0,Costante,0,550,1,1.84113E+04
Costante,2.50E-04,Costante,2.00E-01,Costante,1.00E-01,Costante,0.00E+00,Costante,0.000000,Costante,1,Costante,1,Costante,0,Costante,0,1.75,1,7.18925E-01
Costante,2.50E-04,Costante,2.00E-01,Costante,1.00E-01,Costante,0.00E+00,Costante,0.000000,Costante,1,Costante,1,Costante,0,Costante,0,2.75,1,7.22334E-01
Costante,2.50E-04,Costante,2.00E-01,Costante,1.00E-01,Costante,0.00E+00,Costante,0.000000,Costante,1,Costante,1,Costante,0,Costante,0,5,1,7.75943E-01
Costante,2.50E-04,Costante,2.00E-01,Costante,1.00E-01,Costante,0.00E+00,Costante,0.000000,Costante,1,Costante,1,Costante,0,Costante,0,15,1,3.11080E+00
Costante,2.50E-04,Costante,2.00E-01,Costante,1.00E-01,Costante,0.00E+00,Costante,0.000000,Costante,1,Costante,1,Costante,0,Costante,0,25,1,1.13551E+01
Costante,2.50E-04,Costante,2.00E+00,Costante,1.00E+00,Costante,2.50E-04,Costante,0.000000,Costante,1,Costante,1,Costante,0,Costante,0,4.5,1,6.83536E+02
Costante,2.50E-04,Costante,2.00E+00,Costante,1.00E+00,Costante,2.50E-04,Costante,0.000000,Costante,1,Costante,1,Costante,0,Costante,0,5,1,6.61738E+02
Costante,2.50E-04,Costante,2.00E+00,Costante,1.00E+00,Costante,2.50E-04,Costante,0.000000,Costante,1,Costante,1,Costante,0,Costante,0,6.25,1,6.49283E+02
Costante,2.50E-04,Costante,2.00E+00,Costante,1.00E+00,Costante,2.50E-04,Costante,0.000000,Costante,1,Costante,1,Costante,0,Costante,0,7.5,1,6.41109E+02
Costante,2.50E-04,Costante,2.00E+00,Costante,1.00E+00,Costante,2.50E-04,Costante,0.000000,Costante,1,Costante,1,Costante,0,Costante,0,10,1,6.51951E+02
Costante,2.50E-04,Costante,8.66E-01,Costante,5.00E-01,Costante,0.00E+00,Costante,0.000000,Costante,1,Costante,1,Costante,0,Costante,0,3.5,1,9.08200E+01
Costante,2.50E-04,Costante,8.66E-01,Costante,5.00E-01,Costante,0.00E+00,Costante,0.000000,Costante,1,Costante,1,Costante,0,Costante,0,3.75,1,8.88569E+01
Costante,2.50E-04,Costante,8.66E-01,Costante,5.00E-01,Costante,0.00E+00,Costante,0.000000,Costante,1,Costante,1,Costante,0,Costante,0,4,1,8.81025E+01
Costante,2.50E-04,Costante,8.66E-01,Costante,5.00E-01,Costante,0.00E+00,Costante,0.000000,Costante,1,Costante,1,Costante,0,Costante,0,4.25,1,9.03566E+01
Costante,2.50E-04,Costante,8.66E-01,Costante,5.00E-01,Costante,0.00E+00,Costante,0.000000,Costante,1,Costante,1,Costante,0,Costante,0,4.5,1,9.09279E+01
Costante,2.50E-04,Costante,2.00E-01,Costante,1.00E-01,Costante,2.50E-04,Costante,0.000000,Costante,1,Costante,1,Costante,0,Costante,0,1.2,1,1.73041E+00
Costante,2.50E-04,Costante,2.00E-01,Costante,1.00E-01,Costante,2.50E-04,Costante,0.000000,Costante,1,Costante,1,Costante,0,Costante,0,1.25,1,1.74669E+00
Costante,2.50E-04,Costante,2.00E-01,Costante,1.00E-01,Costante,2.50E-04,Costante,0.000000,Costante,1,Costante,1,Costante,0,Costante,0,1.3,1,1.74747E+00
Costante,2.50E-04,Costante,2.00E-01,Costante,1.00E-01,Costante,2.50E-04,Costante,0.000000,Costante,1,Costante,1,Costante,0,Costante,0,1.35,1,1.75783E+00
Costante,2.50E-04,Costante,2.00E-01,Costante,1.00E-01,Costante,2.50E-04,Costante,0.000000,Costante,1,Costante,1,Costante,0,Costante,0,1.4,1,1.75938E+00
Costante,2.50E-02,Costante,2.00E+00,Costante,1.00E+00,Costante,0.00E+00,Costante,0.000000,Costante,1,Costante,1,Costante,0,Costante,0,0.5,1,4.74024E-01
Costante,2.50E-02,Costante,2.00E+00,Costante,1.00E+00,Costante,0.00E+00,Costante,0.000000,Costante,1,Costante,1,Costante,0,Costante,0,0.75,1,4.73539E-01
Costante,2.50E-02,Costante,2.00E+00,Costante,1.00E+00,Costante,0.00E+00,Costante,0.000000,Costante,1,Costante,1,Costante,0,Costante,0,1,1,4.62623E-01
Costante,2.50E-02,Costante,2.00E+00,Costante,1.00E+00,Costante,0.00E+00,Costante,0.000000,Costante,1,Costante,1,Costante,0,Costante,0,1.25,1,4.59341E-01
Costante,2.50E-02,Costante,2.00E+00,Costante,1.00E+00,Costante,0.00E+00,Costante,0.000000,Costante,1,Costante,1,Costante,0,Costante,0,1.5,1,4.65843E-01
Costante,2.50E-02,Costante,2.00E+01,Costante,1.00E+01,Costante,0.00E+00,Costante,0.000000,Costante,1,Costante,1,Costante,0,Costante,0,4.5,1,7.97046E-01
Costante,2.50E-02,Costante,2.00E+01,Costante,1.00E+01,Costante,0.00E+00,Costante,0.000000,Costante,1,Costante,1,Costante,0,Costante,0,5,1,7.66488E-01
Costante,2.50E-02,Costante,2.00E+01,Costante,1.00E+01,Costante,0.00E+00,Costante,0.000000,Costante,1,Costante,1,Costante,0,Costante,0,7.5,1,9.04843E-01
Costante,2.50E-02,Costante,2.00E+01,Costante,1.00E+01,Costante,0.00E+00,Costante,0.000000,Costante,1,Costante,1,Costante,0,Costante,0,10,1,1.34502E+00
Costante,2.50E-02,Costante,2.00E+01,Costante,1.00E+01,Costante,0.00E+00,Costante,0.000000,Costante,1,Costante,1,Costante,0,Costante,0,15,1,3.13737E+00
Costante,2.50E-02,Costante,2.00E-01,Costante,1.00E-01,Costante,0.00E+00,Costante,0.000000,Costante,1,Costante,1,Costante,0,Costante,0,0.1,1,5.17456E-01
Costante,2.50E-02,Costante,2.00E-01,Costante,1.00E-01,Costante,0.00E+00,Costante,0.000000,Costante,1,Costante,1,Costante,0,Costante,0,0.3,1,4.69625E-01
Costante,2.50E-02,Costante,2.00E-01,Costante,1.00E-01,Costante,0.00E+00,Costante,0.000000,Costante,1,Costante,1,Costante,0,Costante,0,0.5,1,4.98132E-01
Costante,2.50E-02,Costante,2.00E-01,Costante,1.00E-01,Costante,0.00E+00,Costante,0.000000,Costante,1,Costante,1,Costante,0,Costante,0,0.75,1,4.73461E-01
Costante,2.50E-02,Costante,2.00E-01,Costante,1.00E-01,Costante,0.00E+00,Costante,0.000000,Costante,1,Costante,1,Costante,0,Costante,0,1,1,4.67788E-01
Costante,2.50E-02,Costante,2.00E+00,Costante,1.00E+00,Costante,2.50E-02,Costante,0.000000,Costante,1,Costante,1,Costante,0,Costante,0,0.5,1,4.88163E-01
Costante,2.50E-02,Costante,2.00E+00,Costante,1.00E+00,Costante,2.50E-02,Costante,0.000000,Costante,1,Costante,1,Costante,0,Costante,0,0.75,1,4.73741E-01
Costante,2.50E-02,Costante,2.00E+00,Costante,1.00E+00,Costante,2.50E-02,Costante,0.000000,Costante,1,Costante,1,Costante,0,Costante,0,1,1,4.70433E-01
Costante,2.50E-02,Costante,2.00E+00,Costante,1.00E+00,Costante,2.50E-02,Costante,0.000000,Costante,1,Costante,1,Costante,0,Costante,0,1.25,1,5.20211E-01
Costante,2.50E-02,Costante,2.00E+00,Costante,1.00E+00,Costante,2.50E-02,Costante,0.000000,Costante,1,Costante,1,Costante,0,Costante,0,1.5,1,4.94702E-01
Costante,2.50E-02,Costante,8.66E-01,Costante,5.00E-01,Costante,0.00E+00,Costante,0.000000,Costante,1,Costante,1,Costante,0,Costante,0,0.5,1,4.71100E-01
Costante,2.50E-02,Costante,8.66E-01,Costante,5.00E-01,Costante,0.00E+00,Costante,0.000000,Costante,1,Costante,1,Costante,0,Costante,0,0.75,1,4.67293E-01
Costante,2.50E-02,Costante,8.66E-01,Costante,5.00E-01,Costante,0.00E+00,Costante,0.000000,Costante,1,Costante,1,Costante,0,Costante,0,1,1,5.06278E-01
Costante,2.50E-02,Costante,8.66E-01,Costante,5.00E-01,Costante,0.00E+00,Costante,0.000000,Costante,1,Costante,1,Costante,0,Costante,0,1.25,1,4.75308E-01
Costante,2.50E-02,Costante,8.66E-01,Costante,5.00E-01,Costante,0.00E+00,Costante,0.000000,Costante,1,Costante,1,Costante,0,Costante,0,1.5,1,4.82787E-01
Costante,2.50E-02,Costante,2.00E+00,Costante,1.00E+00,Costante,1.00E-01,Costante,0.000000,Costante,1,Costante,1,Costante,0,Costante,0,0.5,1,4.78637E-01
Costante,2.50E-02,Costante,2.00E+00,Costante,1.00E+00,Costante,1.00E-01,Costante,0.000000,Costante,1,Costante,1,Costante,0,Costante,0,0.75,1,4.89020E-01
Costante,2.50E-02,Costante,2.00E+00,Costante,1.00E+00,Costante,1.00E-01,Costante,0.000000,Costante,1,Costante,1,Costante,0,Costante,0,1,1,5.02223E-01
Costante,2.50E-02,Costante,2.00E+00,Costante,1.00E+00,Costante,1.00E-01,Costante,0.000000,Costante,1,Costante,1,Costante,0,Costante,0,1.25,1,4.74778E-01
Costante,2.50E-02,Costante,2.00E+00,Costante,1.00E+00,Costante,1.00E-01,Costante,0.000000,Costante,1,Costante,1,Costante,0,Costante,0,1.5,1,4.87699E-01
Costante,2.50E-02,Costante,2.00E-01,Costante,1.00E-01,Costante,2.50E-02,Costante,0.000000,Costante,1,Costante,1,Costante,0,Costante,0,0.5,1,4.69620E-01
Costante,2.50E-02,Costante,2.00E-01,Costante,1.00E-01,Costante,2.50E-02,Costante,0.000000,Costante,1,Costante,1,Costante,0,Costante,0,0.75,1,5.04638E-01
Costante,2.50E-02,Costante,2.00E-01,Costante,1.00E-01,Costante,2.50E-02,Costante,0.000000,Costante,1,Costante,1,Costante,0,Costante,0,1,1,4.95386E-01
Costante,2.50E-02,Costante,2.00E-01,Costante,1.00E-01,Costante,2.50E-02,Costante,0.000000,Costante,1,Costante,1,Costante,0,Costante,0,1.25,1,4.87531E-01
Costante,2.50E-02,Costante,2.00E-01,Costante,1.00E-01,Costante,2.50E-02,Costante,0.000000,Costante,1,Costante,1,Costante,0,Costante,0,1.5,1,4.84076E-01
Costante,5.00E-01,Costante,2.00E+00,Costante,1.00E+00,Costante,0.00E+00,Costante,0.000000,Costante,1,Costante,1,Costante,0,Costante,0,0.1,1,4.59379E-01
Costante,5.00E-01,Costante,2.00E+00,Costante,1.00E+00,Costante,0.00E+00,Costante,0.000000,Costante,1,Costante,1,Costante,0,Costante,0,0.3,1,5.24538E-01
Costante,5.00E-01,Costante,2.00E+00,Costante,1.00E+00,Costante,0.00E+00,Costante,0.000000,Costante,1,Costante,1,Costante,0,Costante,0,0.5,1,4.65052E-01
Costante,5.00E-01,Costante,2.00E+00,Costante,1.00E+00,Costante,0.00E+00,Costante,0.000000,Costante,1,Costante,1,Costante,0,Costante,0,0.75,1,4.52334E-01
Costante,5.00E-01,Costante,2.00E+00,Costante,1.00E+00,Costante,0.00E+00,Costante,0.000000,Costante,1,Costante,1,Costante,0,Costante,0,1,1,4.90115E-01
Costante,5.00E-01,Costante,2.00E+01,Costante,1.00E+01,Costante,0.00E+00,Costante,0.000000,Costante,1,Costante,1,Costante,0,Costante,0,0.3,1,4.76351E-01
Costante,5.00E-01,Costante,2.00E+01,Costante,1.00E+01,Costante,0.00E+00,Costante,0.000000,Costante,1,Costante,1,Costante,0,Costante,0,0.4,1,5.08070E-01
Costante,5.00E-01,Costante,2.00E+01,Costante,1.00E+01,Costante,0.00E+00,Costante,0.000000,Costante,1,Costante,1,Costante,0,Costante,0,0.5,1,5.01306E-01
Costante,5.00E-01,Costante,2.00E+01,Costante,1.00E+01,Costante,0.00E+00,Costante,0.000000,Costante,1,Costante,1,Costante,0,Costante,0,0.75,1,4.79005E-01
Costante,5.00E-01,Costante,2.00E+01,Costante,1.00E+01,Costante,0.00E+00,Costante,0.000000,Costante,1,Costante,1,Costante,0,Costante,0,1,1,4.86204E-01
Costante,5.00E-01,Costante,2.00E-01,Costante,1.00E-01,Costante,0.00E+00,Costante,0.000000,Costante,1,Costante,1,Costante,0,Costante,0,0.1,1,4.74688E-01
Costante,5.00E-01,Costante,2.00E-01,Costante,1.00E-01,Costante,0.00E+00,Costante,0.000000,Costante,1,Costante,1,Costante,0,Costante,0,0.3,1,5.00175E-01
Costante,5.00E-01,Costante,2.00E-01,Costante,1.00E-01,Costante,0.00E+00,Costante,0.000000,Costante,1,Costante,1,Costante,0,Costante,0,0.5,1,4.82886E-01
Costante,5.00E-01,Costante,2.00E-01,Costante,1.00E-01,Costante,0.00E+00,Costante,0.000000,Costante,1,Costante,1,Costante,0,Costante,0,0.75,1,4.64876E-01
Costante,5.00E-01,Costante,2.00E-01,Costante,1.00E-01,Costante,0.00E+00,Costante,0.000000,Costante,1,Costante,1,Costante,0,Costante,0,1,1,4.74897E-01
Costante,5.00E-01,Costante,2.00E+00,Costante,1.00E+00,Costante,5.00E-01,Costante,0.000000,Costante,1,Costante,1,Costante,0,Costante,0,0.1,1,5.11778E-01
Costante,5.00E-01,Costante,2.00E+00,Costante,1.00E+00,Costante,5.00E-01,Costante,0.000000,Costante,1,Costante,1,Costante,0,Costante,0,0.3,1,4.98943E-01
Costante,5.00E-01,Costante,2.00E+00,Costante,1.00E+00,Costante,5.00E-01,Costante,0.000000,Costante,1,Costante,1,Costante,0,Costante,0,0.5,1,4.75404E-01
Costante,5.00E-01,Costante,2.00E+00,Costante,1.00E+00,Costante,5.00E-01,Costante,0.000000,Costante,1,Costante,1,Costante,0,Costante,0,0.75,1,4.92146E-01
Costante,5.00E-01,Costante,2.00E+00,Costante,1.00E+00,Costante,5.00E-01,Costante,0.000000,Costante,1,Costante,1,Costante,0,Costante,0,1,1,4.66098E-01
Costante,5.00E-01,Costante,8.66E-01,Costante,5.00E-01,Costante,0.00E+00,Costante,0.000000,Costante,1,Costante,1,Costante,0,Costante,0,0.1,1,4.55174E-01
Costante,5.00E-01,Costante,8.66E-01,Costante,5.00E-01,Costante,0.00E+00,Costante,0.000000,Costante,1,Costante,1,Costante,0,Costante,0,0.3,1,4.97671E-01
Costante,5.00E-01,Costante,8.66E-01,Costante,5.00E-01,Costante,0.00E+00,Costante,0.000000,Costante,1,Costante,1,Costante,0,Costante,0,0.5,1,4.56465E-01
Costante,5.00E-01,Costante,8.66E-01,Costante,5.00E-01,Costante,0.00E+00,Costante,0.000000,Costante,1,Costante,1,Costante,0,Costante,0,0.75,1,4.89235E-01
Costante,5.00E-01,Costante,8.66E-01,Costante,5.00E-01,Costante,0.00E+00,Costante,0.000000,Costante,1,Costante,1,Costante,0,Costante,0,1,1,4.99502E-01
Costante,5.00E-01,Costante,2.00E+00,Costante,1.00E+00,Costante,1.00E-01,Costante,0.000000,Costante,1,Costante,1,Costante,0,Costante,0,0.1,1,4.95391E-01
Costante,5.00E-01,Costante,2.00E+00,Costante,1.00E+00,Costante,1.00E-01,Costante,0.000000,Costante,1,Costante,1,Costante,0,Costante,0,0.3,1,4.91475E-01
Costante,5.00E-01,Costante,2.00E+00,Costante,1.00E+00,Costante,1.00E-01,Costante,0.000000,Costante,1,Costante,1,Costante,0,Costante,0,0.5,1,4.82664E-01
Costante,5.00E-01,Costante,2.00E+00,Costante,1.00E+00,Costante,1.00E-01,Costante,0.000000,Costante,1,Costante,1,Costante,0,Costante,0,0.75,1,4.74462E-01
Costante,5.00E-01,Costante,2.00E+00,Costante,1.00E+00,Costante,1.00E-01,Costante,0.000000,Costante,1,Costante,1,Costante,0,Costante,0,1,1,4.74633E-01
Costante,5.00E-01,Costante,2.00E-01,Costante,1.00E-01,Costante,5.00E-01,Costante,0.000000,Costante,1,Costante,1,Costante,0,Costante,0,0.1,1,4.72821E-01
Costante,5.00E-01,Costante,2.00E-01,Costante,1.00E-01,Costante,5.00E-01,Costante,0.000000,Costante,1,Costante,1,Costante,0,Costante,0,0.3,1,4.79146E-01
Costante,5.00E-01,Costante,2.00E-01,Costante,1.00E-01,Costante,5.00E-01,Costante,0.000000,Costante,1,Costante,1,Costante,0,Costante,0,0.5,1,4.73994E-01
Costante,5.00E-01,Costante,2.00E-01,Costante,1.00E-01,Costante,5.00E-01,Costante,0.000000,Costante,1,Costante,1,Costante,0,Costante,0,0.75,1,4.72410E-01
Costante,5.00E-01,Costante,2.00E-01,Costante,1.00E-01,Costante,5.00E-01,Costante,0.000000,Costante,1,Costante,1,Costante,0,Costante,0,0.875,1,4.73366E-01
Costante,2.50E-04,Costante,2.00E-01,Costante,1.00E-01,Costante,0.00E+00,Costante,0.000000,Costante,0,Costante,1,Costante,1,Costante,0,21,1,4.97887E+00
Costante,2.50E-04,Costante,2.00E-01,Costante,1.00E-01,Costante,0.00E+00,Costante,0.000000,Costante,0,Costante,1,Costante,1,Costante,0,22.25,1,2.73029E+00
Costante,2.50E-04,Costante,2.00E-01,Costante,1.00E-01,Costante,0.00E+00,Costante,0.000000,Costante,0,Costante,1,Costante,1,Costante,0,23.5,1,6.76661E+00
Costante,2.50E-04,Costante,2.00E-01,Costante,1.00E-01,Costante,0.00E+00,Costante,0.000000,Costante,0,Costante,1,Costante,1,Costante,0,24,1,7.18060E+00
Costante,2.50E-04,Costante,2.00E-01,Costante,1.00E-01,Costante,0.00E+00,Costante,0.000000,Costante,0,Costante,1,Costante,1,Costante,0,25,1,7.90761E+00
Costante,2.50E-04,Costante,8.66E-01,Costante,5.00E-01,Costante,0.00E+00,Costante,0.000000,Costante,0,Costante,1,Costante,1,Costante,0,3.5,1,2.77493E+02
Costante,2.50E-04,Costante,8.66E-01,Costante,5.00E-01,Costante,0.00E+00,Costante,0.000000,Costante,0,Costante,1,Costante,1,Costante,0,3.75,1,2.75328E+02
Costante,2.50E-04,Costante,8.66E-01,Costante,5.00E-01,Costante,0.00E+00,Costante,0.000000,Costante,0,Costante,1,Costante,1,Costante,0,4,1,2.73617E+02
Costante,2.50E-04,Costante,8.66E-01,Costante,5.00E-01,Costante,0.00E+00,Costante,0.000000,Costante,0,Costante,1,Costante,1,Costante,0,4.25,1,2.82652E+02
Costante,2.50E-04,Costante,8.66E-01,Costante,5.00E-01,Costante,0.00E+00,Costante,0.000000,Costante,0,Costante,1,Costante,1,Costante,0,4.5,1,2.73599E+02
Costante,2.50E-04,Costante,2.00E-01,Costante,1.00E-01,Costante,2.50E-04,Costante,0.000000,Costante,0,Costante,1,Costante,1,Costante,0,25,1,4.68517E+00
Costante,2.50E-04,Costante,2.00E-01,Costante,1.00E-01,Costante,2.50E-04,Costante,0.000000,Costante,0,Costante,1,Costante,1,Costante,0,35,1,1.87144E+01
Costante,2.50E-04,Costante,2.00E-01,Costante,1.00E-01,Costante,2.50E-04,Costante,0.000000,Costante,0,Costante,1,Costante,1,Costante,0,42.5,1,3.08028E+01
Costante,2.50E-04,Costante,2.00E-01,Costante,1.00E-01,Costante,2.50E-04,Costante,0.000000,Costante,0,Costante,1,Costante,1,Costante,0,50,1,4.79141E+01
Costante,2.50E-04,Costante,2.00E-01,Costante,1.00E-01,Costante,2.50E-04,Costante,0.000000,Costante,0,Costante,1,Costante,1,Costante,0,62.5,1,1.10806E+02
Costante,2.50E-02,Costante,2.00E+00,Costante,1.00E+00,Costante,0.00E+00,Costante,0.000000,Costante,0,Costante,1,Costante,1,Costante,0,1,1,4.77784E-01
Costante,2.50E-02,Costante,2.00E+00,Costante,1.00E+00,Costante,0.00E+00,Costante,0.000000,Costante,0,Costante,1,Costante,1,Costante,0,1.5,1,4.80215E-01
Costante,2.50E-02,Costante,2.00E+00,Costante,1.00E+00,Costante,0.00E+00,Costante,0.000000,Costante,0,Costante,1,Costante,1,Costante,0,2.5,1,5.00797E-01
Costante,2.50E-02,Costante,2.00E+00,Costante,1.00E+00,Costante,0.00E+00,Costante,0.000000,Costante,0,Costante,1,Costante,1,Costante,0,5,1,6.53571E-01
Costante,2.50E-02,Costante,2.00E+00,Costante,1.00E+00,Costante,0.00E+00,Costante,0.000000,Costante,0,Costante,1,Costante,1,Costante,0,10,1,1.90618E+00
Costante,2.50E-02,Costante,2.00E+01,Costante,1.00E+01,Costante,0.00E+00,Costante,0.000000,Costante,0,Costante,1,Costante,1,Costante,0,20,1,2.19390E+00
Costante,2.50E-02,Costante,2.00E+01,Costante,1.00E+01,Costante,0.00E+00,Costante,0.000000,Costante,0,Costante,1,Costante,1,Costante,0,22.5,1,3.53374E+00
Costante,2.50E-02,Costante,2.00E+01,Costante,1.00E+01,Costante,0.00E+00,Costante,0.000000,Costante,0,Costante,1,Costante,1,Costante,0,25,1,8.00807E+00
Costante,2.50E-02,Costante,2.00E+01,Costante,1.00E+01,Costante,0.00E+00,Costante,0.000000,Costante,0,Costante,1,Costante,1,Costante,0,27.5,1,1.00589E+01
Costante,2.50E-02,Costante,2.00E+01,Costante,1.00E+01,Costante,0.00E+00,Costante,0.000000,Costante,0,Costante,1,Costante,1,Costante,0,30,1,1.25607E+01
Costante,2.50E-02,Costante,2.00E-01,Costante,1.00E-01,Costante,0.00E+00,Costante,0.000000,Costante,0,Costante,1,Costante,1,Costante,0,0.2,1,4.65533E-01
Costante,2.50E-02,Costante,2.00E-01,Costante,1.00E-01,Costante,0.00E+00,Costante,0.000000,Costante,0,Costante,1,Costante,1,Costante,0,0.3,1,4.63173E-01
Costante,2.50E-02,Costante,2.00E-01,Costante,1.00E-01,Costante,0.00E+00,Costante,0.000000,Costante,0,Costante,1,Costante,1,Costante,0,0.5,1,4.81495E-01
Costante,2.50E-02,Costante,2.00E-01,Costante,1.00E-01,Costante,0.00E+00,Costante,0.000000,Costante,0,Costante,1,Costante,1,Costante,0,0.75,1,4.73102E-01
Costante,2.50E-02,Costante,2.00E-01,Costante,1.00E-01,Costante,0.00E+00,Costante,0.000000,Costante,0,Costante,1,Costante,1,Costante,0,1,1,4.96125E-01
Costante,2.50E-02,Costante,2.00E+00,Costante,1.00E+00,Costante,2.50E-02,Costante,0.000000,Costante,0,Costante,1,Costante,1,Costante,0,1,1,4.74663E-01
Costante,2.50E-02,Costante,2.00E+00,Costante,1.00E+00,Costante,2.50E-02,Costante,0.000000,Costante,0,Costante,1,Costante,1,Costante,0,1.5,1,4.58128E-01
Costante,2.50E-02,Costante,2.00E+00,Costante,1.00E+00,Costante,2.50E-02,Costante,0.000000,Costante,0,Costante,1,Costante,1,Costante,0,2,1,4.74554E-01
Costante,2.50E-02,Costante,2.00E+00,Costante,1.00E+00,Costante,2.50E-02,Costante,0.000000,Costante,0,Costante,1,Costante,1,Costante,0,5,1,6.78068E-01
Costante,2.50E-02,Costante,2.00E+00,Costante,1.00E+00,Costante,2.50E-02,Costante,0.000000,Costante,0,Costante,1,Costante,1,Costante,0,10,1,1.91118E+00
Costante,2.50E-02,Costante,8.66E-01,Costante,5.00E-01,Costante,0.00E+00,Costante,0.000000,Costante,0,Costante,1,Costante,1,Costante,0,0.5,1,4.73436E-01
Costante,2.50E-02,Costante,8.66E-01,Costante,5.00E-01,Costante,0.00E+00,Costante,0.000000,Costante,0,Costante,1,Costante,1,Costante,0,0.75,1,4.65534E-01
Costante,2.50E-02,Costante,8.66E-01,Costante,5.00E-01,Costante,0.00E+00,Costante,0.000000,Costante,0,Costante,1,Costante,1,Costante,0,1,1,4.69154E-01
Costante,2.50E-02,Costante,8.66E-01,Costante,5.00E-01,Costante,0.00E+00,Costante,0.000000,Costante,0,Costante,1,Costante,1,Costante,0,1.25,1,4.80752E-01
Costante,2.50E-02,Costante,8.66E-01,Costante,5.00E-01,Costante,0.00E+00,Costante,0.000000,Costante,0,Costante,1,Costante,1,Costante,0,1.5,1,4.74043E-01
Costante,2.50E-02,Costante,2.00E+00,Costante,1.00E+00,Costante,1.00E-01,Costante,0.000000,Costante,0,Costante,1,Costante,1,Costante,0,1,1,4.66552E-01
Costante,2.50E-02,Costante,2.00E+00,Costante,1.00E+00,Costante,1.00E-01,Costante,0.000000,Costante,0,Costante,1,Costante,1,Costante,0,1.5,1,4.79120E-01
Costante,2.50E-02,Costante,2.00E+00,Costante,1.00E+00,Costante,1.00E-01,Costante,0.000000,Costante,0,Costante,1,Costante,1,Costante,0,2,1,4.91397E-01
Costante,2.50E-02,Costante,2.00E+00,Costante,1.00E+00,Costante,1.00E-01,Costante,0.000000,Costante,0,Costante,1,Costante,1,Costante,0,5,1,6.76195E-01
Costante,2.50E-02,Costante,2.00E+00,Costante,1.00E+00,Costante,1.00E-01,Costante,0.000000,Costante,0,Costante,1,Costante,1,Costante,0,10,1,1.90359E+00
Costante,2.50E-02,Costante,2.00E-01,Costante,1.00E-01,Costante,2.50E-02,Costante,0.000000,Costante,0,Costante,1,Costante,1,Costante,0,0.5,1,4.70792E-01
Costante,2.50E-02,Costante,2.00E-01,Costante,1.00E-01,Costante,2.50E-02,Costante,0.000000,Costante,0,Costante,1,Costante,1,Costante,0,0.75,1,4.79232E-01
Costante,2.50E-02,Costante,2.00E-01,Costante,1.00E-01,Costante,2.50E-02,Costante,0.000000,Costante,0,Costante,1,Costante,1,Costante,0,1,1,4.73108E-01
Costante,2.50E-02,Costante,2.00E-01,Costante,1.00E-01,Costante,2.50E-02,Costante,0.000000,Costante,0,Costante,1,Costante,1,Costante,0,1.25,1,4.83482E-01
Costante,2.50E-02,Costante,2.00E-01,Costante,1.00E-01,Costante,2.50E-02,Costante,0.000000,Costante,0,Costante,1,Costante,1,Costante,0,1.5,1,4.87408E-01
Costante,5.00E-01,Costante,2.00E+00,Costante,1.00E+00,Costante,0.00E+00,Costante,0.000000,Costante,0,Costante,1,Costante,1,Costante,0,0.1,1,4.56510E-01
Costante,5.00E-01,Costante,2.00E+00,Costante,1.00E+00,Costante,0.00E+00,Costante,0.000000,Costante,0,Costante,1,Costante,1,Costante,0,0.3,1,4.72547E-01
Costante,5.00E-01,Costante,2.00E+00,Costante,1.00E+00,Costante,0.00E+00,Costante,0.000000,Costante,0,Costante,1,Costante,1,Costante,0,0.5,1,4.75639E-01
Costante,5.00E-01,Costante,2.00E+00,Costante,1.00E+00,Costante,0.00E+00,Costante,0.000000,Costante,0,Costante,1,Costante,1,Costante,0,0.75,1,4.55769E-01
Costante,5.00E-01,Costante,2.00E+00,Costante,1.00E+00,Costante,0.00E+00,Costante,0.000000,Costante,0,Costante,1,Costante,1,Costante,0,1,1,4.70813E-01
Costante,5.00E-01,Costante,2.00E+01,Costante,1.00E+01,Costante,0.00E+00,Costante,0.000000,Costante,0,Costante,1,Costante,1,Costante,0,0.4,1,4.58780E-01
Costante,5.00E-01,Costante,2.00E+01,Costante,1.00E+01,Costante,0.00E+00,Costante,0.000000,Costante,0,Costante,1,Costante,1,Costante,0,0.5,1,4.52048E-01
Costante,5.00E-01,Costante,2.00E+01,Costante,1.00E+01,Costante,0.00E+00,Costante,0.000000,Costante,0,Costante,1,Costante,1,Costante,0,0.75,1,4.81509E-01
Costante,5.00E-01,Costante,2.00E+01,Costante,1.00E+01,Costante,0.00E+00,Costante,0.000000,Costante,0,Costante,1,Costante,1,Costante,0,1,1,4.76104E-01
Costante,5.00E-01,Costante,2.00E+01,Costante,1.00E+01,Costante,0.00E+00,Costante,0.000000,Costante,0,Costante,1,Costante,1,Costante,0,1.5,1,4.86814E-01
Costante,5.00E-01,Costante,2.00E-01,Costante,1.00E-01,Costante,0.00E+00,Costante,0.000000,Costante,0,Costante,1,Costante,1,Costante,0,0.1,1,4.59645E-01
Costante,5.00E-01,Costante,2.00E-01,Costante,1.00E-01,Costante,0.00E+00,Costante,0.000000,Costante,0,Costante,1,Costante,1,Costante,0,0.3,1,4.64275E-01
Costante,5.00E-01,Costante,2.00E-01,Costante,1.00E-01,Costante,0.00E+00,Costante,0.000000,Costante,0,Costante,1,Costante,1,Costante,0,0.5,1,4.73129E-01
Costante,5.00E-01,Costante,2.00E-01,Costante,1.00E-01,Costante,0.00E+00,Costante,0.000000,Costante,0,Costante,1,Costante,1,Costante,0,0.75,1,4.62243E-01
Costante,5.00E-01,Costante,2.00E-01,Costante,1.00E-01,Costante,0.00E+00,Costante,0.000000,Costante,0,Costante,1,Costante,1,Costante,0,1,1,4.72135E-01
Costante,5.00E-01,Costante,2.00E+00,Costante,1.00E+00,Costante,5.00E-01,Costante,0.000000,Costante,0,Costante,1,Costante,1,Costante,0,0.1,1,5.00778E-01
Costante,5.00E-01,Costante,2.00E+00,Costante,1.00E+00,Costante,5.00E-01,Costante,0.000000,Costante,0,Costante,1,Costante,1,Costante,0,0.3,1,4.70437E-01
Costante,5.00E-01,Costante,2.00E+00,Costante,1.00E+00,Costante,5.00E-01,Costante,0.000000,Costante,0,Costante,1,Costante,1,Costante,0,0.5,1,4.66932E-01
Costante,5.00E-01,Costante,2.00E+00,Costante,1.00E+00,Costante,5.00E-01,Costante,0.000000,Costante,0,Costante,1,Costante,1,Costante,0,0.75,1,4.72216E-01
Costante,5.00E-01,Costante,2.00E+00,Costante,1.00E+00,Costante,5.00E-01,Costante,0.000000,Costante,0,Costante,1,Costante,1,Costante,0,1,1,4.73503E-01
Costante,5.00E-01,Costante,8.66E-01,Costante,5.00E-01,Costante,0.00E+00,Costante,0.000000,Costante,0,Costante,1,Costante,1,Costante,0,0.1,1,4.79282E-01
Costante,5.00E-01,Costante,8.66E-01,Costante,5.00E-01,Costante,0.00E+00,Costante,0.000000,Costante,0,Costante,1,Costante,1,Costante,0,0.3,1,4.62802E-01
Costante,5.00E-01,Costante,8.66E-01,Costante,5.00E-01,Costante,0.00E+00,Costante,0.000000,Costante,0,Costante,1,Costante,1,Costante,0,0.5,1,4.66887E-01
Costante,5.00E-01,Costante,8.66E-01,Costante,5.00E-01,Costante,0.00E+00,Costante,0.000000,Costante,0,Costante,1,Costante,1,Costante,0,0.75,1,4.86879E-01
Costante,5.00E-01,Costante,8.66E-01,Costante,5.00E-01,Costante,0.00E+00,Costante,0.000000,Costante,0,Costante,1,Costante,1,Costante,0,1,1,4.88560E-01
Costante,5.00E-01,Costante,2.00E+00,Costante,1.00E+00,Costante,1.00E-01,Costante,0.000000,Costante,0,Costante,1,Costante,1,Costante,0,0.1,1,4.53810E-01
Costante,5.00E-01,Costante,2.00E+00,Costante,1.00E+00,Costante,1.00E-01,Costante,0.000000,Costante,0,Costante,1,Costante,1,Costante,0,0.3,1,4.79031E-01
Costante,5.00E-01,Costante,2.00E+00,Costante,1.00E+00,Costante,1.00E-01,Costante,0.000000,Costante,0,Costante,1,Costante,1,Costante,0,0.5,1,4.63628E-01
Costante,5.00E-01,Costante,2.00E+00,Costante,1.00E+00,Costante,1.00E-01,Costante,0.000000,Costante,0,Costante,1,Costante,1,Costante,0,0.75,1,4.67149E-01
Costante,5.00E-01,Costante,2.00E+00,Costante,1.00E+00,Costante,1.00E-01,Costante,0.000000,Costante,0,Costante,1,Costante,1,Costante,0,1,1,4.73980E-01
Costante,5.00E-01,Costante,2.00E-01,Costante,1.00E-01,Costante,5.00E-01,Costante,0.000000,Costante,0,Costante,1,Costante,1,Costante,0,0.1,1,4.80274E-01
Costante,5.00E-01,Costante,2.00E-01,Costante,1.00E-01,Costante,5.00E-01,Costante,0.000000,Costante,0,Costante,1,Costante,1,Costante,0,0.3,1,4.77657E-01
Costante,5.00E-01,Costante,2.00E-01,Costante,1.00E-01,Costante,5.00E-01,Costante,0.000000,Costante,0,Costante,1,Costante,1,Costante,0,0.5,1,4.66814E-01
Costante,5.00E-01,Costante,2.00E-01,Costante,1.00E-01,Costante,5.00E-01,Costante,0.000000,Costante,0,Costante,1,Costante,1,Costante,0,0.75,1,4.74686E-01
Costante,5.00E-01,Costante,2.00E-01,Costante,1.00E-01,Costante,5.00E-01,Costante,0.000000,Costante,0,Costante,1,Costante,1,Costante,0,1,1,4.73661E-01
Costante,2.50E-04,Costante,2.00E-01,Costante,1.00E-01,Costante,0.00E+00,Costante,0.000000,Costante,1,Costante,0,Costante,0,Costante,1,21,1,4.98870E+00
Costante,2.50E-04,Costante,2.00E-01,Costante,1.00E-01,Costante,0.00E+00,Costante,0.000000,Costante,1,Costante,0,Costante,0,Costante,1,23,1,6.42828E+00
Costante,2.50E-04,Costante,2.00E-01,Costante,1.00E-01,Costante,0.00E+00,Costante,0.000000,Costante,1,Costante,0,Costante,0,Costante,1,25,1,7.92102E+00
Costante,2.50E-04,Costante,2.00E-01,Costante,1.00E-01,Costante,0.00E+00,Costante,0.000000,Costante,1,Costante,0,Costante,0,Costante,1,30,1,1.27170E+01
Costante,2.50E-04,Costante,2.00E-01,Costante,1.00E-01,Costante,0.00E+00,Costante,0.000000,Costante,1,Costante,0,Costante,0,Costante,1,35,1,1.87053E+01
Costante,2.50E-04,Costante,8.66E-01,Costante,5.00E-01,Costante,0.00E+00,Costante,0.000000,Costante,1,Costante,0,Costante,0,Costante,1,3.5,1,2.85871E+02
Costante,2.50E-04,Costante,8.66E-01,Costante,5.00E-01,Costante,0.00E+00,Costante,0.000000,Costante,1,Costante,0,Costante,0,Costante,1,3.75,1,2.75745E+02
Costante,2.50E-04,Costante,8.66E-01,Costante,5.00E-01,Costante,0.00E+00,Costante,0.000000,Costante,1,Costante,0,Costante,0,Costante,1,4,1,2.77452E+02
Costante,2.50E-04,Costante,8.66E-01,Costante,5.00E-01,Costante,0.00E+00,Costante,0.000000,Costante,1,Costante,0,Costante,0,Costante,1,4.25,1,2.76056E+02
Costante,2.50E-04,Costante,8.66E-01,Costante,5.00E-01,Costante,0.00E+00,Costante,0.000000,Costante,1,Costante,0,Costante,0,Costante,1,4.5,1,2.74062E+02
Costante,2.50E-04,Costante,2.00E+00,Costante,1.00E+00,Costante,1.00E-01,Costante,0.000000,Costante,1,Costante,0,Costante,0,Costante,1,32.5,1,1.49505E+03
Costante,2.50E-04,Costante,2.00E+00,Costante,1.00E+00,Costante,1.00E-01,Costante,0.000000,Costante,1,Costante,0,Costante,0,Costante,1,37.5,1,1.64165E+03
Costante,2.50E-04,Costante,2.00E+00,Costante,1.00E+00,Costante,1.00E-01,Costante,0.000000,Costante,1,Costante,0,Costante,0,Costante,1,45,1,1.54545E+03
Costante,2.50E-04,Costante,2.00E+00,Costante,1.00E+00,Costante,1.00E-01,Costante,0.000000,Costante,1,Costante,0,Costante,0,Costante,1,52.5,1,1.43150E+03
Costante,2.50E-04,Costante,2.00E+00,Costante,1.00E+00,Costante,1.00E-01,Costante,0.000000,Costante,1,Costante,0,Costante,0,Costante,1,60,1,1.45120E+03
Costante,2.50E-04,Costante,2.00E-01,Costante,1.00E-01,Costante,2.50E-04,Costante,0.000000,Costante,1,Costante,0,Costante,0,Costante,1,26.5,1,9.22904E+00
Costante,2.50E-04,Costante,2.00E-01,Costante,1.00E-01,Costante,2.50E-04,Costante,0.000000,Costante,1,Costante,0,Costante,0,Costante,1,27.5,1,1.02316E+01
Costante,2.50E-04,Costante,2.00E-01,Costante,1.00E-01,Costante,2.50E-04,Costante,0.000000,Costante,1,Costante,0,Costante,0,Costante,1,30,1,1.28031E+01
Costante,2.50E-04,Costante,2.00E-01,Costante,1.00E-01,Costante,2.50E-04,Costante,0.000000,Costante,1,Costante,0,Costante,0,Costante,1,40,1,2.61007E+01
Costante,2.50E-04,Costante,2.00E-01,Costante,1.00E-01,Costante,2.50E-04,Costante,0.000000,Costante,1,Costante,0,Costante,0,Costante,1,50,1,5.08939E+01
Costante,2.50E-02,Costante,2.00E+00,Costante,1.00E+00,Costante,0.00E+00,Costante,0.000000,Costante,1,Costante,0,Costante,0,Costante,1,1,1,4.67769E-01
Costante,2.50E-02,Costante,2.00E+00,Costante,1.00E+00,Costante,0.00E+00,Costante,0.000000,Costante,1,Costante,0,Costante,0,Costante,1,1.25,1,4.85249E-01
Costante,2.50E-02,Costante,2.00E+00,Costante,1.00E+00,Costante,0.00E+00,Costante,0.000000,Costante,1,Costante,0,Costante,0,Costante,1,1.5,1,4.83474E-01
Costante,2.50E-02,Costante,2.00E+00,Costante,1.00E+00,Costante,0.00E+00,Costante,0.000000,Costante,1,Costante,0,Costante,0,Costante,1,2,1,4.77197E-01
Costante,2.50E-02,Costante,2.00E+00,Costante,1.00E+00,Costante,0.00E+00,Costante,0.000000,Costante,1,Costante,0,Costante,0,Costante,1,5,1,6.68760E-01
Costante,2.50E-02,Costante,2.00E-01,Costante,1.00E-01,Costante,0.00E+00,Costante,0.000000,Costante,1,Costante,0,Costante,0,Costante,1,0.2,1,4.66340E-01
Costante,2.50E-02,Costante,2.00E-01,Costante,1.00E-01,Costante,0.00E+00,Costante,0.000000,Costante,1,Costante,0,Costante,0,Costante,1,0.3,1,4.76979E-01
Costante,2.50E-02,Costante,2.00E-01,Costante,1.00E-01,Costante,0.00E+00,Costante,0.000000,Costante,1,Costante,0,Costante,0,Costante,1,0.5,1,4.67454E-01
Costante,2.50E-02,Costante,2.00E-01,Costante,1.00E-01,Costante,0.00E+00,Costante,0.000000,Costante,1,Costante,0,Costante,0,Costante,1,0.75,1,4.83379E-01
Costante,2.50E-02,Costante,2.00E-01,Costante,1.00E-01,Costante,0.00E+00,Costante,0.000000,Costante,1,Costante,0,Costante,0,Costante,1,1,1,4.74191E-01
Costante,2.50E-02,Costante,2.00E+00,Costante,1.00E+00,Costante,2.50E-02,Costante,0.000000,Costante,1,Costante,0,Costante,0,Costante,1,1,1,4.63077E-01
Costante,2.50E-02,Costante,2.00E+00,Costante,1.00E+00,Costante,2.50E-02,Costante,0.000000,Costante,1,Costante,0,Costante,0,Costante,1,1.25,1,4.78620E-01
Costante,2.50E-02,Costante,2.00E+00,Costante,1.00E+00,Costante,2.50E-02,Costante,0.000000,Costante,1,Costante,0,Costante,0,Costante,1,1.5,1,4.80336E-01
Costante,2.50E-02,Costante,2.00E+00,Costante,1.00E+00,Costante,2.50E-02,Costante,0.000000,Costante,1,Costante,0,Costante,0,Costante,1,1.75,1,4.82822E-01
Costante,2.50E-02,Costante,2.00E+00,Costante,1.00E+00,Costante,2.50E-02,Costante,0.000000,Costante,1,Costante,0,Costante,0,Costante,1,2,1,4.91212E-01
Costante,2.50E-02,Costante,8.66E-01,Costante,5.00E-01,Costante,0.00E+00,Costante,0.000000,Costante,1,Costante,0,Costante,0,Costante,1,0.5,1,4.71466E-01
Costante,2.50E-02,Costante,8.66E-01,Costante,5.00E-01,Costante,0.00E+00,Costante,0.000000,Costante,1,Costante,0,Costante,0,Costante,1,0.75,1,4.58139E-01
Costante,2.50E-02,Costante,8.66E-01,Costante,5.00E-01,Costante,0.00E+00,Costante,0.000000,Costante,1,Costante,0,Costante,0,Costante,1,1,1,4.74325E-01
Costante,2.50E-02,Costante,8.66E-01,Costante,5.00E-01,Costante,0.00E+00,Costante,0.000000,Costante,1,Costante,0,Costante,0,Costante,1,1.25,1,4.61990E-01
Costante,2.50E-02,Costante,8.66E-01,Costante,5.00E-01,Costante,0.00E+00,Costante,0.000000,Costante,1,Costante,0,Costante,0,Costante,1,1.5,1,4.90825E-01
Costante,2.50E-02,Costante,2.00E+00,Costante,1.00E+00,Costante,1.00E-01,Costante,0.000000,Costante,1,Costante,0,Costante,0,Costante,1,1,1,4.74797E-01
Costante,2.50E-02,Costante,2.00E+00,Costante,1.00E+00,Costante,1.00E-01,Costante,0.000000,Costante,1,Costante,0,Costante,0,Costante,1,1.125,1,4.65019E-01
Costante,2.50E-02,Costante,2.00E+00,Costante,1.00E+00,Costante,1.00E-01,Costante,0.000000,Costante,1,Costante,0,Costante,0,Costante,1,1.25,1,4.81409E-01
Costante,2.50E-02,Costante,2.00E+00,Costante,1.00E+00,Costante,1.00E-01,Costante,0.000000,Costante,1,Costante,0,Costante,0,Costante,1,1.375,1,4.95661E-01
Costante,2.50E-02,Costante,2.00E+00,Costante,1.00E+00,Costante,1.00E-01,Costante,0.000000,Costante,1,Costante,0,Costante,0,Costante,1,1.5,1,4.75269E-01
Costante,2.50E-02,Costante,2.00E-01,Costante,1.00E-01,Costante,2.50E-02,Costante,0.000000,Costante,1,Costante,0,Costante,0,Costante,1,0.5,1,4.64589E-01
Costante,2.50E-02,Costante,2.00E-01,Costante,1.00E-01,Costante,2.50E-02,Costante,0.000000,Costante,1,Costante,0,Costante,0,Costante,1,0.75,1,4.76330E-01
Costante,2.50E-02,Costante,2.00E-01,Costante,1.00E-01,Costante,2.50E-02,Costante,0.000000,Costante,1,Costante,0,Costante,0,Costante,1,1,1,4.74008E-01
Costante,2.50E-02,Costante,2.00E-01,Costante,1.00E-01,Costante,2.50E-02,Costante,0.000000,Costante,1,Costante,0,Costante,0,Costante,1,1.25,1,4.80789E-01
Costante,2.50E-02,Costante,2.00E-01,Costante,1.00E-01,Costante,2.50E-02,Costante,0.000000,Costante,1,Costante,0,Costante,0,Costante,1,1.5,1,4.83764E-01
Costante,5.00E-01,Costante,2.00E+00,Costante,1.00E+00,Costante,0.00E+00,Costante,0.000000,Costante,1,Costante,0,Costante,0,Costante,1,0.1,1,4.59375E-01
Costante,5.00E-01,Costante,2.00E+00,Costante,1.00E+00,Costante,0.00E+00,Costante,0.000000,Costante,1,Costante,0,Costante,0,Costante,1,0.3,1,4.82347E-01
Costante,5.00E-01,Costante,2.00E+00,Costante,1.00E+00,Costante,0.00E+00,Costante,0.000000,Costante,1,Costante,0,Costante,0,Costante,1,0.5,1,4.71081E-01
Costante,5.00E-01,Costante,2.00E+00,Costante,1.00E+00,Costante,0.00E+00,Costante,0.000000,Costante,1,Costante,0,Costante,0,Costante,1,0.75,1,4.63309E-01
Costante,5.00E-01,Costante,2.00E+00,Costante,1.00E+00,Costante,0.00E+00,Costante,0.000000,Costante,1,Costante,0,Costante,0,Costante,1,1,1,4.79968E-01
Costante,5.00E-01,Costante,2.00E+01,Costante,1.00E+01,Costante,0.00E+00,Costante,0.000000,Costante,1,Costante,0,Costante,0,Costante,1,0.4,1,4.60264E-01
Costante,5.00E-01,Costante,2.00E+01,Costante,1.00E+01,Costante,0.00E+00,Costante,0.000000,Costante,1,Costante,0,Costante,0,Costante,1,0.5,1,4.49978E-01
Costante,5.00E-01,Costante,2.00E+01,Costante,1.00E+01,Costante,0.00E+00,Costante,0.000000,Costante,1,Costante,0,Costante,0,Costante,1,0.75,1,4.76455E-01
Costante,5.00E-01,Costante,2.00E+01,Costante,1.00E+01,Costante,0.00E+00,Costante,0.000000,Costante,1,Costante,0,Costante,0,Costante,1,1,1,4.78039E-01
Costante,5.00E-01,Costante,2.00E+01,Costante,1.00E+01,Costante,0.00E+00,Costante,0.000000,Costante,1,Costante,0,Costante,0,Costante,1,1.25,1,4.77409E-01
Costante,5.00E-01,Costante,2.00E-01,Costante,1.00E-01,Costante,0.00E+00,Costante,0.000000,Costante,1,Costante,0,Costante,0,Costante,1,0.1,1,4.69834E-01
Costante,5.00E-01,Costante,2.00E-01,Costante,1.00E-01,Costante,0.00E+00,Costante,0.000000,Costante,1,Costante,0,Costante,0,Costante,1,0.3,1,4.65105E-01
Costante,5.00E-01,Costante,2.00E-01,Costante,1.00E-01,Costante,0.00E+00,Costante,0.000000,Costante,1,Costante,0,Costante,0,Costante,1,0.5,1,4.66709E-01
Costante,5.00E-01,Costante,2.00E-01,Costante,1.00E-01,Costante,0.00E+00,Costante,0.000000,Costante,1,Costante,0,Costante,0,Costante,1,0.75,1,4.64921E-01
Costante,5.00E-01,Costante,2.00E-01,Costante,1.00E-01,Costante,0.00E+00,Costante,0.000000,Costante,1,Costante,0,Costante,0,Costante,1,1,1,4.62907E-01
Costante,5.00E-01,Costante,2.00E+00,Costante,1.00E+00,Costante,5.00E-01,Costante,0.000000,Costante,1,Costante,0,Costante,0,Costante,1,0.1,1,4.61998E-01
Costante,5.00E-01,Costante,2.00E+00,Costante,1.00E+00,Costante,5.00E-01,Costante,0.000000,Costante,1,Costante,0,Costante,0,Costante,1,0.3,1,4.70657E-01
Costante,5.00E-01,Costante,2.00E+00,Costante,1.00E+00,Costante,5.00E-01,Costante,0.000000,Costante,1,Costante,0,Costante,0,Costante,1,0.5,1,4.66273E-01
Costante,5.00E-01,Costante,2.00E+00,Costante,1.00E+00,Costante,5.00E-01,Costante,0.000000,Costante,1,Costante,0,Costante,0,Costante,1,0.75,1,4.74452E-01
Costante,5.00E-01,Costante,2.00E+00,Costante,1.00E+00,Costante,5.00E-01,Costante,0.000000,Costante,1,Costante,0,Costante,0,Costante,1,1,1,4.91713E-01
Costante,5.00E-01,Costante,8.66E-01,Costante,5.00E-01,Costante,0.00E+00,Costante,0.000000,Costante,1,Costante,0,Costante,0,Costante,1,0.1,1,4.75869E-01
Costante,5.00E-01,Costante,8.66E-01,Costante,5.00E-01,Costante,0.00E+00,Costante,0.000000,Costante,1,Costante,0,Costante,0,Costante,1,0.3,1,4.62000E-01
Costante,5.00E-01,Costante,8.66E-01,Costante,5.00E-01,Costante,0.00E+00,Costante,0.000000,Costante,1,Costante,0,Costante,0,Costante,1,0.5,1,4.68505E-01
Costante,5.00E-01,Costante,8.66E-01,Costante,5.00E-01,Costante,0.00E+00,Costante,0.000000,Costante,1,Costante,0,Costante,0,Costante,1,0.75,1,4.75090E-01
Costante,5.00E-01,Costante,8.66E-01,Costante,5.00E-01,Costante,0.00E+00,Costante,0.000000,Costante,1,Costante,0,Costante,0,Costante,1,1,1,4.75296E-01
Costante,5.00E-01,Costante,2.00E+00,Costante,1.00E+00,Costante,1.00E-01,Costante,0.000000,Costante,1,Costante,0,Costante,0,Costante,1,0.1,1,4.70739E-01
Costante,5.00E-01,Costante,2.00E+00,Costante,1.00E+00,Costante,1.00E-01,Costante,0.000000,Costante,1,Costante,0,Costante,0,Costante,1,0.3,1,4.71201E-01
Costante,5.00E-01,Costante,2.00E+00,Costante,1.00E+00,Costante,1.00E-01,Costante,0.000000,Costante,1,Costante,0,Costante,0,Costante,1,0.5,1,4.66638E-01
Costante,5.00E-01,Costante,2.00E+00,Costante,1.00E+00,Costante,1.00E-01,Costante,0.000000,Costante,1,Costante,0,Costante,0,Costante,1,0.75,1,5.05392E-01
Costante,5.00E-01,Costante,2.00E+00,Costante,1.00E+00,Costante,1.00E-01,Costante,0.000000,Costante,1,Costante,0,Costante,0,Costante,1,1,1,4.72395E-01
Costante,5.00E-01,Costante,2.00E-01,Costante,1.00E-01,Costante,5.00E-01,Costante,0.000000,Costante,1,Costante,0,Costante,0,Costante,1,0.1,1,4.57356E-01
Costante,5.00E-01,Costante,2.00E-01,Costante,1.00E-01,Costante,5.00E-01,Costante,0.000000,Costante,1,Costante,0,Costante,0,Costante,1,0.3,1,4.80202E-01
Costante,5.00E-01,Costante,2.00E-01,Costante,1.00E-01,Costante,5.00E-01,Costante,0.000000,Costante,1,Costante,0,Costante,0,Costante,1,0.5,1,4.59610E-01
Costante,5.00E-01,Costante,2.00E-01,Costante,1.00E-01,Costante,5.00E-01,Costante,0.000000,Costante,1,Costante,0,Costante,0,Costante,1,0.75,1,4.74019E-01
Costante,5.00E-01,Costante,2.00E-01,Costante,1.00E-01,Costante,5.00E-01,Costante,0.000000,Costante,1,Costante,0,Costante,0,Costante,1,1,1,4.81680E-01