tol,err,mu_0,mu_1,mu_2,mu_3,mu_4,mu_5,mu_6,mu_7,mu_8,b1_0,b1_1,b1_2,b1_3,b1_4,b1_5,b1_6,b1_7,b1_8,b2_0,b2_1,b2_2,b2_3,b2_4,b2_5,b2_6,b2_7,b2_8,sigma_0,sigma_1,sigma_2,sigma_3,sigma_4,sigma_5,sigma_6,sigma_7,sigma_8,f_0,f_1,f_2,f_3,f_4,f_5,f_6,f_7,f_8,bc1_0,bc1_1,bc1_2,bc2_0,bc2_1,bc2_2,bc3_0,bc3_1,bc3_2,bc4_0,bc4_1,bc4_2
0.15,8.27269e-05,0.5056914,-0.10350189,-0.2511181,-0.28823784,-0.13069677,-0.6173436,-0.4531633,-0.14610787,0.45642585,0.5083248,-0.10332047,-0.23639053,-0.27668452,-0.14917316,-0.6251193,-0.43329516,-0.1099979,0.41513953,0.50546455,-0.10276171,-0.25299945,-0.28908157,-0.12965938,-0.61644244,-0.45457068,-0.14903851,0.45859784,0.50546455,-0.10276171,-0.25299945,-0.28908157,-0.12965938,-0.61644244,-0.45457068,-0.14903851,0.45859784,0.41208318,0.010010579,-0.13509172,-0.21151824,-0.32711688,-0.5591471,-0.3843589,0.111407906,0.09160766,0.39236596,0.14768331,0.46752346,0.39236596,0.14768331,0.46752346,0.39236596,0.14768331,0.46752346,0.39236596,0.14768331,0.46752346
0.2,0.00014887,0.5056914,-0.10350189,-0.2511181,-0.28823784,-0.13069677,-0.6173436,-0.4531633,-0.14610787,0.45642585,0.5083248,-0.10332047,-0.23639053,-0.27668452,-0.14917316,-0.6251193,-0.43329516,-0.1099979,0.41513953,0.50546455,-0.10276171,-0.25299945,-0.28908157,-0.12965938,-0.61644244,-0.45457068,-0.14903851,0.45859784,0.50546455,-0.10276171,-0.25299945,-0.28908157,-0.12965938,-0.61644244,-0.45457068,-0.14903851,0.45859784,0.41208318,0.010010579,-0.13509172,-0.21151824,-0.32711688,-0.5591471,-0.3843589,0.111407906,0.09160766,0.39236596,0.14768331,0.46752346,0.39236596,0.14768331,0.46752346,0.39236596,0.14768331,0.46752346,0.39236596,0.14768331,0.46752346
0.25,0.000235176,0.5056914,-0.10350189,-0.2511181,-0.28823784,-0.13069677,-0.6173436,-0.4531633,-0.14610787,0.45642585,0.5083248,-0.10332047,-0.23639053,-0.27668452,-0.14917316,-0.6251193,-0.43329516,-0.1099979,0.41513953,0.50546455,-0.10276171,-0.25299945,-0.28908157,-0.12965938,-0.61644244,-0.45457068,-0.14903851,0.45859784,0.50546455,-0.10276171,-0.25299945,-0.28908157,-0.12965938,-0.61644244,-0.45457068,-0.14903851,0.45859784,0.41208318,0.010010579,-0.13509172,-0.21151824,-0.32711688,-0.5591471,-0.3843589,0.111407906,0.09160766,0.39236596,0.14768331,0.46752346,0.39236596,0.14768331,0.46752346,0.39236596,0.14768331,0.46752346,0.39236596,0.14768331,0.46752346
0.3,0.000365422,0.5056914,-0.10350189,-0.2511181,-0.28823784,-0.13069677,-0.6173436,-0.4531633,-0.14610787,0.45642585,0.5083248,-0.10332047,-0.23639053,-0.27668452,-0.14917316,-0.6251193,-0.43329516,-0.1099979,0.41513953,0.50546455,-0.10276171,-0.25299945,-0.28908157,-0.12965938,-0.61644244,-0.45457068,-0.14903851,0.45859784,0.50546455,-0.10276171,-0.25299945,-0.28908157,-0.12965938,-0.61644244,-0.45457068,-0.14903851,0.45859784,0.41208318,0.010010579,-0.13509172,-0.21151824,-0.32711688,-0.5591471,-0.3843589,0.111407906,0.09160766,0.39236596,0.14768331,0.46752346,0.39236596,0.14768331,0.46752346,0.39236596,0.14768331,0.46752346,0.39236596,0.14768331,0.46752346
0.5,0.00113981,0.5056914,-0.10350189,-0.2511181,-0.28823784,-0.13069677,-0.6173436,-0.4531633,-0.14610787,0.45642585,0.5083248,-0.10332047,-0.23639053,-0.27668452,-0.14917316,-0.6251193,-0.43329516,-0.1099979,0.41513953,0.50546455,-0.10276171,-0.25299945,-0.28908157,-0.12965938,-0.61644244,-0.45457068,-0.14903851,0.45859784,0.50546455,-0.10276171,-0.25299945,-0.28908157,-0.12965938,-0.61644244,-0.45457068,-0.14903851,0.45859784,0.41208318,0.010010579,-0.13509172,-0.21151824,-0.32711688,-0.5591471,-0.3843589,0.111407906,0.09160766,0.39236596,0.14768331,0.46752346,0.39236596,0.14768331,0.46752346,0.39236596,0.14768331,0.46752346,0.39236596,0.14768331,0.46752346
0.15,8.27996e-05,0.5056914,-0.10350189,-0.2511181,-0.28823784,-0.13069677,-0.6173436,-0.4531633,-0.14610787,0.45642585,0.5083248,-0.10332047,-0.23639053,-0.27668452,-0.14917316,-0.6251193,-0.43329516,-0.1099979,0.41513953,0.50546455,-0.10276171,-0.25299945,-0.28908157,-0.12965938,-0.61644244,-0.45457068,-0.14903851,0.45859784,0.5056914,-0.10350189,-0.2511181,-0.28823784,-0.13069677,-0.6173436,-0.4531633,-0.14610787,0.45642585,0.40953004,0.0132774655,-0.13344611,-0.21008301,-0.33121425,-0.5590807,-0.38305658,0.11843003,0.08307495,0.39236596,0.14768331,0.46752346,0.39236596,0.14768331,0.46752346,0.39236596,0.14768331,0.46752346,0.39236596,0.14768331,0.46752346
0.2,0.000147736,0.5056914,-0.10350189,-0.2511181,-0.28823784,-0.13069677,-0.6173436,-0.4531633,-0.14610787,0.45642585,0.5083248,-0.10332047,-0.23639053,-0.27668452,-0.14917316,-0.6251193,-0.43329516,-0.1099979,0.41513953,0.50546455,-0.10276171,-0.25299945,-0.28908157,-0.12965938,-0.61644244,-0.45457068,-0.14903851,0.45859784,0.5056914,-0.10350189,-0.2511181,-0.28823784,-0.13069677,-0.6173436,-0.4531633,-0.14610787,0.45642585,0.40953004,0.0132774655,-0.13344611,-0.21008301,-0.33121425,-0.5590807,-0.38305658,0.11843003,0.08307495,0.39236596,0.14768331,0.46752346,0.39236596,0.14768331,0.46752346,0.39236596,0.14768331,0.46752346,0.39236596,0.14768331,0.46752346
0.25,0.000235658,0.5056914,-0.10350189,-0.2511181,-0.28823784,-0.13069677,-0.6173436,-0.4531633,-0.14610787,0.45642585,0.5083248,-0.10332047,-0.23639053,-0.27668452,-0.14917316,-0.6251193,-0.43329516,-0.1099979,0.41513953,0.50546455,-0.10276171,-0.25299945,-0.28908157,-0.12965938,-0.61644244,-0.45457068,-0.14903851,0.45859784,0.5056914,-0.10350189,-0.2511181,-0.28823784,-0.13069677,-0.6173436,-0.4531633,-0.14610787,0.45642585,0.40953004,0.0132774655,-0.13344611,-0.21008301,-0.33121425,-0.5590807,-0.38305658,0.11843003,0.08307495,0.39236596,0.14768331,0.46752346,0.39236596,0.14768331,0.46752346,0.39236596,0.14768331,0.46752346,0.39236596,0.14768331,0.46752346
0.3,0.000366434,0.5056914,-0.10350189,-0.2511181,-0.28823784,-0.13069677,-0.6173436,-0.4531633,-0.14610787,0.45642585,0.5083248,-0.10332047,-0.23639053,-0.27668452,-0.14917316,-0.6251193,-0.43329516,-0.1099979,0.41513953,0.50546455,-0.10276171,-0.25299945,-0.28908157,-0.12965938,-0.61644244,-0.45457068,-0.14903851,0.45859784,0.5056914,-0.10350189,-0.2511181,-0.28823784,-0.13069677,-0.6173436,-0.4531633,-0.14610787,0.45642585,0.40953004,0.0132774655,-0.13344611,-0.21008301,-0.33121425,-0.5590807,-0.38305658,0.11843003,0.08307495,0.39236596,0.14768331,0.46752346,0.39236596,0.14768331,0.46752346,0.39236596,0.14768331,0.46752346,0.39236596,0.14768331,0.46752346
0.5,0.00115954,0.5056914,-0.10350189,-0.2511181,-0.28823784,-0.13069677,-0.6173436,-0.4531633,-0.14610787,0.45642585,0.5083248,-0.10332047,-0.23639053,-0.27668452,-0.14917316,-0.6251193,-0.43329516,-0.1099979,0.41513953,0.50546455,-0.10276171,-0.25299945,-0.28908157,-0.12965938,-0.61644244,-0.45457068,-0.14903851,0.45859784,0.5056914,-0.10350189,-0.2511181,-0.28823784,-0.13069677,-0.6173436,-0.4531633,-0.14610787,0.45642585,0.40953004,0.0132774655,-0.13344611,-0.21008301,-0.33121425,-0.5590807,-0.38305658,0.11843003,0.08307495,0.39236596,0.14768331,0.46752346,0.39236596,0.14768331,0.46752346,0.39236596,0.14768331,0.46752346,0.39236596,0.14768331,0.46752346
0.15,8.26195e-05,0.5056914,-0.10350189,-0.2511181,-0.28823784,-0.13069677,-0.6173436,-0.4531633,-0.14610787,0.45642585,0.52573913,-0.067274235,-0.08532694,-0.15651877,-0.36126548,-0.6840855,-0.19531004,0.26819196,-0.11203807,0.50546455,-0.10276171,-0.25299945,-0.28908157,-0.12965938,-0.61644244,-0.45457068,-0.14903851,0.45859784,0.50546455,-0.10276171,-0.25299945,-0.28908157,-0.12965938,-0.61644244,-0.45457068,-0.14903851,0.45859784,-0.66453755,0.40795285,-0.083422124,0.1685084,0.6373277,-0.8597503,0.8666467,0.9936642,-0.99970335,0.39236596,0.14768331,0.46752346,0.39236596,0.14768331,0.46752346,0.39236596,0.14768331,0.46752346,0.39236596,0.14768331,0.46752346
0.2,0.000147926,0.5056914,-0.10350189,-0.2511181,-0.28823784,-0.13069677,-0.6173436,-0.4531633,-0.14610787,0.45642585,0.52573913,-0.067274235,-0.08532694,-0.15651877,-0.36126548,-0.6840855,-0.19531004,0.26819196,-0.11203807,0.50546455,-0.10276171,-0.25299945,-0.28908157,-0.12965938,-0.61644244,-0.45457068,-0.14903851,0.45859784,0.50546455,-0.10276171,-0.25299945,-0.28908157,-0.12965938,-0.61644244,-0.45457068,-0.14903851,0.45859784,-0.66453755,0.40795285,-0.083422124,0.1685084,0.6373277,-0.8597503,0.8666467,0.9936642,-0.99970335,0.39236596,0.14768331,0.46752346,0.39236596,0.14768331,0.46752346,0.39236596,0.14768331,0.46752346,0.39236596,0.14768331,0.46752346
0.25,0.000236721,0.5056914,-0.10350189,-0.2511181,-0.28823784,-0.13069677,-0.6173436,-0.4531633,-0.14610787,0.45642585,0.52573913,-0.067274235,-0.08532694,-0.15651877,-0.36126548,-0.6840855,-0.19531004,0.26819196,-0.11203807,0.50546455,-0.10276171,-0.25299945,-0.28908157,-0.12965938,-0.61644244,-0.45457068,-0.14903851,0.45859784,0.50546455,-0.10276171,-0.25299945,-0.28908157,-0.12965938,-0.61644244,-0.45457068,-0.14903851,0.45859784,-0.66453755,0.40795285,-0.083422124,0.1685084,0.6373277,-0.8597503,0.8666467,0.9936642,-0.99970335,0.39236596,0.14768331,0.46752346,0.39236596,0.14768331,0.46752346,0.39236596,0.14768331,0.46752346,0.39236596,0.14768331,0.46752346
0.3,0.000365309,0.5056914,-0.10350189,-0.2511181,-0.28823784,-0.13069677,-0.6173436,-0.4531633,-0.14610787,0.45642585,0.52573913,-0.067274235,-0.08532694,-0.15651877,-0.36126548,-0.6840855,-0.19531004,0.26819196,-0.11203807,0.50546455,-0.10276171,-0.25299945,-0.28908157,-0.12965938,-0.61644244,-0.45457068,-0.14903851,0.45859784,0.50546455,-0.10276171,-0.25299945,-0.28908157,-0.12965938,-0.61644244,-0.45457068,-0.14903851,0.45859784,-0.66453755,0.40795285,-0.083422124,0.1685084,0.6373277,-0.8597503,0.8666467,0.9936642,-0.99970335,0.39236596,0.14768331,0.46752346,0.39236596,0.14768331,0.46752346,0.39236596,0.14768331,0.46752346,0.39236596,0.14768331,0.46752346
0.5,0.00113868,0.5056914,-0.10350189,-0.2511181,-0.28823784,-0.13069677,-0.6173436,-0.4531633,-0.14610787,0.45642585,0.52573913,-0.067274235,-0.08532694,-0.15651877,-0.36126548,-0.6840855,-0.19531004,0.26819196,-0.11203807,0.50546455,-0.10276171,-0.25299945,-0.28908157,-0.12965938,-0.61644244,-0.45457068,-0.14903851,0.45859784,0.50546455,-0.10276171,-0.25299945,-0.28908157,-0.12965938,-0.61644244,-0.45457068,-0.14903851,0.45859784,-0.66453755,0.40795285,-0.083422124,0.1685084,0.6373277,-0.8597503,0.8666467,0.9936642,-0.99970335,0.39236596,0.14768331,0.46752346,0.39236596,0.14768331,0.46752346,0.39236596,0.14768331,0.46752346,0.39236596,0.14768331,0.46752346
0.15,8.26209e-05,0.5056914,-0.10350189,-0.2511181,-0.28823784,-0.13069677,-0.6173436,-0.4531633,-0.14610787,0.45642585,0.5056914,-0.10350189,-0.2511181,-0.28823784,-0.13069677,-0.6173436,-0.4531633,-0.14610787,0.45642585,0.50546455,-0.10276171,-0.25299945,-0.28908157,-0.12965938,-0.61644244,-0.45457068,-0.14903851,0.45859784,0.50546455,-0.10276171,-0.25299945,-0.28908157,-0.12965938,-0.61644244,-0.45457068,-0.14903851,0.45859784,0.55486,-0.0016241656,-0.27126747,-0.3616059,-0.37883666,-0.5739083,-0.5379727,0.17674808,0.118193015,0.39236596,0.14768331,0.46752346,0.39236596,0.14768331,0.46752346,0.39236596,0.14768331,0.46752346,0.39236596,0.14768331,0.46752346
0.2,0.00014835,0.5056914,-0.10350189,-0.2511181,-0.28823784,-0.13069677,-0.6173436,-0.4531633,-0.14610787,0.45642585,0.5056914,-0.10350189,-0.2511181,-0.28823784,-0.13069677,-0.6173436,-0.4531633,-0.14610787,0.45642585,0.50546455,-0.10276171,-0.25299945,-0.28908157,-0.12965938,-0.61644244,-0.45457068,-0.14903851,0.45859784,0.50546455,-0.10276171,-0.25299945,-0.28908157,-0.12965938,-0.61644244,-0.45457068,-0.14903851,0.45859784,0.55486,-0.0016241656,-0.27126747,-0.3616059,-0.37883666,-0.5739083,-0.5379727,0.17674808,0.118193015,0.39236596,0.14768331,0.46752346,0.39236596,0.14768331,0.46752346,0.39236596,0.14768331,0.46752346,0.39236596,0.14768331,0.46752346
0.25,0.00023704,0.5056914,-0.10350189,-0.2511181,-0.28823784,-0.13069677,-0.6173436,-0.4531633,-0.14610787,0.45642585,0.5056914,-0.10350189,-0.2511181,-0.28823784,-0.13069677,-0.6173436,-0.4531633,-0.14610787,0.45642585,0.50546455,-0.10276171,-0.25299945,-0.28908157,-0.12965938,-0.61644244,-0.45457068,-0.14903851,0.45859784,0.50546455,-0.10276171,-0.25299945,-0.28908157,-0.12965938,-0.61644244,-0.45457068,-0.14903851,0.45859784,0.55486,-0.0016241656,-0.27126747,-0.3616059,-0.37883666,-0.5739083,-0.5379727,0.17674808,0.118193015,0.39236596,0.14768331,0.46752346,0.39236596,0.14768331,0.46752346,0.39236596,0.14768331,0.46752346,0.39236596,0.14768331,0.46752346
0.3,0.00036755,0.5056914,-0.10350189,-0.2511181,-0.28823784,-0.13069677,-0.6173436,-0.4531633,-0.14610787,0.45642585,0.5056914,-0.10350189,-0.2511181,-0.28823784,-0.13069677,-0.6173436,-0.4531633,-0.14610787,0.45642585,0.50546455,-0.10276171,-0.25299945,-0.28908157,-0.12965938,-0.61644244,-0.45457068,-0.14903851,0.45859784,0.50546455,-0.10276171,-0.25299945,-0.28908157,-0.12965938,-0.61644244,-0.45457068,-0.14903851,0.45859784,0.55486,-0.0016241656,-0.27126747,-0.3616059,-0.37883666,-0.5739083,-0.5379727,0.17674808,0.118193015,0.39236596,0.14768331,0.46752346,0.39236596,0.14768331,0.46752346,0.39236596,0.14768331,0.46752346,0.39236596,0.14768331,0.46752346
0.5,0.00114588,0.5056914,-0.10350189,-0.2511181,-0.28823784,-0.13069677,-0.6173436,-0.4531633,-0.14610787,0.45642585,0.5056914,-0.10350189,-0.2511181,-0.28823784,-0.13069677,-0.6173436,-0.4531633,-0.14610787,0.45642585,0.50546455,-0.10276171,-0.25299945,-0.28908157,-0.12965938,-0.61644244,-0.45457068,-0.14903851,0.45859784,0.50546455,-0.10276171,-0.25299945,-0.28908157,-0.12965938,-0.61644244,-0.45457068,-0.14903851,0.45859784,0.55486,-0.0016241656,-0.27126747,-0.3616059,-0.37883666,-0.5739083,-0.5379727,0.17674808,0.118193015,0.39236596,0.14768331,0.46752346,0.39236596,0.14768331,0.46752346,0.39236596,0.14768331,0.46752346,0.39236596,0.14768331,0.46752346
0.15,8.23112e-05,0.5056914,-0.10350189,-0.2511181,-0.28823784,-0.13069677,-0.6173436,-0.4531633,-0.14610787,0.45642585,0.5083248,-0.10332047,-0.23639053,-0.27668452,-0.14917316,-0.6251193,-0.43329516,-0.1099979,0.41513953,0.5083248,-0.10332047,-0.23639053,-0.27668452,-0.14917316,-0.6251193,-0.43329516,-0.1099979,0.41513953,0.50546455,-0.10276171,-0.25299945,-0.28908157,-0.12965938,-0.61644244,-0.45457068,-0.14903851,0.45859784,0.45746064,0.009396589,-0.17887308,-0.22054538,-0.28693083,-0.5209203,-0.42236322,0.06903815,0.081693515,0.39236596,0.14768331,0.46752346,0.39236596,0.14768331,0.46752346,0.39236596,0.14768331,0.46752346,0.39236596,0.14768331,0.46752346
0.2,0.000148132,0.5056914,-0.10350189,-0.2511181,-0.28823784,-0.13069677,-0.6173436,-0.4531633,-0.14610787,0.45642585,0.5083248,-0.10332047,-0.23639053,-0.27668452,-0.14917316,-0.6251193,-0.43329516,-0.1099979,0.41513953,0.5083248,-0.10332047,-0.23639053,-0.27668452,-0.14917316,-0.6251193,-0.43329516,-0.1099979,0.41513953,0.50546455,-0.10276171,-0.25299945,-0.28908157,-0.12965938,-0.61644244,-0.45457068,-0.14903851,0.45859784,0.45746064,0.009396589,-0.17887308,-0.22054538,-0.28693083,-0.5209203,-0.42236322,0.06903815,0.081693515,0.39236596,0.14768331,0.46752346,0.39236596,0.14768331,0.46752346,0.39236596,0.14768331,0.46752346,0.39236596,0.14768331,0.46752346
0.25,0.000237963,0.5056914,-0.10350189,-0.2511181,-0.28823784,-0.13069677,-0.6173436,-0.4531633,-0.14610787,0.45642585,0.5083248,-0.10332047,-0.23639053,-0.27668452,-0.14917316,-0.6251193,-0.43329516,-0.1099979,0.41513953,0.5083248,-0.10332047,-0.23639053,-0.27668452,-0.14917316,-0.6251193,-0.43329516,-0.1099979,0.41513953,0.50546455,-0.10276171,-0.25299945,-0.28908157,-0.12965938,-0.61644244,-0.45457068,-0.14903851,0.45859784,0.45746064,0.009396589,-0.17887308,-0.22054538,-0.28693083,-0.5209203,-0.42236322,0.06903815,0.081693515,0.39236596,0.14768331,0.46752346,0.39236596,0.14768331,0.46752346,0.39236596,0.14768331,0.46752346,0.39236596,0.14768331,0.46752346
0.3,0.000362713,0.5056914,-0.10350189,-0.2511181,-0.28823784,-0.13069677,-0.6173436,-0.4531633,-0.14610787,0.45642585,0.5083248,-0.10332047,-0.23639053,-0.27668452,-0.14917316,-0.6251193,-0.43329516,-0.1099979,0.41513953,0.5083248,-0.10332047,-0.23639053,-0.27668452,-0.14917316,-0.6251193,-0.43329516,-0.1099979,0.41513953,0.50546455,-0.10276171,-0.25299945,-0.28908157,-0.12965938,-0.61644244,-0.45457068,-0.14903851,0.45859784,0.45746064,0.009396589,-0.17887308,-0.22054538,-0.28693083,-0.5209203,-0.42236322,0.06903815,0.081693515,0.39236596,0.14768331,0.46752346,0.39236596,0.14768331,0.46752346,0.39236596,0.14768331,0.46752346,0.39236596,0.14768331,0.46752346
0.5,0.0011703,0.5056914,-0.10350189,-0.2511181,-0.28823784,-0.13069677,-0.6173436,-0.4531633,-0.14610787,0.45642585,0.5083248,-0.10332047,-0.23639053,-0.27668452,-0.14917316,-0.6251193,-0.43329516,-0.1099979,0.41513953,0.5083248,-0.10332047,-0.23639053,-0.27668452,-0.14917316,-0.6251193,-0.43329516,-0.1099979,0.41513953,0.50546455,-0.10276171,-0.25299945,-0.28908157,-0.12965938,-0.61644244,-0.45457068,-0.14903851,0.45859784,0.45746064,0.009396589,-0.17887308,-0.22054538,-0.28693083,-0.5209203,-0.42236322,0.06903815,0.081693515,0.39236596,0.14768331,0.46752346,0.39236596,0.14768331,0.46752346,0.39236596,0.14768331,0.46752346,0.39236596,0.14768331,0.46752346
0.15,8.27694e-05,0.5056914,-0.10350189,-0.2511181,-0.28823784,-0.13069677,-0.6173436,-0.4531633,-0.14610787,0.45642585,0.50779825,-0.10480617,-0.24151154,-0.28050599,-0.14202842,-0.622774,-0.44042575,-0.121844195,0.4308507,0.5012532,-0.08731782,-0.26436496,-0.2925528,-0.1364999,-0.61516106,-0.45419222,-0.14714013,0.44342914,0.50546455,-0.10276171,-0.25299945,-0.28908157,-0.12965938,-0.61644244,-0.45457068,-0.14903851,0.45859784,0.40923107,-0.024323463,-0.16803952,-0.25109243,-0.3479186,-0.5670481,-0.4188645,0.17055897,0.17401974,0.39236596,0.14768331,0.46752346,0.39236596,0.14768331,0.46752346,0.39236596,0.14768331,0.46752346,0.39236596,0.14768331,0.46752346
0.2,0.000146862,0.5056914,-0.10350189,-0.2511181,-0.28823784,-0.13069677,-0.6173436,-0.4531633,-0.14610787,0.45642585,0.50779825,-0.10480617,-0.24151154,-0.28050599,-0.14202842,-0.622774,-0.44042575,-0.121844195,0.4308507,0.5012532,-0.08731782,-0.26436496,-0.2925528,-0.1364999,-0.61516106,-0.45419222,-0.14714013,0.44342914,0.50546455,-0.10276171,-0.25299945,-0.28908157,-0.12965938,-0.61644244,-0.45457068,-0.14903851,0.45859784,0.40923107,-0.024323463,-0.16803952,-0.25109243,-0.3479186,-0.5670481,-0.4188645,0.17055897,0.17401974,0.39236596,0.14768331,0.46752346,0.39236596,0.14768331,0.46752346,0.39236596,0.14768331,0.46752346,0.39236596,0.14768331,0.46752346
0.25,0.000239251,0.5056914,-0.10350189,-0.2511181,-0.28823784,-0.13069677,-0.6173436,-0.4531633,-0.14610787,0.45642585,0.50779825,-0.10480617,-0.24151154,-0.28050599,-0.14202842,-0.622774,-0.44042575,-0.121844195,0.4308507,0.5012532,-0.08731782,-0.26436496,-0.2925528,-0.1364999,-0.61516106,-0.45419222,-0.14714013,0.44342914,0.50546455,-0.10276171,-0.25299945,-0.28908157,-0.12965938,-0.61644244,-0.45457068,-0.14903851,0.45859784,0.40923107,-0.024323463,-0.16803952,-0.25109243,-0.3479186,-0.5670481,-0.4188645,0.17055897,0.17401974,0.39236596,0.14768331,0.46752346,0.39236596,0.14768331,0.46752346,0.39236596,0.14768331,0.46752346,0.39236596,0.14768331,0.46752346
0.3,0.000361711,0.5056914,-0.10350189,-0.2511181,-0.28823784,-0.13069677,-0.6173436,-0.4531633,-0.14610787,0.45642585,0.50779825,-0.10480617,-0.24151154,-0.28050599,-0.14202842,-0.622774,-0.44042575,-0.121844195,0.4308507,0.5012532,-0.08731782,-0.26436496,-0.2925528,-0.1364999,-0.61516106,-0.45419222,-0.14714013,0.44342914,0.50546455,-0.10276171,-0.25299945,-0.28908157,-0.12965938,-0.61644244,-0.45457068,-0.14903851,0.45859784,0.40923107,-0.024323463,-0.16803952,-0.25109243,-0.3479186,-0.5670481,-0.4188645,0.17055897,0.17401974,0.39236596,0.14768331,0.46752346,0.39236596,0.14768331,0.46752346,0.39236596,0.14768331,0.46752346,0.39236596,0.14768331,0.46752346
0.5,0.0011601,0.5056914,-0.10350189,-0.2511181,-0.28823784,-0.13069677,-0.6173436,-0.4531633,-0.14610787,0.45642585,0.50779825,-0.10480617,-0.24151154,-0.28050599,-0.14202842,-0.622774,-0.44042575,-0.121844195,0.4308507,0.5012532,-0.08731782,-0.26436496,-0.2925528,-0.1364999,-0.61516106,-0.45419222,-0.14714013,0.44342914,0.50546455,-0.10276171,-0.25299945,-0.28908157,-0.12965938,-0.61644244,-0.45457068,-0.14903851,0.45859784,0.40923107,-0.024323463,-0.16803952,-0.25109243,-0.3479186,-0.5670481,-0.4188645,0.17055897,0.17401974,0.39236596,0.14768331,0.46752346,0.39236596,0.14768331,0.46752346,0.39236596,0.14768331,0.46752346,0.39236596,0.14768331,0.46752346
0.15,8.2609e-05,0.5056914,-0.10350189,-0.2511181,-0.28823784,-0.13069677,-0.6173436,-0.4531633,-0.14610787,0.45642585,0.5073142,-0.10536224,-0.24489024,-0.28304064,-0.13724332,-0.6211857,-0.4448344,-0.13019781,0.44087687,0.5080569,-0.10401829,-0.23876967,-0.27845463,-0.14587162,-0.6240362,-0.4366069,-0.11545964,0.42242867,0.50546455,-0.10276171,-0.25299945,-0.28908157,-0.12965938,-0.61644244,-0.45457068,-0.14903851,0.45859784,0.5295381,-0.001461639,-0.25390276,-0.29554355,-0.33694825,-0.53582096,-0.5011354,0.11290741,0.10883731,0.39236596,0.14768331,0.46752346,0.39236596,0.14768331,0.46752346,0.39236596,0.14768331,0.46752346,0.39236596,0.14768331,0.46752346
0.2,0.000148051,0.5056914,-0.10350189,-0.2511181,-0.28823784,-0.13069677,-0.6173436,-0.4531633,-0.14610787,0.45642585,0.5073142,-0.10536224,-0.24489024,-0.28304064,-0.13724332,-0.6211857,-0.4448344,-0.13019781,0.44087687,0.5080569,-0.10401829,-0.23876967,-0.27845463,-0.14587162,-0.6240362,-0.4366069,-0.11545964,0.42242867,0.50546455,-0.10276171,-0.25299945,-0.28908157,-0.12965938,-0.61644244,-0.45457068,-0.14903851,0.45859784,0.5295381,-0.001461639,-0.25390276,-0.29554355,-0.33694825,-0.53582096,-0.5011354,0.11290741,0.10883731,0.39236596,0.14768331,0.46752346,0.39236596,0.14768331,0.46752346,0.39236596,0.14768331,0.46752346,0.39236596,0.14768331,0.46752346
0.25,0.000237998,0.5056914,-0.10350189,-0.2511181,-0.28823784,-0.13069677,-0.6173436,-0.4531633,-0.14610787,0.45642585,0.5073142,-0.10536224,-0.24489024,-0.28304064,-0.13724332,-0.6211857,-0.4448344,-0.13019781,0.44087687,0.5080569,-0.10401829,-0.23876967,-0.27845463,-0.14587162,-0.6240362,-0.4366069,-0.11545964,0.42242867,0.50546455,-0.10276171,-0.25299945,-0.28908157,-0.12965938,-0.61644244,-0.45457068,-0.14903851,0.45859784,0.5295381,-0.001461639,-0.25390276,-0.29554355,-0.33694825,-0.53582096,-0.5011354,0.11290741,0.10883731,0.39236596,0.14768331,0.46752346,0.39236596,0.14768331,0.46752346,0.39236596,0.14768331,0.46752346,0.39236596,0.14768331,0.46752346
0.3,0.000367103,0.5056914,-0.10350189,-0.2511181,-0.28823784,-0.13069677,-0.6173436,-0.4531633,-0.14610787,0.45642585,0.5073142,-0.10536224,-0.24489024,-0.28304064,-0.13724332,-0.6211857,-0.4448344,-0.13019781,0.44087687,0.5080569,-0.10401829,-0.23876967,-0.27845463,-0.14587162,-0.6240362,-0.4366069,-0.11545964,0.42242867,0.50546455,-0.10276171,-0.25299945,-0.28908157,-0.12965938,-0.61644244,-0.45457068,-0.14903851,0.45859784,0.5295381,-0.001461639,-0.25390276,-0.29554355,-0.33694825,-0.53582096,-0.5011354,0.11290741,0.10883731,0.39236596,0.14768331,0.46752346,0.39236596,0.14768331,0.46752346,0.39236596,0.14768331,0.46752346,0.39236596,0.14768331,0.46752346
0.5,0.00113891,0.5056914,-0.10350189,-0.2511181,-0.28823784,-0.13069677,-0.6173436,-0.4531633,-0.14610787,0.45642585,0.5073142,-0.10536224,-0.24489024,-0.28304064,-0.13724332,-0.6211857,-0.4448344,-0.13019781,0.44087687,0.5080569,-0.10401829,-0.23876967,-0.27845463,-0.14587162,-0.6240362,-0.4366069,-0.11545964,0.42242867,0.50546455,-0.10276171,-0.25299945,-0.28908157,-0.12965938,-0.61644244,-0.45457068,-0.14903851,0.45859784,0.5295381,-0.001461639,-0.25390276,-0.29554355,-0.33694825,-0.53582096,-0.5011354,0.11290741,0.10883731,0.39236596,0.14768331,0.46752346,0.39236596,0.14768331,0.46752346,0.39236596,0.14768331,0.46752346,0.39236596,0.14768331,0.46752346
0.15,8.27512e-05,0.5056914,-0.10350189,-0.2511181,-0.28823784,-0.13069677,-0.6173436,-0.4531633,-0.14610787,0.45642585,0.51012474,-0.1006514,-0.22244263,-0.26653334,-0.16672418,-0.6308228,-0.414663,-0.0794807,0.37533078,0.5083248,-0.10332047,-0.23639053,-0.27668452,-0.14917316,-0.6251193,-0.43329516,-0.1099979,0.41513953,0.50546455,-0.10276171,-0.25299945,-0.28908157,-0.12965938,-0.61644244,-0.45457068,-0.14903851,0.45859784,0.3207555,0.056997165,-0.11658394,-0.09645066,-0.2251426,-0.5259476,-0.19226085,0.21372981,-0.17507759,0.39236596,0.14768331,0.46752346,0.39236596,0.14768331,0.46752346,0.39236596,0.14768331,0.46752346,0.39236596,0.14768331,0.46752346
0.2,0.000146996,0.5056914,-0.10350189,-0.2511181,-0.28823784,-0.13069677,-0.6173436,-0.4531633,-0.14610787,0.45642585,0.51012474,-0.1006514,-0.22244263,-0.26653334,-0.16672418,-0.6308228,-0.414663,-0.0794807,0.37533078,0.5083248,-0.10332047,-0.23639053,-0.27668452,-0.14917316,-0.6251193,-0.43329516,-0.1099979,0.41513953,0.50546455,-0.10276171,-0.25299945,-0.28908157,-0.12965938,-0.61644244,-0.45457068,-0.14903851,0.45859784,0.3207555,0.056997165,-0.11658394,-0.09645066,-0.2251426,-0.5259476,-0.19226085,0.21372981,-0.17507759,0.39236596,0.14768331,0.46752346,0.39236596,0.14768331,0.46752346,0.39236596,0.14768331,0.46752346,0.39236596,0.14768331,0.46752346
0.25,0.000237348,0.5056914,-0.10350189,-0.2511181,-0.28823784,-0.13069677,-0.6173436,-0.4531633,-0.14610787,0.45642585,0.51012474,-0.1006514,-0.22244263,-0.26653334,-0.16672418,-0.6308228,-0.414663,-0.0794807,0.37533078,0.5083248,-0.10332047,-0.23639053,-0.27668452,-0.14917316,-0.6251193,-0.43329516,-0.1099979,0.41513953,0.50546455,-0.10276171,-0.25299945,-0.28908157,-0.12965938,-0.61644244,-0.45457068,-0.14903851,0.45859784,0.3207555,0.056997165,-0.11658394,-0.09645066,-0.2251426,-0.5259476,-0.19226085,0.21372981,-0.17507759,0.39236596,0.14768331,0.46752346,0.39236596,0.14768331,0.46752346,0.39236596,0.14768331,0.46752346,0.39236596,0.14768331,0.46752346
0.3,0.000362489,0.5056914,-0.10350189,-0.2511181,-0.28823784,-0.13069677,-0.6173436,-0.4531633,-0.14610787,0.45642585,0.51012474,-0.1006514,-0.22244263,-0.26653334,-0.16672418,-0.6308228,-0.414663,-0.0794807,0.37533078,0.5083248,-0.10332047,-0.23639053,-0.27668452,-0.14917316,-0.6251193,-0.43329516,-0.1099979,0.41513953,0.50546455,-0.10276171,-0.25299945,-0.28908157,-0.12965938,-0.61644244,-0.45457068,-0.14903851,0.45859784,0.3207555,0.056997165,-0.11658394,-0.09645066,-0.2251426,-0.5259476,-0.19226085,0.21372981,-0.17507759,0.39236596,0.14768331,0.46752346,0.39236596,0.14768331,0.46752346,0.39236596,0.14768331,0.46752346,0.39236596,0.14768331,0.46752346
0.5,0.00113049,0.5056914,-0.10350189,-0.2511181,-0.28823784,-0.13069677,-0.6173436,-0.4531633,-0.14610787,0.45642585,0.51012474,-0.1006514,-0.22244263,-0.26653334,-0.16672418,-0.6308228,-0.414663,-0.0794807,0.37533078,0.5083248,-0.10332047,-0.23639053,-0.27668452,-0.14917316,-0.6251193,-0.43329516,-0.1099979,0.41513953,0.50546455,-0.10276171,-0.25299945,-0.28908157,-0.12965938,-0.61644244,-0.45457068,-0.14903851,0.45859784,0.3207555,0.056997165,-0.11658394,-0.09645066,-0.2251426,-0.5259476,-0.19226085,0.21372981,-0.17507759,0.39236596,0.14768331,0.46752346,0.39236596,0.14768331,0.46752346,0.39236596,0.14768331,0.46752346,0.39236596,0.14768331,0.46752346
0.15,0.000105908,0.50560427,-0.103159994,-0.2520906,-0.28870794,-0.13012162,-0.6168966,-0.45390615,-0.14762121,0.457607,0.5083248,-0.10332047,-0.23639053,-0.27668452,-0.14917316,-0.6251193,-0.43329516,-0.1099979,0.41513953,0.50546455,-0.10276171,-0.25299945,-0.28908157,-0.12965938,-0.61644244,-0.45457068,-0.14903851,0.45859784,0.50546455,-0.10276171,-0.25299945,-0.28908157,-0.12965938,-0.61644244,-0.45457068,-0.14903851,0.45859784,0.42595935,-0.0018556842,-0.14438608,-0.2264349,-0.31214014,-0.5610039,-0.3999341,0.076332,0.13479097,0.39236596,0.14768331,0.46752346,0.39236596,0.14768331,0.46752346,0.39236596,0.14768331,0.46752346,0.39236596,0.14768331,0.46752346
0.3,0.000348455,0.50560427,-0.103159994,-0.2520906,-0.28870794,-0.13012162,-0.6168966,-0.45390615,-0.14762121,0.457607,0.5083248,-0.10332047,-0.23639053,-0.27668452,-0.14917316,-0.6251193,-0.43329516,-0.1099979,0.41513953,0.50546455,-0.10276171,-0.25299945,-0.28908157,-0.12965938,-0.61644244,-0.45457068,-0.14903851,0.45859784,0.50546455,-0.10276171,-0.25299945,-0.28908157,-0.12965938,-0.61644244,-0.45457068,-0.14903851,0.45859784,0.42595935,-0.0018556842,-0.14438608,-0.2264349,-0.31214014,-0.5610039,-0.3999341,0.076332,0.13479097,0.39236596,0.14768331,0.46752346,0.39236596,0.14768331,0.46752346,0.39236596,0.14768331,0.46752346,0.39236596,0.14768331,0.46752346
0.5,0.00109833,0.50560427,-0.103159994,-0.2520906,-0.28870794,-0.13012162,-0.6168966,-0.45390615,-0.14762121,0.457607,0.5083248,-0.10332047,-0.23639053,-0.27668452,-0.14917316,-0.6251193,-0.43329516,-0.1099979,0.41513953,0.50546455,-0.10276171,-0.25299945,-0.28908157,-0.12965938,-0.61644244,-0.45457068,-0.14903851,0.45859784,0.50546455,-0.10276171,-0.25299945,-0.28908157,-0.12965938,-0.61644244,-0.45457068,-0.14903851,0.45859784,0.42595935,-0.0018556842,-0.14438608,-0.2264349,-0.31214014,-0.5610039,-0.3999341,0.076332,0.13479097,0.39236596,0.14768331,0.46752346,0.39236596,0.14768331,0.46752346,0.39236596,0.14768331,0.46752346,0.39236596,0.14768331,0.46752346
0.75,0.00287753,0.50560427,-0.103159994,-0.2520906,-0.28870794,-0.13012162,-0.6168966,-0.45390615,-0.14762121,0.457607,0.5083248,-0.10332047,-0.23639053,-0.27668452,-0.14917316,-0.6251193,-0.43329516,-0.1099979,0.41513953,0.50546455,-0.10276171,-0.25299945,-0.28908157,-0.12965938,-0.61644244,-0.45457068,-0.14903851,0.45859784,0.50546455,-0.10276171,-0.25299945,-0.28908157,-0.12965938,-0.61644244,-0.45457068,-0.14903851,0.45859784,0.42595935,-0.0018556842,-0.14438608,-0.2264349,-0.31214014,-0.5610039,-0.3999341,0.076332,0.13479097,0.39236596,0.14768331,0.46752346,0.39236596,0.14768331,0.46752346,0.39236596,0.14768331,0.46752346,0.39236596,0.14768331,0.46752346
1.0,0.00601587,0.50560427,-0.103159994,-0.2520906,-0.28870794,-0.13012162,-0.6168966,-0.45390615,-0.14762121,0.457607,0.5083248,-0.10332047,-0.23639053,-0.27668452,-0.14917316,-0.6251193,-0.43329516,-0.1099979,0.41513953,0.50546455,-0.10276171,-0.25299945,-0.28908157,-0.12965938,-0.61644244,-0.45457068,-0.14903851,0.45859784,0.50546455,-0.10276171,-0.25299945,-0.28908157,-0.12965938,-0.61644244,-0.45457068,-0.14903851,0.45859784,0.42595935,-0.0018556842,-0.14438608,-0.2264349,-0.31214014,-0.5610039,-0.3999341,0.076332,0.13479097,0.39236596,0.14768331,0.46752346,0.39236596,0.14768331,0.46752346,0.39236596,0.14768331,0.46752346,0.39236596,0.14768331,0.46752346
0.3,0.000353422,0.50560427,-0.103159994,-0.2520906,-0.28870794,-0.13012162,-0.6168966,-0.45390615,-0.14762121,0.457607,0.5083248,-0.10332047,-0.23639053,-0.27668452,-0.14917316,-0.6251193,-0.43329516,-0.1099979,0.41513953,0.50546455,-0.10276171,-0.25299945,-0.28908157,-0.12965938,-0.61644244,-0.45457068,-0.14903851,0.45859784,0.50560427,-0.103159994,-0.2520906,-0.28870794,-0.13012162,-0.6168966,-0.45390615,-0.14762121,0.457607,0.42481425,-0.00021919608,-0.143708,-0.22582081,-0.31429964,-0.56096995,-0.39942256,0.07993935,0.13072346,0.39236596,0.14768331,0.46752346,0.39236596,0.14768331,0.46752346,0.39236596,0.14768331,0.46752346,0.39236596,0.14768331,0.46752346
0.4,0.000669011,0.50560427,-0.103159994,-0.2520906,-0.28870794,-0.13012162,-0.6168966,-0.45390615,-0.14762121,0.457607,0.5083248,-0.10332047,-0.23639053,-0.27668452,-0.14917316,-0.6251193,-0.43329516,-0.1099979,0.41513953,0.50546455,-0.10276171,-0.25299945,-0.28908157,-0.12965938,-0.61644244,-0.45457068,-0.14903851,0.45859784,0.50560427,-0.103159994,-0.2520906,-0.28870794,-0.13012162,-0.6168966,-0.45390615,-0.14762121,0.457607,0.42481425,-0.00021919608,-0.143708,-0.22582081,-0.31429964,-0.56096995,-0.39942256,0.07993935,0.13072346,0.39236596,0.14768331,0.46752346,0.39236596,0.14768331,0.46752346,0.39236596,0.14768331,0.46752346,0.39236596,0.14768331,0.46752346
0.5,0.00112687,0.50560427,-0.103159994,-0.2520906,-0.28870794,-0.13012162,-0.6168966,-0.45390615,-0.14762121,0.457607,0.5083248,-0.10332047,-0.23639053,-0.27668452,-0.14917316,-0.6251193,-0.43329516,-0.1099979,0.41513953,0.50546455,-0.10276171,-0.25299945,-0.28908157,-0.12965938,-0.61644244,-0.45457068,-0.14903851,0.45859784,0.50560427,-0.103159994,-0.2520906,-0.28870794,-0.13012162,-0.6168966,-0.45390615,-0.14762121,0.457607,0.42481425,-0.00021919608,-0.143708,-0.22582081,-0.31429964,-0.56096995,-0.39942256,0.07993935,0.13072346,0.39236596,0.14768331,0.46752346,0.39236596,0.14768331,0.46752346,0.39236596,0.14768331,0.46752346,0.39236596,0.14768331,0.46752346
0.75,0.00296796,0.50560427,-0.103159994,-0.2520906,-0.28870794,-0.13012162,-0.6168966,-0.45390615,-0.14762121,0.457607,0.5083248,-0.10332047,-0.23639053,-0.27668452,-0.14917316,-0.6251193,-0.43329516,-0.1099979,0.41513953,0.50546455,-0.10276171,-0.25299945,-0.28908157,-0.12965938,-0.61644244,-0.45457068,-0.14903851,0.45859784,0.50560427,-0.103159994,-0.2520906,-0.28870794,-0.13012162,-0.6168966,-0.45390615,-0.14762121,0.457607,0.42481425,-0.00021919608,-0.143708,-0.22582081,-0.31429964,-0.56096995,-0.39942256,0.07993935,0.13072346,0.39236596,0.14768331,0.46752346,0.39236596,0.14768331,0.46752346,0.39236596,0.14768331,0.46752346,0.39236596,0.14768331,0.46752346
1.0,0.00597898,0.50560427,-0.103159994,-0.2520906,-0.28870794,-0.13012162,-0.6168966,-0.45390615,-0.14762121,0.457607,0.5083248,-0.10332047,-0.23639053,-0.27668452,-0.14917316,-0.6251193,-0.43329516,-0.1099979,0.41513953,0.50546455,-0.10276171,-0.25299945,-0.28908157,-0.12965938,-0.61644244,-0.45457068,-0.14903851,0.45859784,0.50560427,-0.103159994,-0.2520906,-0.28870794,-0.13012162,-0.6168966,-0.45390615,-0.14762121,0.457607,0.42481425,-0.00021919608,-0.143708,-0.22582081,-0.31429964,-0.56096995,-0.39942256,0.07993935,0.13072346,0.39236596,0.14768331,0.46752346,0.39236596,0.14768331,0.46752346,0.39236596,0.14768331,0.46752346,0.39236596,0.14768331,0.46752346
0.3,0.000345161,0.50560427,-0.103159994,-0.2520906,-0.28870794,-0.13012162,-0.6168966,-0.45390615,-0.14762121,0.457607,0.52573913,-0.067274235,-0.08532694,-0.15651877,-0.36126548,-0.6840855,-0.19531004,0.26819196,-0.11203807,0.50546455,-0.10276171,-0.25299945,-0.28908157,-0.12965938,-0.61644244,-0.45457068,-0.14903851,0.45859784,0.50546455,-0.10276171,-0.25299945,-0.28908157,-0.12965938,-0.61644244,-0.45457068,-0.14903851,0.45859784,-0.92108405,0.15029655,-0.43087953,-0.3198538,0.97873044,-0.98610044,0.9646205,0.9994491,-0.99993724,0.39236596,0.14768331,0.46752346,0.39236596,0.14768331,0.46752346,0.39236596,0.14768331,0.46752346,0.39236596,0.14768331,0.46752346
0.4,0.000669241,0.50560427,-0.103159994,-0.2520906,-0.28870794,-0.13012162,-0.6168966,-0.45390615,-0.14762121,0.457607,0.52573913,-0.067274235,-0.08532694,-0.15651877,-0.36126548,-0.6840855,-0.19531004,0.26819196,-0.11203807,0.50546455,-0.10276171,-0.25299945,-0.28908157,-0.12965938,-0.61644244,-0.45457068,-0.14903851,0.45859784,0.50546455,-0.10276171,-0.25299945,-0.28908157,-0.12965938,-0.61644244,-0.45457068,-0.14903851,0.45859784,-0.92108405,0.15029655,-0.43087953,-0.3198538,0.97873044,-0.98610044,0.9646205,0.9994491,-0.99993724,0.39236596,0.14768331,0.46752346,0.39236596,0.14768331,0.46752346,0.39236596,0.14768331,0.46752346,0.39236596,0.14768331,0.46752346
0.5,0.00113651,0.50560427,-0.103159994,-0.2520906,-0.28870794,-0.13012162,-0.6168966,-0.45390615,-0.14762121,0.457607,0.52573913,-0.067274235,-0.08532694,-0.15651877,-0.36126548,-0.6840855,-0.19531004,0.26819196,-0.11203807,0.50546455,-0.10276171,-0.25299945,-0.28908157,-0.12965938,-0.61644244,-0.45457068,-0.14903851,0.45859784,0.50546455,-0.10276171,-0.25299945,-0.28908157,-0.12965938,-0.61644244,-0.45457068,-0.14903851,0.45859784,-0.92108405,0.15029655,-0.43087953,-0.3198538,0.97873044,-0.98610044,0.9646205,0.9994491,-0.99993724,0.39236596,0.14768331,0.46752346,0.39236596,0.14768331,0.46752346,0.39236596,0.14768331,0.46752346,0.39236596,0.14768331,0.46752346
0.75,0.00293787,0.50560427,-0.103159994,-0.2520906,-0.28870794,-0.13012162,-0.6168966,-0.45390615,-0.14762121,0.457607,0.52573913,-0.067274235,-0.08532694,-0.15651877,-0.36126548,-0.6840855,-0.19531004,0.26819196,-0.11203807,0.50546455,-0.10276171,-0.25299945,-0.28908157,-0.12965938,-0.61644244,-0.45457068,-0.14903851,0.45859784,0.50546455,-0.10276171,-0.25299945,-0.28908157,-0.12965938,-0.61644244,-0.45457068,-0.14903851,0.45859784,-0.92108405,0.15029655,-0.43087953,-0.3198538,0.97873044,-0.98610044,0.9646205,0.9994491,-0.99993724,0.39236596,0.14768331,0.46752346,0.39236596,0.14768331,0.46752346,0.39236596,0.14768331,0.46752346,0.39236596,0.14768331,0.46752346
1.0,0.00621114,0.50560427,-0.103159994,-0.2520906,-0.28870794,-0.13012162,-0.6168966,-0.45390615,-0.14762121,0.457607,0.52573913,-0.067274235,-0.08532694,-0.15651877,-0.36126548,-0.6840855,-0.19531004,0.26819196,-0.11203807,0.50546455,-0.10276171,-0.25299945,-0.28908157,-0.12965938,-0.61644244,-0.45457068,-0.14903851,0.45859784,0.50546455,-0.10276171,-0.25299945,-0.28908157,-0.12965938,-0.61644244,-0.45457068,-0.14903851,0.45859784,-0.92108405,0.15029655,-0.43087953,-0.3198538,0.97873044,-0.98610044,0.9646205,0.9994491,-0.99993724,0.39236596,0.14768331,0.46752346,0.39236596,0.14768331,0.46752346,0.39236596,0.14768331,0.46752346,0.39236596,0.14768331,0.46752346
0.3,0.000351822,0.50560427,-0.103159994,-0.2520906,-0.28870794,-0.13012162,-0.6168966,-0.45390615,-0.14762121,0.457607,0.5056914,-0.10350189,-0.2511181,-0.28823784,-0.13069677,-0.6173436,-0.4531633,-0.14610787,0.45642585,0.50546455,-0.10276171,-0.25299945,-0.28908157,-0.12965938,-0.61644244,-0.45457068,-0.14903851,0.45859784,0.50546455,-0.10276171,-0.25299945,-0.28908157,-0.12965938,-0.61644244,-0.45457068,-0.14903851,0.45859784,0.6678716,0.011907164,-0.4051332,-0.44827148,-0.44503078,-0.5118128,-0.580001,0.20984747,0.054614387,0.39236596,0.14768331,0.46752346,0.39236596,0.14768331,0.46752346,0.39236596,0.14768331,0.46752346,0.39236596,0.14768331,0.46752346
0.4,0.000663173,0.50560427,-0.103159994,-0.2520906,-0.28870794,-0.13012162,-0.6168966,-0.45390615,-0.14762121,0.457607,0.5056914,-0.10350189,-0.2511181,-0.28823784,-0.13069677,-0.6173436,-0.4531633,-0.14610787,0.45642585,0.50546455,-0.10276171,-0.25299945,-0.28908157,-0.12965938,-0.61644244,-0.45457068,-0.14903851,0.45859784,0.50546455,-0.10276171,-0.25299945,-0.28908157,-0.12965938,-0.61644244,-0.45457068,-0.14903851,0.45859784,0.6678716,0.011907164,-0.4051332,-0.44827148,-0.44503078,-0.5118128,-0.580001,0.20984747,0.054614387,0.39236596,0.14768331,0.46752346,0.39236596,0.14768331,0.46752346,0.39236596,0.14768331,0.46752346,0.39236596,0.14768331,0.46752346
0.5,0.00111751,0.50560427,-0.103159994,-0.2520906,-0.28870794,-0.13012162,-0.6168966,-0.45390615,-0.14762121,0.457607,0.5056914,-0.10350189,-0.2511181,-0.28823784,-0.13069677,-0.6173436,-0.4531633,-0.14610787,0.45642585,0.50546455,-0.10276171,-0.25299945,-0.28908157,-0.12965938,-0.61644244,-0.45457068,-0.14903851,0.45859784,0.50546455,-0.10276171,-0.25299945,-0.28908157,-0.12965938,-0.61644244,-0.45457068,-0.14903851,0.45859784,0.6678716,0.011907164,-0.4051332,-0.44827148,-0.44503078,-0.5118128,-0.580001,0.20984747,0.054614387,0.39236596,0.14768331,0.46752346,0.39236596,0.14768331,0.46752346,0.39236596,0.14768331,0.46752346,0.39236596,0.14768331,0.46752346
0.75,0.0028541,0.50560427,-0.103159994,-0.2520906,-0.28870794,-0.13012162,-0.6168966,-0.45390615,-0.14762121,0.457607,0.5056914,-0.10350189,-0.2511181,-0.28823784,-0.13069677,-0.6173436,-0.4531633,-0.14610787,0.45642585,0.50546455,-0.10276171,-0.25299945,-0.28908157,-0.12965938,-0.61644244,-0.45457068,-0.14903851,0.45859784,0.50546455,-0.10276171,-0.25299945,-0.28908157,-0.12965938,-0.61644244,-0.45457068,-0.14903851,0.45859784,0.6678716,0.011907164,-0.4051332,-0.44827148,-0.44503078,-0.5118128,-0.580001,0.20984747,0.054614387,0.39236596,0.14768331,0.46752346,0.39236596,0.14768331,0.46752346,0.39236596,0.14768331,0.46752346,0.39236596,0.14768331,0.46752346
1.0,0.00605104,0.50560427,-0.103159994,-0.2520906,-0.28870794,-0.13012162,-0.6168966,-0.45390615,-0.14762121,0.457607,0.5056914,-0.10350189,-0.2511181,-0.28823784,-0.13069677,-0.6173436,-0.4531633,-0.14610787,0.45642585,0.50546455,-0.10276171,-0.25299945,-0.28908157,-0.12965938,-0.61644244,-0.45457068,-0.14903851,0.45859784,0.50546455,-0.10276171,-0.25299945,-0.28908157,-0.12965938,-0.61644244,-0.45457068,-0.14903851,0.45859784,0.6678716,0.011907164,-0.4051332,-0.44827148,-0.44503078,-0.5118128,-0.580001,0.20984747,0.054614387,0.39236596,0.14768331,0.46752346,0.39236596,0.14768331,0.46752346,0.39236596,0.14768331,0.46752346,0.39236596,0.14768331,0.46752346
0.3,0.000352246,0.50560427,-0.103159994,-0.2520906,-0.28870794,-0.13012162,-0.6168966,-0.45390615,-0.14762121,0.457607,0.5083248,-0.10332047,-0.23639053,-0.27668452,-0.14917316,-0.6251193,-0.43329516,-0.1099979,0.41513953,0.5083248,-0.10332047,-0.23639053,-0.27668452,-0.14917316,-0.6251193,-0.43329516,-0.1099979,0.41513953,0.50546455,-0.10276171,-0.25299945,-0.28908157,-0.12965938,-0.61644244,-0.45457068,-0.14903851,0.45859784,0.4984361,0.0059947995,-0.18962768,-0.20815144,-0.29900414,-0.52277267,-0.45775616,0.033521365,0.1333197,0.39236596,0.14768331,0.46752346,0.39236596,0.14768331,0.46752346,0.39236596,0.14768331,0.46752346,0.39236596,0.14768331,0.46752346
0.4,0.000665829,0.50560427,-0.103159994,-0.2520906,-0.28870794,-0.13012162,-0.6168966,-0.45390615,-0.14762121,0.457607,0.5083248,-0.10332047,-0.23639053,-0.27668452,-0.14917316,-0.6251193,-0.43329516,-0.1099979,0.41513953,0.5083248,-0.10332047,-0.23639053,-0.27668452,-0.14917316,-0.6251193,-0.43329516,-0.1099979,0.41513953,0.50546455,-0.10276171,-0.25299945,-0.28908157,-0.12965938,-0.61644244,-0.45457068,-0.14903851,0.45859784,0.4984361,0.0059947995,-0.18962768,-0.20815144,-0.29900414,-0.52277267,-0.45775616,0.033521365,0.1333197,0.39236596,0.14768331,0.46752346,0.39236596,0.14768331,0.46752346,0.39236596,0.14768331,0.46752346,0.39236596,0.14768331,0.46752346
0.5,0.00111902,0.50560427,-0.103159994,-0.2520906,-0.28870794,-0.13012162,-0.6168966,-0.45390615,-0.14762121,0.457607,0.5083248,-0.10332047,-0.23639053,-0.27668452,-0.14917316,-0.6251193,-0.43329516,-0.1099979,0.41513953,0.5083248,-0.10332047,-0.23639053,-0.27668452,-0.14917316,-0.6251193,-0.43329516,-0.1099979,0.41513953,0.50546455,-0.10276171,-0.25299945,-0.28908157,-0.12965938,-0.61644244,-0.45457068,-0.14903851,0.45859784,0.4984361,0.0059947995,-0.18962768,-0.20815144,-0.29900414,-0.52277267,-0.45775616,0.033521365,0.1333197,0.39236596,0.14768331,0.46752346,0.39236596,0.14768331,0.46752346,0.39236596,0.14768331,0.46752346,0.39236596,0.14768331,0.46752346
0.75,0.00294777,0.50560427,-0.103159994,-0.2520906,-0.28870794,-0.13012162,-0.6168966,-0.45390615,-0.14762121,0.457607,0.5083248,-0.10332047,-0.23639053,-0.27668452,-0.14917316,-0.6251193,-0.43329516,-0.1099979,0.41513953,0.5083248,-0.10332047,-0.23639053,-0.27668452,-0.14917316,-0.6251193,-0.43329516,-0.1099979,0.41513953,0.50546455,-0.10276171,-0.25299945,-0.28908157,-0.12965938,-0.61644244,-0.45457068,-0.14903851,0.45859784,0.4984361,0.0059947995,-0.18962768,-0.20815144,-0.29900414,-0.52277267,-0.45775616,0.033521365,0.1333197,0.39236596,0.14768331,0.46752346,0.39236596,0.14768331,0.46752346,0.39236596,0.14768331,0.46752346,0.39236596,0.14768331,0.46752346
1.0,0.00603131,0.50560427,-0.103159994,-0.2520906,-0.28870794,-0.13012162,-0.6168966,-0.45390615,-0.14762121,0.457607,0.5083248,-0.10332047,-0.23639053,-0.27668452,-0.14917316,-0.6251193,-0.43329516,-0.1099979,0.41513953,0.5083248,-0.10332047,-0.23639053,-0.27668452,-0.14917316,-0.6251193,-0.43329516,-0.1099979,0.41513953,0.50546455,-0.10276171,-0.25299945,-0.28908157,-0.12965938,-0.61644244,-0.45457068,-0.14903851,0.45859784,0.4984361,0.0059947995,-0.18962768,-0.20815144,-0.29900414,-0.52277267,-0.45775616,0.033521365,0.1333197,0.39236596,0.14768331,0.46752346,0.39236596,0.14768331,0.46752346,0.39236596,0.14768331,0.46752346,0.39236596,0.14768331,0.46752346
0.3,0.000353317,0.50560427,-0.103159994,-0.2520906,-0.28870794,-0.13012162,-0.6168966,-0.45390615,-0.14762121,0.457607,0.50779825,-0.10480617,-0.24151154,-0.28050599,-0.14202842,-0.622774,-0.44042575,-0.121844195,0.4308507,0.5012532,-0.08731782,-0.26436496,-0.2925528,-0.1364999,-0.61516106,-0.45419222,-0.14714013,0.44342914,0.50546455,-0.10276171,-0.25299945,-0.28908157,-0.12965938,-0.61644244,-0.45457068,-0.14903851,0.45859784,0.45849153,-0.108377956,-0.22762856,-0.29107943,-0.28518882,-0.5537137,-0.429022,0.20258483,0.21451493,0.39236596,0.14768331,0.46752346,0.39236596,0.14768331,0.46752346,0.39236596,0.14768331,0.46752346,0.39236596,0.14768331,0.46752346
0.4,0.000668715,0.50560427,-0.103159994,-0.2520906,-0.28870794,-0.13012162,-0.6168966,-0.45390615,-0.14762121,0.457607,0.50779825,-0.10480617,-0.24151154,-0.28050599,-0.14202842,-0.622774,-0.44042575,-0.121844195,0.4308507,0.5012532,-0.08731782,-0.26436496,-0.2925528,-0.1364999,-0.61516106,-0.45419222,-0.14714013,0.44342914,0.50546455,-0.10276171,-0.25299945,-0.28908157,-0.12965938,-0.61644244,-0.45457068,-0.14903851,0.45859784,0.45849153,-0.108377956,-0.22762856,-0.29107943,-0.28518882,-0.5537137,-0.429022,0.20258483,0.21451493,0.39236596,0.14768331,0.46752346,0.39236596,0.14768331,0.46752346,0.39236596,0.14768331,0.46752346,0.39236596,0.14768331,0.46752346
0.5,0.00109405,0.50560427,-0.103159994,-0.2520906,-0.28870794,-0.13012162,-0.6168966,-0.45390615,-0.14762121,0.457607,0.50779825,-0.10480617,-0.24151154,-0.28050599,-0.14202842,-0.622774,-0.44042575,-0.121844195,0.4308507,0.5012532,-0.08731782,-0.26436496,-0.2925528,-0.1364999,-0.61516106,-0.45419222,-0.14714013,0.44342914,0.50546455,-0.10276171,-0.25299945,-0.28908157,-0.12965938,-0.61644244,-0.45457068,-0.14903851,0.45859784,0.45849153,-0.108377956,-0.22762856,-0.29107943,-0.28518882,-0.5537137,-0.429022,0.20258483,0.21451493,0.39236596,0.14768331,0.46752346,0.39236596,0.14768331,0.46752346,0.39236596,0.14768331,0.46752346,0.39236596,0.14768331,0.46752346
0.75,0.00295223,0.50560427,-0.103159994,-0.2520906,-0.28870794,-0.13012162,-0.6168966,-0.45390615,-0.14762121,0.457607,0.50779825,-0.10480617,-0.24151154,-0.28050599,-0.14202842,-0.622774,-0.44042575,-0.121844195,0.4308507,0.5012532,-0.08731782,-0.26436496,-0.2925528,-0.1364999,-0.61516106,-0.45419222,-0.14714013,0.44342914,0.50546455,-0.10276171,-0.25299945,-0.28908157,-0.12965938,-0.61644244,-0.45457068,-0.14903851,0.45859784,0.45849153,-0.108377956,-0.22762856,-0.29107943,-0.28518882,-0.5537137,-0.429022,0.20258483,0.21451493,0.39236596,0.14768331,0.46752346,0.39236596,0.14768331,0.46752346,0.39236596,0.14768331,0.46752346,0.39236596,0.14768331,0.46752346
1.0,0.0059193,0.50560427,-0.103159994,-0.2520906,-0.28870794,-0.13012162,-0.6168966,-0.45390615,-0.14762121,0.457607,0.50779825,-0.10480617,-0.24151154,-0.28050599,-0.14202842,-0.622774,-0.44042575,-0.121844195,0.4308507,0.5012532,-0.08731782,-0.26436496,-0.2925528,-0.1364999,-0.61516106,-0.45419222,-0.14714013,0.44342914,0.50546455,-0.10276171,-0.25299945,-0.28908157,-0.12965938,-0.61644244,-0.45457068,-0.14903851,0.45859784,0.45849153,-0.108377956,-0.22762856,-0.29107943,-0.28518882,-0.5537137,-0.429022,0.20258483,0.21451493,0.39236596,0.14768331,0.46752346,0.39236596,0.14768331,0.46752346,0.39236596,0.14768331,0.46752346,0.39236596,0.14768331,0.46752346
0.3,0.000355964,0.50560427,-0.103159994,-0.2520906,-0.28870794,-0.13012162,-0.6168966,-0.45390615,-0.14762121,0.457607,0.5073142,-0.10536224,-0.24489024,-0.28304064,-0.13724332,-0.6211857,-0.4448344,-0.13019781,0.44087687,0.5080569,-0.10401829,-0.23876967,-0.27845463,-0.14587162,-0.6240362,-0.4366069,-0.11545964,0.42242867,0.50546455,-0.10276171,-0.25299945,-0.28908157,-0.12965938,-0.61644244,-0.45457068,-0.14903851,0.45859784,0.62214386,0.012250898,-0.32572216,-0.31484887,-0.39046264,-0.51344913,-0.5274761,0.14075029,0.028293537,0.39236596,0.14768331,0.46752346,0.39236596,0.14768331,0.46752346,0.39236596,0.14768331,0.46752346,0.39236596,0.14768331,0.46752346
0.4,0.000661217,0.50560427,-0.103159994,-0.2520906,-0.28870794,-0.13012162,-0.6168966,-0.45390615,-0.14762121,0.457607,0.5073142,-0.10536224,-0.24489024,-0.28304064,-0.13724332,-0.6211857,-0.4448344,-0.13019781,0.44087687,0.5080569,-0.10401829,-0.23876967,-0.27845463,-0.14587162,-0.6240362,-0.4366069,-0.11545964,0.42242867,0.50546455,-0.10276171,-0.25299945,-0.28908157,-0.12965938,-0.61644244,-0.45457068,-0.14903851,0.45859784,0.62214386,0.012250898,-0.32572216,-0.31484887,-0.39046264,-0.51344913,-0.5274761,0.14075029,0.028293537,0.39236596,0.14768331,0.46752346,0.39236596,0.14768331,0.46752346,0.39236596,0.14768331,0.46752346,0.39236596,0.14768331,0.46752346
0.5,0.00112493,0.50560427,-0.103159994,-0.2520906,-0.28870794,-0.13012162,-0.6168966,-0.45390615,-0.14762121,0.457607,0.5073142,-0.10536224,-0.24489024,-0.28304064,-0.13724332,-0.6211857,-0.4448344,-0.13019781,0.44087687,0.5080569,-0.10401829,-0.23876967,-0.27845463,-0.14587162,-0.6240362,-0.4366069,-0.11545964,0.42242867,0.50546455,-0.10276171,-0.25299945,-0.28908157,-0.12965938,-0.61644244,-0.45457068,-0.14903851,0.45859784,0.62214386,0.012250898,-0.32572216,-0.31484887,-0.39046264,-0.51344913,-0.5274761,0.14075029,0.028293537,0.39236596,0.14768331,0.46752346,0.39236596,0.14768331,0.46752346,0.39236596,0.14768331,0.46752346,0.39236596,0.14768331,0.46752346
0.75,0.00291328,0.50560427,-0.103159994,-0.2520906,-0.28870794,-0.13012162,-0.6168966,-0.45390615,-0.14762121,0.457607,0.5073142,-0.10536224,-0.24489024,-0.28304064,-0.13724332,-0.6211857,-0.4448344,-0.13019781,0.44087687,0.5080569,-0.10401829,-0.23876967,-0.27845463,-0.14587162,-0.6240362,-0.4366069,-0.11545964,0.42242867,0.50546455,-0.10276171,-0.25299945,-0.28908157,-0.12965938,-0.61644244,-0.45457068,-0.14903851,0.45859784,0.62214386,0.012250898,-0.32572216,-0.31484887,-0.39046264,-0.51344913,-0.5274761,0.14075029,0.028293537,0.39236596,0.14768331,0.46752346,0.39236596,0.14768331,0.46752346,0.39236596,0.14768331,0.46752346,0.39236596,0.14768331,0.46752346
1.0,0.00624496,0.50560427,-0.103159994,-0.2520906,-0.28870794,-0.13012162,-0.6168966,-0.45390615,-0.14762121,0.457607,0.5073142,-0.10536224,-0.24489024,-0.28304064,-0.13724332,-0.6211857,-0.4448344,-0.13019781,0.44087687,0.5080569,-0.10401829,-0.23876967,-0.27845463,-0.14587162,-0.6240362,-0.4366069,-0.11545964,0.42242867,0.50546455,-0.10276171,-0.25299945,-0.28908157,-0.12965938,-0.61644244,-0.45457068,-0.14903851,0.45859784,0.62214386,0.012250898,-0.32572216,-0.31484887,-0.39046264,-0.51344913,-0.5274761,0.14075029,0.028293537,0.39236596,0.14768331,0.46752346,0.39236596,0.14768331,0.46752346,0.39236596,0.14768331,0.46752346,0.39236596,0.14768331,0.46752346
0.3,0.000350762,0.50560427,-0.103159994,-0.2520906,-0.28870794,-0.13012162,-0.6168966,-0.45390615,-0.14762121,0.457607,0.51012474,-0.1006514,-0.22244263,-0.26653334,-0.16672418,-0.6308228,-0.414663,-0.0794807,0.37533078,0.5083248,-0.10332047,-0.23639053,-0.27668452,-0.14917316,-0.6251193,-0.43329516,-0.1099979,0.41513953,0.50546455,-0.10276171,-0.25299945,-0.28908157,-0.12965938,-0.61644244,-0.45457068,-0.14903851,0.45859784,0.25341764,0.024774428,-0.15552728,-0.10161243,-0.06781997,-0.5608003,-0.15274481,0.229665,-0.15397967,0.39236596,0.14768331,0.46752346,0.39236596,0.14768331,0.46752346,0.39236596,0.14768331,0.46752346,0.39236596,0.14768331,0.46752346
0.4,0.000659642,0.50560427,-0.103159994,-0.2520906,-0.28870794,-0.13012162,-0.6168966,-0.45390615,-0.14762121,0.457607,0.51012474,-0.1006514,-0.22244263,-0.26653334,-0.16672418,-0.6308228,-0.414663,-0.0794807,0.37533078,0.5083248,-0.10332047,-0.23639053,-0.27668452,-0.14917316,-0.6251193,-0.43329516,-0.1099979,0.41513953,0.50546455,-0.10276171,-0.25299945,-0.28908157,-0.12965938,-0.61644244,-0.45457068,-0.14903851,0.45859784,0.25341764,0.024774428,-0.15552728,-0.10161243,-0.06781997,-0.5608003,-0.15274481,0.229665,-0.15397967,0.39236596,0.14768331,0.46752346,0.39236596,0.14768331,0.46752346,0.39236596,0.14768331,0.46752346,0.39236596,0.14768331,0.46752346
0.5,0.00113109,0.50560427,-0.103159994,-0.2520906,-0.28870794,-0.13012162,-0.6168966,-0.45390615,-0.14762121,0.457607,0.51012474,-0.1006514,-0.22244263,-0.26653334,-0.16672418,-0.6308228,-0.414663,-0.0794807,0.37533078,0.5083248,-0.10332047,-0.23639053,-0.27668452,-0.14917316,-0.6251193,-0.43329516,-0.1099979,0.41513953,0.50546455,-0.10276171,-0.25299945,-0.28908157,-0.12965938,-0.61644244,-0.45457068,-0.14903851,0.45859784,0.25341764,0.024774428,-0.15552728,-0.10161243,-0.06781997,-0.5608003,-0.15274481,0.229665,-0.15397967,0.39236596,0.14768331,0.46752346,0.39236596,0.14768331,0.46752346,0.39236596,0.14768331,0.46752346,0.39236596,0.14768331,0.46752346
0.75,0.00296134,0.50560427,-0.103159994,-0.2520906,-0.28870794,-0.13012162,-0.6168966,-0.45390615,-0.14762121,0.457607,0.51012474,-0.1006514,-0.22244263,-0.26653334,-0.16672418,-0.6308228,-0.414663,-0.0794807,0.37533078,0.5083248,-0.10332047,-0.23639053,-0.27668452,-0.14917316,-0.6251193,-0.43329516,-0.1099979,0.41513953,0.50546455,-0.10276171,-0.25299945,-0.28908157,-0.12965938,-0.61644244,-0.45457068,-0.14903851,0.45859784,0.25341764,0.024774428,-0.15552728,-0.10161243,-0.06781997,-0.5608003,-0.15274481,0.229665,-0.15397967,0.39236596,0.14768331,0.46752346,0.39236596,0.14768331,0.46752346,0.39236596,0.14768331,0.46752346,0.39236596,0.14768331,0.46752346
1.0,0.00616958,0.50560427,-0.103159994,-0.2520906,-0.28870794,-0.13012162,-0.6168966,-0.45390615,-0.14762121,0.457607,0.51012474,-0.1006514,-0.22244263,-0.26653334,-0.16672418,-0.6308228,-0.414663,-0.0794807,0.37533078,0.5083248,-0.10332047,-0.23639053,-0.27668452,-0.14917316,-0.6251193,-0.43329516,-0.1099979,0.41513953,0.50546455,-0.10276171,-0.25299945,-0.28908157,-0.12965938,-0.61644244,-0.45457068,-0.14903851,0.45859784,0.25341764,0.024774428,-0.15552728,-0.10161243,-0.06781997,-0.5608003,-0.15274481,0.229665,-0.15397967,0.39236596,0.14768331,0.46752346,0.39236596,0.14768331,0.46752346,0.39236596,0.14768331,0.46752346,0.39236596,0.14768331,0.46752346
0.3,0.0883085,0.5054784,-0.10280683,-0.25291717,-0.2890543,-0.12969173,-0.6164894,-0.45450842,-0.14890008,0.45851395,0.5083248,-0.10332047,-0.23639053,-0.27668452,-0.14917316,-0.6251193,-0.43329516,-0.1099979,0.41513953,0.50546455,-0.10276171,-0.25299945,-0.28908157,-0.12965938,-0.61644244,-0.45457068,-0.14903851,0.45859784,0.50546455,-0.10276171,-0.25299945,-0.28908157,-0.12965938,-0.61644244,-0.45457068,-0.14903851,0.45859784,0.44029635,-0.005893341,-0.1445262,-0.24218392,-0.30099022,-0.56534773,-0.4094162,0.04577865,0.17038535,0.39236596,0.14768331,0.46752346,0.39236596,0.14768331,0.46752346,0.39236596,0.14768331,0.46752346,0.39236596,0.14768331,0.46752346
0.4,0.0883379,0.5054784,-0.10280683,-0.25291717,-0.2890543,-0.12969173,-0.6164894,-0.45450842,-0.14890008,0.45851395,0.5083248,-0.10332047,-0.23639053,-0.27668452,-0.14917316,-0.6251193,-0.43329516,-0.1099979,0.41513953,0.50546455,-0.10276171,-0.25299945,-0.28908157,-0.12965938,-0.61644244,-0.45457068,-0.14903851,0.45859784,0.50546455,-0.10276171,-0.25299945,-0.28908157,-0.12965938,-0.61644244,-0.45457068,-0.14903851,0.45859784,0.44029635,-0.005893341,-0.1445262,-0.24218392,-0.30099022,-0.56534773,-0.4094162,0.04577865,0.17038535,0.39236596,0.14768331,0.46752346,0.39236596,0.14768331,0.46752346,0.39236596,0.14768331,0.46752346,0.39236596,0.14768331,0.46752346
0.5,0.0912678,0.5054784,-0.10280683,-0.25291717,-0.2890543,-0.12969173,-0.6164894,-0.45450842,-0.14890008,0.45851395,0.5083248,-0.10332047,-0.23639053,-0.27668452,-0.14917316,-0.6251193,-0.43329516,-0.1099979,0.41513953,0.50546455,-0.10276171,-0.25299945,-0.28908157,-0.12965938,-0.61644244,-0.45457068,-0.14903851,0.45859784,0.50546455,-0.10276171,-0.25299945,-0.28908157,-0.12965938,-0.61644244,-0.45457068,-0.14903851,0.45859784,0.44029635,-0.005893341,-0.1445262,-0.24218392,-0.30099022,-0.56534773,-0.4094162,0.04577865,0.17038535,0.39236596,0.14768331,0.46752346,0.39236596,0.14768331,0.46752346,0.39236596,0.14768331,0.46752346,0.39236596,0.14768331,0.46752346
0.75,0.091075,0.5054784,-0.10280683,-0.25291717,-0.2890543,-0.12969173,-0.6164894,-0.45450842,-0.14890008,0.45851395,0.5083248,-0.10332047,-0.23639053,-0.27668452,-0.14917316,-0.6251193,-0.43329516,-0.1099979,0.41513953,0.50546455,-0.10276171,-0.25299945,-0.28908157,-0.12965938,-0.61644244,-0.45457068,-0.14903851,0.45859784,0.50546455,-0.10276171,-0.25299945,-0.28908157,-0.12965938,-0.61644244,-0.45457068,-0.14903851,0.45859784,0.44029635,-0.005893341,-0.1445262,-0.24218392,-0.30099022,-0.56534773,-0.4094162,0.04577865,0.17038535,0.39236596,0.14768331,0.46752346,0.39236596,0.14768331,0.46752346,0.39236596,0.14768331,0.46752346,0.39236596,0.14768331,0.46752346
1.0,0.0891,0.5054784,-0.10280683,-0.25291717,-0.2890543,-0.12969173,-0.6164894,-0.45450842,-0.14890008,0.45851395,0.5083248,-0.10332047,-0.23639053,-0.27668452,-0.14917316,-0.6251193,-0.43329516,-0.1099979,0.41513953,0.50546455,-0.10276171,-0.25299945,-0.28908157,-0.12965938,-0.61644244,-0.45457068,-0.14903851,0.45859784,0.50546455,-0.10276171,-0.25299945,-0.28908157,-0.12965938,-0.61644244,-0.45457068,-0.14903851,0.45859784,0.44029635,-0.005893341,-0.1445262,-0.24218392,-0.30099022,-0.56534773,-0.4094162,0.04577865,0.17038535,0.39236596,0.14768331,0.46752346,0.39236596,0.14768331,0.46752346,0.39236596,0.14768331,0.46752346,0.39236596,0.14768331,0.46752346
0.3,0.0894851,0.5054784,-0.10280683,-0.25291717,-0.2890543,-0.12969173,-0.6164894,-0.45450842,-0.14890008,0.45851395,0.5083248,-0.10332047,-0.23639053,-0.27668452,-0.14917316,-0.6251193,-0.43329516,-0.1099979,0.41513953,0.50546455,-0.10276171,-0.25299945,-0.28908157,-0.12965938,-0.61644244,-0.45457068,-0.14903851,0.45859784,0.5054784,-0.10280683,-0.25291717,-0.2890543,-0.12969173,-0.6164894,-0.45450842,-0.14890008,0.45851395,0.4401623,-0.005770604,-0.14451963,-0.24209471,-0.30119714,-0.5653229,-0.40940383,0.046127375,0.1700279,0.39236596,0.14768331,0.46752346,0.39236596,0.14768331,0.46752346,0.39236596,0.14768331,0.46752346,0.39236596,0.14768331,0.46752346
0.4,0.0893713,0.5054784,-0.10280683,-0.25291717,-0.2890543,-0.12969173,-0.6164894,-0.45450842,-0.14890008,0.45851395,0.5083248,-0.10332047,-0.23639053,-0.27668452,-0.14917316,-0.6251193,-0.43329516,-0.1099979,0.41513953,0.50546455,-0.10276171,-0.25299945,-0.28908157,-0.12965938,-0.61644244,-0.45457068,-0.14903851,0.45859784,0.5054784,-0.10280683,-0.25291717,-0.2890543,-0.12969173,-0.6164894,-0.45450842,-0.14890008,0.45851395,0.4401623,-0.005770604,-0.14451963,-0.24209471,-0.30119714,-0.5653229,-0.40940383,0.046127375,0.1700279,0.39236596,0.14768331,0.46752346,0.39236596,0.14768331,0.46752346,0.39236596,0.14768331,0.46752346,0.39236596,0.14768331,0.46752346
0.5,0.0887166,0.5054784,-0.10280683,-0.25291717,-0.2890543,-0.12969173,-0.6164894,-0.45450842,-0.14890008,0.45851395,0.5083248,-0.10332047,-0.23639053,-0.27668452,-0.14917316,-0.6251193,-0.43329516,-0.1099979,0.41513953,0.50546455,-0.10276171,-0.25299945,-0.28908157,-0.12965938,-0.61644244,-0.45457068,-0.14903851,0.45859784,0.5054784,-0.10280683,-0.25291717,-0.2890543,-0.12969173,-0.6164894,-0.45450842,-0.14890008,0.45851395,0.4401623,-0.005770604,-0.14451963,-0.24209471,-0.30119714,-0.5653229,-0.40940383,0.046127375,0.1700279,0.39236596,0.14768331,0.46752346,0.39236596,0.14768331,0.46752346,0.39236596,0.14768331,0.46752346,0.39236596,0.14768331,0.46752346
0.75,0.0880644,0.5054784,-0.10280683,-0.25291717,-0.2890543,-0.12969173,-0.6164894,-0.45450842,-0.14890008,0.45851395,0.5083248,-0.10332047,-0.23639053,-0.27668452,-0.14917316,-0.6251193,-0.43329516,-0.1099979,0.41513953,0.50546455,-0.10276171,-0.25299945,-0.28908157,-0.12965938,-0.61644244,-0.45457068,-0.14903851,0.45859784,0.5054784,-0.10280683,-0.25291717,-0.2890543,-0.12969173,-0.6164894,-0.45450842,-0.14890008,0.45851395,0.4401623,-0.005770604,-0.14451963,-0.24209471,-0.30119714,-0.5653229,-0.40940383,0.046127375,0.1700279,0.39236596,0.14768331,0.46752346,0.39236596,0.14768331,0.46752346,0.39236596,0.14768331,0.46752346,0.39236596,0.14768331,0.46752346
1.0,0.0922305,0.5054784,-0.10280683,-0.25291717,-0.2890543,-0.12969173,-0.6164894,-0.45450842,-0.14890008,0.45851395,0.5083248,-0.10332047,-0.23639053,-0.27668452,-0.14917316,-0.6251193,-0.43329516,-0.1099979,0.41513953,0.50546455,-0.10276171,-0.25299945,-0.28908157,-0.12965938,-0.61644244,-0.45457068,-0.14903851,0.45859784,0.5054784,-0.10280683,-0.25291717,-0.2890543,-0.12969173,-0.6164894,-0.45450842,-0.14890008,0.45851395,0.4401623,-0.005770604,-0.14451963,-0.24209471,-0.30119714,-0.5653229,-0.40940383,0.046127375,0.1700279,0.39236596,0.14768331,0.46752346,0.39236596,0.14768331,0.46752346,0.39236596,0.14768331,0.46752346,0.39236596,0.14768331,0.46752346
0.3,0.0976401,0.5054784,-0.10280683,-0.25291717,-0.2890543,-0.12969173,-0.6164894,-0.45450842,-0.14890008,0.45851395,0.52573913,-0.067274235,-0.08532694,-0.15651877,-0.36126548,-0.6840855,-0.19531004,0.26819196,-0.11203807,0.50546455,-0.10276171,-0.25299945,-0.28908157,-0.12965938,-0.61644244,-0.45457068,-0.14903851,0.45859784,0.50546455,-0.10276171,-0.25299945,-0.28908157,-0.12965938,-0.61644244,-0.45457068,-0.14903851,0.45859784,-1.0,-0.99999046,-1.0,-0.9999985,1.0,-1.0,1.0,1.0,-1.0,0.39236596,0.14768331,0.46752346,0.39236596,0.14768331,0.46752346,0.39236596,0.14768331,0.46752346,0.39236596,0.14768331,0.46752346
0.5,0.0985153,0.5054784,-0.10280683,-0.25291717,-0.2890543,-0.12969173,-0.6164894,-0.45450842,-0.14890008,0.45851395,0.52573913,-0.067274235,-0.08532694,-0.15651877,-0.36126548,-0.6840855,-0.19531004,0.26819196,-0.11203807,0.50546455,-0.10276171,-0.25299945,-0.28908157,-0.12965938,-0.61644244,-0.45457068,-0.14903851,0.45859784,0.50546455,-0.10276171,-0.25299945,-0.28908157,-0.12965938,-0.61644244,-0.45457068,-0.14903851,0.45859784,-1.0,-0.99999046,-1.0,-0.9999985,1.0,-1.0,1.0,1.0,-1.0,0.39236596,0.14768331,0.46752346,0.39236596,0.14768331,0.46752346,0.39236596,0.14768331,0.46752346,0.39236596,0.14768331,0.46752346
1.0,0.0960927,0.5054784,-0.10280683,-0.25291717,-0.2890543,-0.12969173,-0.6164894,-0.45450842,-0.14890008,0.45851395,0.52573913,-0.067274235,-0.08532694,-0.15651877,-0.36126548,-0.6840855,-0.19531004,0.26819196,-0.11203807,0.50546455,-0.10276171,-0.25299945,-0.28908157,-0.12965938,-0.61644244,-0.45457068,-0.14903851,0.45859784,0.50546455,-0.10276171,-0.25299945,-0.28908157,-0.12965938,-0.61644244,-0.45457068,-0.14903851,0.45859784,-1.0,-0.99999046,-1.0,-0.9999985,1.0,-1.0,1.0,1.0,-1.0,0.39236596,0.14768331,0.46752346,0.39236596,0.14768331,0.46752346,0.39236596,0.14768331,0.46752346,0.39236596,0.14768331,0.46752346
2.5,0.106313,0.5054784,-0.10280683,-0.25291717,-0.2890543,-0.12969173,-0.6164894,-0.45450842,-0.14890008,0.45851395,0.52573913,-0.067274235,-0.08532694,-0.15651877,-0.36126548,-0.6840855,-0.19531004,0.26819196,-0.11203807,0.50546455,-0.10276171,-0.25299945,-0.28908157,-0.12965938,-0.61644244,-0.45457068,-0.14903851,0.45859784,0.50546455,-0.10276171,-0.25299945,-0.28908157,-0.12965938,-0.61644244,-0.45457068,-0.14903851,0.45859784,-1.0,-0.99999046,-1.0,-0.9999985,1.0,-1.0,1.0,1.0,-1.0,0.39236596,0.14768331,0.46752346,0.39236596,0.14768331,0.46752346,0.39236596,0.14768331,0.46752346,0.39236596,0.14768331,0.46752346
5.0,0.265254,0.5054784,-0.10280683,-0.25291717,-0.2890543,-0.12969173,-0.6164894,-0.45450842,-0.14890008,0.45851395,0.52573913,-0.067274235,-0.08532694,-0.15651877,-0.36126548,-0.6840855,-0.19531004,0.26819196,-0.11203807,0.50546455,-0.10276171,-0.25299945,-0.28908157,-0.12965938,-0.61644244,-0.45457068,-0.14903851,0.45859784,0.50546455,-0.10276171,-0.25299945,-0.28908157,-0.12965938,-0.61644244,-0.45457068,-0.14903851,0.45859784,-1.0,-0.99999046,-1.0,-0.9999985,1.0,-1.0,1.0,1.0,-1.0,0.39236596,0.14768331,0.46752346,0.39236596,0.14768331,0.46752346,0.39236596,0.14768331,0.46752346,0.39236596,0.14768331,0.46752346
0.3,0.0881802,0.5054784,-0.10280683,-0.25291717,-0.2890543,-0.12969173,-0.6164894,-0.45450842,-0.14890008,0.45851395,0.5056914,-0.10350189,-0.2511181,-0.28823784,-0.13069677,-0.6173436,-0.4531633,-0.14610787,0.45642585,0.50546455,-0.10276171,-0.25299945,-0.28908157,-0.12965938,-0.61644244,-0.45457068,-0.14903851,0.45859784,0.50546455,-0.10276171,-0.25299945,-0.28908157,-0.12965938,-0.61644244,-0.45457068,-0.14903851,0.45859784,0.9982626,0.64132905,-0.99938536,-0.99928975,-0.82175094,-0.09689048,-0.86736417,0.9989597,-0.9986419,0.39236596,0.14768331,0.46752346,0.39236596,0.14768331,0.46752346,0.39236596,0.14768331,0.46752346,0.39236596,0.14768331,0.46752346
0.5,0.0849694,0.5054784,-0.10280683,-0.25291717,-0.2890543,-0.12969173,-0.6164894,-0.45450842,-0.14890008,0.45851395,0.5056914,-0.10350189,-0.2511181,-0.28823784,-0.13069677,-0.6173436,-0.4531633,-0.14610787,0.45642585,0.50546455,-0.10276171,-0.25299945,-0.28908157,-0.12965938,-0.61644244,-0.45457068,-0.14903851,0.45859784,0.50546455,-0.10276171,-0.25299945,-0.28908157,-0.12965938,-0.61644244,-0.45457068,-0.14903851,0.45859784,0.9982626,0.64132905,-0.99938536,-0.99928975,-0.82175094,-0.09689048,-0.86736417,0.9989597,-0.9986419,0.39236596,0.14768331,0.46752346,0.39236596,0.14768331,0.46752346,0.39236596,0.14768331,0.46752346,0.39236596,0.14768331,0.46752346
1.0,0.089235,0.5054784,-0.10280683,-0.25291717,-0.2890543,-0.12969173,-0.6164894,-0.45450842,-0.14890008,0.45851395,0.5056914,-0.10350189,-0.2511181,-0.28823784,-0.13069677,-0.6173436,-0.4531633,-0.14610787,0.45642585,0.50546455,-0.10276171,-0.25299945,-0.28908157,-0.12965938,-0.61644244,-0.45457068,-0.14903851,0.45859784,0.50546455,-0.10276171,-0.25299945,-0.28908157,-0.12965938,-0.61644244,-0.45457068,-0.14903851,0.45859784,0.9982626,0.64132905,-0.99938536,-0.99928975,-0.82175094,-0.09689048,-0.86736417,0.9989597,-0.9986419,0.39236596,0.14768331,0.46752346,0.39236596,0.14768331,0.46752346,0.39236596,0.14768331,0.46752346,0.39236596,0.14768331,0.46752346
2.5,0.0999666,0.5054784,-0.10280683,-0.25291717,-0.2890543,-0.12969173,-0.6164894,-0.45450842,-0.14890008,0.45851395,0.5056914,-0.10350189,-0.2511181,-0.28823784,-0.13069677,-0.6173436,-0.4531633,-0.14610787,0.45642585,0.50546455,-0.10276171,-0.25299945,-0.28908157,-0.12965938,-0.61644244,-0.45457068,-0.14903851,0.45859784,0.50546455,-0.10276171,-0.25299945,-0.28908157,-0.12965938,-0.61644244,-0.45457068,-0.14903851,0.45859784,0.9982626,0.64132905,-0.99938536,-0.99928975,-0.82175094,-0.09689048,-0.86736417,0.9989597,-0.9986419,0.39236596,0.14768331,0.46752346,0.39236596,0.14768331,0.46752346,0.39236596,0.14768331,0.46752346,0.39236596,0.14768331,0.46752346
5.0,0.233628,0.5054784,-0.10280683,-0.25291717,-0.2890543,-0.12969173,-0.6164894,-0.45450842,-0.14890008,0.45851395,0.5056914,-0.10350189,-0.2511181,-0.28823784,-0.13069677,-0.6173436,-0.4531633,-0.14610787,0.45642585,0.50546455,-0.10276171,-0.25299945,-0.28908157,-0.12965938,-0.61644244,-0.45457068,-0.14903851,0.45859784,0.50546455,-0.10276171,-0.25299945,-0.28908157,-0.12965938,-0.61644244,-0.45457068,-0.14903851,0.45859784,0.9982626,0.64132905,-0.99938536,-0.99928975,-0.82175094,-0.09689048,-0.86736417,0.9989597,-0.9986419,0.39236596,0.14768331,0.46752346,0.39236596,0.14768331,0.46752346,0.39236596,0.14768331,0.46752346,0.39236596,0.14768331,0.46752346
0.3,0.0881696,0.5054784,-0.10280683,-0.25291717,-0.2890543,-0.12969173,-0.6164894,-0.45450842,-0.14890008,0.45851395,0.5083248,-0.10332047,-0.23639053,-0.27668452,-0.14917316,-0.6251193,-0.43329516,-0.1099979,0.41513953,0.5083248,-0.10332047,-0.23639053,-0.27668452,-0.14917316,-0.6251193,-0.43329516,-0.1099979,0.41513953,0.50546455,-0.10276171,-0.25299945,-0.28908157,-0.12965938,-0.61644244,-0.45457068,-0.14903851,0.45859784,0.5353138,0.02155362,-0.18768702,-0.1873013,-0.32964018,-0.55596894,-0.48850614,-0.006021159,0.13275982,0.39236596,0.14768331,0.46752346,0.39236596,0.14768331,0.46752346,0.39236596,0.14768331,0.46752346,0.39236596,0.14768331,0.46752346
0.5,0.090392,0.5054784,-0.10280683,-0.25291717,-0.2890543,-0.12969173,-0.6164894,-0.45450842,-0.14890008,0.45851395,0.5083248,-0.10332047,-0.23639053,-0.27668452,-0.14917316,-0.6251193,-0.43329516,-0.1099979,0.41513953,0.5083248,-0.10332047,-0.23639053,-0.27668452,-0.14917316,-0.6251193,-0.43329516,-0.1099979,0.41513953,0.50546455,-0.10276171,-0.25299945,-0.28908157,-0.12965938,-0.61644244,-0.45457068,-0.14903851,0.45859784,0.5353138,0.02155362,-0.18768702,-0.1873013,-0.32964018,-0.55596894,-0.48850614,-0.006021159,0.13275982,0.39236596,0.14768331,0.46752346,0.39236596,0.14768331,0.46752346,0.39236596,0.14768331,0.46752346,0.39236596,0.14768331,0.46752346
1.0,0.0871231,0.5054784,-0.10280683,-0.25291717,-0.2890543,-0.12969173,-0.6164894,-0.45450842,-0.14890008,0.45851395,0.5083248,-0.10332047,-0.23639053,-0.27668452,-0.14917316,-0.6251193,-0.43329516,-0.1099979,0.41513953,0.5083248,-0.10332047,-0.23639053,-0.27668452,-0.14917316,-0.6251193,-0.43329516,-0.1099979,0.41513953,0.50546455,-0.10276171,-0.25299945,-0.28908157,-0.12965938,-0.61644244,-0.45457068,-0.14903851,0.45859784,0.5353138,0.02155362,-0.18768702,-0.1873013,-0.32964018,-0.55596894,-0.48850614,-0.006021159,0.13275982,0.39236596,0.14768331,0.46752346,0.39236596,0.14768331,0.46752346,0.39236596,0.14768331,0.46752346,0.39236596,0.14768331,0.46752346
2.5,0.0983556,0.5054784,-0.10280683,-0.25291717,-0.2890543,-0.12969173,-0.6164894,-0.45450842,-0.14890008,0.45851395,0.5083248,-0.10332047,-0.23639053,-0.27668452,-0.14917316,-0.6251193,-0.43329516,-0.1099979,0.41513953,0.5083248,-0.10332047,-0.23639053,-0.27668452,-0.14917316,-0.6251193,-0.43329516,-0.1099979,0.41513953,0.50546455,-0.10276171,-0.25299945,-0.28908157,-0.12965938,-0.61644244,-0.45457068,-0.14903851,0.45859784,0.5353138,0.02155362,-0.18768702,-0.1873013,-0.32964018,-0.55596894,-0.48850614,-0.006021159,0.13275982,0.39236596,0.14768331,0.46752346,0.39236596,0.14768331,0.46752346,0.39236596,0.14768331,0.46752346,0.39236596,0.14768331,0.46752346
5.0,0.238421,0.5054784,-0.10280683,-0.25291717,-0.2890543,-0.12969173,-0.6164894,-0.45450842,-0.14890008,0.45851395,0.5083248,-0.10332047,-0.23639053,-0.27668452,-0.14917316,-0.6251193,-0.43329516,-0.1099979,0.41513953,0.5083248,-0.10332047,-0.23639053,-0.27668452,-0.14917316,-0.6251193,-0.43329516,-0.1099979,0.41513953,0.50546455,-0.10276171,-0.25299945,-0.28908157,-0.12965938,-0.61644244,-0.45457068,-0.14903851,0.45859784,0.5353138,0.02155362,-0.18768702,-0.1873013,-0.32964018,-0.55596894,-0.48850614,-0.006021159,0.13275982,0.39236596,0.14768331,0.46752346,0.39236596,0.14768331,0.46752346,0.39236596,0.14768331,0.46752346,0.39236596,0.14768331,0.46752346
0.3,0.0867949,0.5054784,-0.10280683,-0.25291717,-0.2890543,-0.12969173,-0.6164894,-0.45450842,-0.14890008,0.45851395,0.50779825,-0.10480617,-0.24151154,-0.28050599,-0.14202842,-0.622774,-0.44042575,-0.121844195,0.4308507,0.5012532,-0.08731782,-0.26436496,-0.2925528,-0.1364999,-0.61516106,-0.45419222,-0.14714013,0.44342914,0.50546455,-0.10276171,-0.25299945,-0.28908157,-0.12965938,-0.61644244,-0.45457068,-0.14903851,0.45859784,0.87962425,0.14740637,-0.9106926,-0.8935614,-0.4533139,-0.3906688,-0.65691215,0.75043744,-0.49354646,0.39236596,0.14768331,0.46752346,0.39236596,0.14768331,0.46752346,0.39236596,0.14768331,0.46752346,0.39236596,0.14768331,0.46752346
0.5,0.0898647,0.5054784,-0.10280683,-0.25291717,-0.2890543,-0.12969173,-0.6164894,-0.45450842,-0.14890008,0.45851395,0.50779825,-0.10480617,-0.24151154,-0.28050599,-0.14202842,-0.622774,-0.44042575,-0.121844195,0.4308507,0.5012532,-0.08731782,-0.26436496,-0.2925528,-0.1364999,-0.61516106,-0.45419222,-0.14714013,0.44342914,0.50546455,-0.10276171,-0.25299945,-0.28908157,-0.12965938,-0.61644244,-0.45457068,-0.14903851,0.45859784,0.87962425,0.14740637,-0.9106926,-0.8935614,-0.4533139,-0.3906688,-0.65691215,0.75043744,-0.49354646,0.39236596,0.14768331,0.46752346,0.39236596,0.14768331,0.46752346,0.39236596,0.14768331,0.46752346,0.39236596,0.14768331,0.46752346
1.0,0.0897336,0.5054784,-0.10280683,-0.25291717,-0.2890543,-0.12969173,-0.6164894,-0.45450842,-0.14890008,0.45851395,0.50779825,-0.10480617,-0.24151154,-0.28050599,-0.14202842,-0.622774,-0.44042575,-0.121844195,0.4308507,0.5012532,-0.08731782,-0.26436496,-0.2925528,-0.1364999,-0.61516106,-0.45419222,-0.14714013,0.44342914,0.50546455,-0.10276171,-0.25299945,-0.28908157,-0.12965938,-0.61644244,-0.45457068,-0.14903851,0.45859784,0.87962425,0.14740637,-0.9106926,-0.8935614,-0.4533139,-0.3906688,-0.65691215,0.75043744,-0.49354646,0.39236596,0.14768331,0.46752346,0.39236596,0.14768331,0.46752346,0.39236596,0.14768331,0.46752346,0.39236596,0.14768331,0.46752346
2.5,0.099917,0.5054784,-0.10280683,-0.25291717,-0.2890543,-0.12969173,-0.6164894,-0.45450842,-0.14890008,0.45851395,0.50779825,-0.10480617,-0.24151154,-0.28050599,-0.14202842,-0.622774,-0.44042575,-0.121844195,0.4308507,0.5012532,-0.08731782,-0.26436496,-0.2925528,-0.1364999,-0.61516106,-0.45419222,-0.14714013,0.44342914,0.50546455,-0.10276171,-0.25299945,-0.28908157,-0.12965938,-0.61644244,-0.45457068,-0.14903851,0.45859784,0.87962425,0.14740637,-0.9106926,-0.8935614,-0.4533139,-0.3906688,-0.65691215,0.75043744,-0.49354646,0.39236596,0.14768331,0.46752346,0.39236596,0.14768331,0.46752346,0.39236596,0.14768331,0.46752346,0.39236596,0.14768331,0.46752346
5.0,0.235802,0.5054784,-0.10280683,-0.25291717,-0.2890543,-0.12969173,-0.6164894,-0.45450842,-0.14890008,0.45851395,0.50779825,-0.10480617,-0.24151154,-0.28050599,-0.14202842,-0.622774,-0.44042575,-0.121844195,0.4308507,0.5012532,-0.08731782,-0.26436496,-0.2925528,-0.1364999,-0.61516106,-0.45419222,-0.14714013,0.44342914,0.50546455,-0.10276171,-0.25299945,-0.28908157,-0.12965938,-0.61644244,-0.45457068,-0.14903851,0.45859784,0.87962425,0.14740637,-0.9106926,-0.8935614,-0.4533139,-0.3906688,-0.65691215,0.75043744,-0.49354646,0.39236596,0.14768331,0.46752346,0.39236596,0.14768331,0.46752346,0.39236596,0.14768331,0.46752346,0.39236596,0.14768331,0.46752346
0.3,0.0167282,0.5054784,-0.10280683,-0.25291717,-0.2890543,-0.12969173,-0.6164894,-0.45450842,-0.14890008,0.45851395,0.5073142,-0.10536224,-0.24489024,-0.28304064,-0.13724332,-0.6211857,-0.4448344,-0.13019781,0.44087687,0.5080569,-0.10401829,-0.23876967,-0.27845463,-0.14587162,-0.6240362,-0.4366069,-0.11545964,0.42242867,0.50546455,-0.10276171,-0.25299945,-0.28908157,-0.12965938,-0.61644244,-0.45457068,-0.14903851,0.45859784,0.97466046,0.41498962,-0.98492825,-0.9741211,-0.6969451,-0.25721794,-0.73033446,0.9578942,-0.9437001,0.39236596,0.14768331,0.46752346,0.39236596,0.14768331,0.46752346,0.39236596,0.14768331,0.46752346,0.39236596,0.14768331,0.46752346
0.5,0.0170825,0.5054784,-0.10280683,-0.25291717,-0.2890543,-0.12969173,-0.6164894,-0.45450842,-0.14890008,0.45851395,0.5073142,-0.10536224,-0.24489024,-0.28304064,-0.13724332,-0.6211857,-0.4448344,-0.13019781,0.44087687,0.5080569,-0.10401829,-0.23876967,-0.27845463,-0.14587162,-0.6240362,-0.4366069,-0.11545964,0.42242867,0.50546455,-0.10276171,-0.25299945,-0.28908157,-0.12965938,-0.61644244,-0.45457068,-0.14903851,0.45859784,0.97466046,0.41498962,-0.98492825,-0.9741211,-0.6969451,-0.25721794,-0.73033446,0.9578942,-0.9437001,0.39236596,0.14768331,0.46752346,0.39236596,0.14768331,0.46752346,0.39236596,0.14768331,0.46752346,0.39236596,0.14768331,0.46752346
1.0,0.018299,0.5054784,-0.10280683,-0.25291717,-0.2890543,-0.12969173,-0.6164894,-0.45450842,-0.14890008,0.45851395,0.5073142,-0.10536224,-0.24489024,-0.28304064,-0.13724332,-0.6211857,-0.4448344,-0.13019781,0.44087687,0.5080569,-0.10401829,-0.23876967,-0.27845463,-0.14587162,-0.6240362,-0.4366069,-0.11545964,0.42242867,0.50546455,-0.10276171,-0.25299945,-0.28908157,-0.12965938,-0.61644244,-0.45457068,-0.14903851,0.45859784,0.97466046,0.41498962,-0.98492825,-0.9741211,-0.6969451,-0.25721794,-0.73033446,0.9578942,-0.9437001,0.39236596,0.14768331,0.46752346,0.39236596,0.14768331,0.46752346,0.39236596,0.14768331,0.46752346,0.39236596,0.14768331,0.46752346
2.5,0.0401277,0.5054784,-0.10280683,-0.25291717,-0.2890543,-0.12969173,-0.6164894,-0.45450842,-0.14890008,0.45851395,0.5073142,-0.10536224,-0.24489024,-0.28304064,-0.13724332,-0.6211857,-0.4448344,-0.13019781,0.44087687,0.5080569,-0.10401829,-0.23876967,-0.27845463,-0.14587162,-0.6240362,-0.4366069,-0.11545964,0.42242867,0.50546455,-0.10276171,-0.25299945,-0.28908157,-0.12965938,-0.61644244,-0.45457068,-0.14903851,0.45859784,0.97466046,0.41498962,-0.98492825,-0.9741211,-0.6969451,-0.25721794,-0.73033446,0.9578942,-0.9437001,0.39236596,0.14768331,0.46752346,0.39236596,0.14768331,0.46752346,0.39236596,0.14768331,0.46752346,0.39236596,0.14768331,0.46752346
5.0,0.237677,0.5054784,-0.10280683,-0.25291717,-0.2890543,-0.12969173,-0.6164894,-0.45450842,-0.14890008,0.45851395,0.5073142,-0.10536224,-0.24489024,-0.28304064,-0.13724332,-0.6211857,-0.4448344,-0.13019781,0.44087687,0.5080569,-0.10401829,-0.23876967,-0.27845463,-0.14587162,-0.6240362,-0.4366069,-0.11545964,0.42242867,0.50546455,-0.10276171,-0.25299945,-0.28908157,-0.12965938,-0.61644244,-0.45457068,-0.14903851,0.45859784,0.97466046,0.41498962,-0.98492825,-0.9741211,-0.6969451,-0.25721794,-0.73033446,0.9578942,-0.9437001,0.39236596,0.14768331,0.46752346,0.39236596,0.14768331,0.46752346,0.39236596,0.14768331,0.46752346,0.39236596,0.14768331,0.46752346
0.3,0.0899874,0.5054784,-0.10280683,-0.25291717,-0.2890543,-0.12969173,-0.6164894,-0.45450842,-0.14890008,0.45851395,0.51012474,-0.1006514,-0.22244263,-0.26653334,-0.16672418,-0.6308228,-0.414663,-0.0794807,0.37533078,0.5083248,-0.10332047,-0.23639053,-0.27668452,-0.14917316,-0.6251193,-0.43329516,-0.1099979,0.41513953,0.50546455,-0.10276171,-0.25299945,-0.28908157,-0.12965938,-0.61644244,-0.45457068,-0.14903851,0.45859784,-0.98135203,-0.46649003,-0.8511055,-0.23892944,0.9963497,-0.99868816,0.99451977,0.9978879,-0.99957055,0.39236596,0.14768331,0.46752346,0.39236596,0.14768331,0.46752346,0.39236596,0.14768331,0.46752346,0.39236596,0.14768331,0.46752346
0.5,0.0925394,0.5054784,-0.10280683,-0.25291717,-0.2890543,-0.12969173,-0.6164894,-0.45450842,-0.14890008,0.45851395,0.51012474,-0.1006514,-0.22244263,-0.26653334,-0.16672418,-0.6308228,-0.414663,-0.0794807,0.37533078,0.5083248,-0.10332047,-0.23639053,-0.27668452,-0.14917316,-0.6251193,-0.43329516,-0.1099979,0.41513953,0.50546455,-0.10276171,-0.25299945,-0.28908157,-0.12965938,-0.61644244,-0.45457068,-0.14903851,0.45859784,-0.98135203,-0.46649003,-0.8511055,-0.23892944,0.9963497,-0.99868816,0.99451977,0.9978879,-0.99957055,0.39236596,0.14768331,0.46752346,0.39236596,0.14768331,0.46752346,0.39236596,0.14768331,0.46752346,0.39236596,0.14768331,0.46752346
1.0,0.0893553,0.5054784,-0.10280683,-0.25291717,-0.2890543,-0.12969173,-0.6164894,-0.45450842,-0.14890008,0.45851395,0.51012474,-0.1006514,-0.22244263,-0.26653334,-0.16672418,-0.6308228,-0.414663,-0.0794807,0.37533078,0.5083248,-0.10332047,-0.23639053,-0.27668452,-0.14917316,-0.6251193,-0.43329516,-0.1099979,0.41513953,0.50546455,-0.10276171,-0.25299945,-0.28908157,-0.12965938,-0.61644244,-0.45457068,-0.14903851,0.45859784,-0.98135203,-0.46649003,-0.8511055,-0.23892944,0.9963497,-0.99868816,0.99451977,0.9978879,-0.99957055,0.39236596,0.14768331,0.46752346,0.39236596,0.14768331,0.46752346,0.39236596,0.14768331,0.46752346,0.39236596,0.14768331,0.46752346
2.5,0.0997626,0.5054784,-0.10280683,-0.25291717,-0.2890543,-0.12969173,-0.6164894,-0.45450842,-0.14890008,0.45851395,0.51012474,-0.1006514,-0.22244263,-0.26653334,-0.16672418,-0.6308228,-0.414663,-0.0794807,0.37533078,0.5083248,-0.10332047,-0.23639053,-0.27668452,-0.14917316,-0.6251193,-0.43329516,-0.1099979,0.41513953,0.50546455,-0.10276171,-0.25299945,-0.28908157,-0.12965938,-0.61644244,-0.45457068,-0.14903851,0.45859784,-0.98135203,-0.46649003,-0.8511055,-0.23892944,0.9963497,-0.99868816,0.99451977,0.9978879,-0.99957055,0.39236596,0.14768331,0.46752346,0.39236596,0.14768331,0.46752346,0.39236596,0.14768331,0.46752346,0.39236596,0.14768331,0.46752346
5.0,0.240331,0.5054784,-0.10280683,-0.25291717,-0.2890543,-0.12969173,-0.6164894,-0.45450842,-0.14890008,0.45851395,0.51012474,-0.1006514,-0.22244263,-0.26653334,-0.16672418,-0.6308228,-0.414663,-0.0794807,0.37533078,0.5083248,-0.10332047,-0.23639053,-0.27668452,-0.14917316,-0.6251193,-0.43329516,-0.1099979,0.41513953,0.50546455,-0.10276171,-0.25299945,-0.28908157,-0.12965938,-0.61644244,-0.45457068,-0.14903851,0.45859784,-0.98135203,-0.46649003,-0.8511055,-0.23892944,0.9963497,-0.99868816,0.99451977,0.9978879,-0.99957055,0.39236596,0.14768331,0.46752346,0.39236596,0.14768331,0.46752346,0.39236596,0.14768331,0.46752346,0.39236596,0.14768331,0.46752346
0.15,7.9816e-05,0.5056914,-0.10350189,-0.2511181,-0.28823784,-0.13069677,-0.6173436,-0.4531633,-0.14610787,0.45642585,0.5083248,-0.10332047,-0.23639053,-0.27668452,-0.14917316,-0.6251193,-0.43329516,-0.1099979,0.41513953,0.50546455,-0.10276171,-0.25299945,-0.28908157,-0.12965938,-0.61644244,-0.45457068,-0.14903851,0.45859784,0.50546455,-0.10276171,-0.25299945,-0.28908157,-0.12965938,-0.61644244,-0.45457068,-0.14903851,0.45859784,0.39186454,0.14547512,0.2231777,-0.25104842,0.014176372,-0.58500254,0.10608724,0.24571683,-0.28147852,0.39236596,0.14768331,0.46752346,0.39236596,0.14768331,0.46752346,0.39236596,0.14768331,0.46752346,0.39236596,0.14768331,0.46752346
0.2,0.000148437,0.5056914,-0.10350189,-0.2511181,-0.28823784,-0.13069677,-0.6173436,-0.4531633,-0.14610787,0.45642585,0.5083248,-0.10332047,-0.23639053,-0.27668452,-0.14917316,-0.6251193,-0.43329516,-0.1099979,0.41513953,0.50546455,-0.10276171,-0.25299945,-0.28908157,-0.12965938,-0.61644244,-0.45457068,-0.14903851,0.45859784,0.50546455,-0.10276171,-0.25299945,-0.28908157,-0.12965938,-0.61644244,-0.45457068,-0.14903851,0.45859784,0.39186454,0.14547512,0.2231777,-0.25104842,0.014176372,-0.58500254,0.10608724,0.24571683,-0.28147852,0.39236596,0.14768331,0.46752346,0.39236596,0.14768331,0.46752346,0.39236596,0.14768331,0.46752346,0.39236596,0.14768331,0.46752346
0.25,0.000235635,0.5056914,-0.10350189,-0.2511181,-0.28823784,-0.13069677,-0.6173436,-0.4531633,-0.14610787,0.45642585,0.5083248,-0.10332047,-0.23639053,-0.27668452,-0.14917316,-0.6251193,-0.43329516,-0.1099979,0.41513953,0.50546455,-0.10276171,-0.25299945,-0.28908157,-0.12965938,-0.61644244,-0.45457068,-0.14903851,0.45859784,0.50546455,-0.10276171,-0.25299945,-0.28908157,-0.12965938,-0.61644244,-0.45457068,-0.14903851,0.45859784,0.39186454,0.14547512,0.2231777,-0.25104842,0.014176372,-0.58500254,0.10608724,0.24571683,-0.28147852,0.39236596,0.14768331,0.46752346,0.39236596,0.14768331,0.46752346,0.39236596,0.14768331,0.46752346,0.39236596,0.14768331,0.46752346
0.3,0.000348331,0.5056914,-0.10350189,-0.2511181,-0.28823784,-0.13069677,-0.6173436,-0.4531633,-0.14610787,0.45642585,0.5083248,-0.10332047,-0.23639053,-0.27668452,-0.14917316,-0.6251193,-0.43329516,-0.1099979,0.41513953,0.50546455,-0.10276171,-0.25299945,-0.28908157,-0.12965938,-0.61644244,-0.45457068,-0.14903851,0.45859784,0.50546455,-0.10276171,-0.25299945,-0.28908157,-0.12965938,-0.61644244,-0.45457068,-0.14903851,0.45859784,0.39186454,0.14547512,0.2231777,-0.25104842,0.014176372,-0.58500254,0.10608724,0.24571683,-0.28147852,0.39236596,0.14768331,0.46752346,0.39236596,0.14768331,0.46752346,0.39236596,0.14768331,0.46752346,0.39236596,0.14768331,0.46752346
0.5,0.00111333,0.5056914,-0.10350189,-0.2511181,-0.28823784,-0.13069677,-0.6173436,-0.4531633,-0.14610787,0.45642585,0.5083248,-0.10332047,-0.23639053,-0.27668452,-0.14917316,-0.6251193,-0.43329516,-0.1099979,0.41513953,0.50546455,-0.10276171,-0.25299945,-0.28908157,-0.12965938,-0.61644244,-0.45457068,-0.14903851,0.45859784,0.50546455,-0.10276171,-0.25299945,-0.28908157,-0.12965938,-0.61644244,-0.45457068,-0.14903851,0.45859784,0.39186454,0.14547512,0.2231777,-0.25104842,0.014176372,-0.58500254,0.10608724,0.24571683,-0.28147852,0.39236596,0.14768331,0.46752346,0.39236596,0.14768331,0.46752346,0.39236596,0.14768331,0.46752346,0.39236596,0.14768331,0.46752346
0.15,8.00352e-05,0.5056914,-0.10350189,-0.2511181,-0.28823784,-0.13069677,-0.6173436,-0.4531633,-0.14610787,0.45642585,0.5083248,-0.10332047,-0.23639053,-0.27668452,-0.14917316,-0.6251193,-0.43329516,-0.1099979,0.41513953,0.50546455,-0.10276171,-0.25299945,-0.28908157,-0.12965938,-0.61644244,-0.45457068,-0.14903851,0.45859784,0.5056914,-0.10350189,-0.2511181,-0.28823784,-0.13069677,-0.6173436,-0.4531633,-0.14610787,0.45642585,0.38997674,0.1364922,0.21483494,-0.24796212,0.013200947,-0.58138037,0.08254887,0.23093599,-0.24488568,0.39236596,0.14768331,0.46752346,0.39236596,0.14768331,0.46752346,0.39236596,0.14768331,0.46752346,0.39236596,0.14768331,0.46752346
0.2,0.00014807,0.5056914,-0.10350189,-0.2511181,-0.28823784,-0.13069677,-0.6173436,-0.4531633,-0.14610787,0.45642585,0.5083248,-0.10332047,-0.23639053,-0.27668452,-0.14917316,-0.6251193,-0.43329516,-0.1099979,0.41513953,0.50546455,-0.10276171,-0.25299945,-0.28908157,-0.12965938,-0.61644244,-0.45457068,-0.14903851,0.45859784,0.5056914,-0.10350189,-0.2511181,-0.28823784,-0.13069677,-0.6173436,-0.4531633,-0.14610787,0.45642585,0.38997674,0.1364922,0.21483494,-0.24796212,0.013200947,-0.58138037,0.08254887,0.23093599,-0.24488568,0.39236596,0.14768331,0.46752346,0.39236596,0.14768331,0.46752346,0.39236596,0.14768331,0.46752346,0.39236596,0.14768331,0.46752346
0.25,0.000236052,0.5056914,-0.10350189,-0.2511181,-0.28823784,-0.13069677,-0.6173436,-0.4531633,-0.14610787,0.45642585,0.5083248,-0.10332047,-0.23639053,-0.27668452,-0.14917316,-0.6251193,-0.43329516,-0.1099979,0.41513953,0.50546455,-0.10276171,-0.25299945,-0.28908157,-0.12965938,-0.61644244,-0.45457068,-0.14903851,0.45859784,0.5056914,-0.10350189,-0.2511181,-0.28823784,-0.13069677,-0.6173436,-0.4531633,-0.14610787,0.45642585,0.38997674,0.1364922,0.21483494,-0.24796212,0.013200947,-0.58138037,0.08254887,0.23093599,-0.24488568,0.39236596,0.14768331,0.46752346,0.39236596,0.14768331,0.46752346,0.39236596,0.14768331,0.46752346,0.39236596,0.14768331,0.46752346
0.3,0.000350719,0.5056914,-0.10350189,-0.2511181,-0.28823784,-0.13069677,-0.6173436,-0.4531633,-0.14610787,0.45642585,0.5083248,-0.10332047,-0.23639053,-0.27668452,-0.14917316,-0.6251193,-0.43329516,-0.1099979,0.41513953,0.50546455,-0.10276171,-0.25299945,-0.28908157,-0.12965938,-0.61644244,-0.45457068,-0.14903851,0.45859784,0.5056914,-0.10350189,-0.2511181,-0.28823784,-0.13069677,-0.6173436,-0.4531633,-0.14610787,0.45642585,0.38997674,0.1364922,0.21483494,-0.24796212,0.013200947,-0.58138037,0.08254887,0.23093599,-0.24488568,0.39236596,0.14768331,0.46752346,0.39236596,0.14768331,0.46752346,0.39236596,0.14768331,0.46752346,0.39236596,0.14768331,0.46752346
0.5,0.00113266,0.5056914,-0.10350189,-0.2511181,-0.28823784,-0.13069677,-0.6173436,-0.4531633,-0.14610787,0.45642585,0.5083248,-0.10332047,-0.23639053,-0.27668452,-0.14917316,-0.6251193,-0.43329516,-0.1099979,0.41513953,0.50546455,-0.10276171,-0.25299945,-0.28908157,-0.12965938,-0.61644244,-0.45457068,-0.14903851,0.45859784,0.5056914,-0.10350189,-0.2511181,-0.28823784,-0.13069677,-0.6173436,-0.4531633,-0.14610787,0.45642585,0.38997674,0.1364922,0.21483494,-0.24796212,0.013200947,-0.58138037,0.08254887,0.23093599,-0.24488568,0.39236596,0.14768331,0.46752346,0.39236596,0.14768331,0.46752346,0.39236596,0.14768331,0.46752346,0.39236596,0.14768331,0.46752346
0.15,0.00213857,0.5056914,-0.10350189,-0.2511181,-0.28823784,-0.13069677,-0.6173436,-0.4531633,-0.14610787,0.45642585,0.52573913,-0.067274235,-0.08532694,-0.15651877,-0.36126548,-0.6840855,-0.19531004,0.26819196,-0.11203807,0.50546455,-0.10276171,-0.25299945,-0.28908157,-0.12965938,-0.61644244,-0.45457068,-0.14903851,0.45859784,0.50546455,-0.10276171,-0.25299945,-0.28908157,-0.12965938,-0.61644244,-0.45457068,-0.14903851,0.45859784,0.5286908,0.36870587,0.46517968,-0.45808715,0.8883781,-0.8638991,0.9192358,0.93618435,-0.9994567,0.39236596,0.14768331,0.46752346,0.39236596,0.14768331,0.46752346,0.39236596,0.14768331,0.46752346,0.39236596,0.14768331,0.46752346
0.2,0.00210468,0.5056914,-0.10350189,-0.2511181,-0.28823784,-0.13069677,-0.6173436,-0.4531633,-0.14610787,0.45642585,0.52573913,-0.067274235,-0.08532694,-0.15651877,-0.36126548,-0.6840855,-0.19531004,0.26819196,-0.11203807,0.50546455,-0.10276171,-0.25299945,-0.28908157,-0.12965938,-0.61644244,-0.45457068,-0.14903851,0.45859784,0.50546455,-0.10276171,-0.25299945,-0.28908157,-0.12965938,-0.61644244,-0.45457068,-0.14903851,0.45859784,0.5286908,0.36870587,0.46517968,-0.45808715,0.8883781,-0.8638991,0.9192358,0.93618435,-0.9994567,0.39236596,0.14768331,0.46752346,0.39236596,0.14768331,0.46752346,0.39236596,0.14768331,0.46752346,0.39236596,0.14768331,0.46752346
0.25,0.00215946,0.5056914,-0.10350189,-0.2511181,-0.28823784,-0.13069677,-0.6173436,-0.4531633,-0.14610787,0.45642585,0.52573913,-0.067274235,-0.08532694,-0.15651877,-0.36126548,-0.6840855,-0.19531004,0.26819196,-0.11203807,0.50546455,-0.10276171,-0.25299945,-0.28908157,-0.12965938,-0.61644244,-0.45457068,-0.14903851,0.45859784,0.50546455,-0.10276171,-0.25299945,-0.28908157,-0.12965938,-0.61644244,-0.45457068,-0.14903851,0.45859784,0.5286908,0.36870587,0.46517968,-0.45808715,0.8883781,-0.8638991,0.9192358,0.93618435,-0.9994567,0.39236596,0.14768331,0.46752346,0.39236596,0.14768331,0.46752346,0.39236596,0.14768331,0.46752346,0.39236596,0.14768331,0.46752346
0.3,0.00225887,0.5056914,-0.10350189,-0.2511181,-0.28823784,-0.13069677,-0.6173436,-0.4531633,-0.14610787,0.45642585,0.52573913,-0.067274235,-0.08532694,-0.15651877,-0.36126548,-0.6840855,-0.19531004,0.26819196,-0.11203807,0.50546455,-0.10276171,-0.25299945,-0.28908157,-0.12965938,-0.61644244,-0.45457068,-0.14903851,0.45859784,0.50546455,-0.10276171,-0.25299945,-0.28908157,-0.12965938,-0.61644244,-0.45457068,-0.14903851,0.45859784,0.5286908,0.36870587,0.46517968,-0.45808715,0.8883781,-0.8638991,0.9192358,0.93618435,-0.9994567,0.39236596,0.14768331,0.46752346,0.39236596,0.14768331,0.46752346,0.39236596,0.14768331,0.46752346,0.39236596,0.14768331,0.46752346
0.5,0.00271178,0.5056914,-0.10350189,-0.2511181,-0.28823784,-0.13069677,-0.6173436,-0.4531633,-0.14610787,0.45642585,0.52573913,-0.067274235,-0.08532694,-0.15651877,-0.36126548,-0.6840855,-0.19531004,0.26819196,-0.11203807,0.50546455,-0.10276171,-0.25299945,-0.28908157,-0.12965938,-0.61644244,-0.45457068,-0.14903851,0.45859784,0.50546455,-0.10276171,-0.25299945,-0.28908157,-0.12965938,-0.61644244,-0.45457068,-0.14903851,0.45859784,0.5286908,0.36870587,0.46517968,-0.45808715,0.8883781,-0.8638991,0.9192358,0.93618435,-0.9994567,0.39236596,0.14768331,0.46752346,0.39236596,0.14768331,0.46752346,0.39236596,0.14768331,0.46752346,0.39236596,0.14768331,0.46752346
0.15,8.22702e-05,0.5056914,-0.10350189,-0.2511181,-0.28823784,-0.13069677,-0.6173436,-0.4531633,-0.14610787,0.45642585,0.5056914,-0.10350189,-0.2511181,-0.28823784,-0.13069677,-0.6173436,-0.4531633,-0.14610787,0.45642585,0.50546455,-0.10276171,-0.25299945,-0.28908157,-0.12965938,-0.61644244,-0.45457068,-0.14903851,0.45859784,0.50546455,-0.10276171,-0.25299945,-0.28908157,-0.12965938,-0.61644244,-0.45457068,-0.14903851,0.45859784,0.41583347,0.1037504,0.122512214,-0.29403067,-0.057261284,-0.60282695,-0.103155755,0.13564026,-0.04802648,0.39236596,0.14768331,0.46752346,0.39236596,0.14768331,0.46752346,0.39236596,0.14768331,0.46752346,0.39236596,0.14768331,0.46752346
0.2,0.000149687,0.5056914,-0.10350189,-0.2511181,-0.28823784,-0.13069677,-0.6173436,-0.4531633,-0.14610787,0.45642585,0.5056914,-0.10350189,-0.2511181,-0.28823784,-0.13069677,-0.6173436,-0.4531633,-0.14610787,0.45642585,0.50546455,-0.10276171,-0.25299945,-0.28908157,-0.12965938,-0.61644244,-0.45457068,-0.14903851,0.45859784,0.50546455,-0.10276171,-0.25299945,-0.28908157,-0.12965938,-0.61644244,-0.45457068,-0.14903851,0.45859784,0.41583347,0.1037504,0.122512214,-0.29403067,-0.057261284,-0.60282695,-0.103155755,0.13564026,-0.04802648,0.39236596,0.14768331,0.46752346,0.39236596,0.14768331,0.46752346,0.39236596,0.14768331,0.46752346,0.39236596,0.14768331,0.46752346
0.25,0.000235863,0.5056914,-0.10350189,-0.2511181,-0.28823784,-0.13069677,-0.6173436,-0.4531633,-0.14610787,0.45642585,0.5056914,-0.10350189,-0.2511181,-0.28823784,-0.13069677,-0.6173436,-0.4531633,-0.14610787,0.45642585,0.50546455,-0.10276171,-0.25299945,-0.28908157,-0.12965938,-0.61644244,-0.45457068,-0.14903851,0.45859784,0.50546455,-0.10276171,-0.25299945,-0.28908157,-0.12965938,-0.61644244,-0.45457068,-0.14903851,0.45859784,0.41583347,0.1037504,0.122512214,-0.29403067,-0.057261284,-0.60282695,-0.103155755,0.13564026,-0.04802648,0.39236596,0.14768331,0.46752346,0.39236596,0.14768331,0.46752346,0.39236596,0.14768331,0.46752346,0.39236596,0.14768331,0.46752346
0.3,0.000349828,0.5056914,-0.10350189,-0.2511181,-0.28823784,-0.13069677,-0.6173436,-0.4531633,-0.14610787,0.45642585,0.5056914,-0.10350189,-0.2511181,-0.28823784,-0.13069677,-0.6173436,-0.4531633,-0.14610787,0.45642585,0.50546455,-0.10276171,-0.25299945,-0.28908157,-0.12965938,-0.61644244,-0.45457068,-0.14903851,0.45859784,0.50546455,-0.10276171,-0.25299945,-0.28908157,-0.12965938,-0.61644244,-0.45457068,-0.14903851,0.45859784,0.41583347,0.1037504,0.122512214,-0.29403067,-0.057261284,-0.60282695,-0.103155755,0.13564026,-0.04802648,0.39236596,0.14768331,0.46752346,0.39236596,0.14768331,0.46752346,0.39236596,0.14768331,0.46752346,0.39236596,0.14768331,0.46752346
0.5,0.00109966,0.5056914,-0.10350189,-0.2511181,-0.28823784,-0.13069677,-0.6173436,-0.4531633,-0.14610787,0.45642585,0.5056914,-0.10350189,-0.2511181,-0.28823784,-0.13069677,-0.6173436,-0.4531633,-0.14610787,0.45642585,0.50546455,-0.10276171,-0.25299945,-0.28908157,-0.12965938,-0.61644244,-0.45457068,-0.14903851,0.45859784,0.50546455,-0.10276171,-0.25299945,-0.28908157,-0.12965938,-0.61644244,-0.45457068,-0.14903851,0.45859784,0.41583347,0.1037504,0.122512214,-0.29403067,-0.057261284,-0.60282695,-0.103155755,0.13564026,-0.04802648,0.39236596,0.14768331,0.46752346,0.39236596,0.14768331,0.46752346,0.39236596,0.14768331,0.46752346,0.39236596,0.14768331,0.46752346
0.15,8.05127e-05,0.5056914,-0.10350189,-0.2511181,-0.28823784,-0.13069677,-0.6173436,-0.4531633,-0.14610787,0.45642585,0.5083248,-0.10332047,-0.23639053,-0.27668452,-0.14917316,-0.6251193,-0.43329516,-0.1099979,0.41513953,0.5083248,-0.10332047,-0.23639053,-0.27668452,-0.14917316,-0.6251193,-0.43329516,-0.1099979,0.41513953,0.50546455,-0.10276171,-0.25299945,-0.28908157,-0.12965938,-0.61644244,-0.45457068,-0.14903851,0.45859784,0.38284117,0.024731524,-0.060664415,-0.14853384,-0.03107334,-0.62592757,0.010152855,0.15737599,-0.2575971,0.39236596,0.14768331,0.46752346,0.39236596,0.14768331,0.46752346,0.39236596,0.14768331,0.46752346,0.39236596,0.14768331,0.46752346
0.2,0.00014897,0.5056914,-0.10350189,-0.2511181,-0.28823784,-0.13069677,-0.6173436,-0.4531633,-0.14610787,0.45642585,0.5083248,-0.10332047,-0.23639053,-0.27668452,-0.14917316,-0.6251193,-0.43329516,-0.1099979,0.41513953,0.5083248,-0.10332047,-0.23639053,-0.27668452,-0.14917316,-0.6251193,-0.43329516,-0.1099979,0.41513953,0.50546455,-0.10276171,-0.25299945,-0.28908157,-0.12965938,-0.61644244,-0.45457068,-0.14903851,0.45859784,0.38284117,0.024731524,-0.060664415,-0.14853384,-0.03107334,-0.62592757,0.010152855,0.15737599,-0.2575971,0.39236596,0.14768331,0.46752346,0.39236596,0.14768331,0.46752346,0.39236596,0.14768331,0.46752346,0.39236596,0.14768331,0.46752346
0.25,0.000239418,0.5056914,-0.10350189,-0.2511181,-0.28823784,-0.13069677,-0.6173436,-0.4531633,-0.14610787,0.45642585,0.5083248,-0.10332047,-0.23639053,-0.27668452,-0.14917316,-0.6251193,-0.43329516,-0.1099979,0.41513953,0.5083248,-0.10332047,-0.23639053,-0.27668452,-0.14917316,-0.6251193,-0.43329516,-0.1099979,0.41513953,0.50546455,-0.10276171,-0.25299945,-0.28908157,-0.12965938,-0.61644244,-0.45457068,-0.14903851,0.45859784,0.38284117,0.024731524,-0.060664415,-0.14853384,-0.03107334,-0.62592757,0.010152855,0.15737599,-0.2575971,0.39236596,0.14768331,0.46752346,0.39236596,0.14768331,0.46752346,0.39236596,0.14768331,0.46752346,0.39236596,0.14768331,0.46752346
0.3,0.000350774,0.5056914,-0.10350189,-0.2511181,-0.28823784,-0.13069677,-0.6173436,-0.4531633,-0.14610787,0.45642585,0.5083248,-0.10332047,-0.23639053,-0.27668452,-0.14917316,-0.6251193,-0.43329516,-0.1099979,0.41513953,0.5083248,-0.10332047,-0.23639053,-0.27668452,-0.14917316,-0.6251193,-0.43329516,-0.1099979,0.41513953,0.50546455,-0.10276171,-0.25299945,-0.28908157,-0.12965938,-0.61644244,-0.45457068,-0.14903851,0.45859784,0.38284117,0.024731524,-0.060664415,-0.14853384,-0.03107334,-0.62592757,0.010152855,0.15737599,-0.2575971,0.39236596,0.14768331,0.46752346,0.39236596,0.14768331,0.46752346,0.39236596,0.14768331,0.46752346,0.39236596,0.14768331,0.46752346
0.5,0.00115502,0.5056914,-0.10350189,-0.2511181,-0.28823784,-0.13069677,-0.6173436,-0.4531633,-0.14610787,0.45642585,0.5083248,-0.10332047,-0.23639053,-0.27668452,-0.14917316,-0.6251193,-0.43329516,-0.1099979,0.41513953,0.5083248,-0.10332047,-0.23639053,-0.27668452,-0.14917316,-0.6251193,-0.43329516,-0.1099979,0.41513953,0.50546455,-0.10276171,-0.25299945,-0.28908157,-0.12965938,-0.61644244,-0.45457068,-0.14903851,0.45859784,0.38284117,0.024731524,-0.060664415,-0.14853384,-0.03107334,-0.62592757,0.010152855,0.15737599,-0.2575971,0.39236596,0.14768331,0.46752346,0.39236596,0.14768331,0.46752346,0.39236596,0.14768331,0.46752346,0.39236596,0.14768331,0.46752346
0.15,7.99651e-05,0.5056914,-0.10350189,-0.2511181,-0.28823784,-0.13069677,-0.6173436,-0.4531633,-0.14610787,0.45642585,0.50779825,-0.10480617,-0.24151154,-0.28050599,-0.14202842,-0.622774,-0.44042575,-0.121844195,0.4308507,0.5012532,-0.08731782,-0.26436496,-0.2925528,-0.1364999,-0.61516106,-0.45419222,-0.14714013,0.44342914,0.50546455,-0.10276171,-0.25299945,-0.28908157,-0.12965938,-0.61644244,-0.45457068,-0.14903851,0.45859784,0.37737018,0.21843044,0.32520366,-0.26582286,0.01284177,-0.5886078,0.20456223,0.32035705,-0.38810527,0.39236596,0.14768331,0.46752346,0.39236596,0.14768331,0.46752346,0.39236596,0.14768331,0.46752346,0.39236596,0.14768331,0.46752346
0.2,0.000148525,0.5056914,-0.10350189,-0.2511181,-0.28823784,-0.13069677,-0.6173436,-0.4531633,-0.14610787,0.45642585,0.50779825,-0.10480617,-0.24151154,-0.28050599,-0.14202842,-0.622774,-0.44042575,-0.121844195,0.4308507,0.5012532,-0.08731782,-0.26436496,-0.2925528,-0.1364999,-0.61516106,-0.45419222,-0.14714013,0.44342914,0.50546455,-0.10276171,-0.25299945,-0.28908157,-0.12965938,-0.61644244,-0.45457068,-0.14903851,0.45859784,0.37737018,0.21843044,0.32520366,-0.26582286,0.01284177,-0.5886078,0.20456223,0.32035705,-0.38810527,0.39236596,0.14768331,0.46752346,0.39236596,0.14768331,0.46752346,0.39236596,0.14768331,0.46752346,0.39236596,0.14768331,0.46752346
0.25,0.000236837,0.5056914,-0.10350189,-0.2511181,-0.28823784,-0.13069677,-0.6173436,-0.4531633,-0.14610787,0.45642585,0.50779825,-0.10480617,-0.24151154,-0.28050599,-0.14202842,-0.622774,-0.44042575,-0.121844195,0.4308507,0.5012532,-0.08731782,-0.26436496,-0.2925528,-0.1364999,-0.61516106,-0.45419222,-0.14714013,0.44342914,0.50546455,-0.10276171,-0.25299945,-0.28908157,-0.12965938,-0.61644244,-0.45457068,-0.14903851,0.45859784,0.37737018,0.21843044,0.32520366,-0.26582286,0.01284177,-0.5886078,0.20456223,0.32035705,-0.38810527,0.39236596,0.14768331,0.46752346,0.39236596,0.14768331,0.46752346,0.39236596,0.14768331,0.46752346,0.39236596,0.14768331,0.46752346
0.3,0.000346205,0.5056914,-0.10350189,-0.2511181,-0.28823784,-0.13069677,-0.6173436,-0.4531633,-0.14610787,0.45642585,0.50779825,-0.10480617,-0.24151154,-0.28050599,-0.14202842,-0.622774,-0.44042575,-0.121844195,0.4308507,0.5012532,-0.08731782,-0.26436496,-0.2925528,-0.1364999,-0.61516106,-0.45419222,-0.14714013,0.44342914,0.50546455,-0.10276171,-0.25299945,-0.28908157,-0.12965938,-0.61644244,-0.45457068,-0.14903851,0.45859784,0.37737018,0.21843044,0.32520366,-0.26582286,0.01284177,-0.5886078,0.20456223,0.32035705,-0.38810527,0.39236596,0.14768331,0.46752346,0.39236596,0.14768331,0.46752346,0.39236596,0.14768331,0.46752346,0.39236596,0.14768331,0.46752346
0.5,0.00109913,0.5056914,-0.10350189,-0.2511181,-0.28823784,-0.13069677,-0.6173436,-0.4531633,-0.14610787,0.45642585,0.50779825,-0.10480617,-0.24151154,-0.28050599,-0.14202842,-0.622774,-0.44042575,-0.121844195,0.4308507,0.5012532,-0.08731782,-0.26436496,-0.2925528,-0.1364999,-0.61516106,-0.45419222,-0.14714013,0.44342914,0.50546455,-0.10276171,-0.25299945,-0.28908157,-0.12965938,-0.61644244,-0.45457068,-0.14903851,0.45859784,0.37737018,0.21843044,0.32520366,-0.26582286,0.01284177,-0.5886078,0.20456223,0.32035705,-0.38810527,0.39236596,0.14768331,0.46752346,0.39236596,0.14768331,0.46752346,0.39236596,0.14768331,0.46752346,0.39236596,0.14768331,0.46752346
0.15,8.08788e-05,0.5056914,-0.10350189,-0.2511181,-0.28823784,-0.13069677,-0.6173436,-0.4531633,-0.14610787,0.45642585,0.5073142,-0.10536224,-0.24489024,-0.28304064,-0.13724332,-0.6211857,-0.4448344,-0.13019781,0.44087687,0.5080569,-0.10401829,-0.23876967,-0.27845463,-0.14587162,-0.6240362,-0.4366069,-0.11545964,0.42242867,0.50546455,-0.10276171,-0.25299945,-0.28908157,-0.12965938,-0.61644244,-0.45457068,-0.14903851,0.45859784,0.40076473,0.0071763205,-0.07895037,-0.21429008,-0.07992108,-0.6172733,-0.12368141,0.083772205,-0.065104865,0.39236596,0.14768331,0.46752346,0.39236596,0.14768331,0.46752346,0.39236596,0.14768331,0.46752346,0.39236596,0.14768331,0.46752346
0.2,0.000149103,0.5056914,-0.10350189,-0.2511181,-0.28823784,-0.13069677,-0.6173436,-0.4531633,-0.14610787,0.45642585,0.5073142,-0.10536224,-0.24489024,-0.28304064,-0.13724332,-0.6211857,-0.4448344,-0.13019781,0.44087687,0.5080569,-0.10401829,-0.23876967,-0.27845463,-0.14587162,-0.6240362,-0.4366069,-0.11545964,0.42242867,0.50546455,-0.10276171,-0.25299945,-0.28908157,-0.12965938,-0.61644244,-0.45457068,-0.14903851,0.45859784,0.40076473,0.0071763205,-0.07895037,-0.21429008,-0.07992108,-0.6172733,-0.12368141,0.083772205,-0.065104865,0.39236596,0.14768331,0.46752346,0.39236596,0.14768331,0.46752346,0.39236596,0.14768331,0.46752346,0.39236596,0.14768331,0.46752346
0.25,0.00023668,0.5056914,-0.10350189,-0.2511181,-0.28823784,-0.13069677,-0.6173436,-0.4531633,-0.14610787,0.45642585,0.5073142,-0.10536224,-0.24489024,-0.28304064,-0.13724332,-0.6211857,-0.4448344,-0.13019781,0.44087687,0.5080569,-0.10401829,-0.23876967,-0.27845463,-0.14587162,-0.6240362,-0.4366069,-0.11545964,0.42242867,0.50546455,-0.10276171,-0.25299945,-0.28908157,-0.12965938,-0.61644244,-0.45457068,-0.14903851,0.45859784,0.40076473,0.0071763205,-0.07895037,-0.21429008,-0.07992108,-0.6172733,-0.12368141,0.083772205,-0.065104865,0.39236596,0.14768331,0.46752346,0.39236596,0.14768331,0.46752346,0.39236596,0.14768331,0.46752346,0.39236596,0.14768331,0.46752346
0.3,0.000347589,0.5056914,-0.10350189,-0.2511181,-0.28823784,-0.13069677,-0.6173436,-0.4531633,-0.14610787,0.45642585,0.5073142,-0.10536224,-0.24489024,-0.28304064,-0.13724332,-0.6211857,-0.4448344,-0.13019781,0.44087687,0.5080569,-0.10401829,-0.23876967,-0.27845463,-0.14587162,-0.6240362,-0.4366069,-0.11545964,0.42242867,0.50546455,-0.10276171,-0.25299945,-0.28908157,-0.12965938,-0.61644244,-0.45457068,-0.14903851,0.45859784,0.40076473,0.0071763205,-0.07895037,-0.21429008,-0.07992108,-0.6172733,-0.12368141,0.083772205,-0.065104865,0.39236596,0.14768331,0.46752346,0.39236596,0.14768331,0.46752346,0.39236596,0.14768331,0.46752346,0.39236596,0.14768331,0.46752346
0.5,0.00117216,0.5056914,-0.10350189,-0.2511181,-0.28823784,-0.13069677,-0.6173436,-0.4531633,-0.14610787,0.45642585,0.5073142,-0.10536224,-0.24489024,-0.28304064,-0.13724332,-0.6211857,-0.4448344,-0.13019781,0.44087687,0.5080569,-0.10401829,-0.23876967,-0.27845463,-0.14587162,-0.6240362,-0.4366069,-0.11545964,0.42242867,0.50546455,-0.10276171,-0.25299945,-0.28908157,-0.12965938,-0.61644244,-0.45457068,-0.14903851,0.45859784,0.40076473,0.0071763205,-0.07895037,-0.21429008,-0.07992108,-0.6172733,-0.12368141,0.083772205,-0.065104865,0.39236596,0.14768331,0.46752346,0.39236596,0.14768331,0.46752346,0.39236596,0.14768331,0.46752346,0.39236596,0.14768331,0.46752346
0.15,8.77571e-05,0.5056914,-0.10350189,-0.2511181,-0.28823784,-0.13069677,-0.6173436,-0.4531633,-0.14610787,0.45642585,0.51012474,-0.1006514,-0.22244263,-0.26653334,-0.16672418,-0.6308228,-0.414663,-0.0794807,0.37533078,0.5083248,-0.10332047,-0.23639053,-0.27668452,-0.14917316,-0.6251193,-0.43329516,-0.1099979,0.41513953,0.50546455,-0.10276171,-0.25299945,-0.28908157,-0.12965938,-0.61644244,-0.45457068,-0.14903851,0.45859784,0.37896797,0.0802931,0.01641564,-0.08287922,0.05058022,-0.6379539,0.23179565,0.2614572,-0.52783585,0.39236596,0.14768331,0.46752346,0.39236596,0.14768331,0.46752346,0.39236596,0.14768331,0.46752346,0.39236596,0.14768331,0.46752346
0.2,0.000145349,0.5056914,-0.10350189,-0.2511181,-0.28823784,-0.13069677,-0.6173436,-0.4531633,-0.14610787,0.45642585,0.51012474,-0.1006514,-0.22244263,-0.26653334,-0.16672418,-0.6308228,-0.414663,-0.0794807,0.37533078,0.5083248,-0.10332047,-0.23639053,-0.27668452,-0.14917316,-0.6251193,-0.43329516,-0.1099979,0.41513953,0.50546455,-0.10276171,-0.25299945,-0.28908157,-0.12965938,-0.61644244,-0.45457068,-0.14903851,0.45859784,0.37896797,0.0802931,0.01641564,-0.08287922,0.05058022,-0.6379539,0.23179565,0.2614572,-0.52783585,0.39236596,0.14768331,0.46752346,0.39236596,0.14768331,0.46752346,0.39236596,0.14768331,0.46752346,0.39236596,0.14768331,0.46752346
0.25,0.000239309,0.5056914,-0.10350189,-0.2511181,-0.28823784,-0.13069677,-0.6173436,-0.4531633,-0.14610787,0.45642585,0.51012474,-0.1006514,-0.22244263,-0.26653334,-0.16672418,-0.6308228,-0.414663,-0.0794807,0.37533078,0.5083248,-0.10332047,-0.23639053,-0.27668452,-0.14917316,-0.6251193,-0.43329516,-0.1099979,0.41513953,0.50546455,-0.10276171,-0.25299945,-0.28908157,-0.12965938,-0.61644244,-0.45457068,-0.14903851,0.45859784,0.37896797,0.0802931,0.01641564,-0.08287922,0.05058022,-0.6379539,0.23179565,0.2614572,-0.52783585,0.39236596,0.14768331,0.46752346,0.39236596,0.14768331,0.46752346,0.39236596,0.14768331,0.46752346,0.39236596,0.14768331,0.46752346
0.3,0.000348485,0.5056914,-0.10350189,-0.2511181,-0.28823784,-0.13069677,-0.6173436,-0.4531633,-0.14610787,0.45642585,0.51012474,-0.1006514,-0.22244263,-0.26653334,-0.16672418,-0.6308228,-0.414663,-0.0794807,0.37533078,0.5083248,-0.10332047,-0.23639053,-0.27668452,-0.14917316,-0.6251193,-0.43329516,-0.1099979,0.41513953,0.50546455,-0.10276171,-0.25299945,-0.28908157,-0.12965938,-0.61644244,-0.45457068,-0.14903851,0.45859784,0.37896797,0.0802931,0.01641564,-0.08287922,0.05058022,-0.6379539,0.23179565,0.2614572,-0.52783585,0.39236596,0.14768331,0.46752346,0.39236596,0.14768331,0.46752346,0.39236596,0.14768331,0.46752346,0.39236596,0.14768331,0.46752346
0.5,0.00110449,0.5056914,-0.10350189,-0.2511181,-0.28823784,-0.13069677,-0.6173436,-0.4531633,-0.14610787,0.45642585,0.51012474,-0.1006514,-0.22244263,-0.26653334,-0.16672418,-0.6308228,-0.414663,-0.0794807,0.37533078,0.5083248,-0.10332047,-0.23639053,-0.27668452,-0.14917316,-0.6251193,-0.43329516,-0.1099979,0.41513953,0.50546455,-0.10276171,-0.25299945,-0.28908157,-0.12965938,-0.61644244,-0.45457068,-0.14903851,0.45859784,0.37896797,0.0802931,0.01641564,-0.08287922,0.05058022,-0.6379539,0.23179565,0.2614572,-0.52783585,0.39236596,0.14768331,0.46752346,0.39236596,0.14768331,0.46752346,0.39236596,0.14768331,0.46752346,0.39236596,0.14768331,0.46752346
0.15,0.000127454,0.50560427,-0.103159994,-0.2520906,-0.28870794,-0.13012162,-0.6168966,-0.45390615,-0.14762121,0.457607,0.5083248,-0.10332047,-0.23639053,-0.27668452,-0.14917316,-0.6251193,-0.43329516,-0.1099979,0.41513953,0.50546455,-0.10276171,-0.25299945,-0.28908157,-0.12965938,-0.61644244,-0.45457068,-0.14903851,0.45859784,0.50546455,-0.10276171,-0.25299945,-0.28908157,-0.12965938,-0.61644244,-0.45457068,-0.14903851,0.45859784,0.4348675,0.23636009,0.41728684,-0.27773932,0.2098953,-0.52111965,0.30149376,0.3510236,-0.3719411,0.39236596,0.14768331,0.46752346,0.39236596,0.14768331,0.46752346,0.39236596,0.14768331,0.46752346,0.39236596,0.14768331,0.46752346
0.3,0.000342455,0.50560427,-0.103159994,-0.2520906,-0.28870794,-0.13012162,-0.6168966,-0.45390615,-0.14762121,0.457607,0.5083248,-0.10332047,-0.23639053,-0.27668452,-0.14917316,-0.6251193,-0.43329516,-0.1099979,0.41513953,0.50546455,-0.10276171,-0.25299945,-0.28908157,-0.12965938,-0.61644244,-0.45457068,-0.14903851,0.45859784,0.50546455,-0.10276171,-0.25299945,-0.28908157,-0.12965938,-0.61644244,-0.45457068,-0.14903851,0.45859784,0.4348675,0.23636009,0.41728684,-0.27773932,0.2098953,-0.52111965,0.30149376,0.3510236,-0.3719411,0.39236596,0.14768331,0.46752346,0.39236596,0.14768331,0.46752346,0.39236596,0.14768331,0.46752346,0.39236596,0.14768331,0.46752346
0.5,0.00107612,0.50560427,-0.103159994,-0.2520906,-0.28870794,-0.13012162,-0.6168966,-0.45390615,-0.14762121,0.457607,0.5083248,-0.10332047,-0.23639053,-0.27668452,-0.14917316,-0.6251193,-0.43329516,-0.1099979,0.41513953,0.50546455,-0.10276171,-0.25299945,-0.28908157,-0.12965938,-0.61644244,-0.45457068,-0.14903851,0.45859784,0.50546455,-0.10276171,-0.25299945,-0.28908157,-0.12965938,-0.61644244,-0.45457068,-0.14903851,0.45859784,0.4348675,0.23636009,0.41728684,-0.27773932,0.2098953,-0.52111965,0.30149376,0.3510236,-0.3719411,0.39236596,0.14768331,0.46752346,0.39236596,0.14768331,0.46752346,0.39236596,0.14768331,0.46752346,0.39236596,0.14768331,0.46752346
0.75,0.00276828,0.50560427,-0.103159994,-0.2520906,-0.28870794,-0.13012162,-0.6168966,-0.45390615,-0.14762121,0.457607,0.5083248,-0.10332047,-0.23639053,-0.27668452,-0.14917316,-0.6251193,-0.43329516,-0.1099979,0.41513953,0.50546455,-0.10276171,-0.25299945,-0.28908157,-0.12965938,-0.61644244,-0.45457068,-0.14903851,0.45859784,0.50546455,-0.10276171,-0.25299945,-0.28908157,-0.12965938,-0.61644244,-0.45457068,-0.14903851,0.45859784,0.4348675,0.23636009,0.41728684,-0.27773932,0.2098953,-0.52111965,0.30149376,0.3510236,-0.3719411,0.39236596,0.14768331,0.46752346,0.39236596,0.14768331,0.46752346,0.39236596,0.14768331,0.46752346,0.39236596,0.14768331,0.46752346
1.0,0.00570839,0.50560427,-0.103159994,-0.2520906,-0.28870794,-0.13012162,-0.6168966,-0.45390615,-0.14762121,0.457607,0.5083248,-0.10332047,-0.23639053,-0.27668452,-0.14917316,-0.6251193,-0.43329516,-0.1099979,0.41513953,0.50546455,-0.10276171,-0.25299945,-0.28908157,-0.12965938,-0.61644244,-0.45457068,-0.14903851,0.45859784,0.50546455,-0.10276171,-0.25299945,-0.28908157,-0.12965938,-0.61644244,-0.45457068,-0.14903851,0.45859784,0.4348675,0.23636009,0.41728684,-0.27773932,0.2098953,-0.52111965,0.30149376,0.3510236,-0.3719411,0.39236596,0.14768331,0.46752346,0.39236596,0.14768331,0.46752346,0.39236596,0.14768331,0.46752346,0.39236596,0.14768331,0.46752346
0.3,0.000340357,0.50560427,-0.103159994,-0.2520906,-0.28870794,-0.13012162,-0.6168966,-0.45390615,-0.14762121,0.457607,0.5083248,-0.10332047,-0.23639053,-0.27668452,-0.14917316,-0.6251193,-0.43329516,-0.1099979,0.41513953,0.50546455,-0.10276171,-0.25299945,-0.28908157,-0.12965938,-0.61644244,-0.45457068,-0.14903851,0.45859784,0.50560427,-0.103159994,-0.2520906,-0.28870794,-0.13012162,-0.6168966,-0.45390615,-0.14762121,0.457607,0.43490905,0.23043771,0.41023842,-0.27823716,0.20583345,-0.51961124,0.2884747,0.34417284,-0.35528925,0.39236596,0.14768331,0.46752346,0.39236596,0.14768331,0.46752346,0.39236596,0.14768331,0.46752346,0.39236596,0.14768331,0.46752346
0.4,0.000652184,0.50560427,-0.103159994,-0.2520906,-0.28870794,-0.13012162,-0.6168966,-0.45390615,-0.14762121,0.457607,0.5083248,-0.10332047,-0.23639053,-0.27668452,-0.14917316,-0.6251193,-0.43329516,-0.1099979,0.41513953,0.50546455,-0.10276171,-0.25299945,-0.28908157,-0.12965938,-0.61644244,-0.45457068,-0.14903851,0.45859784,0.50560427,-0.103159994,-0.2520906,-0.28870794,-0.13012162,-0.6168966,-0.45390615,-0.14762121,0.457607,0.43490905,0.23043771,0.41023842,-0.27823716,0.20583345,-0.51961124,0.2884747,0.34417284,-0.35528925,0.39236596,0.14768331,0.46752346,0.39236596,0.14768331,0.46752346,0.39236596,0.14768331,0.46752346,0.39236596,0.14768331,0.46752346
0.5,0.00107576,0.50560427,-0.103159994,-0.2520906,-0.28870794,-0.13012162,-0.6168966,-0.45390615,-0.14762121,0.457607,0.5083248,-0.10332047,-0.23639053,-0.27668452,-0.14917316,-0.6251193,-0.43329516,-0.1099979,0.41513953,0.50546455,-0.10276171,-0.25299945,-0.28908157,-0.12965938,-0.61644244,-0.45457068,-0.14903851,0.45859784,0.50560427,-0.103159994,-0.2520906,-0.28870794,-0.13012162,-0.6168966,-0.45390615,-0.14762121,0.457607,0.43490905,0.23043771,0.41023842,-0.27823716,0.20583345,-0.51961124,0.2884747,0.34417284,-0.35528925,0.39236596,0.14768331,0.46752346,0.39236596,0.14768331,0.46752346,0.39236596,0.14768331,0.46752346,0.39236596,0.14768331,0.46752346
0.75,0.00277558,0.50560427,-0.103159994,-0.2520906,-0.28870794,-0.13012162,-0.6168966,-0.45390615,-0.14762121,0.457607,0.5083248,-0.10332047,-0.23639053,-0.27668452,-0.14917316,-0.6251193,-0.43329516,-0.1099979,0.41513953,0.50546455,-0.10276171,-0.25299945,-0.28908157,-0.12965938,-0.61644244,-0.45457068,-0.14903851,0.45859784,0.50560427,-0.103159994,-0.2520906,-0.28870794,-0.13012162,-0.6168966,-0.45390615,-0.14762121,0.457607,0.43490905,0.23043771,0.41023842,-0.27823716,0.20583345,-0.51961124,0.2884747,0.34417284,-0.35528925,0.39236596,0.14768331,0.46752346,0.39236596,0.14768331,0.46752346,0.39236596,0.14768331,0.46752346,0.39236596,0.14768331,0.46752346
1.0,0.00583812,0.50560427,-0.103159994,-0.2520906,-0.28870794,-0.13012162,-0.6168966,-0.45390615,-0.14762121,0.457607,0.5083248,-0.10332047,-0.23639053,-0.27668452,-0.14917316,-0.6251193,-0.43329516,-0.1099979,0.41513953,0.50546455,-0.10276171,-0.25299945,-0.28908157,-0.12965938,-0.61644244,-0.45457068,-0.14903851,0.45859784,0.50560427,-0.103159994,-0.2520906,-0.28870794,-0.13012162,-0.6168966,-0.45390615,-0.14762121,0.457607,0.43490905,0.23043771,0.41023842,-0.27823716,0.20583345,-0.51961124,0.2884747,0.34417284,-0.35528925,0.39236596,0.14768331,0.46752346,0.39236596,0.14768331,0.46752346,0.39236596,0.14768331,0.46752346,0.39236596,0.14768331,0.46752346
0.3,0.00679067,0.50560427,-0.103159994,-0.2520906,-0.28870794,-0.13012162,-0.6168966,-0.45390615,-0.14762121,0.457607,0.52573913,-0.067274235,-0.08532694,-0.15651877,-0.36126548,-0.6840855,-0.19531004,0.26819196,-0.11203807,0.50546455,-0.10276171,-0.25299945,-0.28908157,-0.12965938,-0.61644244,-0.45457068,-0.14903851,0.45859784,0.50546455,-0.10276171,-0.25299945,-0.28908157,-0.12965938,-0.61644244,-0.45457068,-0.14903851,0.45859784,0.78825885,0.65848386,0.85366243,-0.429931,0.9637766,-0.8154166,0.9714092,0.9634109,-0.99947584,0.39236596,0.14768331,0.46752346,0.39236596,0.14768331,0.46752346,0.39236596,0.14768331,0.46752346,0.39236596,0.14768331,0.46752346
0.4,0.00687581,0.50560427,-0.103159994,-0.2520906,-0.28870794,-0.13012162,-0.6168966,-0.45390615,-0.14762121,0.457607,0.52573913,-0.067274235,-0.08532694,-0.15651877,-0.36126548,-0.6840855,-0.19531004,0.26819196,-0.11203807,0.50546455,-0.10276171,-0.25299945,-0.28908157,-0.12965938,-0.61644244,-0.45457068,-0.14903851,0.45859784,0.50546455,-0.10276171,-0.25299945,-0.28908157,-0.12965938,-0.61644244,-0.45457068,-0.14903851,0.45859784,0.78825885,0.65848386,0.85366243,-0.429931,0.9637766,-0.8154166,0.9714092,0.9634109,-0.99947584,0.39236596,0.14768331,0.46752346,0.39236596,0.14768331,0.46752346,0.39236596,0.14768331,0.46752346,0.39236596,0.14768331,0.46752346
0.5,0.00731197,0.50560427,-0.103159994,-0.2520906,-0.28870794,-0.13012162,-0.6168966,-0.45390615,-0.14762121,0.457607,0.52573913,-0.067274235,-0.08532694,-0.15651877,-0.36126548,-0.6840855,-0.19531004,0.26819196,-0.11203807,0.50546455,-0.10276171,-0.25299945,-0.28908157,-0.12965938,-0.61644244,-0.45457068,-0.14903851,0.45859784,0.50546455,-0.10276171,-0.25299945,-0.28908157,-0.12965938,-0.61644244,-0.45457068,-0.14903851,0.45859784,0.78825885,0.65848386,0.85366243,-0.429931,0.9637766,-0.8154166,0.9714092,0.9634109,-0.99947584,0.39236596,0.14768331,0.46752346,0.39236596,0.14768331,0.46752346,0.39236596,0.14768331,0.46752346,0.39236596,0.14768331,0.46752346
0.75,0.00839735,0.50560427,-0.103159994,-0.2520906,-0.28870794,-0.13012162,-0.6168966,-0.45390615,-0.14762121,0.457607,0.52573913,-0.067274235,-0.08532694,-0.15651877,-0.36126548,-0.6840855,-0.19531004,0.26819196,-0.11203807,0.50546455,-0.10276171,-0.25299945,-0.28908157,-0.12965938,-0.61644244,-0.45457068,-0.14903851,0.45859784,0.50546455,-0.10276171,-0.25299945,-0.28908157,-0.12965938,-0.61644244,-0.45457068,-0.14903851,0.45859784,0.78825885,0.65848386,0.85366243,-0.429931,0.9637766,-0.8154166,0.9714092,0.9634109,-0.99947584,0.39236596,0.14768331,0.46752346,0.39236596,0.14768331,0.46752346,0.39236596,0.14768331,0.46752346,0.39236596,0.14768331,0.46752346
1.0,0.010471,0.50560427,-0.103159994,-0.2520906,-0.28870794,-0.13012162,-0.6168966,-0.45390615,-0.14762121,0.457607,0.52573913,-0.067274235,-0.08532694,-0.15651877,-0.36126548,-0.6840855,-0.19531004,0.26819196,-0.11203807,0.50546455,-0.10276171,-0.25299945,-0.28908157,-0.12965938,-0.61644244,-0.45457068,-0.14903851,0.45859784,0.50546455,-0.10276171,-0.25299945,-0.28908157,-0.12965938,-0.61644244,-0.45457068,-0.14903851,0.45859784,0.78825885,0.65848386,0.85366243,-0.429931,0.9637766,-0.8154166,0.9714092,0.9634109,-0.99947584,0.39236596,0.14768331,0.46752346,0.39236596,0.14768331,0.46752346,0.39236596,0.14768331,0.46752346,0.39236596,0.14768331,0.46752346
0.3,0.000350609,0.50560427,-0.103159994,-0.2520906,-0.28870794,-0.13012162,-0.6168966,-0.45390615,-0.14762121,0.457607,0.5056914,-0.10350189,-0.2511181,-0.28823784,-0.13069677,-0.6173436,-0.4531633,-0.14610787,0.45642585,0.50546455,-0.10276171,-0.25299945,-0.28908157,-0.12965938,-0.61644244,-0.45457068,-0.14903851,0.45859784,0.50546455,-0.10276171,-0.25299945,-0.28908157,-0.12965938,-0.61644244,-0.45457068,-0.14903851,0.45859784,0.4537871,0.14635836,0.27808312,-0.36396414,0.15007436,-0.5121536,0.049149934,0.18638045,-0.091547996,0.39236596,0.14768331,0.46752346,0.39236596,0.14768331,0.46752346,0.39236596,0.14768331,0.46752346,0.39236596,0.14768331,0.46752346
0.4,0.000662756,0.50560427,-0.103159994,-0.2520906,-0.28870794,-0.13012162,-0.6168966,-0.45390615,-0.14762121,0.457607,0.5056914,-0.10350189,-0.2511181,-0.28823784,-0.13069677,-0.6173436,-0.4531633,-0.14610787,0.45642585,0.50546455,-0.10276171,-0.25299945,-0.28908157,-0.12965938,-0.61644244,-0.45457068,-0.14903851,0.45859784,0.50546455,-0.10276171,-0.25299945,-0.28908157,-0.12965938,-0.61644244,-0.45457068,-0.14903851,0.45859784,0.4537871,0.14635836,0.27808312,-0.36396414,0.15007436,-0.5121536,0.049149934,0.18638045,-0.091547996,0.39236596,0.14768331,0.46752346,0.39236596,0.14768331,0.46752346,0.39236596,0.14768331,0.46752346,0.39236596,0.14768331,0.46752346
0.5,0.00110219,0.50560427,-0.103159994,-0.2520906,-0.28870794,-0.13012162,-0.6168966,-0.45390615,-0.14762121,0.457607,0.5056914,-0.10350189,-0.2511181,-0.28823784,-0.13069677,-0.6173436,-0.4531633,-0.14610787,0.45642585,0.50546455,-0.10276171,-0.25299945,-0.28908157,-0.12965938,-0.61644244,-0.45457068,-0.14903851,0.45859784,0.50546455,-0.10276171,-0.25299945,-0.28908157,-0.12965938,-0.61644244,-0.45457068,-0.14903851,0.45859784,0.4537871,0.14635836,0.27808312,-0.36396414,0.15007436,-0.5121536,0.049149934,0.18638045,-0.091547996,0.39236596,0.14768331,0.46752346,0.39236596,0.14768331,0.46752346,0.39236596,0.14768331,0.46752346,0.39236596,0.14768331,0.46752346
0.75,0.00294398,0.50560427,-0.103159994,-0.2520906,-0.28870794,-0.13012162,-0.6168966,-0.45390615,-0.14762121,0.457607,0.5056914,-0.10350189,-0.2511181,-0.28823784,-0.13069677,-0.6173436,-0.4531633,-0.14610787,0.45642585,0.50546455,-0.10276171,-0.25299945,-0.28908157,-0.12965938,-0.61644244,-0.45457068,-0.14903851,0.45859784,0.50546455,-0.10276171,-0.25299945,-0.28908157,-0.12965938,-0.61644244,-0.45457068,-0.14903851,0.45859784,0.4537871,0.14635836,0.27808312,-0.36396414,0.15007436,-0.5121536,0.049149934,0.18638045,-0.091547996,0.39236596,0.14768331,0.46752346,0.39236596,0.14768331,0.46752346,0.39236596,0.14768331,0.46752346,0.39236596,0.14768331,0.46752346
1.0,0.00603749,0.50560427,-0.103159994,-0.2520906,-0.28870794,-0.13012162,-0.6168966,-0.45390615,-0.14762121,0.457607,0.5056914,-0.10350189,-0.2511181,-0.28823784,-0.13069677,-0.6173436,-0.4531633,-0.14610787,0.45642585,0.50546455,-0.10276171,-0.25299945,-0.28908157,-0.12965938,-0.61644244,-0.45457068,-0.14903851,0.45859784,0.50546455,-0.10276171,-0.25299945,-0.28908157,-0.12965938,-0.61644244,-0.45457068,-0.14903851,0.45859784,0.4537871,0.14635836,0.27808312,-0.36396414,0.15007436,-0.5121536,0.049149934,0.18638045,-0.091547996,0.39236596,0.14768331,0.46752346,0.39236596,0.14768331,0.46752346,0.39236596,0.14768331,0.46752346,0.39236596,0.14768331,0.46752346
0.3,0.000338875,0.50560427,-0.103159994,-0.2520906,-0.28870794,-0.13012162,-0.6168966,-0.45390615,-0.14762121,0.457607,0.5083248,-0.10332047,-0.23639053,-0.27668452,-0.14917316,-0.6251193,-0.43329516,-0.1099979,0.41513953,0.5083248,-0.10332047,-0.23639053,-0.27668452,-0.14917316,-0.6251193,-0.43329516,-0.1099979,0.41513953,0.50546455,-0.10276171,-0.25299945,-0.28908157,-0.12965938,-0.61644244,-0.45457068,-0.14903851,0.45859784,0.4548399,0.038664296,-0.006187017,-0.17373914,0.06702771,-0.61248803,0.013454728,0.112371124,-0.2231513,0.39236596,0.14768331,0.46752346,0.39236596,0.14768331,0.46752346,0.39236596,0.14768331,0.46752346,0.39236596,0.14768331,0.46752346
0.4,0.000666639,0.50560427,-0.103159994,-0.2520906,-0.28870794,-0.13012162,-0.6168966,-0.45390615,-0.14762121,0.457607,0.5083248,-0.10332047,-0.23639053,-0.27668452,-0.14917316,-0.6251193,-0.43329516,-0.1099979,0.41513953,0.5083248,-0.10332047,-0.23639053,-0.27668452,-0.14917316,-0.6251193,-0.43329516,-0.1099979,0.41513953,0.50546455,-0.10276171,-0.25299945,-0.28908157,-0.12965938,-0.61644244,-0.45457068,-0.14903851,0.45859784,0.4548399,0.038664296,-0.006187017,-0.17373914,0.06702771,-0.61248803,0.013454728,0.112371124,-0.2231513,0.39236596,0.14768331,0.46752346,0.39236596,0.14768331,0.46752346,0.39236596,0.14768331,0.46752346,0.39236596,0.14768331,0.46752346
0.5,0.00106312,0.50560427,-0.103159994,-0.2520906,-0.28870794,-0.13012162,-0.6168966,-0.45390615,-0.14762121,0.457607,0.5083248,-0.10332047,-0.23639053,-0.27668452,-0.14917316,-0.6251193,-0.43329516,-0.1099979,0.41513953,0.5083248,-0.10332047,-0.23639053,-0.27668452,-0.14917316,-0.6251193,-0.43329516,-0.1099979,0.41513953,0.50546455,-0.10276171,-0.25299945,-0.28908157,-0.12965938,-0.61644244,-0.45457068,-0.14903851,0.45859784,0.4548399,0.038664296,-0.006187017,-0.17373914,0.06702771,-0.61248803,0.013454728,0.112371124,-0.2231513,0.39236596,0.14768331,0.46752346,0.39236596,0.14768331,0.46752346,0.39236596,0.14768331,0.46752346,0.39236596,0.14768331,0.46752346
0.75,0.00286181,0.50560427,-0.103159994,-0.2520906,-0.28870794,-0.13012162,-0.6168966,-0.45390615,-0.14762121,0.457607,0.5083248,-0.10332047,-0.23639053,-0.27668452,-0.14917316,-0.6251193,-0.43329516,-0.1099979,0.41513953,0.5083248,-0.10332047,-0.23639053,-0.27668452,-0.14917316,-0.6251193,-0.43329516,-0.1099979,0.41513953,0.50546455,-0.10276171,-0.25299945,-0.28908157,-0.12965938,-0.61644244,-0.45457068,-0.14903851,0.45859784,0.4548399,0.038664296,-0.006187017,-0.17373914,0.06702771,-0.61248803,0.013454728,0.112371124,-0.2231513,0.39236596,0.14768331,0.46752346,0.39236596,0.14768331,0.46752346,0.39236596,0.14768331,0.46752346,0.39236596,0.14768331,0.46752346
1.0,0.00582165,0.50560427,-0.103159994,-0.2520906,-0.28870794,-0.13012162,-0.6168966,-0.45390615,-0.14762121,0.457607,0.5083248,-0.10332047,-0.23639053,-0.27668452,-0.14917316,-0.6251193,-0.43329516,-0.1099979,0.41513953,0.5083248,-0.10332047,-0.23639053,-0.27668452,-0.14917316,-0.6251193,-0.43329516,-0.1099979,0.41513953,0.50546455,-0.10276171,-0.25299945,-0.28908157,-0.12965938,-0.61644244,-0.45457068,-0.14903851,0.45859784,0.4548399,0.038664296,-0.006187017,-0.17373914,0.06702771,-0.61248803,0.013454728,0.112371124,-0.2231513,0.39236596,0.14768331,0.46752346,0.39236596,0.14768331,0.46752346,0.39236596,0.14768331,0.46752346,0.39236596,0.14768331,0.46752346
0.3,0.000338965,0.50560427,-0.103159994,-0.2520906,-0.28870794,-0.13012162,-0.6168966,-0.45390615,-0.14762121,0.457607,0.50779825,-0.10480617,-0.24151154,-0.28050599,-0.14202842,-0.622774,-0.44042575,-0.121844195,0.4308507,0.5012532,-0.08731782,-0.26436496,-0.2925528,-0.1364999,-0.61516106,-0.45419222,-0.14714013,0.44342914,0.50546455,-0.10276171,-0.25299945,-0.28908157,-0.12965938,-0.61644244,-0.45457068,-0.14903851,0.45859784,0.44358116,0.37919617,0.5586126,-0.35373998,0.222399,-0.4680395,0.46389174,0.49174815,-0.57949895,0.39236596,0.14768331,0.46752346,0.39236596,0.14768331,0.46752346,0.39236596,0.14768331,0.46752346,0.39236596,0.14768331,0.46752346
0.4,0.000663812,0.50560427,-0.103159994,-0.2520906,-0.28870794,-0.13012162,-0.6168966,-0.45390615,-0.14762121,0.457607,0.50779825,-0.10480617,-0.24151154,-0.28050599,-0.14202842,-0.622774,-0.44042575,-0.121844195,0.4308507,0.5012532,-0.08731782,-0.26436496,-0.2925528,-0.1364999,-0.61516106,-0.45419222,-0.14714013,0.44342914,0.50546455,-0.10276171,-0.25299945,-0.28908157,-0.12965938,-0.61644244,-0.45457068,-0.14903851,0.45859784,0.44358116,0.37919617,0.5586126,-0.35373998,0.222399,-0.4680395,0.46389174,0.49174815,-0.57949895,0.39236596,0.14768331,0.46752346,0.39236596,0.14768331,0.46752346,0.39236596,0.14768331,0.46752346,0.39236596,0.14768331,0.46752346
0.5,0.0010832,0.50560427,-0.103159994,-0.2520906,-0.28870794,-0.13012162,-0.6168966,-0.45390615,-0.14762121,0.457607,0.50779825,-0.10480617,-0.24151154,-0.28050599,-0.14202842,-0.622774,-0.44042575,-0.121844195,0.4308507,0.5012532,-0.08731782,-0.26436496,-0.2925528,-0.1364999,-0.61516106,-0.45419222,-0.14714013,0.44342914,0.50546455,-0.10276171,-0.25299945,-0.28908157,-0.12965938,-0.61644244,-0.45457068,-0.14903851,0.45859784,0.44358116,0.37919617,0.5586126,-0.35373998,0.222399,-0.4680395,0.46389174,0.49174815,-0.57949895,0.39236596,0.14768331,0.46752346,0.39236596,0.14768331,0.46752346,0.39236596,0.14768331,0.46752346,0.39236596,0.14768331,0.46752346
0.75,0.00289901,0.50560427,-0.103159994,-0.2520906,-0.28870794,-0.13012162,-0.6168966,-0.45390615,-0.14762121,0.457607,0.50779825,-0.10480617,-0.24151154,-0.28050599,-0.14202842,-0.622774,-0.44042575,-0.121844195,0.4308507,0.5012532,-0.08731782,-0.26436496,-0.2925528,-0.1364999,-0.61516106,-0.45419222,-0.14714013,0.44342914,0.50546455,-0.10276171,-0.25299945,-0.28908157,-0.12965938,-0.61644244,-0.45457068,-0.14903851,0.45859784,0.44358116,0.37919617,0.5586126,-0.35373998,0.222399,-0.4680395,0.46389174,0.49174815,-0.57949895,0.39236596,0.14768331,0.46752346,0.39236596,0.14768331,0.46752346,0.39236596,0.14768331,0.46752346,0.39236596,0.14768331,0.46752346
1.0,0.00577053,0.50560427,-0.103159994,-0.2520906,-0.28870794,-0.13012162,-0.6168966,-0.45390615,-0.14762121,0.457607,0.50779825,-0.10480617,-0.24151154,-0.28050599,-0.14202842,-0.622774,-0.44042575,-0.121844195,0.4308507,0.5012532,-0.08731782,-0.26436496,-0.2925528,-0.1364999,-0.61516106,-0.45419222,-0.14714013,0.44342914,0.50546455,-0.10276171,-0.25299945,-0.28908157,-0.12965938,-0.61644244,-0.45457068,-0.14903851,0.45859784,0.44358116,0.37919617,0.5586126,-0.35373998,0.222399,-0.4680395,0.46389174,0.49174815,-0.57949895,0.39236596,0.14768331,0.46752346,0.39236596,0.14768331,0.46752346,0.39236596,0.14768331,0.46752346,0.39236596,0.14768331,0.46752346
0.3,0.000340598,0.50560427,-0.103159994,-0.2520906,-0.28870794,-0.13012162,-0.6168966,-0.45390615,-0.14762121,0.457607,0.5073142,-0.10536224,-0.24489024,-0.28304064,-0.13724332,-0.6211857,-0.4448344,-0.13019781,0.44087687,0.5080569,-0.10401829,-0.23876967,-0.27845463,-0.14587162,-0.6240362,-0.4366069,-0.11545964,0.42242867,0.50546455,-0.10276171,-0.25299945,-0.28908157,-0.12965938,-0.61644244,-0.45457068,-0.14903851,0.45859784,0.44887057,0.018451013,0.009114147,-0.2655257,0.042589396,-0.58786774,-0.12436516,0.051187266,0.0005753338,0.39236596,0.14768331,0.46752346,0.39236596,0.14768331,0.46752346,0.39236596,0.14768331,0.46752346,0.39236596,0.14768331,0.46752346
0.4,0.000662801,0.50560427,-0.103159994,-0.2520906,-0.28870794,-0.13012162,-0.6168966,-0.45390615,-0.14762121,0.457607,0.5073142,-0.10536224,-0.24489024,-0.28304064,-0.13724332,-0.6211857,-0.4448344,-0.13019781,0.44087687,0.5080569,-0.10401829,-0.23876967,-0.27845463,-0.14587162,-0.6240362,-0.4366069,-0.11545964,0.42242867,0.50546455,-0.10276171,-0.25299945,-0.28908157,-0.12965938,-0.61644244,-0.45457068,-0.14903851,0.45859784,0.44887057,0.018451013,0.009114147,-0.2655257,0.042589396,-0.58786774,-0.12436516,0.051187266,0.0005753338,0.39236596,0.14768331,0.46752346,0.39236596,0.14768331,0.46752346,0.39236596,0.14768331,0.46752346,0.39236596,0.14768331,0.46752346
0.5,0.00109467,0.50560427,-0.103159994,-0.2520906,-0.28870794,-0.13012162,-0.6168966,-0.45390615,-0.14762121,0.457607,0.5073142,-0.10536224,-0.24489024,-0.28304064,-0.13724332,-0.6211857,-0.4448344,-0.13019781,0.44087687,0.5080569,-0.10401829,-0.23876967,-0.27845463,-0.14587162,-0.6240362,-0.4366069,-0.11545964,0.42242867,0.50546455,-0.10276171,-0.25299945,-0.28908157,-0.12965938,-0.61644244,-0.45457068,-0.14903851,0.45859784,0.44887057,0.018451013,0.009114147,-0.2655257,0.042589396,-0.58786774,-0.12436516,0.051187266,0.0005753338,0.39236596,0.14768331,0.46752346,0.39236596,0.14768331,0.46752346,0.39236596,0.14768331,0.46752346,0.39236596,0.14768331,0.46752346
0.75,0.00291505,0.50560427,-0.103159994,-0.2520906,-0.28870794,-0.13012162,-0.6168966,-0.45390615,-0.14762121,0.457607,0.5073142,-0.10536224,-0.24489024,-0.28304064,-0.13724332,-0.6211857,-0.4448344,-0.13019781,0.44087687,0.5080569,-0.10401829,-0.23876967,-0.27845463,-0.14587162,-0.6240362,-0.4366069,-0.11545964,0.42242867,0.50546455,-0.10276171,-0.25299945,-0.28908157,-0.12965938,-0.61644244,-0.45457068,-0.14903851,0.45859784,0.44887057,0.018451013,0.009114147,-0.2655257,0.042589396,-0.58786774,-0.12436516,0.051187266,0.0005753338,0.39236596,0.14768331,0.46752346,0.39236596,0.14768331,0.46752346,0.39236596,0.14768331,0.46752346,0.39236596,0.14768331,0.46752346
1.0,0.00600949,0.50560427,-0.103159994,-0.2520906,-0.28870794,-0.13012162,-0.6168966,-0.45390615,-0.14762121,0.457607,0.5073142,-0.10536224,-0.24489024,-0.28304064,-0.13724332,-0.6211857,-0.4448344,-0.13019781,0.44087687,0.5080569,-0.10401829,-0.23876967,-0.27845463,-0.14587162,-0.6240362,-0.4366069,-0.11545964,0.42242867,0.50546455,-0.10276171,-0.25299945,-0.28908157,-0.12965938,-0.61644244,-0.45457068,-0.14903851,0.45859784,0.44887057,0.018451013,0.009114147,-0.2655257,0.042589396,-0.58786774,-0.12436516,0.051187266,0.0005753338,0.39236596,0.14768331,0.46752346,0.39236596,0.14768331,0.46752346,0.39236596,0.14768331,0.46752346,0.39236596,0.14768331,0.46752346
0.3,0.000356728,0.50560427,-0.103159994,-0.2520906,-0.28870794,-0.13012162,-0.6168966,-0.45390615,-0.14762121,0.457607,0.51012474,-0.1006514,-0.22244263,-0.26653334,-0.16672418,-0.6308228,-0.414663,-0.0794807,0.37533078,0.5083248,-0.10332047,-0.23639053,-0.27668452,-0.14917316,-0.6251193,-0.43329516,-0.1099979,0.41513953,0.50546455,-0.10276171,-0.25299945,-0.28908157,-0.12965938,-0.61644244,-0.45457068,-0.14903851,0.45859784,0.4669761,0.10573281,0.078759074,-0.10062237,0.1533701,-0.6232511,0.23349011,0.22951944,-0.48706296,0.39236596,0.14768331,0.46752346,0.39236596,0.14768331,0.46752346,0.39236596,0.14768331,0.46752346,0.39236596,0.14768331,0.46752346
0.4,0.000640946,0.50560427,-0.103159994,-0.2520906,-0.28870794,-0.13012162,-0.6168966,-0.45390615,-0.14762121,0.457607,0.51012474,-0.1006514,-0.22244263,-0.26653334,-0.16672418,-0.6308228,-0.414663,-0.0794807,0.37533078,0.5083248,-0.10332047,-0.23639053,-0.27668452,-0.14917316,-0.6251193,-0.43329516,-0.1099979,0.41513953,0.50546455,-0.10276171,-0.25299945,-0.28908157,-0.12965938,-0.61644244,-0.45457068,-0.14903851,0.45859784,0.4669761,0.10573281,0.078759074,-0.10062237,0.1533701,-0.6232511,0.23349011,0.22951944,-0.48706296,0.39236596,0.14768331,0.46752346,0.39236596,0.14768331,0.46752346,0.39236596,0.14768331,0.46752346,0.39236596,0.14768331,0.46752346
0.5,0.00110212,0.50560427,-0.103159994,-0.2520906,-0.28870794,-0.13012162,-0.6168966,-0.45390615,-0.14762121,0.457607,0.51012474,-0.1006514,-0.22244263,-0.26653334,-0.16672418,-0.6308228,-0.414663,-0.0794807,0.37533078,0.5083248,-0.10332047,-0.23639053,-0.27668452,-0.14917316,-0.6251193,-0.43329516,-0.1099979,0.41513953,0.50546455,-0.10276171,-0.25299945,-0.28908157,-0.12965938,-0.61644244,-0.45457068,-0.14903851,0.45859784,0.4669761,0.10573281,0.078759074,-0.10062237,0.1533701,-0.6232511,0.23349011,0.22951944,-0.48706296,0.39236596,0.14768331,0.46752346,0.39236596,0.14768331,0.46752346,0.39236596,0.14768331,0.46752346,0.39236596,0.14768331,0.46752346
0.75,0.00281781,0.50560427,-0.103159994,-0.2520906,-0.28870794,-0.13012162,-0.6168966,-0.45390615,-0.14762121,0.457607,0.51012474,-0.1006514,-0.22244263,-0.26653334,-0.16672418,-0.6308228,-0.414663,-0.0794807,0.37533078,0.5083248,-0.10332047,-0.23639053,-0.27668452,-0.14917316,-0.6251193,-0.43329516,-0.1099979,0.41513953,0.50546455,-0.10276171,-0.25299945,-0.28908157,-0.12965938,-0.61644244,-0.45457068,-0.14903851,0.45859784,0.4669761,0.10573281,0.078759074,-0.10062237,0.1533701,-0.6232511,0.23349011,0.22951944,-0.48706296,0.39236596,0.14768331,0.46752346,0.39236596,0.14768331,0.46752346,0.39236596,0.14768331,0.46752346,0.39236596,0.14768331,0.46752346
1.0,0.00572089,0.50560427,-0.103159994,-0.2520906,-0.28870794,-0.13012162,-0.6168966,-0.45390615,-0.14762121,0.457607,0.51012474,-0.1006514,-0.22244263,-0.26653334,-0.16672418,-0.6308228,-0.414663,-0.0794807,0.37533078,0.5083248,-0.10332047,-0.23639053,-0.27668452,-0.14917316,-0.6251193,-0.43329516,-0.1099979,0.41513953,0.50546455,-0.10276171,-0.25299945,-0.28908157,-0.12965938,-0.61644244,-0.45457068,-0.14903851,0.45859784,0.4669761,0.10573281,0.078759074,-0.10062237,0.1533701,-0.6232511,0.23349011,0.22951944,-0.48706296,0.39236596,0.14768331,0.46752346,0.39236596,0.14768331,0.46752346,0.39236596,0.14768331,0.46752346,0.39236596,0.14768331,0.46752346
0.3,0.0843447,0.5054784,-0.10280683,-0.25291717,-0.2890543,-0.12969173,-0.6164894,-0.45450842,-0.14890008,0.45851395,0.5083248,-0.10332047,-0.23639053,-0.27668452,-0.14917316,-0.6251193,-0.43329516,-0.1099979,0.41513953,0.50546455,-0.10276171,-0.25299945,-0.28908157,-0.12965938,-0.61644244,-0.45457068,-0.14903851,0.45859784,0.50546455,-0.10276171,-0.25299945,-0.28908157,-0.12965938,-0.61644244,-0.45457068,-0.14903851,0.45859784,0.99926376,0.86520565,0.9999087,-0.99891627,0.99985695,0.44327733,0.9994369,0.9998384,-0.99999714,0.39236596,0.14768331,0.46752346,0.39236596,0.14768331,0.46752346,0.39236596,0.14768331,0.46752346,0.39236596,0.14768331,0.46752346
0.4,0.0839629,0.5054784,-0.10280683,-0.25291717,-0.2890543,-0.12969173,-0.6164894,-0.45450842,-0.14890008,0.45851395,0.5083248,-0.10332047,-0.23639053,-0.27668452,-0.14917316,-0.6251193,-0.43329516,-0.1099979,0.41513953,0.50546455,-0.10276171,-0.25299945,-0.28908157,-0.12965938,-0.61644244,-0.45457068,-0.14903851,0.45859784,0.50546455,-0.10276171,-0.25299945,-0.28908157,-0.12965938,-0.61644244,-0.45457068,-0.14903851,0.45859784,0.99926376,0.86520565,0.9999087,-0.99891627,0.99985695,0.44327733,0.9994369,0.9998384,-0.99999714,0.39236596,0.14768331,0.46752346,0.39236596,0.14768331,0.46752346,0.39236596,0.14768331,0.46752346,0.39236596,0.14768331,0.46752346
0.5,0.085612,0.5054784,-0.10280683,-0.25291717,-0.2890543,-0.12969173,-0.6164894,-0.45450842,-0.14890008,0.45851395,0.5083248,-0.10332047,-0.23639053,-0.27668452,-0.14917316,-0.6251193,-0.43329516,-0.1099979,0.41513953,0.50546455,-0.10276171,-0.25299945,-0.28908157,-0.12965938,-0.61644244,-0.45457068,-0.14903851,0.45859784,0.50546455,-0.10276171,-0.25299945,-0.28908157,-0.12965938,-0.61644244,-0.45457068,-0.14903851,0.45859784,0.99926376,0.86520565,0.9999087,-0.99891627,0.99985695,0.44327733,0.9994369,0.9998384,-0.99999714,0.39236596,0.14768331,0.46752346,0.39236596,0.14768331,0.46752346,0.39236596,0.14768331,0.46752346,0.39236596,0.14768331,0.46752346
0.75,0.0864495,0.5054784,-0.10280683,-0.25291717,-0.2890543,-0.12969173,-0.6164894,-0.45450842,-0.14890008,0.45851395,0.5083248,-0.10332047,-0.23639053,-0.27668452,-0.14917316,-0.6251193,-0.43329516,-0.1099979,0.41513953,0.50546455,-0.10276171,-0.25299945,-0.28908157,-0.12965938,-0.61644244,-0.45457068,-0.14903851,0.45859784,0.50546455,-0.10276171,-0.25299945,-0.28908157,-0.12965938,-0.61644244,-0.45457068,-0.14903851,0.45859784,0.99926376,0.86520565,0.9999087,-0.99891627,0.99985695,0.44327733,0.9994369,0.9998384,-0.99999714,0.39236596,0.14768331,0.46752346,0.39236596,0.14768331,0.46752346,0.39236596,0.14768331,0.46752346,0.39236596,0.14768331,0.46752346
1.0,0.0857159,0.5054784,-0.10280683,-0.25291717,-0.2890543,-0.12969173,-0.6164894,-0.45450842,-0.14890008,0.45851395,0.5083248,-0.10332047,-0.23639053,-0.27668452,-0.14917316,-0.6251193,-0.43329516,-0.1099979,0.41513953,0.50546455,-0.10276171,-0.25299945,-0.28908157,-0.12965938,-0.61644244,-0.45457068,-0.14903851,0.45859784,0.50546455,-0.10276171,-0.25299945,-0.28908157,-0.12965938,-0.61644244,-0.45457068,-0.14903851,0.45859784,0.99926376,0.86520565,0.9999087,-0.99891627,0.99985695,0.44327733,0.9994369,0.9998384,-0.99999714,0.39236596,0.14768331,0.46752346,0.39236596,0.14768331,0.46752346,0.39236596,0.14768331,0.46752346,0.39236596,0.14768331,0.46752346
0.3,0.0832836,0.5054784,-0.10280683,-0.25291717,-0.2890543,-0.12969173,-0.6164894,-0.45450842,-0.14890008,0.45851395,0.5083248,-0.10332047,-0.23639053,-0.27668452,-0.14917316,-0.6251193,-0.43329516,-0.1099979,0.41513953,0.50546455,-0.10276171,-0.25299945,-0.28908157,-0.12965938,-0.61644244,-0.45457068,-0.14903851,0.45859784,0.5054784,-0.10280683,-0.25291717,-0.2890543,-0.12969173,-0.6164894,-0.45450842,-0.14890008,0.45851395,0.9992634,0.8651668,0.9999086,-0.9989154,0.9998568,0.4432121,0.99943644,0.99983835,-0.99999714,0.39236596,0.14768331,0.46752346,0.39236596,0.14768331,0.46752346,0.39236596,0.14768331,0.46752346,0.39236596,0.14768331,0.46752346
0.4,0.0843555,0.5054784,-0.10280683,-0.25291717,-0.2890543,-0.12969173,-0.6164894,-0.45450842,-0.14890008,0.45851395,0.5083248,-0.10332047,-0.23639053,-0.27668452,-0.14917316,-0.6251193,-0.43329516,-0.1099979,0.41513953,0.50546455,-0.10276171,-0.25299945,-0.28908157,-0.12965938,-0.61644244,-0.45457068,-0.14903851,0.45859784,0.5054784,-0.10280683,-0.25291717,-0.2890543,-0.12969173,-0.6164894,-0.45450842,-0.14890008,0.45851395,0.9992634,0.8651668,0.9999086,-0.9989154,0.9998568,0.4432121,0.99943644,0.99983835,-0.99999714,0.39236596,0.14768331,0.46752346,0.39236596,0.14768331,0.46752346,0.39236596,0.14768331,0.46752346,0.39236596,0.14768331,0.46752346
0.5,0.0842397,0.5054784,-0.10280683,-0.25291717,-0.2890543,-0.12969173,-0.6164894,-0.45450842,-0.14890008,0.45851395,0.5083248,-0.10332047,-0.23639053,-0.27668452,-0.14917316,-0.6251193,-0.43329516,-0.1099979,0.41513953,0.50546455,-0.10276171,-0.25299945,-0.28908157,-0.12965938,-0.61644244,-0.45457068,-0.14903851,0.45859784,0.5054784,-0.10280683,-0.25291717,-0.2890543,-0.12969173,-0.6164894,-0.45450842,-0.14890008,0.45851395,0.9992634,0.8651668,0.9999086,-0.9989154,0.9998568,0.4432121,0.99943644,0.99983835,-0.99999714,0.39236596,0.14768331,0.46752346,0.39236596,0.14768331,0.46752346,0.39236596,0.14768331,0.46752346,0.39236596,0.14768331,0.46752346
0.75,0.0849595,0.5054784,-0.10280683,-0.25291717,-0.2890543,-0.12969173,-0.6164894,-0.45450842,-0.14890008,0.45851395,0.5083248,-0.10332047,-0.23639053,-0.27668452,-0.14917316,-0.6251193,-0.43329516,-0.1099979,0.41513953,0.50546455,-0.10276171,-0.25299945,-0.28908157,-0.12965938,-0.61644244,-0.45457068,-0.14903851,0.45859784,0.5054784,-0.10280683,-0.25291717,-0.2890543,-0.12969173,-0.6164894,-0.45450842,-0.14890008,0.45851395,0.9992634,0.8651668,0.9999086,-0.9989154,0.9998568,0.4432121,0.99943644,0.99983835,-0.99999714,0.39236596,0.14768331,0.46752346,0.39236596,0.14768331,0.46752346,0.39236596,0.14768331,0.46752346,0.39236596,0.14768331,0.46752346
1.0,0.0862076,0.5054784,-0.10280683,-0.25291717,-0.2890543,-0.12969173,-0.6164894,-0.45450842,-0.14890008,0.45851395,0.5083248,-0.10332047,-0.23639053,-0.27668452,-0.14917316,-0.6251193,-0.43329516,-0.1099979,0.41513953,0.50546455,-0.10276171,-0.25299945,-0.28908157,-0.12965938,-0.61644244,-0.45457068,-0.14903851,0.45859784,0.5054784,-0.10280683,-0.25291717,-0.2890543,-0.12969173,-0.6164894,-0.45450842,-0.14890008,0.45851395,0.9992634,0.8651668,0.9999086,-0.9989154,0.9998568,0.4432121,0.99943644,0.99983835,-0.99999714,0.39236596,0.14768331,0.46752346,0.39236596,0.14768331,0.46752346,0.39236596,0.14768331,0.46752346,0.39236596,0.14768331,0.46752346
0.3,0.188469,0.5054784,-0.10280683,-0.25291717,-0.2890543,-0.12969173,-0.6164894,-0.45450842,-0.14890008,0.45851395,0.52573913,-0.067274235,-0.08532694,-0.15651877,-0.36126548,-0.6840855,-0.19531004,0.26819196,-0.11203807,0.50546455,-0.10276171,-0.25299945,-0.28908157,-0.12965938,-0.61644244,-0.45457068,-0.14903851,0.45859784,0.50546455,-0.10276171,-0.25299945,-0.28908157,-0.12965938,-0.61644244,-0.45457068,-0.14903851,0.45859784,0.9993898,0.9175233,0.99997455,-0.99928814,0.9999423,0.53863966,0.99980044,0.9998516,-0.99999905,0.39236596,0.14768331,0.46752346,0.39236596,0.14768331,0.46752346,0.39236596,0.14768331,0.46752346,0.39236596,0.14768331,0.46752346
0.5,0.18299,0.5054784,-0.10280683,-0.25291717,-0.2890543,-0.12969173,-0.6164894,-0.45450842,-0.14890008,0.45851395,0.52573913,-0.067274235,-0.08532694,-0.15651877,-0.36126548,-0.6840855,-0.19531004,0.26819196,-0.11203807,0.50546455,-0.10276171,-0.25299945,-0.28908157,-0.12965938,-0.61644244,-0.45457068,-0.14903851,0.45859784,0.50546455,-0.10276171,-0.25299945,-0.28908157,-0.12965938,-0.61644244,-0.45457068,-0.14903851,0.45859784,0.9993898,0.9175233,0.99997455,-0.99928814,0.9999423,0.53863966,0.99980044,0.9998516,-0.99999905,0.39236596,0.14768331,0.46752346,0.39236596,0.14768331,0.46752346,0.39236596,0.14768331,0.46752346,0.39236596,0.14768331,0.46752346
1.0,0.183388,0.5054784,-0.10280683,-0.25291717,-0.2890543,-0.12969173,-0.6164894,-0.45450842,-0.14890008,0.45851395,0.52573913,-0.067274235,-0.08532694,-0.15651877,-0.36126548,-0.6840855,-0.19531004,0.26819196,-0.11203807,0.50546455,-0.10276171,-0.25299945,-0.28908157,-0.12965938,-0.61644244,-0.45457068,-0.14903851,0.45859784,0.50546455,-0.10276171,-0.25299945,-0.28908157,-0.12965938,-0.61644244,-0.45457068,-0.14903851,0.45859784,0.9993898,0.9175233,0.99997455,-0.99928814,0.9999423,0.53863966,0.99980044,0.9998516,-0.99999905,0.39236596,0.14768331,0.46752346,0.39236596,0.14768331,0.46752346,0.39236596,0.14768331,0.46752346,0.39236596,0.14768331,0.46752346
2.5,0.195069,0.5054784,-0.10280683,-0.25291717,-0.2890543,-0.12969173,-0.6164894,-0.45450842,-0.14890008,0.45851395,0.52573913,-0.067274235,-0.08532694,-0.15651877,-0.36126548,-0.6840855,-0.19531004,0.26819196,-0.11203807,0.50546455,-0.10276171,-0.25299945,-0.28908157,-0.12965938,-0.61644244,-0.45457068,-0.14903851,0.45859784,0.50546455,-0.10276171,-0.25299945,-0.28908157,-0.12965938,-0.61644244,-0.45457068,-0.14903851,0.45859784,0.9993898,0.9175233,0.99997455,-0.99928814,0.9999423,0.53863966,0.99980044,0.9998516,-0.99999905,0.39236596,0.14768331,0.46752346,0.39236596,0.14768331,0.46752346,0.39236596,0.14768331,0.46752346,0.39236596,0.14768331,0.46752346
5.0,0.278014,0.5054784,-0.10280683,-0.25291717,-0.2890543,-0.12969173,-0.6164894,-0.45450842,-0.14890008,0.45851395,0.52573913,-0.067274235,-0.08532694,-0.15651877,-0.36126548,-0.6840855,-0.19531004,0.26819196,-0.11203807,0.50546455,-0.10276171,-0.25299945,-0.28908157,-0.12965938,-0.61644244,-0.45457068,-0.14903851,0.45859784,0.50546455,-0.10276171,-0.25299945,-0.28908157,-0.12965938,-0.61644244,-0.45457068,-0.14903851,0.45859784,0.9993898,0.9175233,0.99997455,-0.99928814,0.9999423,0.53863966,0.99980044,0.9998516,-0.99999905,0.39236596,0.14768331,0.46752346,0.39236596,0.14768331,0.46752346,0.39236596,0.14768331,0.46752346,0.39236596,0.14768331,0.46752346
0.3,0.080608,0.5054784,-0.10280683,-0.25291717,-0.2890543,-0.12969173,-0.6164894,-0.45450842,-0.14890008,0.45851395,0.5056914,-0.10350189,-0.2511181,-0.28823784,-0.13069677,-0.6173436,-0.4531633,-0.14610787,0.45642585,0.50546455,-0.10276171,-0.25299945,-0.28908157,-0.12965938,-0.61644244,-0.45457068,-0.14903851,0.45859784,0.50546455,-0.10276171,-0.25299945,-0.28908157,-0.12965938,-0.61644244,-0.45457068,-0.14903851,0.45859784,0.99924254,0.8539691,0.9998962,-0.99885255,0.9998497,0.42340836,0.9993943,0.9998407,-0.99999696,0.39236596,0.14768331,0.46752346,0.39236596,0.14768331,0.46752346,0.39236596,0.14768331,0.46752346,0.39236596,0.14768331,0.46752346
0.5,0.080361,0.5054784,-0.10280683,-0.25291717,-0.2890543,-0.12969173,-0.6164894,-0.45450842,-0.14890008,0.45851395,0.5056914,-0.10350189,-0.2511181,-0.28823784,-0.13069677,-0.6173436,-0.4531633,-0.14610787,0.45642585,0.50546455,-0.10276171,-0.25299945,-0.28908157,-0.12965938,-0.61644244,-0.45457068,-0.14903851,0.45859784,0.50546455,-0.10276171,-0.25299945,-0.28908157,-0.12965938,-0.61644244,-0.45457068,-0.14903851,0.45859784,0.99924254,0.8539691,0.9998962,-0.99885255,0.9998497,0.42340836,0.9993943,0.9998407,-0.99999696,0.39236596,0.14768331,0.46752346,0.39236596,0.14768331,0.46752346,0.39236596,0.14768331,0.46752346,0.39236596,0.14768331,0.46752346
1.0,0.0821508,0.5054784,-0.10280683,-0.25291717,-0.2890543,-0.12969173,-0.6164894,-0.45450842,-0.14890008,0.45851395,0.5056914,-0.10350189,-0.2511181,-0.28823784,-0.13069677,-0.6173436,-0.4531633,-0.14610787,0.45642585,0.50546455,-0.10276171,-0.25299945,-0.28908157,-0.12965938,-0.61644244,-0.45457068,-0.14903851,0.45859784,0.50546455,-0.10276171,-0.25299945,-0.28908157,-0.12965938,-0.61644244,-0.45457068,-0.14903851,0.45859784,0.99924254,0.8539691,0.9998962,-0.99885255,0.9998497,0.42340836,0.9993943,0.9998407,-0.99999696,0.39236596,0.14768331,0.46752346,0.39236596,0.14768331,0.46752346,0.39236596,0.14768331,0.46752346,0.39236596,0.14768331,0.46752346
2.5,0.0947045,0.5054784,-0.10280683,-0.25291717,-0.2890543,-0.12969173,-0.6164894,-0.45450842,-0.14890008,0.45851395,0.5056914,-0.10350189,-0.2511181,-0.28823784,-0.13069677,-0.6173436,-0.4531633,-0.14610787,0.45642585,0.50546455,-0.10276171,-0.25299945,-0.28908157,-0.12965938,-0.61644244,-0.45457068,-0.14903851,0.45859784,0.50546455,-0.10276171,-0.25299945,-0.28908157,-0.12965938,-0.61644244,-0.45457068,-0.14903851,0.45859784,0.99924254,0.8539691,0.9998962,-0.99885255,0.9998497,0.42340836,0.9993943,0.9998407,-0.99999696,0.39236596,0.14768331,0.46752346,0.39236596,0.14768331,0.46752346,0.39236596,0.14768331,0.46752346,0.39236596,0.14768331,0.46752346
5.0,0.232829,0.5054784,-0.10280683,-0.25291717,-0.2890543,-0.12969173,-0.6164894,-0.45450842,-0.14890008,0.45851395,0.5056914,-0.10350189,-0.2511181,-0.28823784,-0.13069677,-0.6173436,-0.4531633,-0.14610787,0.45642585,0.50546455,-0.10276171,-0.25299945,-0.28908157,-0.12965938,-0.61644244,-0.45457068,-0.14903851,0.45859784,0.50546455,-0.10276171,-0.25299945,-0.28908157,-0.12965938,-0.61644244,-0.45457068,-0.14903851,0.45859784,0.99924254,0.8539691,0.9998962,-0.99885255,0.9998497,0.42340836,0.9993943,0.9998407,-0.99999696,0.39236596,0.14768331,0.46752346,0.39236596,0.14768331,0.46752346,0.39236596,0.14768331,0.46752346,0.39236596,0.14768331,0.46752346
0.3,0.0898203,0.5054784,-0.10280683,-0.25291717,-0.2890543,-0.12969173,-0.6164894,-0.45450842,-0.14890008,0.45851395,0.5083248,-0.10332047,-0.23639053,-0.27668452,-0.14917316,-0.6251193,-0.43329516,-0.1099979,0.41513953,0.5083248,-0.10332047,-0.23639053,-0.27668452,-0.14917316,-0.6251193,-0.43329516,-0.1099979,0.41513953,0.50546455,-0.10276171,-0.25299945,-0.28908157,-0.12965938,-0.61644244,-0.45457068,-0.14903851,0.45859784,0.47277585,-0.14150213,-0.11091278,-0.22020921,0.10996569,-0.5449175,-0.2764522,-0.059964456,0.30934152,0.39236596,0.14768331,0.46752346,0.39236596,0.14768331,0.46752346,0.39236596,0.14768331,0.46752346,0.39236596,0.14768331,0.46752346
0.5,0.0861866,0.5054784,-0.10280683,-0.25291717,-0.2890543,-0.12969173,-0.6164894,-0.45450842,-0.14890008,0.45851395,0.5083248,-0.10332047,-0.23639053,-0.27668452,-0.14917316,-0.6251193,-0.43329516,-0.1099979,0.41513953,0.5083248,-0.10332047,-0.23639053,-0.27668452,-0.14917316,-0.6251193,-0.43329516,-0.1099979,0.41513953,0.50546455,-0.10276171,-0.25299945,-0.28908157,-0.12965938,-0.61644244,-0.45457068,-0.14903851,0.45859784,0.47277585,-0.14150213,-0.11091278,-0.22020921,0.10996569,-0.5449175,-0.2764522,-0.059964456,0.30934152,0.39236596,0.14768331,0.46752346,0.39236596,0.14768331,0.46752346,0.39236596,0.14768331,0.46752346,0.39236596,0.14768331,0.46752346
1.0,0.0885382,0.5054784,-0.10280683,-0.25291717,-0.2890543,-0.12969173,-0.6164894,-0.45450842,-0.14890008,0.45851395,0.5083248,-0.10332047,-0.23639053,-0.27668452,-0.14917316,-0.6251193,-0.43329516,-0.1099979,0.41513953,0.5083248,-0.10332047,-0.23639053,-0.27668452,-0.14917316,-0.6251193,-0.43329516,-0.1099979,0.41513953,0.50546455,-0.10276171,-0.25299945,-0.28908157,-0.12965938,-0.61644244,-0.45457068,-0.14903851,0.45859784,0.47277585,-0.14150213,-0.11091278,-0.22020921,0.10996569,-0.5449175,-0.2764522,-0.059964456,0.30934152,0.39236596,0.14768331,0.46752346,0.39236596,0.14768331,0.46752346,0.39236596,0.14768331,0.46752346,0.39236596,0.14768331,0.46752346
2.5,0.101058,0.5054784,-0.10280683,-0.25291717,-0.2890543,-0.12969173,-0.6164894,-0.45450842,-0.14890008,0.45851395,0.5083248,-0.10332047,-0.23639053,-0.27668452,-0.14917316,-0.6251193,-0.43329516,-0.1099979,0.41513953,0.5083248,-0.10332047,-0.23639053,-0.27668452,-0.14917316,-0.6251193,-0.43329516,-0.1099979,0.41513953,0.50546455,-0.10276171,-0.25299945,-0.28908157,-0.12965938,-0.61644244,-0.45457068,-0.14903851,0.45859784,0.47277585,-0.14150213,-0.11091278,-0.22020921,0.10996569,-0.5449175,-0.2764522,-0.059964456,0.30934152,0.39236596,0.14768331,0.46752346,0.39236596,0.14768331,0.46752346,0.39236596,0.14768331,0.46752346,0.39236596,0.14768331,0.46752346
5.0,0.234498,0.5054784,-0.10280683,-0.25291717,-0.2890543,-0.12969173,-0.6164894,-0.45450842,-0.14890008,0.45851395,0.5083248,-0.10332047,-0.23639053,-0.27668452,-0.14917316,-0.6251193,-0.43329516,-0.1099979,0.41513953,0.5083248,-0.10332047,-0.23639053,-0.27668452,-0.14917316,-0.6251193,-0.43329516,-0.1099979,0.41513953,0.50546455,-0.10276171,-0.25299945,-0.28908157,-0.12965938,-0.61644244,-0.45457068,-0.14903851,0.45859784,0.47277585,-0.14150213,-0.11091278,-0.22020921,0.10996569,-0.5449175,-0.2764522,-0.059964456,0.30934152,0.39236596,0.14768331,0.46752346,0.39236596,0.14768331,0.46752346,0.39236596,0.14768331,0.46752346,0.39236596,0.14768331,0.46752346
0.3,0.0819559,0.5054784,-0.10280683,-0.25291717,-0.2890543,-0.12969173,-0.6164894,-0.45450842,-0.14890008,0.45851395,0.50779825,-0.10480617,-0.24151154,-0.28050599,-0.14202842,-0.622774,-0.44042575,-0.121844195,0.4308507,0.5012532,-0.08731782,-0.26436496,-0.2925528,-0.1364999,-0.61516106,-0.45419222,-0.14714013,0.44342914,0.50546455,-0.10276171,-0.25299945,-0.28908157,-0.12965938,-0.61644244,-0.45457068,-0.14903851,0.45859784,0.99999565,0.97550356,0.99999994,-0.9999965,0.99999994,0.85399085,0.99999833,0.9999999,-1.0,0.39236596,0.14768331,0.46752346,0.39236596,0.14768331,0.46752346,0.39236596,0.14768331,0.46752346,0.39236596,0.14768331,0.46752346
0.5,0.0808267,0.5054784,-0.10280683,-0.25291717,-0.2890543,-0.12969173,-0.6164894,-0.45450842,-0.14890008,0.45851395,0.50779825,-0.10480617,-0.24151154,-0.28050599,-0.14202842,-0.622774,-0.44042575,-0.121844195,0.4308507,0.5012532,-0.08731782,-0.26436496,-0.2925528,-0.1364999,-0.61516106,-0.45419222,-0.14714013,0.44342914,0.50546455,-0.10276171,-0.25299945,-0.28908157,-0.12965938,-0.61644244,-0.45457068,-0.14903851,0.45859784,0.99999565,0.97550356,0.99999994,-0.9999965,0.99999994,0.85399085,0.99999833,0.9999999,-1.0,0.39236596,0.14768331,0.46752346,0.39236596,0.14768331,0.46752346,0.39236596,0.14768331,0.46752346,0.39236596,0.14768331,0.46752346
1.0,0.0835075,0.5054784,-0.10280683,-0.25291717,-0.2890543,-0.12969173,-0.6164894,-0.45450842,-0.14890008,0.45851395,0.50779825,-0.10480617,-0.24151154,-0.28050599,-0.14202842,-0.622774,-0.44042575,-0.121844195,0.4308507,0.5012532,-0.08731782,-0.26436496,-0.2925528,-0.1364999,-0.61516106,-0.45419222,-0.14714013,0.44342914,0.50546455,-0.10276171,-0.25299945,-0.28908157,-0.12965938,-0.61644244,-0.45457068,-0.14903851,0.45859784,0.99999565,0.97550356,0.99999994,-0.9999965,0.99999994,0.85399085,0.99999833,0.9999999,-1.0,0.39236596,0.14768331,0.46752346,0.39236596,0.14768331,0.46752346,0.39236596,0.14768331,0.46752346,0.39236596,0.14768331,0.46752346
2.5,0.0979567,0.5054784,-0.10280683,-0.25291717,-0.2890543,-0.12969173,-0.6164894,-0.45450842,-0.14890008,0.45851395,0.50779825,-0.10480617,-0.24151154,-0.28050599,-0.14202842,-0.622774,-0.44042575,-0.121844195,0.4308507,0.5012532,-0.08731782,-0.26436496,-0.2925528,-0.1364999,-0.61516106,-0.45419222,-0.14714013,0.44342914,0.50546455,-0.10276171,-0.25299945,-0.28908157,-0.12965938,-0.61644244,-0.45457068,-0.14903851,0.45859784,0.99999565,0.97550356,0.99999994,-0.9999965,0.99999994,0.85399085,0.99999833,0.9999999,-1.0,0.39236596,0.14768331,0.46752346,0.39236596,0.14768331,0.46752346,0.39236596,0.14768331,0.46752346,0.39236596,0.14768331,0.46752346
5.0,0.234942,0.5054784,-0.10280683,-0.25291717,-0.2890543,-0.12969173,-0.6164894,-0.45450842,-0.14890008,0.45851395,0.50779825,-0.10480617,-0.24151154,-0.28050599,-0.14202842,-0.622774,-0.44042575,-0.121844195,0.4308507,0.5012532,-0.08731782,-0.26436496,-0.2925528,-0.1364999,-0.61516106,-0.45419222,-0.14714013,0.44342914,0.50546455,-0.10276171,-0.25299945,-0.28908157,-0.12965938,-0.61644244,-0.45457068,-0.14903851,0.45859784,0.99999565,0.97550356,0.99999994,-0.9999965,0.99999994,0.85399085,0.99999833,0.9999999,-1.0,0.39236596,0.14768331,0.46752346,0.39236596,0.14768331,0.46752346,0.39236596,0.14768331,0.46752346,0.39236596,0.14768331,0.46752346
0.3,0.0171094,0.5054784,-0.10280683,-0.25291717,-0.2890543,-0.12969173,-0.6164894,-0.45450842,-0.14890008,0.45851395,0.5073142,-0.10536224,-0.24489024,-0.28304064,-0.13724332,-0.6211857,-0.4448344,-0.13019781,0.44087687,0.5080569,-0.10401829,-0.23876967,-0.27845463,-0.14587162,-0.6240362,-0.4366069,-0.11545964,0.42242867,0.50546455,-0.10276171,-0.25299945,-0.28908157,-0.12965938,-0.61644244,-0.45457068,-0.14903851,0.45859784,0.6802511,0.107145675,0.47307086,-0.4425221,0.3779758,-0.4644182,0.33154374,0.31447408,-0.3791669,0.39236596,0.14768331,0.46752346,0.39236596,0.14768331,0.46752346,0.39236596,0.14768331,0.46752346,0.39236596,0.14768331,0.46752346
0.5,0.0179163,0.5054784,-0.10280683,-0.25291717,-0.2890543,-0.12969173,-0.6164894,-0.45450842,-0.14890008,0.45851395,0.5073142,-0.10536224,-0.24489024,-0.28304064,-0.13724332,-0.6211857,-0.4448344,-0.13019781,0.44087687,0.5080569,-0.10401829,-0.23876967,-0.27845463,-0.14587162,-0.6240362,-0.4366069,-0.11545964,0.42242867,0.50546455,-0.10276171,-0.25299945,-0.28908157,-0.12965938,-0.61644244,-0.45457068,-0.14903851,0.45859784,0.6802511,0.107145675,0.47307086,-0.4425221,0.3779758,-0.4644182,0.33154374,0.31447408,-0.3791669,0.39236596,0.14768331,0.46752346,0.39236596,0.14768331,0.46752346,0.39236596,0.14768331,0.46752346,0.39236596,0.14768331,0.46752346
1.0,0.0189136,0.5054784,-0.10280683,-0.25291717,-0.2890543,-0.12969173,-0.6164894,-0.45450842,-0.14890008,0.45851395,0.5073142,-0.10536224,-0.24489024,-0.28304064,-0.13724332,-0.6211857,-0.4448344,-0.13019781,0.44087687,0.5080569,-0.10401829,-0.23876967,-0.27845463,-0.14587162,-0.6240362,-0.4366069,-0.11545964,0.42242867,0.50546455,-0.10276171,-0.25299945,-0.28908157,-0.12965938,-0.61644244,-0.45457068,-0.14903851,0.45859784,0.6802511,0.107145675,0.47307086,-0.4425221,0.3779758,-0.4644182,0.33154374,0.31447408,-0.3791669,0.39236596,0.14768331,0.46752346,0.39236596,0.14768331,0.46752346,0.39236596,0.14768331,0.46752346,0.39236596,0.14768331,0.46752346
2.5,0.0407511,0.5054784,-0.10280683,-0.25291717,-0.2890543,-0.12969173,-0.6164894,-0.45450842,-0.14890008,0.45851395,0.5073142,-0.10536224,-0.24489024,-0.28304064,-0.13724332,-0.6211857,-0.4448344,-0.13019781,0.44087687,0.5080569,-0.10401829,-0.23876967,-0.27845463,-0.14587162,-0.6240362,-0.4366069,-0.11545964,0.42242867,0.50546455,-0.10276171,-0.25299945,-0.28908157,-0.12965938,-0.61644244,-0.45457068,-0.14903851,0.45859784,0.6802511,0.107145675,0.47307086,-0.4425221,0.3779758,-0.4644182,0.33154374,0.31447408,-0.3791669,0.39236596,0.14768331,0.46752346,0.39236596,0.14768331,0.46752346,0.39236596,0.14768331,0.46752346,0.39236596,0.14768331,0.46752346
5.0,0.245326,0.5054784,-0.10280683,-0.25291717,-0.2890543,-0.12969173,-0.6164894,-0.45450842,-0.14890008,0.45851395,0.5073142,-0.10536224,-0.24489024,-0.28304064,-0.13724332,-0.6211857,-0.4448344,-0.13019781,0.44087687,0.5080569,-0.10401829,-0.23876967,-0.27845463,-0.14587162,-0.6240362,-0.4366069,-0.11545964,0.42242867,0.50546455,-0.10276171,-0.25299945,-0.28908157,-0.12965938,-0.61644244,-0.45457068,-0.14903851,0.45859784,0.6802511,0.107145675,0.47307086,-0.4425221,0.3779758,-0.4644182,0.33154374,0.31447408,-0.3791669,0.39236596,0.14768331,0.46752346,0.39236596,0.14768331,0.46752346,0.39236596,0.14768331,0.46752346,0.39236596,0.14768331,0.46752346
0.3,0.0921025,0.5054784,-0.10280683,-0.25291717,-0.2890543,-0.12969173,-0.6164894,-0.45450842,-0.14890008,0.45851395,0.51012474,-0.1006514,-0.22244263,-0.26653334,-0.16672418,-0.6308228,-0.414663,-0.0794807,0.37533078,0.5083248,-0.10332047,-0.23639053,-0.27668452,-0.14917316,-0.6251193,-0.43329516,-0.1099979,0.41513953,0.50546455,-0.10276171,-0.25299945,-0.28908157,-0.12965938,-0.61644244,-0.45457068,-0.14903851,0.45859784,0.4915138,-0.1286238,-0.043849286,-0.15573412,0.13172708,-0.5376361,-0.20278394,-0.05659454,0.2979757,0.39236596,0.14768331,0.46752346,0.39236596,0.14768331,0.46752346,0.39236596,0.14768331,0.46752346,0.39236596,0.14768331,0.46752346
0.5,0.0928946,0.5054784,-0.10280683,-0.25291717,-0.2890543,-0.12969173,-0.6164894,-0.45450842,-0.14890008,0.45851395,0.51012474,-0.1006514,-0.22244263,-0.26653334,-0.16672418,-0.6308228,-0.414663,-0.0794807,0.37533078,0.5083248,-0.10332047,-0.23639053,-0.27668452,-0.14917316,-0.6251193,-0.43329516,-0.1099979,0.41513953,0.50546455,-0.10276171,-0.25299945,-0.28908157,-0.12965938,-0.61644244,-0.45457068,-0.14903851,0.45859784,0.4915138,-0.1286238,-0.043849286,-0.15573412,0.13172708,-0.5376361,-0.20278394,-0.05659454,0.2979757,0.39236596,0.14768331,0.46752346,0.39236596,0.14768331,0.46752346,0.39236596,0.14768331,0.46752346,0.39236596,0.14768331,0.46752346
1.0,0.0947994,0.5054784,-0.10280683,-0.25291717,-0.2890543,-0.12969173,-0.6164894,-0.45450842,-0.14890008,0.45851395,0.51012474,-0.1006514,-0.22244263,-0.26653334,-0.16672418,-0.6308228,-0.414663,-0.0794807,0.37533078,0.5083248,-0.10332047,-0.23639053,-0.27668452,-0.14917316,-0.6251193,-0.43329516,-0.1099979,0.41513953,0.50546455,-0.10276171,-0.25299945,-0.28908157,-0.12965938,-0.61644244,-0.45457068,-0.14903851,0.45859784,0.4915138,-0.1286238,-0.043849286,-0.15573412,0.13172708,-0.5376361,-0.20278394,-0.05659454,0.2979757,0.39236596,0.14768331,0.46752346,0.39236596,0.14768331,0.46752346,0.39236596,0.14768331,0.46752346,0.39236596,0.14768331,0.46752346
2.5,0.107612,0.5054784,-0.10280683,-0.25291717,-0.2890543,-0.12969173,-0.6164894,-0.45450842,-0.14890008,0.45851395,0.51012474,-0.1006514,-0.22244263,-0.26653334,-0.16672418,-0.6308228,-0.414663,-0.0794807,0.37533078,0.5083248,-0.10332047,-0.23639053,-0.27668452,-0.14917316,-0.6251193,-0.43329516,-0.1099979,0.41513953,0.50546455,-0.10276171,-0.25299945,-0.28908157,-0.12965938,-0.61644244,-0.45457068,-0.14903851,0.45859784,0.4915138,-0.1286238,-0.043849286,-0.15573412,0.13172708,-0.5376361,-0.20278394,-0.05659454,0.2979757,0.39236596,0.14768331,0.46752346,0.39236596,0.14768331,0.46752346,0.39236596,0.14768331,0.46752346,0.39236596,0.14768331,0.46752346
5.0,0.238448,0.5054784,-0.10280683,-0.25291717,-0.2890543,-0.12969173,-0.6164894,-0.45450842,-0.14890008,0.45851395,0.51012474,-0.1006514,-0.22244263,-0.26653334,-0.16672418,-0.6308228,-0.414663,-0.0794807,0.37533078,0.5083248,-0.10332047,-0.23639053,-0.27668452,-0.14917316,-0.6251193,-0.43329516,-0.1099979,0.41513953,0.50546455,-0.10276171,-0.25299945,-0.28908157,-0.12965938,-0.61644244,-0.45457068,-0.14903851,0.45859784,0.4915138,-0.1286238,-0.043849286,-0.15573412,0.13172708,-0.5376361,-0.20278394,-0.05659454,0.2979757,0.39236596,0.14768331,0.46752346,0.39236596,0.14768331,0.46752346,0.39236596,0.14768331,0.46752346,0.39236596,0.14768331,0.46752346
0.15,8.02354e-05,0.5056914,-0.10350189,-0.2511181,-0.28823784,-0.13069677,-0.6173436,-0.4531633,-0.14610787,0.45642585,0.5083248,-0.10332047,-0.23639053,-0.27668452,-0.14917316,-0.6251193,-0.43329516,-0.1099979,0.41513953,0.50546455,-0.10276171,-0.25299945,-0.28908157,-0.12965938,-0.61644244,-0.45457068,-0.14903851,0.45859784,0.50546455,-0.10276171,-0.25299945,-0.28908157,-0.12965938,-0.61644244,-0.45457068,-0.14903851,0.45859784,0.63747585,-0.11453846,-0.35656032,0.10608485,-0.43758667,-0.21155712,-0.39654052,0.20301366,0.14408077,0.39236596,0.14768331,0.46752346,0.39236596,0.14768331,0.46752346,0.39236596,0.14768331,0.46752346,0.39236596,0.14768331,0.46752346
0.2,0.000147633,0.5056914,-0.10350189,-0.2511181,-0.28823784,-0.13069677,-0.6173436,-0.4531633,-0.14610787,0.45642585,0.5083248,-0.10332047,-0.23639053,-0.27668452,-0.14917316,-0.6251193,-0.43329516,-0.1099979,0.41513953,0.50546455,-0.10276171,-0.25299945,-0.28908157,-0.12965938,-0.61644244,-0.45457068,-0.14903851,0.45859784,0.50546455,-0.10276171,-0.25299945,-0.28908157,-0.12965938,-0.61644244,-0.45457068,-0.14903851,0.45859784,0.63747585,-0.11453846,-0.35656032,0.10608485,-0.43758667,-0.21155712,-0.39654052,0.20301366,0.14408077,0.39236596,0.14768331,0.46752346,0.39236596,0.14768331,0.46752346,0.39236596,0.14768331,0.46752346,0.39236596,0.14768331,0.46752346
0.25,0.000236262,0.5056914,-0.10350189,-0.2511181,-0.28823784,-0.13069677,-0.6173436,-0.4531633,-0.14610787,0.45642585,0.5083248,-0.10332047,-0.23639053,-0.27668452,-0.14917316,-0.6251193,-0.43329516,-0.1099979,0.41513953,0.50546455,-0.10276171,-0.25299945,-0.28908157,-0.12965938,-0.61644244,-0.45457068,-0.14903851,0.45859784,0.50546455,-0.10276171,-0.25299945,-0.28908157,-0.12965938,-0.61644244,-0.45457068,-0.14903851,0.45859784,0.63747585,-0.11453846,-0.35656032,0.10608485,-0.43758667,-0.21155712,-0.39654052,0.20301366,0.14408077,0.39236596,0.14768331,0.46752346,0.39236596,0.14768331,0.46752346,0.39236596,0.14768331,0.46752346,0.39236596,0.14768331,0.46752346
0.3,0.000349925,0.5056914,-0.10350189,-0.2511181,-0.28823784,-0.13069677,-0.6173436,-0.4531633,-0.14610787,0.45642585,0.5083248,-0.10332047,-0.23639053,-0.27668452,-0.14917316,-0.6251193,-0.43329516,-0.1099979,0.41513953,0.50546455,-0.10276171,-0.25299945,-0.28908157,-0.12965938,-0.61644244,-0.45457068,-0.14903851,0.45859784,0.50546455,-0.10276171,-0.25299945,-0.28908157,-0.12965938,-0.61644244,-0.45457068,-0.14903851,0.45859784,0.63747585,-0.11453846,-0.35656032,0.10608485,-0.43758667,-0.21155712,-0.39654052,0.20301366,0.14408077,0.39236596,0.14768331,0.46752346,0.39236596,0.14768331,0.46752346,0.39236596,0.14768331,0.46752346,0.39236596,0.14768331,0.46752346
0.5,0.00107615,0.5056914,-0.10350189,-0.2511181,-0.28823784,-0.13069677,-0.6173436,-0.4531633,-0.14610787,0.45642585,0.5083248,-0.10332047,-0.23639053,-0.27668452,-0.14917316,-0.6251193,-0.43329516,-0.1099979,0.41513953,0.50546455,-0.10276171,-0.25299945,-0.28908157,-0.12965938,-0.61644244,-0.45457068,-0.14903851,0.45859784,0.50546455,-0.10276171,-0.25299945,-0.28908157,-0.12965938,-0.61644244,-0.45457068,-0.14903851,0.45859784,0.63747585,-0.11453846,-0.35656032,0.10608485,-0.43758667,-0.21155712,-0.39654052,0.20301366,0.14408077,0.39236596,0.14768331,0.46752346,0.39236596,0.14768331,0.46752346,0.39236596,0.14768331,0.46752346,0.39236596,0.14768331,0.46752346
0.15,8.04041e-05,0.5056914,-0.10350189,-0.2511181,-0.28823784,-0.13069677,-0.6173436,-0.4531633,-0.14610787,0.45642585,0.5083248,-0.10332047,-0.23639053,-0.27668452,-0.14917316,-0.6251193,-0.43329516,-0.1099979,0.41513953,0.50546455,-0.10276171,-0.25299945,-0.28908157,-0.12965938,-0.61644244,-0.45457068,-0.14903851,0.45859784,0.5056914,-0.10350189,-0.2511181,-0.28823784,-0.13069677,-0.6173436,-0.4531633,-0.14610787,0.45642585,0.63500154,-0.11335118,-0.3561478,0.106050685,-0.43937486,-0.21029486,-0.39727476,0.20683038,0.14180812,0.39236596,0.14768331,0.46752346,0.39236596,0.14768331,0.46752346,0.39236596,0.14768331,0.46752346,0.39236596,0.14768331,0.46752346
0.2,0.000148121,0.5056914,-0.10350189,-0.2511181,-0.28823784,-0.13069677,-0.6173436,-0.4531633,-0.14610787,0.45642585,0.5083248,-0.10332047,-0.23639053,-0.27668452,-0.14917316,-0.6251193,-0.43329516,-0.1099979,0.41513953,0.50546455,-0.10276171,-0.25299945,-0.28908157,-0.12965938,-0.61644244,-0.45457068,-0.14903851,0.45859784,0.5056914,-0.10350189,-0.2511181,-0.28823784,-0.13069677,-0.6173436,-0.4531633,-0.14610787,0.45642585,0.63500154,-0.11335118,-0.3561478,0.106050685,-0.43937486,-0.21029486,-0.39727476,0.20683038,0.14180812,0.39236596,0.14768331,0.46752346,0.39236596,0.14768331,0.46752346,0.39236596,0.14768331,0.46752346,0.39236596,0.14768331,0.46752346
0.25,0.00023472,0.5056914,-0.10350189,-0.2511181,-0.28823784,-0.13069677,-0.6173436,-0.4531633,-0.14610787,0.45642585,0.5083248,-0.10332047,-0.23639053,-0.27668452,-0.14917316,-0.6251193,-0.43329516,-0.1099979,0.41513953,0.50546455,-0.10276171,-0.25299945,-0.28908157,-0.12965938,-0.61644244,-0.45457068,-0.14903851,0.45859784,0.5056914,-0.10350189,-0.2511181,-0.28823784,-0.13069677,-0.6173436,-0.4531633,-0.14610787,0.45642585,0.63500154,-0.11335118,-0.3561478,0.106050685,-0.43937486,-0.21029486,-0.39727476,0.20683038,0.14180812,0.39236596,0.14768331,0.46752346,0.39236596,0.14768331,0.46752346,0.39236596,0.14768331,0.46752346,0.39236596,0.14768331,0.46752346
0.3,0.000347748,0.5056914,-0.10350189,-0.2511181,-0.28823784,-0.13069677,-0.6173436,-0.4531633,-0.14610787,0.45642585,0.5083248,-0.10332047,-0.23639053,-0.27668452,-0.14917316,-0.6251193,-0.43329516,-0.1099979,0.41513953,0.50546455,-0.10276171,-0.25299945,-0.28908157,-0.12965938,-0.61644244,-0.45457068,-0.14903851,0.45859784,0.5056914,-0.10350189,-0.2511181,-0.28823784,-0.13069677,-0.6173436,-0.4531633,-0.14610787,0.45642585,0.63500154,-0.11335118,-0.3561478,0.106050685,-0.43937486,-0.21029486,-0.39727476,0.20683038,0.14180812,0.39236596,0.14768331,0.46752346,0.39236596,0.14768331,0.46752346,0.39236596,0.14768331,0.46752346,0.39236596,0.14768331,0.46752346
0.5,0.00111728,0.5056914,-0.10350189,-0.2511181,-0.28823784,-0.13069677,-0.6173436,-0.4531633,-0.14610787,0.45642585,0.5083248,-0.10332047,-0.23639053,-0.27668452,-0.14917316,-0.6251193,-0.43329516,-0.1099979,0.41513953,0.50546455,-0.10276171,-0.25299945,-0.28908157,-0.12965938,-0.61644244,-0.45457068,-0.14903851,0.45859784,0.5056914,-0.10350189,-0.2511181,-0.28823784,-0.13069677,-0.6173436,-0.4531633,-0.14610787,0.45642585,0.63500154,-0.11335118,-0.3561478,0.106050685,-0.43937486,-0.21029486,-0.39727476,0.20683038,0.14180812,0.39236596,0.14768331,0.46752346,0.39236596,0.14768331,0.46752346,0.39236596,0.14768331,0.46752346,0.39236596,0.14768331,0.46752346
0.15,8.60094e-05,0.5056914,-0.10350189,-0.2511181,-0.28823784,-0.13069677,-0.6173436,-0.4531633,-0.14610787,0.45642585,0.52573913,-0.067274235,-0.08532694,-0.15651877,-0.36126548,-0.6840855,-0.19531004,0.26819196,-0.11203807,0.50546455,-0.10276171,-0.25299945,-0.28908157,-0.12965938,-0.61644244,-0.45457068,-0.14903851,0.45859784,0.50546455,-0.10276171,-0.25299945,-0.28908157,-0.12965938,-0.61644244,-0.45457068,-0.14903851,0.45859784,0.9595929,-0.07817191,-0.7415162,0.73871166,-0.88426435,0.81646556,-0.041904453,0.87037325,-0.96419996,0.39236596,0.14768331,0.46752346,0.39236596,0.14768331,0.46752346,0.39236596,0.14768331,0.46752346,0.39236596,0.14768331,0.46752346
0.2,0.000158502,0.5056914,-0.10350189,-0.2511181,-0.28823784,-0.13069677,-0.6173436,-0.4531633,-0.14610787,0.45642585,0.52573913,-0.067274235,-0.08532694,-0.15651877,-0.36126548,-0.6840855,-0.19531004,0.26819196,-0.11203807,0.50546455,-0.10276171,-0.25299945,-0.28908157,-0.12965938,-0.61644244,-0.45457068,-0.14903851,0.45859784,0.50546455,-0.10276171,-0.25299945,-0.28908157,-0.12965938,-0.61644244,-0.45457068,-0.14903851,0.45859784,0.9595929,-0.07817191,-0.7415162,0.73871166,-0.88426435,0.81646556,-0.041904453,0.87037325,-0.96419996,0.39236596,0.14768331,0.46752346,0.39236596,0.14768331,0.46752346,0.39236596,0.14768331,0.46752346,0.39236596,0.14768331,0.46752346
0.25,0.000253763,0.5056914,-0.10350189,-0.2511181,-0.28823784,-0.13069677,-0.6173436,-0.4531633,-0.14610787,0.45642585,0.52573913,-0.067274235,-0.08532694,-0.15651877,-0.36126548,-0.6840855,-0.19531004,0.26819196,-0.11203807,0.50546455,-0.10276171,-0.25299945,-0.28908157,-0.12965938,-0.61644244,-0.45457068,-0.14903851,0.45859784,0.50546455,-0.10276171,-0.25299945,-0.28908157,-0.12965938,-0.61644244,-0.45457068,-0.14903851,0.45859784,0.9595929,-0.07817191,-0.7415162,0.73871166,-0.88426435,0.81646556,-0.041904453,0.87037325,-0.96419996,0.39236596,0.14768331,0.46752346,0.39236596,0.14768331,0.46752346,0.39236596,0.14768331,0.46752346,0.39236596,0.14768331,0.46752346
0.3,0.000389141,0.5056914,-0.10350189,-0.2511181,-0.28823784,-0.13069677,-0.6173436,-0.4531633,-0.14610787,0.45642585,0.52573913,-0.067274235,-0.08532694,-0.15651877,-0.36126548,-0.6840855,-0.19531004,0.26819196,-0.11203807,0.50546455,-0.10276171,-0.25299945,-0.28908157,-0.12965938,-0.61644244,-0.45457068,-0.14903851,0.45859784,0.50546455,-0.10276171,-0.25299945,-0.28908157,-0.12965938,-0.61644244,-0.45457068,-0.14903851,0.45859784,0.9595929,-0.07817191,-0.7415162,0.73871166,-0.88426435,0.81646556,-0.041904453,0.87037325,-0.96419996,0.39236596,0.14768331,0.46752346,0.39236596,0.14768331,0.46752346,0.39236596,0.14768331,0.46752346,0.39236596,0.14768331,0.46752346
0.5,0.00131616,0.5056914,-0.10350189,-0.2511181,-0.28823784,-0.13069677,-0.6173436,-0.4531633,-0.14610787,0.45642585,0.52573913,-0.067274235,-0.08532694,-0.15651877,-0.36126548,-0.6840855,-0.19531004,0.26819196,-0.11203807,0.50546455,-0.10276171,-0.25299945,-0.28908157,-0.12965938,-0.61644244,-0.45457068,-0.14903851,0.45859784,0.50546455,-0.10276171,-0.25299945,-0.28908157,-0.12965938,-0.61644244,-0.45457068,-0.14903851,0.45859784,0.9595929,-0.07817191,-0.7415162,0.73871166,-0.88426435,0.81646556,-0.041904453,0.87037325,-0.96419996,0.39236596,0.14768331,0.46752346,0.39236596,0.14768331,0.46752346,0.39236596,0.14768331,0.46752346,0.39236596,0.14768331,0.46752346
0.15,8.15729e-05,0.5056914,-0.10350189,-0.2511181,-0.28823784,-0.13069677,-0.6173436,-0.4531633,-0.14610787,0.45642585,0.5056914,-0.10350189,-0.2511181,-0.28823784,-0.13069677,-0.6173436,-0.4531633,-0.14610787,0.45642585,0.50546455,-0.10276171,-0.25299945,-0.28908157,-0.12965938,-0.61644244,-0.45457068,-0.14903851,0.45859784,0.50546455,-0.10276171,-0.25299945,-0.28908157,-0.12965938,-0.61644244,-0.45457068,-0.14903851,0.45859784,0.5714928,-0.167947,-0.3371821,-0.06670203,-0.29686186,-0.34776607,-0.47233576,0.06317123,0.38483498,0.39236596,0.14768331,0.46752346,0.39236596,0.14768331,0.46752346,0.39236596,0.14768331,0.46752346,0.39236596,0.14768331,0.46752346
0.2,0.000148588,0.5056914,-0.10350189,-0.2511181,-0.28823784,-0.13069677,-0.6173436,-0.4531633,-0.14610787,0.45642585,0.5056914,-0.10350189,-0.2511181,-0.28823784,-0.13069677,-0.6173436,-0.4531633,-0.14610787,0.45642585,0.50546455,-0.10276171,-0.25299945,-0.28908157,-0.12965938,-0.61644244,-0.45457068,-0.14903851,0.45859784,0.50546455,-0.10276171,-0.25299945,-0.28908157,-0.12965938,-0.61644244,-0.45457068,-0.14903851,0.45859784,0.5714928,-0.167947,-0.3371821,-0.06670203,-0.29686186,-0.34776607,-0.47233576,0.06317123,0.38483498,0.39236596,0.14768331,0.46752346,0.39236596,0.14768331,0.46752346,0.39236596,0.14768331,0.46752346,0.39236596,0.14768331,0.46752346
0.25,0.000234262,0.5056914,-0.10350189,-0.2511181,-0.28823784,-0.13069677,-0.6173436,-0.4531633,-0.14610787,0.45642585,0.5056914,-0.10350189,-0.2511181,-0.28823784,-0.13069677,-0.6173436,-0.4531633,-0.14610787,0.45642585,0.50546455,-0.10276171,-0.25299945,-0.28908157,-0.12965938,-0.61644244,-0.45457068,-0.14903851,0.45859784,0.50546455,-0.10276171,-0.25299945,-0.28908157,-0.12965938,-0.61644244,-0.45457068,-0.14903851,0.45859784,0.5714928,-0.167947,-0.3371821,-0.06670203,-0.29686186,-0.34776607,-0.47233576,0.06317123,0.38483498,0.39236596,0.14768331,0.46752346,0.39236596,0.14768331,0.46752346,0.39236596,0.14768331,0.46752346,0.39236596,0.14768331,0.46752346
0.3,0.0003502,0.5056914,-0.10350189,-0.2511181,-0.28823784,-0.13069677,-0.6173436,-0.4531633,-0.14610787,0.45642585,0.5056914,-0.10350189,-0.2511181,-0.28823784,-0.13069677,-0.6173436,-0.4531633,-0.14610787,0.45642585,0.50546455,-0.10276171,-0.25299945,-0.28908157,-0.12965938,-0.61644244,-0.45457068,-0.14903851,0.45859784,0.50546455,-0.10276171,-0.25299945,-0.28908157,-0.12965938,-0.61644244,-0.45457068,-0.14903851,0.45859784,0.5714928,-0.167947,-0.3371821,-0.06670203,-0.29686186,-0.34776607,-0.47233576,0.06317123,0.38483498,0.39236596,0.14768331,0.46752346,0.39236596,0.14768331,0.46752346,0.39236596,0.14768331,0.46752346,0.39236596,0.14768331,0.46752346
0.5,0.00109848,0.5056914,-0.10350189,-0.2511181,-0.28823784,-0.13069677,-0.6173436,-0.4531633,-0.14610787,0.45642585,0.5056914,-0.10350189,-0.2511181,-0.28823784,-0.13069677,-0.6173436,-0.4531633,-0.14610787,0.45642585,0.50546455,-0.10276171,-0.25299945,-0.28908157,-0.12965938,-0.61644244,-0.45457068,-0.14903851,0.45859784,0.50546455,-0.10276171,-0.25299945,-0.28908157,-0.12965938,-0.61644244,-0.45457068,-0.14903851,0.45859784,0.5714928,-0.167947,-0.3371821,-0.06670203,-0.29686186,-0.34776607,-0.47233576,0.06317123,0.38483498,0.39236596,0.14768331,0.46752346,0.39236596,0.14768331,0.46752346,0.39236596,0.14768331,0.46752346,0.39236596,0.14768331,0.46752346
0.15,8.1136e-05,0.5056914,-0.10350189,-0.2511181,-0.28823784,-0.13069677,-0.6173436,-0.4531633,-0.14610787,0.45642585,0.5083248,-0.10332047,-0.23639053,-0.27668452,-0.14917316,-0.6251193,-0.43329516,-0.1099979,0.41513953,0.5083248,-0.10332047,-0.23639053,-0.27668452,-0.14917316,-0.6251193,-0.43329516,-0.1099979,0.41513953,0.50546455,-0.10276171,-0.25299945,-0.28908157,-0.12965938,-0.61644244,-0.45457068,-0.14903851,0.45859784,0.67472315,-0.095494285,-0.36628166,0.13031584,-0.44955176,-0.17579697,-0.3791946,0.20406415,0.039361544,0.39236596,0.14768331,0.46752346,0.39236596,0.14768331,0.46752346,0.39236596,0.14768331,0.46752346,0.39236596,0.14768331,0.46752346
0.2,0.000148284,0.5056914,-0.10350189,-0.2511181,-0.28823784,-0.13069677,-0.6173436,-0.4531633,-0.14610787,0.45642585,0.5083248,-0.10332047,-0.23639053,-0.27668452,-0.14917316,-0.6251193,-0.43329516,-0.1099979,0.41513953,0.5083248,-0.10332047,-0.23639053,-0.27668452,-0.14917316,-0.6251193,-0.43329516,-0.1099979,0.41513953,0.50546455,-0.10276171,-0.25299945,-0.28908157,-0.12965938,-0.61644244,-0.45457068,-0.14903851,0.45859784,0.67472315,-0.095494285,-0.36628166,0.13031584,-0.44955176,-0.17579697,-0.3791946,0.20406415,0.039361544,0.39236596,0.14768331,0.46752346,0.39236596,0.14768331,0.46752346,0.39236596,0.14768331,0.46752346,0.39236596,0.14768331,0.46752346
0.25,0.000235438,0.5056914,-0.10350189,-0.2511181,-0.28823784,-0.13069677,-0.6173436,-0.4531633,-0.14610787,0.45642585,0.5083248,-0.10332047,-0.23639053,-0.27668452,-0.14917316,-0.6251193,-0.43329516,-0.1099979,0.41513953,0.5083248,-0.10332047,-0.23639053,-0.27668452,-0.14917316,-0.6251193,-0.43329516,-0.1099979,0.41513953,0.50546455,-0.10276171,-0.25299945,-0.28908157,-0.12965938,-0.61644244,-0.45457068,-0.14903851,0.45859784,0.67472315,-0.095494285,-0.36628166,0.13031584,-0.44955176,-0.17579697,-0.3791946,0.20406415,0.039361544,0.39236596,0.14768331,0.46752346,0.39236596,0.14768331,0.46752346,0.39236596,0.14768331,0.46752346,0.39236596,0.14768331,0.46752346
0.3,0.000355777,0.5056914,-0.10350189,-0.2511181,-0.28823784,-0.13069677,-0.6173436,-0.4531633,-0.14610787,0.45642585,0.5083248,-0.10332047,-0.23639053,-0.27668452,-0.14917316,-0.6251193,-0.43329516,-0.1099979,0.41513953,0.5083248,-0.10332047,-0.23639053,-0.27668452,-0.14917316,-0.6251193,-0.43329516,-0.1099979,0.41513953,0.50546455,-0.10276171,-0.25299945,-0.28908157,-0.12965938,-0.61644244,-0.45457068,-0.14903851,0.45859784,0.67472315,-0.095494285,-0.36628166,0.13031584,-0.44955176,-0.17579697,-0.3791946,0.20406415,0.039361544,0.39236596,0.14768331,0.46752346,0.39236596,0.14768331,0.46752346,0.39236596,0.14768331,0.46752346,0.39236596,0.14768331,0.46752346
0.5,0.00114383,0.5056914,-0.10350189,-0.2511181,-0.28823784,-0.13069677,-0.6173436,-0.4531633,-0.14610787,0.45642585,0.5083248,-0.10332047,-0.23639053,-0.27668452,-0.14917316,-0.6251193,-0.43329516,-0.1099979,0.41513953,0.5083248,-0.10332047,-0.23639053,-0.27668452,-0.14917316,-0.6251193,-0.43329516,-0.1099979,0.41513953,0.50546455,-0.10276171,-0.25299945,-0.28908157,-0.12965938,-0.61644244,-0.45457068,-0.14903851,0.45859784,0.67472315,-0.095494285,-0.36628166,0.13031584,-0.44955176,-0.17579697,-0.3791946,0.20406415,0.039361544,0.39236596,0.14768331,0.46752346,0.39236596,0.14768331,0.46752346,0.39236596,0.14768331,0.46752346,0.39236596,0.14768331,0.46752346
0.15,8.00963e-05,0.5056914,-0.10350189,-0.2511181,-0.28823784,-0.13069677,-0.6173436,-0.4531633,-0.14610787,0.45642585,0.50779825,-0.10480617,-0.24151154,-0.28050599,-0.14202842,-0.622774,-0.44042575,-0.121844195,0.4308507,0.5012532,-0.08731782,-0.26436496,-0.2925528,-0.1364999,-0.61516106,-0.45419222,-0.14714013,0.44342914,0.50546455,-0.10276171,-0.25299945,-0.28908157,-0.12965938,-0.61644244,-0.45457068,-0.14903851,0.45859784,0.5955967,-0.15315466,-0.33713058,0.0232018,-0.3503301,-0.29054523,-0.42733532,0.10109471,0.3169903,0.39236596,0.14768331,0.46752346,0.39236596,0.14768331,0.46752346,0.39236596,0.14768331,0.46752346,0.39236596,0.14768331,0.46752346
0.2,0.000148318,0.5056914,-0.10350189,-0.2511181,-0.28823784,-0.13069677,-0.6173436,-0.4531633,-0.14610787,0.45642585,0.50779825,-0.10480617,-0.24151154,-0.28050599,-0.14202842,-0.622774,-0.44042575,-0.121844195,0.4308507,0.5012532,-0.08731782,-0.26436496,-0.2925528,-0.1364999,-0.61516106,-0.45419222,-0.14714013,0.44342914,0.50546455,-0.10276171,-0.25299945,-0.28908157,-0.12965938,-0.61644244,-0.45457068,-0.14903851,0.45859784,0.5955967,-0.15315466,-0.33713058,0.0232018,-0.3503301,-0.29054523,-0.42733532,0.10109471,0.3169903,0.39236596,0.14768331,0.46752346,0.39236596,0.14768331,0.46752346,0.39236596,0.14768331,0.46752346,0.39236596,0.14768331,0.46752346
0.25,0.000232569,0.5056914,-0.10350189,-0.2511181,-0.28823784,-0.13069677,-0.6173436,-0.4531633,-0.14610787,0.45642585,0.50779825,-0.10480617,-0.24151154,-0.28050599,-0.14202842,-0.622774,-0.44042575,-0.121844195,0.4308507,0.5012532,-0.08731782,-0.26436496,-0.2925528,-0.1364999,-0.61516106,-0.45419222,-0.14714013,0.44342914,0.50546455,-0.10276171,-0.25299945,-0.28908157,-0.12965938,-0.61644244,-0.45457068,-0.14903851,0.45859784,0.5955967,-0.15315466,-0.33713058,0.0232018,-0.3503301,-0.29054523,-0.42733532,0.10109471,0.3169903,0.39236596,0.14768331,0.46752346,0.39236596,0.14768331,0.46752346,0.39236596,0.14768331,0.46752346,0.39236596,0.14768331,0.46752346
0.3,0.000345117,0.5056914,-0.10350189,-0.2511181,-0.28823784,-0.13069677,-0.6173436,-0.4531633,-0.14610787,0.45642585,0.50779825,-0.10480617,-0.24151154,-0.28050599,-0.14202842,-0.622774,-0.44042575,-0.121844195,0.4308507,0.5012532,-0.08731782,-0.26436496,-0.2925528,-0.1364999,-0.61516106,-0.45419222,-0.14714013,0.44342914,0.50546455,-0.10276171,-0.25299945,-0.28908157,-0.12965938,-0.61644244,-0.45457068,-0.14903851,0.45859784,0.5955967,-0.15315466,-0.33713058,0.0232018,-0.3503301,-0.29054523,-0.42733532,0.10109471,0.3169903,0.39236596,0.14768331,0.46752346,0.39236596,0.14768331,0.46752346,0.39236596,0.14768331,0.46752346,0.39236596,0.14768331,0.46752346
0.5,0.00109257,0.5056914,-0.10350189,-0.2511181,-0.28823784,-0.13069677,-0.6173436,-0.4531633,-0.14610787,0.45642585,0.50779825,-0.10480617,-0.24151154,-0.28050599,-0.14202842,-0.622774,-0.44042575,-0.121844195,0.4308507,0.5012532,-0.08731782,-0.26436496,-0.2925528,-0.1364999,-0.61516106,-0.45419222,-0.14714013,0.44342914,0.50546455,-0.10276171,-0.25299945,-0.28908157,-0.12965938,-0.61644244,-0.45457068,-0.14903851,0.45859784,0.5955967,-0.15315466,-0.33713058,0.0232018,-0.3503301,-0.29054523,-0.42733532,0.10109471,0.3169903,0.39236596,0.14768331,0.46752346,0.39236596,0.14768331,0.46752346,0.39236596,0.14768331,0.46752346,0.39236596,0.14768331,0.46752346
0.15,8.11912e-05,0.5056914,-0.10350189,-0.2511181,-0.28823784,-0.13069677,-0.6173436,-0.4531633,-0.14610787,0.45642585,0.5073142,-0.10536224,-0.24489024,-0.28304064,-0.13724332,-0.6211857,-0.4448344,-0.13019781,0.44087687,0.5080569,-0.10401829,-0.23876967,-0.27845463,-0.14587162,-0.6240362,-0.4366069,-0.11545964,0.42242867,0.50546455,-0.10276171,-0.25299945,-0.28908157,-0.12965938,-0.61644244,-0.45457068,-0.14903851,0.45859784,0.63176376,-0.12117791,-0.3555415,0.032433305,-0.37568137,-0.24828696,-0.42762908,0.1341616,0.18848017,0.39236596,0.14768331,0.46752346,0.39236596,0.14768331,0.46752346,0.39236596,0.14768331,0.46752346,0.39236596,0.14768331,0.46752346
0.2,0.000147683,0.5056914,-0.10350189,-0.2511181,-0.28823784,-0.13069677,-0.6173436,-0.4531633,-0.14610787,0.45642585,0.5073142,-0.10536224,-0.24489024,-0.28304064,-0.13724332,-0.6211857,-0.4448344,-0.13019781,0.44087687,0.5080569,-0.10401829,-0.23876967,-0.27845463,-0.14587162,-0.6240362,-0.4366069,-0.11545964,0.42242867,0.50546455,-0.10276171,-0.25299945,-0.28908157,-0.12965938,-0.61644244,-0.45457068,-0.14903851,0.45859784,0.63176376,-0.12117791,-0.3555415,0.032433305,-0.37568137,-0.24828696,-0.42762908,0.1341616,0.18848017,0.39236596,0.14768331,0.46752346,0.39236596,0.14768331,0.46752346,0.39236596,0.14768331,0.46752346,0.39236596,0.14768331,0.46752346
0.25,0.000236134,0.5056914,-0.10350189,-0.2511181,-0.28823784,-0.13069677,-0.6173436,-0.4531633,-0.14610787,0.45642585,0.5073142,-0.10536224,-0.24489024,-0.28304064,-0.13724332,-0.6211857,-0.4448344,-0.13019781,0.44087687,0.5080569,-0.10401829,-0.23876967,-0.27845463,-0.14587162,-0.6240362,-0.4366069,-0.11545964,0.42242867,0.50546455,-0.10276171,-0.25299945,-0.28908157,-0.12965938,-0.61644244,-0.45457068,-0.14903851,0.45859784,0.63176376,-0.12117791,-0.3555415,0.032433305,-0.37568137,-0.24828696,-0.42762908,0.1341616,0.18848017,0.39236596,0.14768331,0.46752346,0.39236596,0.14768331,0.46752346,0.39236596,0.14768331,0.46752346,0.39236596,0.14768331,0.46752346
0.3,0.000353184,0.5056914,-0.10350189,-0.2511181,-0.28823784,-0.13069677,-0.6173436,-0.4531633,-0.14610787,0.45642585,0.5073142,-0.10536224,-0.24489024,-0.28304064,-0.13724332,-0.6211857,-0.4448344,-0.13019781,0.44087687,0.5080569,-0.10401829,-0.23876967,-0.27845463,-0.14587162,-0.6240362,-0.4366069,-0.11545964,0.42242867,0.50546455,-0.10276171,-0.25299945,-0.28908157,-0.12965938,-0.61644244,-0.45457068,-0.14903851,0.45859784,0.63176376,-0.12117791,-0.3555415,0.032433305,-0.37568137,-0.24828696,-0.42762908,0.1341616,0.18848017,0.39236596,0.14768331,0.46752346,0.39236596,0.14768331,0.46752346,0.39236596,0.14768331,0.46752346,0.39236596,0.14768331,0.46752346
0.5,0.00114337,0.5056914,-0.10350189,-0.2511181,-0.28823784,-0.13069677,-0.6173436,-0.4531633,-0.14610787,0.45642585,0.5073142,-0.10536224,-0.24489024,-0.28304064,-0.13724332,-0.6211857,-0.4448344,-0.13019781,0.44087687,0.5080569,-0.10401829,-0.23876967,-0.27845463,-0.14587162,-0.6240362,-0.4366069,-0.11545964,0.42242867,0.50546455,-0.10276171,-0.25299945,-0.28908157,-0.12965938,-0.61644244,-0.45457068,-0.14903851,0.45859784,0.63176376,-0.12117791,-0.3555415,0.032433305,-0.37568137,-0.24828696,-0.42762908,0.1341616,0.18848017,0.39236596,0.14768331,0.46752346,0.39236596,0.14768331,0.46752346,0.39236596,0.14768331,0.46752346,0.39236596,0.14768331,0.46752346
0.15,8.16958e-05,0.5056914,-0.10350189,-0.2511181,-0.28823784,-0.13069677,-0.6173436,-0.4531633,-0.14610787,0.45642585,0.51012474,-0.1006514,-0.22244263,-0.26653334,-0.16672418,-0.6308228,-0.414663,-0.0794807,0.37533078,0.5083248,-0.10332047,-0.23639053,-0.27668452,-0.14917316,-0.6251193,-0.43329516,-0.1099979,0.41513953,0.50546455,-0.10276171,-0.25299945,-0.28908157,-0.12965938,-0.61644244,-0.45457068,-0.14903851,0.45859784,0.72385687,-0.067270204,-0.38220417,0.27066538,-0.54928094,-0.074443646,-0.30322683,0.2986952,-0.16786213,0.39236596,0.14768331,0.46752346,0.39236596,0.14768331,0.46752346,0.39236596,0.14768331,0.46752346,0.39236596,0.14768331,0.46752346
0.2,0.000149204,0.5056914,-0.10350189,-0.2511181,-0.28823784,-0.13069677,-0.6173436,-0.4531633,-0.14610787,0.45642585,0.51012474,-0.1006514,-0.22244263,-0.26653334,-0.16672418,-0.6308228,-0.414663,-0.0794807,0.37533078,0.5083248,-0.10332047,-0.23639053,-0.27668452,-0.14917316,-0.6251193,-0.43329516,-0.1099979,0.41513953,0.50546455,-0.10276171,-0.25299945,-0.28908157,-0.12965938,-0.61644244,-0.45457068,-0.14903851,0.45859784,0.72385687,-0.067270204,-0.38220417,0.27066538,-0.54928094,-0.074443646,-0.30322683,0.2986952,-0.16786213,0.39236596,0.14768331,0.46752346,0.39236596,0.14768331,0.46752346,0.39236596,0.14768331,0.46752346,0.39236596,0.14768331,0.46752346
0.25,0.000236448,0.5056914,-0.10350189,-0.2511181,-0.28823784,-0.13069677,-0.6173436,-0.4531633,-0.14610787,0.45642585,0.51012474,-0.1006514,-0.22244263,-0.26653334,-0.16672418,-0.6308228,-0.414663,-0.0794807,0.37533078,0.5083248,-0.10332047,-0.23639053,-0.27668452,-0.14917316,-0.6251193,-0.43329516,-0.1099979,0.41513953,0.50546455,-0.10276171,-0.25299945,-0.28908157,-0.12965938,-0.61644244,-0.45457068,-0.14903851,0.45859784,0.72385687,-0.067270204,-0.38220417,0.27066538,-0.54928094,-0.074443646,-0.30322683,0.2986952,-0.16786213,0.39236596,0.14768331,0.46752346,0.39236596,0.14768331,0.46752346,0.39236596,0.14768331,0.46752346,0.39236596,0.14768331,0.46752346
0.3,0.000357179,0.5056914,-0.10350189,-0.2511181,-0.28823784,-0.13069677,-0.6173436,-0.4531633,-0.14610787,0.45642585,0.51012474,-0.1006514,-0.22244263,-0.26653334,-0.16672418,-0.6308228,-0.414663,-0.0794807,0.37533078,0.5083248,-0.10332047,-0.23639053,-0.27668452,-0.14917316,-0.6251193,-0.43329516,-0.1099979,0.41513953,0.50546455,-0.10276171,-0.25299945,-0.28908157,-0.12965938,-0.61644244,-0.45457068,-0.14903851,0.45859784,0.72385687,-0.067270204,-0.38220417,0.27066538,-0.54928094,-0.074443646,-0.30322683,0.2986952,-0.16786213,0.39236596,0.14768331,0.46752346,0.39236596,0.14768331,0.46752346,0.39236596,0.14768331,0.46752346,0.39236596,0.14768331,0.46752346
0.5,0.00115188,0.5056914,-0.10350189,-0.2511181,-0.28823784,-0.13069677,-0.6173436,-0.4531633,-0.14610787,0.45642585,0.51012474,-0.1006514,-0.22244263,-0.26653334,-0.16672418,-0.6308228,-0.414663,-0.0794807,0.37533078,0.5083248,-0.10332047,-0.23639053,-0.27668452,-0.14917316,-0.6251193,-0.43329516,-0.1099979,0.41513953,0.50546455,-0.10276171,-0.25299945,-0.28908157,-0.12965938,-0.61644244,-0.45457068,-0.14903851,0.45859784,0.72385687,-0.067270204,-0.38220417,0.27066538,-0.54928094,-0.074443646,-0.30322683,0.2986952,-0.16786213,0.39236596,0.14768331,0.46752346,0.39236596,0.14768331,0.46752346,0.39236596,0.14768331,0.46752346,0.39236596,0.14768331,0.46752346
0.15,0.000107185,0.50560427,-0.103159994,-0.2520906,-0.28870794,-0.13012162,-0.6168966,-0.45390615,-0.14762121,0.457607,0.5083248,-0.10332047,-0.23639053,-0.27668452,-0.14917316,-0.6251193,-0.43329516,-0.1099979,0.41513953,0.50546455,-0.10276171,-0.25299945,-0.28908157,-0.12965938,-0.61644244,-0.45457068,-0.14903851,0.45859784,0.50546455,-0.10276171,-0.25299945,-0.28908157,-0.12965938,-0.61644244,-0.45457068,-0.14903851,0.45859784,0.7785068,0.0045797057,-0.5282115,0.16216844,-0.4913131,0.0063042403,-0.39996007,0.19603577,-0.1101051,0.39236596,0.14768331,0.46752346,0.39236596,0.14768331,0.46752346,0.39236596,0.14768331,0.46752346,0.39236596,0.14768331,0.46752346
0.3,0.000346657,0.50560427,-0.103159994,-0.2520906,-0.28870794,-0.13012162,-0.6168966,-0.45390615,-0.14762121,0.457607,0.5083248,-0.10332047,-0.23639053,-0.27668452,-0.14917316,-0.6251193,-0.43329516,-0.1099979,0.41513953,0.50546455,-0.10276171,-0.25299945,-0.28908157,-0.12965938,-0.61644244,-0.45457068,-0.14903851,0.45859784,0.50546455,-0.10276171,-0.25299945,-0.28908157,-0.12965938,-0.61644244,-0.45457068,-0.14903851,0.45859784,0.7785068,0.0045797057,-0.5282115,0.16216844,-0.4913131,0.0063042403,-0.39996007,0.19603577,-0.1101051,0.39236596,0.14768331,0.46752346,0.39236596,0.14768331,0.46752346,0.39236596,0.14768331,0.46752346,0.39236596,0.14768331,0.46752346
0.5,0.00111596,0.50560427,-0.103159994,-0.2520906,-0.28870794,-0.13012162,-0.6168966,-0.45390615,-0.14762121,0.457607,0.5083248,-0.10332047,-0.23639053,-0.27668452,-0.14917316,-0.6251193,-0.43329516,-0.1099979,0.41513953,0.50546455,-0.10276171,-0.25299945,-0.28908157,-0.12965938,-0.61644244,-0.45457068,-0.14903851,0.45859784,0.50546455,-0.10276171,-0.25299945,-0.28908157,-0.12965938,-0.61644244,-0.45457068,-0.14903851,0.45859784,0.7785068,0.0045797057,-0.5282115,0.16216844,-0.4913131,0.0063042403,-0.39996007,0.19603577,-0.1101051,0.39236596,0.14768331,0.46752346,0.39236596,0.14768331,0.46752346,0.39236596,0.14768331,0.46752346,0.39236596,0.14768331,0.46752346
0.75,0.0028861,0.50560427,-0.103159994,-0.2520906,-0.28870794,-0.13012162,-0.6168966,-0.45390615,-0.14762121,0.457607,0.5083248,-0.10332047,-0.23639053,-0.27668452,-0.14917316,-0.6251193,-0.43329516,-0.1099979,0.41513953,0.50546455,-0.10276171,-0.25299945,-0.28908157,-0.12965938,-0.61644244,-0.45457068,-0.14903851,0.45859784,0.50546455,-0.10276171,-0.25299945,-0.28908157,-0.12965938,-0.61644244,-0.45457068,-0.14903851,0.45859784,0.7785068,0.0045797057,-0.5282115,0.16216844,-0.4913131,0.0063042403,-0.39996007,0.19603577,-0.1101051,0.39236596,0.14768331,0.46752346,0.39236596,0.14768331,0.46752346,0.39236596,0.14768331,0.46752346,0.39236596,0.14768331,0.46752346
1.0,0.00599918,0.50560427,-0.103159994,-0.2520906,-0.28870794,-0.13012162,-0.6168966,-0.45390615,-0.14762121,0.457607,0.5083248,-0.10332047,-0.23639053,-0.27668452,-0.14917316,-0.6251193,-0.43329516,-0.1099979,0.41513953,0.50546455,-0.10276171,-0.25299945,-0.28908157,-0.12965938,-0.61644244,-0.45457068,-0.14903851,0.45859784,0.50546455,-0.10276171,-0.25299945,-0.28908157,-0.12965938,-0.61644244,-0.45457068,-0.14903851,0.45859784,0.7785068,0.0045797057,-0.5282115,0.16216844,-0.4913131,0.0063042403,-0.39996007,0.19603577,-0.1101051,0.39236596,0.14768331,0.46752346,0.39236596,0.14768331,0.46752346,0.39236596,0.14768331,0.46752346,0.39236596,0.14768331,0.46752346
0.3,0.000351203,0.50560427,-0.103159994,-0.2520906,-0.28870794,-0.13012162,-0.6168966,-0.45390615,-0.14762121,0.457607,0.5083248,-0.10332047,-0.23639053,-0.27668452,-0.14917316,-0.6251193,-0.43329516,-0.1099979,0.41513953,0.50546455,-0.10276171,-0.25299945,-0.28908157,-0.12965938,-0.61644244,-0.45457068,-0.14903851,0.45859784,0.50560427,-0.103159994,-0.2520906,-0.28870794,-0.13012162,-0.6168966,-0.45390615,-0.14762121,0.457607,0.7776271,0.005262967,-0.5277481,0.16316219,-0.49273473,0.0069562863,-0.39994082,0.19825213,-0.111565016,0.39236596,0.14768331,0.46752346,0.39236596,0.14768331,0.46752346,0.39236596,0.14768331,0.46752346,0.39236596,0.14768331,0.46752346
0.4,0.000652324,0.50560427,-0.103159994,-0.2520906,-0.28870794,-0.13012162,-0.6168966,-0.45390615,-0.14762121,0.457607,0.5083248,-0.10332047,-0.23639053,-0.27668452,-0.14917316,-0.6251193,-0.43329516,-0.1099979,0.41513953,0.50546455,-0.10276171,-0.25299945,-0.28908157,-0.12965938,-0.61644244,-0.45457068,-0.14903851,0.45859784,0.50560427,-0.103159994,-0.2520906,-0.28870794,-0.13012162,-0.6168966,-0.45390615,-0.14762121,0.457607,0.7776271,0.005262967,-0.5277481,0.16316219,-0.49273473,0.0069562863,-0.39994082,0.19825213,-0.111565016,0.39236596,0.14768331,0.46752346,0.39236596,0.14768331,0.46752346,0.39236596,0.14768331,0.46752346,0.39236596,0.14768331,0.46752346
0.5,0.0010906,0.50560427,-0.103159994,-0.2520906,-0.28870794,-0.13012162,-0.6168966,-0.45390615,-0.14762121,0.457607,0.5083248,-0.10332047,-0.23639053,-0.27668452,-0.14917316,-0.6251193,-0.43329516,-0.1099979,0.41513953,0.50546455,-0.10276171,-0.25299945,-0.28908157,-0.12965938,-0.61644244,-0.45457068,-0.14903851,0.45859784,0.50560427,-0.103159994,-0.2520906,-0.28870794,-0.13012162,-0.6168966,-0.45390615,-0.14762121,0.457607,0.7776271,0.005262967,-0.5277481,0.16316219,-0.49273473,0.0069562863,-0.39994082,0.19825213,-0.111565016,0.39236596,0.14768331,0.46752346,0.39236596,0.14768331,0.46752346,0.39236596,0.14768331,0.46752346,0.39236596,0.14768331,0.46752346
0.75,0.0028366,0.50560427,-0.103159994,-0.2520906,-0.28870794,-0.13012162,-0.6168966,-0.45390615,-0.14762121,0.457607,0.5083248,-0.10332047,-0.23639053,-0.27668452,-0.14917316,-0.6251193,-0.43329516,-0.1099979,0.41513953,0.50546455,-0.10276171,-0.25299945,-0.28908157,-0.12965938,-0.61644244,-0.45457068,-0.14903851,0.45859784,0.50560427,-0.103159994,-0.2520906,-0.28870794,-0.13012162,-0.6168966,-0.45390615,-0.14762121,0.457607,0.7776271,0.005262967,-0.5277481,0.16316219,-0.49273473,0.0069562863,-0.39994082,0.19825213,-0.111565016,0.39236596,0.14768331,0.46752346,0.39236596,0.14768331,0.46752346,0.39236596,0.14768331,0.46752346,0.39236596,0.14768331,0.46752346
1.0,0.00583664,0.50560427,-0.103159994,-0.2520906,-0.28870794,-0.13012162,-0.6168966,-0.45390615,-0.14762121,0.457607,0.5083248,-0.10332047,-0.23639053,-0.27668452,-0.14917316,-0.6251193,-0.43329516,-0.1099979,0.41513953,0.50546455,-0.10276171,-0.25299945,-0.28908157,-0.12965938,-0.61644244,-0.45457068,-0.14903851,0.45859784,0.50560427,-0.103159994,-0.2520906,-0.28870794,-0.13012162,-0.6168966,-0.45390615,-0.14762121,0.457607,0.7776271,0.005262967,-0.5277481,0.16316219,-0.49273473,0.0069562863,-0.39994082,0.19825213,-0.111565016,0.39236596,0.14768331,0.46752346,0.39236596,0.14768331,0.46752346,0.39236596,0.14768331,0.46752346,0.39236596,0.14768331,0.46752346
0.3,0.00038929,0.50560427,-0.103159994,-0.2520906,-0.28870794,-0.13012162,-0.6168966,-0.45390615,-0.14762121,0.457607,0.52573913,-0.067274235,-0.08532694,-0.15651877,-0.36126548,-0.6840855,-0.19531004,0.26819196,-0.11203807,0.50546455,-0.10276171,-0.25299945,-0.28908157,-0.12965938,-0.61644244,-0.45457068,-0.14903851,0.45859784,0.50546455,-0.10276171,-0.25299945,-0.28908157,-0.12965938,-0.61644244,-0.45457068,-0.14903851,0.45859784,0.99689704,0.32034034,-0.97585213,0.3093346,-0.7420685,0.98002064,-0.47128752,0.8952314,-0.9951609,0.39236596,0.14768331,0.46752346,0.39236596,0.14768331,0.46752346,0.39236596,0.14768331,0.46752346,0.39236596,0.14768331,0.46752346
0.4,0.00076267,0.50560427,-0.103159994,-0.2520906,-0.28870794,-0.13012162,-0.6168966,-0.45390615,-0.14762121,0.457607,0.52573913,-0.067274235,-0.08532694,-0.15651877,-0.36126548,-0.6840855,-0.19531004,0.26819196,-0.11203807,0.50546455,-0.10276171,-0.25299945,-0.28908157,-0.12965938,-0.61644244,-0.45457068,-0.14903851,0.45859784,0.50546455,-0.10276171,-0.25299945,-0.28908157,-0.12965938,-0.61644244,-0.45457068,-0.14903851,0.45859784,0.99689704,0.32034034,-0.97585213,0.3093346,-0.7420685,0.98002064,-0.47128752,0.8952314,-0.9951609,0.39236596,0.14768331,0.46752346,0.39236596,0.14768331,0.46752346,0.39236596,0.14768331,0.46752346,0.39236596,0.14768331,0.46752346
0.5,0.00129625,0.50560427,-0.103159994,-0.2520906,-0.28870794,-0.13012162,-0.6168966,-0.45390615,-0.14762121,0.457607,0.52573913,-0.067274235,-0.08532694,-0.15651877,-0.36126548,-0.6840855,-0.19531004,0.26819196,-0.11203807,0.50546455,-0.10276171,-0.25299945,-0.28908157,-0.12965938,-0.61644244,-0.45457068,-0.14903851,0.45859784,0.50546455,-0.10276171,-0.25299945,-0.28908157,-0.12965938,-0.61644244,-0.45457068,-0.14903851,0.45859784,0.99689704,0.32034034,-0.97585213,0.3093346,-0.7420685,0.98002064,-0.47128752,0.8952314,-0.9951609,0.39236596,0.14768331,0.46752346,0.39236596,0.14768331,0.46752346,0.39236596,0.14768331,0.46752346,0.39236596,0.14768331,0.46752346
0.75,0.00354075,0.50560427,-0.103159994,-0.2520906,-0.28870794,-0.13012162,-0.6168966,-0.45390615,-0.14762121,0.457607,0.52573913,-0.067274235,-0.08532694,-0.15651877,-0.36126548,-0.6840855,-0.19531004,0.26819196,-0.11203807,0.50546455,-0.10276171,-0.25299945,-0.28908157,-0.12965938,-0.61644244,-0.45457068,-0.14903851,0.45859784,0.50546455,-0.10276171,-0.25299945,-0.28908157,-0.12965938,-0.61644244,-0.45457068,-0.14903851,0.45859784,0.99689704,0.32034034,-0.97585213,0.3093346,-0.7420685,0.98002064,-0.47128752,0.8952314,-0.9951609,0.39236596,0.14768331,0.46752346,0.39236596,0.14768331,0.46752346,0.39236596,0.14768331,0.46752346,0.39236596,0.14768331,0.46752346
1.0,0.00754079,0.50560427,-0.103159994,-0.2520906,-0.28870794,-0.13012162,-0.6168966,-0.45390615,-0.14762121,0.457607,0.52573913,-0.067274235,-0.08532694,-0.15651877,-0.36126548,-0.6840855,-0.19531004,0.26819196,-0.11203807,0.50546455,-0.10276171,-0.25299945,-0.28908157,-0.12965938,-0.61644244,-0.45457068,-0.14903851,0.45859784,0.50546455,-0.10276171,-0.25299945,-0.28908157,-0.12965938,-0.61644244,-0.45457068,-0.14903851,0.45859784,0.99689704,0.32034034,-0.97585213,0.3093346,-0.7420685,0.98002064,-0.47128752,0.8952314,-0.9951609,0.39236596,0.14768331,0.46752346,0.39236596,0.14768331,0.46752346,0.39236596,0.14768331,0.46752346,0.39236596,0.14768331,0.46752346
0.3,0.00034934,0.50560427,-0.103159994,-0.2520906,-0.28870794,-0.13012162,-0.6168966,-0.45390615,-0.14762121,0.457607,0.5056914,-0.10350189,-0.2511181,-0.28823784,-0.13069677,-0.6173436,-0.4531633,-0.14610787,0.45642585,0.50546455,-0.10276171,-0.25299945,-0.28908157,-0.12965938,-0.61644244,-0.45457068,-0.14903851,0.45859784,0.50546455,-0.10276171,-0.25299945,-0.28908157,-0.12965938,-0.61644244,-0.45457068,-0.14903851,0.45859784,0.68500686,-0.108994104,-0.41764504,-0.015622805,-0.32910624,-0.21789889,-0.45894837,0.058019433,0.23180577,0.39236596,0.14768331,0.46752346,0.39236596,0.14768331,0.46752346,0.39236596,0.14768331,0.46752346,0.39236596,0.14768331,0.46752346
0.4,0.000647999,0.50560427,-0.103159994,-0.2520906,-0.28870794,-0.13012162,-0.6168966,-0.45390615,-0.14762121,0.457607,0.5056914,-0.10350189,-0.2511181,-0.28823784,-0.13069677,-0.6173436,-0.4531633,-0.14610787,0.45642585,0.50546455,-0.10276171,-0.25299945,-0.28908157,-0.12965938,-0.61644244,-0.45457068,-0.14903851,0.45859784,0.50546455,-0.10276171,-0.25299945,-0.28908157,-0.12965938,-0.61644244,-0.45457068,-0.14903851,0.45859784,0.68500686,-0.108994104,-0.41764504,-0.015622805,-0.32910624,-0.21789889,-0.45894837,0.058019433,0.23180577,0.39236596,0.14768331,0.46752346,0.39236596,0.14768331,0.46752346,0.39236596,0.14768331,0.46752346,0.39236596,0.14768331,0.46752346
0.5,0.0010871,0.50560427,-0.103159994,-0.2520906,-0.28870794,-0.13012162,-0.6168966,-0.45390615,-0.14762121,0.457607,0.5056914,-0.10350189,-0.2511181,-0.28823784,-0.13069677,-0.6173436,-0.4531633,-0.14610787,0.45642585,0.50546455,-0.10276171,-0.25299945,-0.28908157,-0.12965938,-0.61644244,-0.45457068,-0.14903851,0.45859784,0.50546455,-0.10276171,-0.25299945,-0.28908157,-0.12965938,-0.61644244,-0.45457068,-0.14903851,0.45859784,0.68500686,-0.108994104,-0.41764504,-0.015622805,-0.32910624,-0.21789889,-0.45894837,0.058019433,0.23180577,0.39236596,0.14768331,0.46752346,0.39236596,0.14768331,0.46752346,0.39236596,0.14768331,0.46752346,0.39236596,0.14768331,0.46752346
0.75,0.00279315,0.50560427,-0.103159994,-0.2520906,-0.28870794,-0.13012162,-0.6168966,-0.45390615,-0.14762121,0.457607,0.5056914,-0.10350189,-0.2511181,-0.28823784,-0.13069677,-0.6173436,-0.4531633,-0.14610787,0.45642585,0.50546455,-0.10276171,-0.25299945,-0.28908157,-0.12965938,-0.61644244,-0.45457068,-0.14903851,0.45859784,0.50546455,-0.10276171,-0.25299945,-0.28908157,-0.12965938,-0.61644244,-0.45457068,-0.14903851,0.45859784,0.68500686,-0.108994104,-0.41764504,-0.015622805,-0.32910624,-0.21789889,-0.45894837,0.058019433,0.23180577,0.39236596,0.14768331,0.46752346,0.39236596,0.14768331,0.46752346,0.39236596,0.14768331,0.46752346,0.39236596,0.14768331,0.46752346
1.0,0.00576877,0.50560427,-0.103159994,-0.2520906,-0.28870794,-0.13012162,-0.6168966,-0.45390615,-0.14762121,0.457607,0.5056914,-0.10350189,-0.2511181,-0.28823784,-0.13069677,-0.6173436,-0.4531633,-0.14610787,0.45642585,0.50546455,-0.10276171,-0.25299945,-0.28908157,-0.12965938,-0.61644244,-0.45457068,-0.14903851,0.45859784,0.50546455,-0.10276171,-0.25299945,-0.28908157,-0.12965938,-0.61644244,-0.45457068,-0.14903851,0.45859784,0.68500686,-0.108994104,-0.41764504,-0.015622805,-0.32910624,-0.21789889,-0.45894837,0.058019433,0.23180577,0.39236596,0.14768331,0.46752346,0.39236596,0.14768331,0.46752346,0.39236596,0.14768331,0.46752346,0.39236596,0.14768331,0.46752346
0.3,0.000355052,0.50560427,-0.103159994,-0.2520906,-0.28870794,-0.13012162,-0.6168966,-0.45390615,-0.14762121,0.457607,0.5083248,-0.10332047,-0.23639053,-0.27668452,-0.14917316,-0.6251193,-0.43329516,-0.1099979,0.41513953,0.5083248,-0.10332047,-0.23639053,-0.27668452,-0.14917316,-0.6251193,-0.43329516,-0.1099979,0.41513953,0.50546455,-0.10276171,-0.25299945,-0.28908157,-0.12965938,-0.61644244,-0.45457068,-0.14903851,0.45859784,0.8103428,-0.006414236,-0.53667986,0.19432333,-0.50502414,0.01718346,-0.37684914,0.19898783,-0.223358,0.39236596,0.14768331,0.46752346,0.39236596,0.14768331,0.46752346,0.39236596,0.14768331,0.46752346,0.39236596,0.14768331,0.46752346
0.4,0.000673225,0.50560427,-0.103159994,-0.2520906,-0.28870794,-0.13012162,-0.6168966,-0.45390615,-0.14762121,0.457607,0.5083248,-0.10332047,-0.23639053,-0.27668452,-0.14917316,-0.6251193,-0.43329516,-0.1099979,0.41513953,0.5083248,-0.10332047,-0.23639053,-0.27668452,-0.14917316,-0.6251193,-0.43329516,-0.1099979,0.41513953,0.50546455,-0.10276171,-0.25299945,-0.28908157,-0.12965938,-0.61644244,-0.45457068,-0.14903851,0.45859784,0.8103428,-0.006414236,-0.53667986,0.19432333,-0.50502414,0.01718346,-0.37684914,0.19898783,-0.223358,0.39236596,0.14768331,0.46752346,0.39236596,0.14768331,0.46752346,0.39236596,0.14768331,0.46752346,0.39236596,0.14768331,0.46752346
0.5,0.00111675,0.50560427,-0.103159994,-0.2520906,-0.28870794,-0.13012162,-0.6168966,-0.45390615,-0.14762121,0.457607,0.5083248,-0.10332047,-0.23639053,-0.27668452,-0.14917316,-0.6251193,-0.43329516,-0.1099979,0.41513953,0.5083248,-0.10332047,-0.23639053,-0.27668452,-0.14917316,-0.6251193,-0.43329516,-0.1099979,0.41513953,0.50546455,-0.10276171,-0.25299945,-0.28908157,-0.12965938,-0.61644244,-0.45457068,-0.14903851,0.45859784,0.8103428,-0.006414236,-0.53667986,0.19432333,-0.50502414,0.01718346,-0.37684914,0.19898783,-0.223358,0.39236596,0.14768331,0.46752346,0.39236596,0.14768331,0.46752346,0.39236596,0.14768331,0.46752346,0.39236596,0.14768331,0.46752346
0.75,0.00286124,0.50560427,-0.103159994,-0.2520906,-0.28870794,-0.13012162,-0.6168966,-0.45390615,-0.14762121,0.457607,0.5083248,-0.10332047,-0.23639053,-0.27668452,-0.14917316,-0.6251193,-0.43329516,-0.1099979,0.41513953,0.5083248,-0.10332047,-0.23639053,-0.27668452,-0.14917316,-0.6251193,-0.43329516,-0.1099979,0.41513953,0.50546455,-0.10276171,-0.25299945,-0.28908157,-0.12965938,-0.61644244,-0.45457068,-0.14903851,0.45859784,0.8103428,-0.006414236,-0.53667986,0.19432333,-0.50502414,0.01718346,-0.37684914,0.19898783,-0.223358,0.39236596,0.14768331,0.46752346,0.39236596,0.14768331,0.46752346,0.39236596,0.14768331,0.46752346,0.39236596,0.14768331,0.46752346
1.0,0.00612924,0.50560427,-0.103159994,-0.2520906,-0.28870794,-0.13012162,-0.6168966,-0.45390615,-0.14762121,0.457607,0.5083248,-0.10332047,-0.23639053,-0.27668452,-0.14917316,-0.6251193,-0.43329516,-0.1099979,0.41513953,0.5083248,-0.10332047,-0.23639053,-0.27668452,-0.14917316,-0.6251193,-0.43329516,-0.1099979,0.41513953,0.50546455,-0.10276171,-0.25299945,-0.28908157,-0.12965938,-0.61644244,-0.45457068,-0.14903851,0.45859784,0.8103428,-0.006414236,-0.53667986,0.19432333,-0.50502414,0.01718346,-0.37684914,0.19898783,-0.223358,0.39236596,0.14768331,0.46752346,0.39236596,0.14768331,0.46752346,0.39236596,0.14768331,0.46752346,0.39236596,0.14768331,0.46752346
0.3,0.000343824,0.50560427,-0.103159994,-0.2520906,-0.28870794,-0.13012162,-0.6168966,-0.45390615,-0.14762121,0.457607,0.50779825,-0.10480617,-0.24151154,-0.28050599,-0.14202842,-0.622774,-0.44042575,-0.121844195,0.4308507,0.5012532,-0.08731782,-0.26436496,-0.2925528,-0.1364999,-0.61516106,-0.45419222,-0.14714013,0.44342914,0.50546455,-0.10276171,-0.25299945,-0.28908157,-0.12965938,-0.61644244,-0.45457068,-0.14903851,0.45859784,0.7323804,-0.031280056,-0.4671886,0.10760732,-0.42652023,-0.08062586,-0.41329578,0.11332675,0.07301324,0.39236596,0.14768331,0.46752346,0.39236596,0.14768331,0.46752346,0.39236596,0.14768331,0.46752346,0.39236596,0.14768331,0.46752346
0.4,0.000654749,0.50560427,-0.103159994,-0.2520906,-0.28870794,-0.13012162,-0.6168966,-0.45390615,-0.14762121,0.457607,0.50779825,-0.10480617,-0.24151154,-0.28050599,-0.14202842,-0.622774,-0.44042575,-0.121844195,0.4308507,0.5012532,-0.08731782,-0.26436496,-0.2925528,-0.1364999,-0.61516106,-0.45419222,-0.14714013,0.44342914,0.50546455,-0.10276171,-0.25299945,-0.28908157,-0.12965938,-0.61644244,-0.45457068,-0.14903851,0.45859784,0.7323804,-0.031280056,-0.4671886,0.10760732,-0.42652023,-0.08062586,-0.41329578,0.11332675,0.07301324,0.39236596,0.14768331,0.46752346,0.39236596,0.14768331,0.46752346,0.39236596,0.14768331,0.46752346,0.39236596,0.14768331,0.46752346
0.5,0.00110612,0.50560427,-0.103159994,-0.2520906,-0.28870794,-0.13012162,-0.6168966,-0.45390615,-0.14762121,0.457607,0.50779825,-0.10480617,-0.24151154,-0.28050599,-0.14202842,-0.622774,-0.44042575,-0.121844195,0.4308507,0.5012532,-0.08731782,-0.26436496,-0.2925528,-0.1364999,-0.61516106,-0.45419222,-0.14714013,0.44342914,0.50546455,-0.10276171,-0.25299945,-0.28908157,-0.12965938,-0.61644244,-0.45457068,-0.14903851,0.45859784,0.7323804,-0.031280056,-0.4671886,0.10760732,-0.42652023,-0.08062586,-0.41329578,0.11332675,0.07301324,0.39236596,0.14768331,0.46752346,0.39236596,0.14768331,0.46752346,0.39236596,0.14768331,0.46752346,0.39236596,0.14768331,0.46752346
0.75,0.00291657,0.50560427,-0.103159994,-0.2520906,-0.28870794,-0.13012162,-0.6168966,-0.45390615,-0.14762121,0.457607,0.50779825,-0.10480617,-0.24151154,-0.28050599,-0.14202842,-0.622774,-0.44042575,-0.121844195,0.4308507,0.5012532,-0.08731782,-0.26436496,-0.2925528,-0.1364999,-0.61516106,-0.45419222,-0.14714013,0.44342914,0.50546455,-0.10276171,-0.25299945,-0.28908157,-0.12965938,-0.61644244,-0.45457068,-0.14903851,0.45859784,0.7323804,-0.031280056,-0.4671886,0.10760732,-0.42652023,-0.08062586,-0.41329578,0.11332675,0.07301324,0.39236596,0.14768331,0.46752346,0.39236596,0.14768331,0.46752346,0.39236596,0.14768331,0.46752346,0.39236596,0.14768331,0.46752346
1.0,0.00579693,0.50560427,-0.103159994,-0.2520906,-0.28870794,-0.13012162,-0.6168966,-0.45390615,-0.14762121,0.457607,0.50779825,-0.10480617,-0.24151154,-0.28050599,-0.14202842,-0.622774,-0.44042575,-0.121844195,0.4308507,0.5012532,-0.08731782,-0.26436496,-0.2925528,-0.1364999,-0.61516106,-0.45419222,-0.14714013,0.44342914,0.50546455,-0.10276171,-0.25299945,-0.28908157,-0.12965938,-0.61644244,-0.45457068,-0.14903851,0.45859784,0.7323804,-0.031280056,-0.4671886,0.10760732,-0.42652023,-0.08062586,-0.41329578,0.11332675,0.07301324,0.39236596,0.14768331,0.46752346,0.39236596,0.14768331,0.46752346,0.39236596,0.14768331,0.46752346,0.39236596,0.14768331,0.46752346
0.3,0.000351204,0.50560427,-0.103159994,-0.2520906,-0.28870794,-0.13012162,-0.6168966,-0.45390615,-0.14762121,0.457607,0.5073142,-0.10536224,-0.24489024,-0.28304064,-0.13724332,-0.6211857,-0.4448344,-0.13019781,0.44087687,0.5080569,-0.10401829,-0.23876967,-0.27845463,-0.14587162,-0.6240362,-0.4366069,-0.11545964,0.42242867,0.50546455,-0.10276171,-0.25299945,-0.28908157,-0.12965938,-0.61644244,-0.45457068,-0.14903851,0.45859784,0.76001835,-0.06281101,-0.47733283,0.09150216,-0.42218935,-0.1092595,-0.4135346,0.127049,-0.018082466,0.39236596,0.14768331,0.46752346,0.39236596,0.14768331,0.46752346,0.39236596,0.14768331,0.46752346,0.39236596,0.14768331,0.46752346
0.4,0.000658498,0.50560427,-0.103159994,-0.2520906,-0.28870794,-0.13012162,-0.6168966,-0.45390615,-0.14762121,0.457607,0.5073142,-0.10536224,-0.24489024,-0.28304064,-0.13724332,-0.6211857,-0.4448344,-0.13019781,0.44087687,0.5080569,-0.10401829,-0.23876967,-0.27845463,-0.14587162,-0.6240362,-0.4366069,-0.11545964,0.42242867,0.50546455,-0.10276171,-0.25299945,-0.28908157,-0.12965938,-0.61644244,-0.45457068,-0.14903851,0.45859784,0.76001835,-0.06281101,-0.47733283,0.09150216,-0.42218935,-0.1092595,-0.4135346,0.127049,-0.018082466,0.39236596,0.14768331,0.46752346,0.39236596,0.14768331,0.46752346,0.39236596,0.14768331,0.46752346,0.39236596,0.14768331,0.46752346
0.5,0.00110352,0.50560427,-0.103159994,-0.2520906,-0.28870794,-0.13012162,-0.6168966,-0.45390615,-0.14762121,0.457607,0.5073142,-0.10536224,-0.24489024,-0.28304064,-0.13724332,-0.6211857,-0.4448344,-0.13019781,0.44087687,0.5080569,-0.10401829,-0.23876967,-0.27845463,-0.14587162,-0.6240362,-0.4366069,-0.11545964,0.42242867,0.50546455,-0.10276171,-0.25299945,-0.28908157,-0.12965938,-0.61644244,-0.45457068,-0.14903851,0.45859784,0.76001835,-0.06281101,-0.47733283,0.09150216,-0.42218935,-0.1092595,-0.4135346,0.127049,-0.018082466,0.39236596,0.14768331,0.46752346,0.39236596,0.14768331,0.46752346,0.39236596,0.14768331,0.46752346,0.39236596,0.14768331,0.46752346
0.75,0.00292382,0.50560427,-0.103159994,-0.2520906,-0.28870794,-0.13012162,-0.6168966,-0.45390615,-0.14762121,0.457607,0.5073142,-0.10536224,-0.24489024,-0.28304064,-0.13724332,-0.6211857,-0.4448344,-0.13019781,0.44087687,0.5080569,-0.10401829,-0.23876967,-0.27845463,-0.14587162,-0.6240362,-0.4366069,-0.11545964,0.42242867,0.50546455,-0.10276171,-0.25299945,-0.28908157,-0.12965938,-0.61644244,-0.45457068,-0.14903851,0.45859784,0.76001835,-0.06281101,-0.47733283,0.09150216,-0.42218935,-0.1092595,-0.4135346,0.127049,-0.018082466,0.39236596,0.14768331,0.46752346,0.39236596,0.14768331,0.46752346,0.39236596,0.14768331,0.46752346,0.39236596,0.14768331,0.46752346
1.0,0.00595984,0.50560427,-0.103159994,-0.2520906,-0.28870794,-0.13012162,-0.6168966,-0.45390615,-0.14762121,0.457607,0.5073142,-0.10536224,-0.24489024,-0.28304064,-0.13724332,-0.6211857,-0.4448344,-0.13019781,0.44087687,0.5080569,-0.10401829,-0.23876967,-0.27845463,-0.14587162,-0.6240362,-0.4366069,-0.11545964,0.42242867,0.50546455,-0.10276171,-0.25299945,-0.28908157,-0.12965938,-0.61644244,-0.45457068,-0.14903851,0.45859784,0.76001835,-0.06281101,-0.47733283,0.09150216,-0.42218935,-0.1092595,-0.4135346,0.127049,-0.018082466,0.39236596,0.14768331,0.46752346,0.39236596,0.14768331,0.46752346,0.39236596,0.14768331,0.46752346,0.39236596,0.14768331,0.46752346
0.3,0.000356984,0.50560427,-0.103159994,-0.2520906,-0.28870794,-0.13012162,-0.6168966,-0.45390615,-0.14762121,0.457607,0.51012474,-0.1006514,-0.22244263,-0.26653334,-0.16672418,-0.6308228,-0.414663,-0.0794807,0.37533078,0.5083248,-0.10332047,-0.23639053,-0.27668452,-0.14917316,-0.6251193,-0.43329516,-0.1099979,0.41513953,0.50546455,-0.10276171,-0.25299945,-0.28908157,-0.12965938,-0.61644244,-0.45457068,-0.14903851,0.45859784,0.8612348,0.07560282,-0.61422765,0.3412734,-0.6158874,0.19387193,-0.3235258,0.29703516,-0.46935827,0.39236596,0.14768331,0.46752346,0.39236596,0.14768331,0.46752346,0.39236596,0.14768331,0.46752346,0.39236596,0.14768331,0.46752346
0.4,0.000668779,0.50560427,-0.103159994,-0.2520906,-0.28870794,-0.13012162,-0.6168966,-0.45390615,-0.14762121,0.457607,0.51012474,-0.1006514,-0.22244263,-0.26653334,-0.16672418,-0.6308228,-0.414663,-0.0794807,0.37533078,0.5083248,-0.10332047,-0.23639053,-0.27668452,-0.14917316,-0.6251193,-0.43329516,-0.1099979,0.41513953,0.50546455,-0.10276171,-0.25299945,-0.28908157,-0.12965938,-0.61644244,-0.45457068,-0.14903851,0.45859784,0.8612348,0.07560282,-0.61422765,0.3412734,-0.6158874,0.19387193,-0.3235258,0.29703516,-0.46935827,0.39236596,0.14768331,0.46752346,0.39236596,0.14768331,0.46752346,0.39236596,0.14768331,0.46752346,0.39236596,0.14768331,0.46752346
0.5,0.00113341,0.50560427,-0.103159994,-0.2520906,-0.28870794,-0.13012162,-0.6168966,-0.45390615,-0.14762121,0.457607,0.51012474,-0.1006514,-0.22244263,-0.26653334,-0.16672418,-0.6308228,-0.414663,-0.0794807,0.37533078,0.5083248,-0.10332047,-0.23639053,-0.27668452,-0.14917316,-0.6251193,-0.43329516,-0.1099979,0.41513953,0.50546455,-0.10276171,-0.25299945,-0.28908157,-0.12965938,-0.61644244,-0.45457068,-0.14903851,0.45859784,0.8612348,0.07560282,-0.61422765,0.3412734,-0.6158874,0.19387193,-0.3235258,0.29703516,-0.46935827,0.39236596,0.14768331,0.46752346,0.39236596,0.14768331,0.46752346,0.39236596,0.14768331,0.46752346,0.39236596,0.14768331,0.46752346
0.75,0.00302957,0.50560427,-0.103159994,-0.2520906,-0.28870794,-0.13012162,-0.6168966,-0.45390615,-0.14762121,0.457607,0.51012474,-0.1006514,-0.22244263,-0.26653334,-0.16672418,-0.6308228,-0.414663,-0.0794807,0.37533078,0.5083248,-0.10332047,-0.23639053,-0.27668452,-0.14917316,-0.6251193,-0.43329516,-0.1099979,0.41513953,0.50546455,-0.10276171,-0.25299945,-0.28908157,-0.12965938,-0.61644244,-0.45457068,-0.14903851,0.45859784,0.8612348,0.07560282,-0.61422765,0.3412734,-0.6158874,0.19387193,-0.3235258,0.29703516,-0.46935827,0.39236596,0.14768331,0.46752346,0.39236596,0.14768331,0.46752346,0.39236596,0.14768331,0.46752346,0.39236596,0.14768331,0.46752346
1.0,0.00623999,0.50560427,-0.103159994,-0.2520906,-0.28870794,-0.13012162,-0.6168966,-0.45390615,-0.14762121,0.457607,0.51012474,-0.1006514,-0.22244263,-0.26653334,-0.16672418,-0.6308228,-0.414663,-0.0794807,0.37533078,0.5083248,-0.10332047,-0.23639053,-0.27668452,-0.14917316,-0.6251193,-0.43329516,-0.1099979,0.41513953,0.50546455,-0.10276171,-0.25299945,-0.28908157,-0.12965938,-0.61644244,-0.45457068,-0.14903851,0.45859784,0.8612348,0.07560282,-0.61422765,0.3412734,-0.6158874,0.19387193,-0.3235258,0.29703516,-0.46935827,0.39236596,0.14768331,0.46752346,0.39236596,0.14768331,0.46752346,0.39236596,0.14768331,0.46752346,0.39236596,0.14768331,0.46752346
0.3,0.0852882,0.5054784,-0.10280683,-0.25291717,-0.2890543,-0.12969173,-0.6164894,-0.45450842,-0.14890008,0.45851395,0.5083248,-0.10332047,-0.23639053,-0.27668452,-0.14917316,-0.6251193,-0.43329516,-0.1099979,0.41513953,0.50546455,-0.10276171,-0.25299945,-0.28908157,-0.12965938,-0.61644244,-0.45457068,-0.14903851,0.45859784,0.50546455,-0.10276171,-0.25299945,-0.28908157,-0.12965938,-0.61644244,-0.45457068,-0.14903851,0.45859784,0.99970484,0.99603033,-0.9999059,-0.9971496,0.9840122,0.999653,-0.99320066,0.998696,-0.9925588,0.39236596,0.14768331,0.46752346,0.39236596,0.14768331,0.46752346,0.39236596,0.14768331,0.46752346,0.39236596,0.14768331,0.46752346
0.4,0.085708,0.5054784,-0.10280683,-0.25291717,-0.2890543,-0.12969173,-0.6164894,-0.45450842,-0.14890008,0.45851395,0.5083248,-0.10332047,-0.23639053,-0.27668452,-0.14917316,-0.6251193,-0.43329516,-0.1099979,0.41513953,0.50546455,-0.10276171,-0.25299945,-0.28908157,-0.12965938,-0.61644244,-0.45457068,-0.14903851,0.45859784,0.50546455,-0.10276171,-0.25299945,-0.28908157,-0.12965938,-0.61644244,-0.45457068,-0.14903851,0.45859784,0.99970484,0.99603033,-0.9999059,-0.9971496,0.9840122,0.999653,-0.99320066,0.998696,-0.9925588,0.39236596,0.14768331,0.46752346,0.39236596,0.14768331,0.46752346,0.39236596,0.14768331,0.46752346,0.39236596,0.14768331,0.46752346
0.5,0.0859383,0.5054784,-0.10280683,-0.25291717,-0.2890543,-0.12969173,-0.6164894,-0.45450842,-0.14890008,0.45851395,0.5083248,-0.10332047,-0.23639053,-0.27668452,-0.14917316,-0.6251193,-0.43329516,-0.1099979,0.41513953,0.50546455,-0.10276171,-0.25299945,-0.28908157,-0.12965938,-0.61644244,-0.45457068,-0.14903851,0.45859784,0.50546455,-0.10276171,-0.25299945,-0.28908157,-0.12965938,-0.61644244,-0.45457068,-0.14903851,0.45859784,0.99970484,0.99603033,-0.9999059,-0.9971496,0.9840122,0.999653,-0.99320066,0.998696,-0.9925588,0.39236596,0.14768331,0.46752346,0.39236596,0.14768331,0.46752346,0.39236596,0.14768331,0.46752346,0.39236596,0.14768331,0.46752346
0.75,0.0846378,0.5054784,-0.10280683,-0.25291717,-0.2890543,-0.12969173,-0.6164894,-0.45450842,-0.14890008,0.45851395,0.5083248,-0.10332047,-0.23639053,-0.27668452,-0.14917316,-0.6251193,-0.43329516,-0.1099979,0.41513953,0.50546455,-0.10276171,-0.25299945,-0.28908157,-0.12965938,-0.61644244,-0.45457068,-0.14903851,0.45859784,0.50546455,-0.10276171,-0.25299945,-0.28908157,-0.12965938,-0.61644244,-0.45457068,-0.14903851,0.45859784,0.99970484,0.99603033,-0.9999059,-0.9971496,0.9840122,0.999653,-0.99320066,0.998696,-0.9925588,0.39236596,0.14768331,0.46752346,0.39236596,0.14768331,0.46752346,0.39236596,0.14768331,0.46752346,0.39236596,0.14768331,0.46752346
1.0,0.0864055,0.5054784,-0.10280683,-0.25291717,-0.2890543,-0.12969173,-0.6164894,-0.45450842,-0.14890008,0.45851395,0.5083248,-0.10332047,-0.23639053,-0.27668452,-0.14917316,-0.6251193,-0.43329516,-0.1099979,0.41513953,0.50546455,-0.10276171,-0.25299945,-0.28908157,-0.12965938,-0.61644244,-0.45457068,-0.14903851,0.45859784,0.50546455,-0.10276171,-0.25299945,-0.28908157,-0.12965938,-0.61644244,-0.45457068,-0.14903851,0.45859784,0.99970484,0.99603033,-0.9999059,-0.9971496,0.9840122,0.999653,-0.99320066,0.998696,-0.9925588,0.39236596,0.14768331,0.46752346,0.39236596,0.14768331,0.46752346,0.39236596,0.14768331,0.46752346,0.39236596,0.14768331,0.46752346
0.3,0.0852778,0.5054784,-0.10280683,-0.25291717,-0.2890543,-0.12969173,-0.6164894,-0.45450842,-0.14890008,0.45851395,0.5083248,-0.10332047,-0.23639053,-0.27668452,-0.14917316,-0.6251193,-0.43329516,-0.1099979,0.41513953,0.50546455,-0.10276171,-0.25299945,-0.28908157,-0.12965938,-0.61644244,-0.45457068,-0.14903851,0.45859784,0.5054784,-0.10280683,-0.25291717,-0.2890543,-0.12969173,-0.6164894,-0.45450842,-0.14890008,0.45851395,0.99970484,0.99603,-0.9999059,-0.9971493,0.9840107,0.999653,-0.9932002,0.99869585,-0.99255806,0.39236596,0.14768331,0.46752346,0.39236596,0.14768331,0.46752346,0.39236596,0.14768331,0.46752346,0.39236596,0.14768331,0.46752346
0.4,0.0860747,0.5054784,-0.10280683,-0.25291717,-0.2890543,-0.12969173,-0.6164894,-0.45450842,-0.14890008,0.45851395,0.5083248,-0.10332047,-0.23639053,-0.27668452,-0.14917316,-0.6251193,-0.43329516,-0.1099979,0.41513953,0.50546455,-0.10276171,-0.25299945,-0.28908157,-0.12965938,-0.61644244,-0.45457068,-0.14903851,0.45859784,0.5054784,-0.10280683,-0.25291717,-0.2890543,-0.12969173,-0.6164894,-0.45450842,-0.14890008,0.45851395,0.99970484,0.99603,-0.9999059,-0.9971493,0.9840107,0.999653,-0.9932002,0.99869585,-0.99255806,0.39236596,0.14768331,0.46752346,0.39236596,0.14768331,0.46752346,0.39236596,0.14768331,0.46752346,0.39236596,0.14768331,0.46752346
0.5,0.0862184,0.5054784,-0.10280683,-0.25291717,-0.2890543,-0.12969173,-0.6164894,-0.45450842,-0.14890008,0.45851395,0.5083248,-0.10332047,-0.23639053,-0.27668452,-0.14917316,-0.6251193,-0.43329516,-0.1099979,0.41513953,0.50546455,-0.10276171,-0.25299945,-0.28908157,-0.12965938,-0.61644244,-0.45457068,-0.14903851,0.45859784,0.5054784,-0.10280683,-0.25291717,-0.2890543,-0.12969173,-0.6164894,-0.45450842,-0.14890008,0.45851395,0.99970484,0.99603,-0.9999059,-0.9971493,0.9840107,0.999653,-0.9932002,0.99869585,-0.99255806,0.39236596,0.14768331,0.46752346,0.39236596,0.14768331,0.46752346,0.39236596,0.14768331,0.46752346,0.39236596,0.14768331,0.46752346
0.75,0.0862245,0.5054784,-0.10280683,-0.25291717,-0.2890543,-0.12969173,-0.6164894,-0.45450842,-0.14890008,0.45851395,0.5083248,-0.10332047,-0.23639053,-0.27668452,-0.14917316,-0.6251193,-0.43329516,-0.1099979,0.41513953,0.50546455,-0.10276171,-0.25299945,-0.28908157,-0.12965938,-0.61644244,-0.45457068,-0.14903851,0.45859784,0.5054784,-0.10280683,-0.25291717,-0.2890543,-0.12969173,-0.6164894,-0.45450842,-0.14890008,0.45851395,0.99970484,0.99603,-0.9999059,-0.9971493,0.9840107,0.999653,-0.9932002,0.99869585,-0.99255806,0.39236596,0.14768331,0.46752346,0.39236596,0.14768331,0.46752346,0.39236596,0.14768331,0.46752346,0.39236596,0.14768331,0.46752346
1.0,0.0870069,0.5054784,-0.10280683,-0.25291717,-0.2890543,-0.12969173,-0.6164894,-0.45450842,-0.14890008,0.45851395,0.5083248,-0.10332047,-0.23639053,-0.27668452,-0.14917316,-0.6251193,-0.43329516,-0.1099979,0.41513953,0.50546455,-0.10276171,-0.25299945,-0.28908157,-0.12965938,-0.61644244,-0.45457068,-0.14903851,0.45859784,0.5054784,-0.10280683,-0.25291717,-0.2890543,-0.12969173,-0.6164894,-0.45450842,-0.14890008,0.45851395,0.99970484,0.99603,-0.9999059,-0.9971493,0.9840107,0.999653,-0.9932002,0.99869585,-0.99255806,0.39236596,0.14768331,0.46752346,0.39236596,0.14768331,0.46752346,0.39236596,0.14768331,0.46752346,0.39236596,0.14768331,0.46752346
0.3,0.0820265,0.5054784,-0.10280683,-0.25291717,-0.2890543,-0.12969173,-0.6164894,-0.45450842,-0.14890008,0.45851395,0.52573913,-0.067274235,-0.08532694,-0.15651877,-0.36126548,-0.6840855,-0.19531004,0.26819196,-0.11203807,0.50546455,-0.10276171,-0.25299945,-0.28908157,-0.12965938,-0.61644244,-0.45457068,-0.14903851,0.45859784,0.50546455,-0.10276171,-0.25299945,-0.28908157,-0.12965938,-0.61644244,-0.45457068,-0.14903851,0.45859784,1.0,1.0,-1.0,-1.0,1.0,1.0,-1.0,1.0,-1.0,0.39236596,0.14768331,0.46752346,0.39236596,0.14768331,0.46752346,0.39236596,0.14768331,0.46752346,0.39236596,0.14768331,0.46752346
0.5,0.0830793,0.5054784,-0.10280683,-0.25291717,-0.2890543,-0.12969173,-0.6164894,-0.45450842,-0.14890008,0.45851395,0.52573913,-0.067274235,-0.08532694,-0.15651877,-0.36126548,-0.6840855,-0.19531004,0.26819196,-0.11203807,0.50546455,-0.10276171,-0.25299945,-0.28908157,-0.12965938,-0.61644244,-0.45457068,-0.14903851,0.45859784,0.50546455,-0.10276171,-0.25299945,-0.28908157,-0.12965938,-0.61644244,-0.45457068,-0.14903851,0.45859784,1.0,1.0,-1.0,-1.0,1.0,1.0,-1.0,1.0,-1.0,0.39236596,0.14768331,0.46752346,0.39236596,0.14768331,0.46752346,0.39236596,0.14768331,0.46752346,0.39236596,0.14768331,0.46752346
1.0,0.0855743,0.5054784,-0.10280683,-0.25291717,-0.2890543,-0.12969173,-0.6164894,-0.45450842,-0.14890008,0.45851395,0.52573913,-0.067274235,-0.08532694,-0.15651877,-0.36126548,-0.6840855,-0.19531004,0.26819196,-0.11203807,0.50546455,-0.10276171,-0.25299945,-0.28908157,-0.12965938,-0.61644244,-0.45457068,-0.14903851,0.45859784,0.50546455,-0.10276171,-0.25299945,-0.28908157,-0.12965938,-0.61644244,-0.45457068,-0.14903851,0.45859784,1.0,1.0,-1.0,-1.0,1.0,1.0,-1.0,1.0,-1.0,0.39236596,0.14768331,0.46752346,0.39236596,0.14768331,0.46752346,0.39236596,0.14768331,0.46752346,0.39236596,0.14768331,0.46752346
2.5,0.0957609,0.5054784,-0.10280683,-0.25291717,-0.2890543,-0.12969173,-0.6164894,-0.45450842,-0.14890008,0.45851395,0.52573913,-0.067274235,-0.08532694,-0.15651877,-0.36126548,-0.6840855,-0.19531004,0.26819196,-0.11203807,0.50546455,-0.10276171,-0.25299945,-0.28908157,-0.12965938,-0.61644244,-0.45457068,-0.14903851,0.45859784,0.50546455,-0.10276171,-0.25299945,-0.28908157,-0.12965938,-0.61644244,-0.45457068,-0.14903851,0.45859784,1.0,1.0,-1.0,-1.0,1.0,1.0,-1.0,1.0,-1.0,0.39236596,0.14768331,0.46752346,0.39236596,0.14768331,0.46752346,0.39236596,0.14768331,0.46752346,0.39236596,0.14768331,0.46752346
5.0,0.243508,0.5054784,-0.10280683,-0.25291717,-0.2890543,-0.12969173,-0.6164894,-0.45450842,-0.14890008,0.45851395,0.52573913,-0.067274235,-0.08532694,-0.15651877,-0.36126548,-0.6840855,-0.19531004,0.26819196,-0.11203807,0.50546455,-0.10276171,-0.25299945,-0.28908157,-0.12965938,-0.61644244,-0.45457068,-0.14903851,0.45859784,0.50546455,-0.10276171,-0.25299945,-0.28908157,-0.12965938,-0.61644244,-0.45457068,-0.14903851,0.45859784,1.0,1.0,-1.0,-1.0,1.0,1.0,-1.0,1.0,-1.0,0.39236596,0.14768331,0.46752346,0.39236596,0.14768331,0.46752346,0.39236596,0.14768331,0.46752346,0.39236596,0.14768331,0.46752346
0.3,0.0867314,0.5054784,-0.10280683,-0.25291717,-0.2890543,-0.12969173,-0.6164894,-0.45450842,-0.14890008,0.45851395,0.5056914,-0.10350189,-0.2511181,-0.28823784,-0.13069677,-0.6173436,-0.4531633,-0.14610787,0.45642585,0.50546455,-0.10276171,-0.25299945,-0.28908157,-0.12965938,-0.61644244,-0.45457068,-0.14903851,0.45859784,0.50546455,-0.10276171,-0.25299945,-0.28908157,-0.12965938,-0.61644244,-0.45457068,-0.14903851,0.45859784,0.98894393,0.9326468,-0.9932261,-0.92694646,0.7745302,0.97049475,-0.94346684,0.94659287,-0.86739504,0.39236596,0.14768331,0.46752346,0.39236596,0.14768331,0.46752346,0.39236596,0.14768331,0.46752346,0.39236596,0.14768331,0.46752346
0.5,0.0859466,0.5054784,-0.10280683,-0.25291717,-0.2890543,-0.12969173,-0.6164894,-0.45450842,-0.14890008,0.45851395,0.5056914,-0.10350189,-0.2511181,-0.28823784,-0.13069677,-0.6173436,-0.4531633,-0.14610787,0.45642585,0.50546455,-0.10276171,-0.25299945,-0.28908157,-0.12965938,-0.61644244,-0.45457068,-0.14903851,0.45859784,0.50546455,-0.10276171,-0.25299945,-0.28908157,-0.12965938,-0.61644244,-0.45457068,-0.14903851,0.45859784,0.98894393,0.9326468,-0.9932261,-0.92694646,0.7745302,0.97049475,-0.94346684,0.94659287,-0.86739504,0.39236596,0.14768331,0.46752346,0.39236596,0.14768331,0.46752346,0.39236596,0.14768331,0.46752346,0.39236596,0.14768331,0.46752346
1.0,0.0877742,0.5054784,-0.10280683,-0.25291717,-0.2890543,-0.12969173,-0.6164894,-0.45450842,-0.14890008,0.45851395,0.5056914,-0.10350189,-0.2511181,-0.28823784,-0.13069677,-0.6173436,-0.4531633,-0.14610787,0.45642585,0.50546455,-0.10276171,-0.25299945,-0.28908157,-0.12965938,-0.61644244,-0.45457068,-0.14903851,0.45859784,0.50546455,-0.10276171,-0.25299945,-0.28908157,-0.12965938,-0.61644244,-0.45457068,-0.14903851,0.45859784,0.98894393,0.9326468,-0.9932261,-0.92694646,0.7745302,0.97049475,-0.94346684,0.94659287,-0.86739504,0.39236596,0.14768331,0.46752346,0.39236596,0.14768331,0.46752346,0.39236596,0.14768331,0.46752346,0.39236596,0.14768331,0.46752346
2.5,0.0976034,0.5054784,-0.10280683,-0.25291717,-0.2890543,-0.12969173,-0.6164894,-0.45450842,-0.14890008,0.45851395,0.5056914,-0.10350189,-0.2511181,-0.28823784,-0.13069677,-0.6173436,-0.4531633,-0.14610787,0.45642585,0.50546455,-0.10276171,-0.25299945,-0.28908157,-0.12965938,-0.61644244,-0.45457068,-0.14903851,0.45859784,0.50546455,-0.10276171,-0.25299945,-0.28908157,-0.12965938,-0.61644244,-0.45457068,-0.14903851,0.45859784,0.98894393,0.9326468,-0.9932261,-0.92694646,0.7745302,0.97049475,-0.94346684,0.94659287,-0.86739504,0.39236596,0.14768331,0.46752346,0.39236596,0.14768331,0.46752346,0.39236596,0.14768331,0.46752346,0.39236596,0.14768331,0.46752346
5.0,0.231345,0.5054784,-0.10280683,-0.25291717,-0.2890543,-0.12969173,-0.6164894,-0.45450842,-0.14890008,0.45851395,0.5056914,-0.10350189,-0.2511181,-0.28823784,-0.13069677,-0.6173436,-0.4531633,-0.14610787,0.45642585,0.50546455,-0.10276171,-0.25299945,-0.28908157,-0.12965938,-0.61644244,-0.45457068,-0.14903851,0.45859784,0.50546455,-0.10276171,-0.25299945,-0.28908157,-0.12965938,-0.61644244,-0.45457068,-0.14903851,0.45859784,0.98894393,0.9326468,-0.9932261,-0.92694646,0.7745302,0.97049475,-0.94346684,0.94659287,-0.86739504,0.39236596,0.14768331,0.46752346,0.39236596,0.14768331,0.46752346,0.39236596,0.14768331,0.46752346,0.39236596,0.14768331,0.46752346
0.3,0.0848947,0.5054784,-0.10280683,-0.25291717,-0.2890543,-0.12969173,-0.6164894,-0.45450842,-0.14890008,0.45851395,0.5083248,-0.10332047,-0.23639053,-0.27668452,-0.14917316,-0.6251193,-0.43329516,-0.1099979,0.41513953,0.5083248,-0.10332047,-0.23639053,-0.27668452,-0.14917316,-0.6251193,-0.43329516,-0.1099979,0.41513953,0.50546455,-0.10276171,-0.25299945,-0.28908157,-0.12965938,-0.61644244,-0.45457068,-0.14903851,0.45859784,0.9997073,0.9960618,-0.99991155,-0.9972588,0.9843133,0.9996528,-0.99347246,0.9986648,-0.99294555,0.39236596,0.14768331,0.46752346,0.39236596,0.14768331,0.46752346,0.39236596,0.14768331,0.46752346,0.39236596,0.14768331,0.46752346
0.5,0.081853,0.5054784,-0.10280683,-0.25291717,-0.2890543,-0.12969173,-0.6164894,-0.45450842,-0.14890008,0.45851395,0.5083248,-0.10332047,-0.23639053,-0.27668452,-0.14917316,-0.6251193,-0.43329516,-0.1099979,0.41513953,0.5083248,-0.10332047,-0.23639053,-0.27668452,-0.14917316,-0.6251193,-0.43329516,-0.1099979,0.41513953,0.50546455,-0.10276171,-0.25299945,-0.28908157,-0.12965938,-0.61644244,-0.45457068,-0.14903851,0.45859784,0.9997073,0.9960618,-0.99991155,-0.9972588,0.9843133,0.9996528,-0.99347246,0.9986648,-0.99294555,0.39236596,0.14768331,0.46752346,0.39236596,0.14768331,0.46752346,0.39236596,0.14768331,0.46752346,0.39236596,0.14768331,0.46752346
1.0,0.0846945,0.5054784,-0.10280683,-0.25291717,-0.2890543,-0.12969173,-0.6164894,-0.45450842,-0.14890008,0.45851395,0.5083248,-0.10332047,-0.23639053,-0.27668452,-0.14917316,-0.6251193,-0.43329516,-0.1099979,0.41513953,0.5083248,-0.10332047,-0.23639053,-0.27668452,-0.14917316,-0.6251193,-0.43329516,-0.1099979,0.41513953,0.50546455,-0.10276171,-0.25299945,-0.28908157,-0.12965938,-0.61644244,-0.45457068,-0.14903851,0.45859784,0.9997073,0.9960618,-0.99991155,-0.9972588,0.9843133,0.9996528,-0.99347246,0.9986648,-0.99294555,0.39236596,0.14768331,0.46752346,0.39236596,0.14768331,0.46752346,0.39236596,0.14768331,0.46752346,0.39236596,0.14768331,0.46752346
2.5,0.0980094,0.5054784,-0.10280683,-0.25291717,-0.2890543,-0.12969173,-0.6164894,-0.45450842,-0.14890008,0.45851395,0.5083248,-0.10332047,-0.23639053,-0.27668452,-0.14917316,-0.6251193,-0.43329516,-0.1099979,0.41513953,0.5083248,-0.10332047,-0.23639053,-0.27668452,-0.14917316,-0.6251193,-0.43329516,-0.1099979,0.41513953,0.50546455,-0.10276171,-0.25299945,-0.28908157,-0.12965938,-0.61644244,-0.45457068,-0.14903851,0.45859784,0.9997073,0.9960618,-0.99991155,-0.9972588,0.9843133,0.9996528,-0.99347246,0.9986648,-0.99294555,0.39236596,0.14768331,0.46752346,0.39236596,0.14768331,0.46752346,0.39236596,0.14768331,0.46752346,0.39236596,0.14768331,0.46752346
5.0,0.241242,0.5054784,-0.10280683,-0.25291717,-0.2890543,-0.12969173,-0.6164894,-0.45450842,-0.14890008,0.45851395,0.5083248,-0.10332047,-0.23639053,-0.27668452,-0.14917316,-0.6251193,-0.43329516,-0.1099979,0.41513953,0.5083248,-0.10332047,-0.23639053,-0.27668452,-0.14917316,-0.6251193,-0.43329516,-0.1099979,0.41513953,0.50546455,-0.10276171,-0.25299945,-0.28908157,-0.12965938,-0.61644244,-0.45457068,-0.14903851,0.45859784,0.9997073,0.9960618,-0.99991155,-0.9972588,0.9843133,0.9996528,-0.99347246,0.9986648,-0.99294555,0.39236596,0.14768331,0.46752346,0.39236596,0.14768331,0.46752346,0.39236596,0.14768331,0.46752346,0.39236596,0.14768331,0.46752346
0.3,0.0835604,0.5054784,-0.10280683,-0.25291717,-0.2890543,-0.12969173,-0.6164894,-0.45450842,-0.14890008,0.45851395,0.50779825,-0.10480617,-0.24151154,-0.28050599,-0.14202842,-0.622774,-0.44042575,-0.121844195,0.4308507,0.5012532,-0.08731782,-0.26436496,-0.2925528,-0.1364999,-0.61516106,-0.45419222,-0.14714013,0.44342914,0.50546455,-0.10276171,-0.25299945,-0.28908157,-0.12965938,-0.61644244,-0.45457068,-0.14903851,0.45859784,0.9990179,0.99017256,-0.9996028,-0.9915361,0.9599307,0.99855685,-0.9853362,0.9957336,-0.9795266,0.39236596,0.14768331,0.46752346,0.39236596,0.14768331,0.46752346,0.39236596,0.14768331,0.46752346,0.39236596,0.14768331,0.46752346
0.5,0.0866552,0.5054784,-0.10280683,-0.25291717,-0.2890543,-0.12969173,-0.6164894,-0.45450842,-0.14890008,0.45851395,0.50779825,-0.10480617,-0.24151154,-0.28050599,-0.14202842,-0.622774,-0.44042575,-0.121844195,0.4308507,0.5012532,-0.08731782,-0.26436496,-0.2925528,-0.1364999,-0.61516106,-0.45419222,-0.14714013,0.44342914,0.50546455,-0.10276171,-0.25299945,-0.28908157,-0.12965938,-0.61644244,-0.45457068,-0.14903851,0.45859784,0.9990179,0.99017256,-0.9996028,-0.9915361,0.9599307,0.99855685,-0.9853362,0.9957336,-0.9795266,0.39236596,0.14768331,0.46752346,0.39236596,0.14768331,0.46752346,0.39236596,0.14768331,0.46752346,0.39236596,0.14768331,0.46752346
1.0,0.0867728,0.5054784,-0.10280683,-0.25291717,-0.2890543,-0.12969173,-0.6164894,-0.45450842,-0.14890008,0.45851395,0.50779825,-0.10480617,-0.24151154,-0.28050599,-0.14202842,-0.622774,-0.44042575,-0.121844195,0.4308507,0.5012532,-0.08731782,-0.26436496,-0.2925528,-0.1364999,-0.61516106,-0.45419222,-0.14714013,0.44342914,0.50546455,-0.10276171,-0.25299945,-0.28908157,-0.12965938,-0.61644244,-0.45457068,-0.14903851,0.45859784,0.9990179,0.99017256,-0.9996028,-0.9915361,0.9599307,0.99855685,-0.9853362,0.9957336,-0.9795266,0.39236596,0.14768331,0.46752346,0.39236596,0.14768331,0.46752346,0.39236596,0.14768331,0.46752346,0.39236596,0.14768331,0.46752346
2.5,0.0991624,0.5054784,-0.10280683,-0.25291717,-0.2890543,-0.12969173,-0.6164894,-0.45450842,-0.14890008,0.45851395,0.50779825,-0.10480617,-0.24151154,-0.28050599,-0.14202842,-0.622774,-0.44042575,-0.121844195,0.4308507,0.5012532,-0.08731782,-0.26436496,-0.2925528,-0.1364999,-0.61516106,-0.45419222,-0.14714013,0.44342914,0.50546455,-0.10276171,-0.25299945,-0.28908157,-0.12965938,-0.61644244,-0.45457068,-0.14903851,0.45859784,0.9990179,0.99017256,-0.9996028,-0.9915361,0.9599307,0.99855685,-0.9853362,0.9957336,-0.9795266,0.39236596,0.14768331,0.46752346,0.39236596,0.14768331,0.46752346,0.39236596,0.14768331,0.46752346,0.39236596,0.14768331,0.46752346
5.0,0.236028,0.5054784,-0.10280683,-0.25291717,-0.2890543,-0.12969173,-0.6164894,-0.45450842,-0.14890008,0.45851395,0.50779825,-0.10480617,-0.24151154,-0.28050599,-0.14202842,-0.622774,-0.44042575,-0.121844195,0.4308507,0.5012532,-0.08731782,-0.26436496,-0.2925528,-0.1364999,-0.61516106,-0.45419222,-0.14714013,0.44342914,0.50546455,-0.10276171,-0.25299945,-0.28908157,-0.12965938,-0.61644244,-0.45457068,-0.14903851,0.45859784,0.9990179,0.99017256,-0.9996028,-0.9915361,0.9599307,0.99855685,-0.9853362,0.9957336,-0.9795266,0.39236596,0.14768331,0.46752346,0.39236596,0.14768331,0.46752346,0.39236596,0.14768331,0.46752346,0.39236596,0.14768331,0.46752346
0.3,0.0167034,0.5054784,-0.10280683,-0.25291717,-0.2890543,-0.12969173,-0.6164894,-0.45450842,-0.14890008,0.45851395,0.5073142,-0.10536224,-0.24489024,-0.28304064,-0.13724332,-0.6211857,-0.4448344,-0.13019781,0.44087687,0.5080569,-0.10401829,-0.23876967,-0.27845463,-0.14587162,-0.6240362,-0.4366069,-0.11545964,0.42242867,0.50546455,-0.10276171,-0.25299945,-0.28908157,-0.12965938,-0.61644244,-0.45457068,-0.14903851,0.45859784,0.99776185,0.98144805,-0.999022,-0.983068,0.92727,0.99600315,-0.9771077,0.9896088,-0.9627311,0.39236596,0.14768331,0.46752346,0.39236596,0.14768331,0.46752346,0.39236596,0.14768331,0.46752346,0.39236596,0.14768331,0.46752346
0.5,0.0168947,0.5054784,-0.10280683,-0.25291717,-0.2890543,-0.12969173,-0.6164894,-0.45450842,-0.14890008,0.45851395,0.5073142,-0.10536224,-0.24489024,-0.28304064,-0.13724332,-0.6211857,-0.4448344,-0.13019781,0.44087687,0.5080569,-0.10401829,-0.23876967,-0.27845463,-0.14587162,-0.6240362,-0.4366069,-0.11545964,0.42242867,0.50546455,-0.10276171,-0.25299945,-0.28908157,-0.12965938,-0.61644244,-0.45457068,-0.14903851,0.45859784,0.99776185,0.98144805,-0.999022,-0.983068,0.92727,0.99600315,-0.9771077,0.9896088,-0.9627311,0.39236596,0.14768331,0.46752346,0.39236596,0.14768331,0.46752346,0.39236596,0.14768331,0.46752346,0.39236596,0.14768331,0.46752346
1.0,0.0179604,0.5054784,-0.10280683,-0.25291717,-0.2890543,-0.12969173,-0.6164894,-0.45450842,-0.14890008,0.45851395,0.5073142,-0.10536224,-0.24489024,-0.28304064,-0.13724332,-0.6211857,-0.4448344,-0.13019781,0.44087687,0.5080569,-0.10401829,-0.23876967,-0.27845463,-0.14587162,-0.6240362,-0.4366069,-0.11545964,0.42242867,0.50546455,-0.10276171,-0.25299945,-0.28908157,-0.12965938,-0.61644244,-0.45457068,-0.14903851,0.45859784,0.99776185,0.98144805,-0.999022,-0.983068,0.92727,0.99600315,-0.9771077,0.9896088,-0.9627311,0.39236596,0.14768331,0.46752346,0.39236596,0.14768331,0.46752346,0.39236596,0.14768331,0.46752346,0.39236596,0.14768331,0.46752346
2.5,0.041406,0.5054784,-0.10280683,-0.25291717,-0.2890543,-0.12969173,-0.6164894,-0.45450842,-0.14890008,0.45851395,0.5073142,-0.10536224,-0.24489024,-0.28304064,-0.13724332,-0.6211857,-0.4448344,-0.13019781,0.44087687,0.5080569,-0.10401829,-0.23876967,-0.27845463,-0.14587162,-0.6240362,-0.4366069,-0.11545964,0.42242867,0.50546455,-0.10276171,-0.25299945,-0.28908157,-0.12965938,-0.61644244,-0.45457068,-0.14903851,0.45859784,0.99776185,0.98144805,-0.999022,-0.983068,0.92727,0.99600315,-0.9771077,0.9896088,-0.9627311,0.39236596,0.14768331,0.46752346,0.39236596,0.14768331,0.46752346,0.39236596,0.14768331,0.46752346,0.39236596,0.14768331,0.46752346
5.0,0.245498,0.5054784,-0.10280683,-0.25291717,-0.2890543,-0.12969173,-0.6164894,-0.45450842,-0.14890008,0.45851395,0.5073142,-0.10536224,-0.24489024,-0.28304064,-0.13724332,-0.6211857,-0.4448344,-0.13019781,0.44087687,0.5080569,-0.10401829,-0.23876967,-0.27845463,-0.14587162,-0.6240362,-0.4366069,-0.11545964,0.42242867,0.50546455,-0.10276171,-0.25299945,-0.28908157,-0.12965938,-0.61644244,-0.45457068,-0.14903851,0.45859784,0.99776185,0.98144805,-0.999022,-0.983068,0.92727,0.99600315,-0.9771077,0.9896088,-0.9627311,0.39236596,0.14768331,0.46752346,0.39236596,0.14768331,0.46752346,0.39236596,0.14768331,0.46752346,0.39236596,0.14768331,0.46752346
0.3,0.0847374,0.5054784,-0.10280683,-0.25291717,-0.2890543,-0.12969173,-0.6164894,-0.45450842,-0.14890008,0.45851395,0.51012474,-0.1006514,-0.22244263,-0.26653334,-0.16672418,-0.6308228,-0.414663,-0.0794807,0.37533078,0.5083248,-0.10332047,-0.23639053,-0.27668452,-0.14917316,-0.6251193,-0.43329516,-0.1099979,0.41513953,0.50546455,-0.10276171,-0.25299945,-0.28908157,-0.12965938,-0.61644244,-0.45457068,-0.14903851,0.45859784,0.9999851,0.9995861,-0.9999974,-0.99980843,0.99840516,0.99999005,-0.99899226,0.99993336,-0.9993958,0.39236596,0.14768331,0.46752346,0.39236596,0.14768331,0.46752346,0.39236596,0.14768331,0.46752346,0.39236596,0.14768331,0.46752346
0.5,0.0844498,0.5054784,-0.10280683,-0.25291717,-0.2890543,-0.12969173,-0.6164894,-0.45450842,-0.14890008,0.45851395,0.51012474,-0.1006514,-0.22244263,-0.26653334,-0.16672418,-0.6308228,-0.414663,-0.0794807,0.37533078,0.5083248,-0.10332047,-0.23639053,-0.27668452,-0.14917316,-0.6251193,-0.43329516,-0.1099979,0.41513953,0.50546455,-0.10276171,-0.25299945,-0.28908157,-0.12965938,-0.61644244,-0.45457068,-0.14903851,0.45859784,0.9999851,0.9995861,-0.9999974,-0.99980843,0.99840516,0.99999005,-0.99899226,0.99993336,-0.9993958,0.39236596,0.14768331,0.46752346,0.39236596,0.14768331,0.46752346,0.39236596,0.14768331,0.46752346,0.39236596,0.14768331,0.46752346
1.0,0.086699,0.5054784,-0.10280683,-0.25291717,-0.2890543,-0.12969173,-0.6164894,-0.45450842,-0.14890008,0.45851395,0.51012474,-0.1006514,-0.22244263,-0.26653334,-0.16672418,-0.6308228,-0.414663,-0.0794807,0.37533078,0.5083248,-0.10332047,-0.23639053,-0.27668452,-0.14917316,-0.6251193,-0.43329516,-0.1099979,0.41513953,0.50546455,-0.10276171,-0.25299945,-0.28908157,-0.12965938,-0.61644244,-0.45457068,-0.14903851,0.45859784,0.9999851,0.9995861,-0.9999974,-0.99980843,0.99840516,0.99999005,-0.99899226,0.99993336,-0.9993958,0.39236596,0.14768331,0.46752346,0.39236596,0.14768331,0.46752346,0.39236596,0.14768331,0.46752346,0.39236596,0.14768331,0.46752346
2.5,0.0982288,0.5054784,-0.10280683,-0.25291717,-0.2890543,-0.12969173,-0.6164894,-0.45450842,-0.14890008,0.45851395,0.51012474,-0.1006514,-0.22244263,-0.26653334,-0.16672418,-0.6308228,-0.414663,-0.0794807,0.37533078,0.5083248,-0.10332047,-0.23639053,-0.27668452,-0.14917316,-0.6251193,-0.43329516,-0.1099979,0.41513953,0.50546455,-0.10276171,-0.25299945,-0.28908157,-0.12965938,-0.61644244,-0.45457068,-0.14903851,0.45859784,0.9999851,0.9995861,-0.9999974,-0.99980843,0.99840516,0.99999005,-0.99899226,0.99993336,-0.9993958,0.39236596,0.14768331,0.46752346,0.39236596,0.14768331,0.46752346,0.39236596,0.14768331,0.46752346,0.39236596,0.14768331,0.46752346
5.0,0.233809,0.5054784,-0.10280683,-0.25291717,-0.2890543,-0.12969173,-0.6164894,-0.45450842,-0.14890008,0.45851395,0.51012474,-0.1006514,-0.22244263,-0.26653334,-0.16672418,-0.6308228,-0.414663,-0.0794807,0.37533078,0.5083248,-0.10332047,-0.23639053,-0.27668452,-0.14917316,-0.6251193,-0.43329516,-0.1099979,0.41513953,0.50546455,-0.10276171,-0.25299945,-0.28908157,-0.12965938,-0.61644244,-0.45457068,-0.14903851,0.45859784,0.9999851,0.9995861,-0.9999974,-0.99980843,0.99840516,0.99999005,-0.99899226,0.99993336,-0.9993958,0.39236596,0.14768331,0.46752346,0.39236596,0.14768331,0.46752346,0.39236596,0.14768331,0.46752346,0.39236596,0.14768331,0.46752346
2.0,0.034897,0.5054922,-0.10285196,-0.25283495,-0.28902707,-0.12972397,-0.6165365,-0.4544461,-0.1487616,0.45843017,0.5083248,-0.10332047,-0.23639053,-0.27668452,-0.14917316,-0.6251193,-0.43329516,-0.1099979,0.41513953,0.5083248,-0.10332047,-0.23639053,-0.27668452,-0.14917316,-0.6251193,-0.43329516,-0.1099979,0.41513953,0.5054922,-0.10285196,-0.25283495,-0.28902707,-0.12972397,-0.6165365,-0.4544461,-0.1487616,0.45843017,-0.950098,0.9120195,0.89823055,-0.97839916,-0.99505985,0.451576,0.99961156,0.44852906,0.99890083,0.39236596,0.14768331,0.46752346,0.39236596,0.14768331,0.46752346,0.39236596,0.14768331,0.46752346,0.39236596,0.14768331,0.46752346
3.0,0.0683164,0.5054922,-0.10285196,-0.25283495,-0.28902707,-0.12972397,-0.6165365,-0.4544461,-0.1487616,0.45843017,0.5083248,-0.10332047,-0.23639053,-0.27668452,-0.14917316,-0.6251193,-0.43329516,-0.1099979,0.41513953,0.5083248,-0.10332047,-0.23639053,-0.27668452,-0.14917316,-0.6251193,-0.43329516,-0.1099979,0.41513953,0.5054922,-0.10285196,-0.25283495,-0.28902707,-0.12972397,-0.6165365,-0.4544461,-0.1487616,0.45843017,-0.950098,0.9120195,0.89823055,-0.97839916,-0.99505985,0.451576,0.99961156,0.44852906,0.99890083,0.39236596,0.14768331,0.46752346,0.39236596,0.14768331,0.46752346,0.39236596,0.14768331,0.46752346,0.39236596,0.14768331,0.46752346
4.0,0.140585,0.5054922,-0.10285196,-0.25283495,-0.28902707,-0.12972397,-0.6165365,-0.4544461,-0.1487616,0.45843017,0.5083248,-0.10332047,-0.23639053,-0.27668452,-0.14917316,-0.6251193,-0.43329516,-0.1099979,0.41513953,0.5083248,-0.10332047,-0.23639053,-0.27668452,-0.14917316,-0.6251193,-0.43329516,-0.1099979,0.41513953,0.5054922,-0.10285196,-0.25283495,-0.28902707,-0.12972397,-0.6165365,-0.4544461,-0.1487616,0.45843017,-0.950098,0.9120195,0.89823055,-0.97839916,-0.99505985,0.451576,0.99961156,0.44852906,0.99890083,0.39236596,0.14768331,0.46752346,0.39236596,0.14768331,0.46752346,0.39236596,0.14768331,0.46752346,0.39236596,0.14768331,0.46752346
5.0,0.270295,0.5054922,-0.10285196,-0.25283495,-0.28902707,-0.12972397,-0.6165365,-0.4544461,-0.1487616,0.45843017,0.5083248,-0.10332047,-0.23639053,-0.27668452,-0.14917316,-0.6251193,-0.43329516,-0.1099979,0.41513953,0.5083248,-0.10332047,-0.23639053,-0.27668452,-0.14917316,-0.6251193,-0.43329516,-0.1099979,0.41513953,0.5054922,-0.10285196,-0.25283495,-0.28902707,-0.12972397,-0.6165365,-0.4544461,-0.1487616,0.45843017,-0.950098,0.9120195,0.89823055,-0.97839916,-0.99505985,0.451576,0.99961156,0.44852906,0.99890083,0.39236596,0.14768331,0.46752346,0.39236596,0.14768331,0.46752346,0.39236596,0.14768331,0.46752346,0.39236596,0.14768331,0.46752346
5.5,0.357778,0.5054922,-0.10285196,-0.25283495,-0.28902707,-0.12972397,-0.6165365,-0.4544461,-0.1487616,0.45843017,0.5083248,-0.10332047,-0.23639053,-0.27668452,-0.14917316,-0.6251193,-0.43329516,-0.1099979,0.41513953,0.5083248,-0.10332047,-0.23639053,-0.27668452,-0.14917316,-0.6251193,-0.43329516,-0.1099979,0.41513953,0.5054922,-0.10285196,-0.25283495,-0.28902707,-0.12972397,-0.6165365,-0.4544461,-0.1487616,0.45843017,-0.950098,0.9120195,0.89823055,-0.97839916,-0.99505985,0.451576,0.99961156,0.44852906,0.99890083,0.39236596,0.14768331,0.46752346,0.39236596,0.14768331,0.46752346,0.39236596,0.14768331,0.46752346,0.39236596,0.14768331,0.46752346
2.0,0.0374322,0.50546736,-0.102770716,-0.252983,-0.28907612,-0.12966585,-0.61645174,-0.45455822,-0.14901084,0.45858103,0.5083248,-0.10332047,-0.23639053,-0.27668452,-0.14917316,-0.6251193,-0.43329516,-0.1099979,0.41513953,0.5083248,-0.10332047,-0.23639053,-0.27668452,-0.14917316,-0.6251193,-0.43329516,-0.1099979,0.41513953,0.50546736,-0.102770716,-0.252983,-0.28907612,-0.12966585,-0.61645174,-0.45455822,-0.14901084,0.45858103,0.4156352,0.64015824,0.8388797,-0.8982126,0.017305195,-0.11557276,0.61513424,-0.761819,0.8919573,0.39236596,0.14768331,0.46752346,0.39236596,0.14768331,0.46752346,0.39236596,0.14768331,0.46752346,0.39236596,0.14768331,0.46752346
3.0,0.0698946,0.50546736,-0.102770716,-0.252983,-0.28907612,-0.12966585,-0.61645174,-0.45455822,-0.14901084,0.45858103,0.5083248,-0.10332047,-0.23639053,-0.27668452,-0.14917316,-0.6251193,-0.43329516,-0.1099979,0.41513953,0.5083248,-0.10332047,-0.23639053,-0.27668452,-0.14917316,-0.6251193,-0.43329516,-0.1099979,0.41513953,0.50546736,-0.102770716,-0.252983,-0.28907612,-0.12966585,-0.61645174,-0.45455822,-0.14901084,0.45858103,0.4156352,0.64015824,0.8388797,-0.8982126,0.017305195,-0.11557276,0.61513424,-0.761819,0.8919573,0.39236596,0.14768331,0.46752346,0.39236596,0.14768331,0.46752346,0.39236596,0.14768331,0.46752346,0.39236596,0.14768331,0.46752346
4.0,0.143413,0.50546736,-0.102770716,-0.252983,-0.28907612,-0.12966585,-0.61645174,-0.45455822,-0.14901084,0.45858103,0.5083248,-0.10332047,-0.23639053,-0.27668452,-0.14917316,-0.6251193,-0.43329516,-0.1099979,0.41513953,0.5083248,-0.10332047,-0.23639053,-0.27668452,-0.14917316,-0.6251193,-0.43329516,-0.1099979,0.41513953,0.50546736,-0.102770716,-0.252983,-0.28907612,-0.12966585,-0.61645174,-0.45455822,-0.14901084,0.45858103,0.4156352,0.64015824,0.8388797,-0.8982126,0.017305195,-0.11557276,0.61513424,-0.761819,0.8919573,0.39236596,0.14768331,0.46752346,0.39236596,0.14768331,0.46752346,0.39236596,0.14768331,0.46752346,0.39236596,0.14768331,0.46752346
5.0,0.263772,0.50546736,-0.102770716,-0.252983,-0.28907612,-0.12966585,-0.61645174,-0.45455822,-0.14901084,0.45858103,0.5083248,-0.10332047,-0.23639053,-0.27668452,-0.14917316,-0.6251193,-0.43329516,-0.1099979,0.41513953,0.5083248,-0.10332047,-0.23639053,-0.27668452,-0.14917316,-0.6251193,-0.43329516,-0.1099979,0.41513953,0.50546736,-0.102770716,-0.252983,-0.28907612,-0.12966585,-0.61645174,-0.45455822,-0.14901084,0.45858103,0.4156352,0.64015824,0.8388797,-0.8982126,0.017305195,-0.11557276,0.61513424,-0.761819,0.8919573,0.39236596,0.14768331,0.46752346,0.39236596,0.14768331,0.46752346,0.39236596,0.14768331,0.46752346,0.39236596,0.14768331,0.46752346
5.5,0.340831,0.50546736,-0.102770716,-0.252983,-0.28907612,-0.12966585,-0.61645174,-0.45455822,-0.14901084,0.45858103,0.5083248,-0.10332047,-0.23639053,-0.27668452,-0.14917316,-0.6251193,-0.43329516,-0.1099979,0.41513953,0.5083248,-0.10332047,-0.23639053,-0.27668452,-0.14917316,-0.6251193,-0.43329516,-0.1099979,0.41513953,0.50546736,-0.102770716,-0.252983,-0.28907612,-0.12966585,-0.61645174,-0.45455822,-0.14901084,0.45858103,0.4156352,0.64015824,0.8388797,-0.8982126,0.017305195,-0.11557276,0.61513424,-0.761819,0.8919573,0.39236596,0.14768331,0.46752346,0.39236596,0.14768331,0.46752346,0.39236596,0.14768331,0.46752346,0.39236596,0.14768331,0.46752346
2.0,0.0368498,0.50546485,-0.102762595,-0.25299782,-0.2890812,-0.12966008,-0.6164433,-0.4545695,-0.14903574,0.4585961,0.5083248,-0.10332047,-0.23639053,-0.27668452,-0.14917316,-0.6251193,-0.43329516,-0.1099979,0.41513953,0.5083248,-0.10332047,-0.23639053,-0.27668452,-0.14917316,-0.6251193,-0.43329516,-0.1099979,0.41513953,0.50546485,-0.102762595,-0.25299782,-0.2890812,-0.12966008,-0.6164433,-0.4545695,-0.14903574,0.4585961,0.5001959,0.6507222,0.83126915,-0.87618166,0.124768816,-0.067139916,0.62293303,-0.84451216,0.8611768,0.39236596,0.14768331,0.46752346,0.39236596,0.14768331,0.46752346,0.39236596,0.14768331,0.46752346,0.39236596,0.14768331,0.46752346
3.0,0.0714867,0.50546485,-0.102762595,-0.25299782,-0.2890812,-0.12966008,-0.6164433,-0.4545695,-0.14903574,0.4585961,0.5083248,-0.10332047,-0.23639053,-0.27668452,-0.14917316,-0.6251193,-0.43329516,-0.1099979,0.41513953,0.5083248,-0.10332047,-0.23639053,-0.27668452,-0.14917316,-0.6251193,-0.43329516,-0.1099979,0.41513953,0.50546485,-0.102762595,-0.25299782,-0.2890812,-0.12966008,-0.6164433,-0.4545695,-0.14903574,0.4585961,0.5001959,0.6507222,0.83126915,-0.87618166,0.124768816,-0.067139916,0.62293303,-0.84451216,0.8611768,0.39236596,0.14768331,0.46752346,0.39236596,0.14768331,0.46752346,0.39236596,0.14768331,0.46752346,0.39236596,0.14768331,0.46752346
4.0,0.143924,0.50546485,-0.102762595,-0.25299782,-0.2890812,-0.12966008,-0.6164433,-0.4545695,-0.14903574,0.4585961,0.5083248,-0.10332047,-0.23639053,-0.27668452,-0.14917316,-0.6251193,-0.43329516,-0.1099979,0.41513953,0.5083248,-0.10332047,-0.23639053,-0.27668452,-0.14917316,-0.6251193,-0.43329516,-0.1099979,0.41513953,0.50546485,-0.102762595,-0.25299782,-0.2890812,-0.12966008,-0.6164433,-0.4545695,-0.14903574,0.4585961,0.5001959,0.6507222,0.83126915,-0.87618166,0.124768816,-0.067139916,0.62293303,-0.84451216,0.8611768,0.39236596,0.14768331,0.46752346,0.39236596,0.14768331,0.46752346,0.39236596,0.14768331,0.46752346,0.39236596,0.14768331,0.46752346
5.0,0.257756,0.50546485,-0.102762595,-0.25299782,-0.2890812,-0.12966008,-0.6164433,-0.4545695,-0.14903574,0.4585961,0.5083248,-0.10332047,-0.23639053,-0.27668452,-0.14917316,-0.6251193,-0.43329516,-0.1099979,0.41513953,0.5083248,-0.10332047,-0.23639053,-0.27668452,-0.14917316,-0.6251193,-0.43329516,-0.1099979,0.41513953,0.50546485,-0.102762595,-0.25299782,-0.2890812,-0.12966008,-0.6164433,-0.4545695,-0.14903574,0.4585961,0.5001959,0.6507222,0.83126915,-0.87618166,0.124768816,-0.067139916,0.62293303,-0.84451216,0.8611768,0.39236596,0.14768331,0.46752346,0.39236596,0.14768331,0.46752346,0.39236596,0.14768331,0.46752346,0.39236596,0.14768331,0.46752346
5.5,0.357907,0.50546485,-0.102762595,-0.25299782,-0.2890812,-0.12966008,-0.6164433,-0.4545695,-0.14903574,0.4585961,0.5083248,-0.10332047,-0.23639053,-0.27668452,-0.14917316,-0.6251193,-0.43329516,-0.1099979,0.41513953,0.5083248,-0.10332047,-0.23639053,-0.27668452,-0.14917316,-0.6251193,-0.43329516,-0.1099979,0.41513953,0.50546485,-0.102762595,-0.25299782,-0.2890812,-0.12966008,-0.6164433,-0.4545695,-0.14903574,0.4585961,0.5001959,0.6507222,0.83126915,-0.87618166,0.124768816,-0.067139916,0.62293303,-0.84451216,0.8611768,0.39236596,0.14768331,0.46752346,0.39236596,0.14768331,0.46752346,0.39236596,0.14768331,0.46752346,0.39236596,0.14768331,0.46752346
2.0,0.0381328,0.5054922,-0.10285196,-0.25283495,-0.28902707,-0.12972397,-0.6165365,-0.4544461,-0.1487616,0.45843017,0.52573913,-0.067274235,-0.08532694,-0.15651877,-0.36126548,-0.6840855,-0.19531004,0.26819196,-0.11203807,0.52573913,-0.067274235,-0.08532694,-0.15651877,-0.36126548,-0.6840855,-0.19531004,0.26819196,-0.11203807,0.5054922,-0.10285196,-0.25283495,-0.28902707,-0.12972397,-0.6165365,-0.4544461,-0.1487616,0.45843017,-0.6939823,1.0,1.0,-1.0,0.9945706,0.9998154,1.0,-0.99999595,0.9999998,0.39236596,0.14768331,0.46752346,0.39236596,0.14768331,0.46752346,0.39236596,0.14768331,0.46752346,0.39236596,0.14768331,0.46752346
3.0,0.0701229,0.5054922,-0.10285196,-0.25283495,-0.28902707,-0.12972397,-0.6165365,-0.4544461,-0.1487616,0.45843017,0.52573913,-0.067274235,-0.08532694,-0.15651877,-0.36126548,-0.6840855,-0.19531004,0.26819196,-0.11203807,0.52573913,-0.067274235,-0.08532694,-0.15651877,-0.36126548,-0.6840855,-0.19531004,0.26819196,-0.11203807,0.5054922,-0.10285196,-0.25283495,-0.28902707,-0.12972397,-0.6165365,-0.4544461,-0.1487616,0.45843017,-0.6939823,1.0,1.0,-1.0,0.9945706,0.9998154,1.0,-0.99999595,0.9999998,0.39236596,0.14768331,0.46752346,0.39236596,0.14768331,0.46752346,0.39236596,0.14768331,0.46752346,0.39236596,0.14768331,0.46752346
4.0,0.14257,0.5054922,-0.10285196,-0.25283495,-0.28902707,-0.12972397,-0.6165365,-0.4544461,-0.1487616,0.45843017,0.52573913,-0.067274235,-0.08532694,-0.15651877,-0.36126548,-0.6840855,-0.19531004,0.26819196,-0.11203807,0.52573913,-0.067274235,-0.08532694,-0.15651877,-0.36126548,-0.6840855,-0.19531004,0.26819196,-0.11203807,0.5054922,-0.10285196,-0.25283495,-0.28902707,-0.12972397,-0.6165365,-0.4544461,-0.1487616,0.45843017,-0.6939823,1.0,1.0,-1.0,0.9945706,0.9998154,1.0,-0.99999595,0.9999998,0.39236596,0.14768331,0.46752346,0.39236596,0.14768331,0.46752346,0.39236596,0.14768331,0.46752346,0.39236596,0.14768331,0.46752346
5.0,0.267355,0.5054922,-0.10285196,-0.25283495,-0.28902707,-0.12972397,-0.6165365,-0.4544461,-0.1487616,0.45843017,0.52573913,-0.067274235,-0.08532694,-0.15651877,-0.36126548,-0.6840855,-0.19531004,0.26819196,-0.11203807,0.52573913,-0.067274235,-0.08532694,-0.15651877,-0.36126548,-0.6840855,-0.19531004,0.26819196,-0.11203807,0.5054922,-0.10285196,-0.25283495,-0.28902707,-0.12972397,-0.6165365,-0.4544461,-0.1487616,0.45843017,-0.6939823,1.0,1.0,-1.0,0.9945706,0.9998154,1.0,-0.99999595,0.9999998,0.39236596,0.14768331,0.46752346,0.39236596,0.14768331,0.46752346,0.39236596,0.14768331,0.46752346,0.39236596,0.14768331,0.46752346
5.5,0.34126,0.5054922,-0.10285196,-0.25283495,-0.28902707,-0.12972397,-0.6165365,-0.4544461,-0.1487616,0.45843017,0.52573913,-0.067274235,-0.08532694,-0.15651877,-0.36126548,-0.6840855,-0.19531004,0.26819196,-0.11203807,0.52573913,-0.067274235,-0.08532694,-0.15651877,-0.36126548,-0.6840855,-0.19531004,0.26819196,-0.11203807,0.5054922,-0.10285196,-0.25283495,-0.28902707,-0.12972397,-0.6165365,-0.4544461,-0.1487616,0.45843017,-0.6939823,1.0,1.0,-1.0,0.9945706,0.9998154,1.0,-0.99999595,0.9999998,0.39236596,0.14768331,0.46752346,0.39236596,0.14768331,0.46752346,0.39236596,0.14768331,0.46752346,0.39236596,0.14768331,0.46752346
2.0,0.0349278,0.5054922,-0.10285196,-0.25283495,-0.28902707,-0.12972397,-0.6165365,-0.4544461,-0.1487616,0.45843017,0.5056914,-0.10350189,-0.2511181,-0.28823784,-0.13069677,-0.6173436,-0.4531633,-0.14610787,0.45642585,0.5056914,-0.10350189,-0.2511181,-0.28823784,-0.13069677,-0.6173436,-0.4531633,-0.14610787,0.45642585,0.5054922,-0.10285196,-0.25283495,-0.28902707,-0.12972397,-0.6165365,-0.4544461,-0.1487616,0.45843017,-0.9669787,0.23915239,0.105897926,-0.8998081,-0.998027,0.58264077,0.9996612,-0.19131495,0.9934075,0.39236596,0.14768331,0.46752346,0.39236596,0.14768331,0.46752346,0.39236596,0.14768331,0.46752346,0.39236596,0.14768331,0.46752346
3.0,0.069384,0.5054922,-0.10285196,-0.25283495,-0.28902707,-0.12972397,-0.6165365,-0.4544461,-0.1487616,0.45843017,0.5056914,-0.10350189,-0.2511181,-0.28823784,-0.13069677,-0.6173436,-0.4531633,-0.14610787,0.45642585,0.5056914,-0.10350189,-0.2511181,-0.28823784,-0.13069677,-0.6173436,-0.4531633,-0.14610787,0.45642585,0.5054922,-0.10285196,-0.25283495,-0.28902707,-0.12972397,-0.6165365,-0.4544461,-0.1487616,0.45843017,-0.9669787,0.23915239,0.105897926,-0.8998081,-0.998027,0.58264077,0.9996612,-0.19131495,0.9934075,0.39236596,0.14768331,0.46752346,0.39236596,0.14768331,0.46752346,0.39236596,0.14768331,0.46752346,0.39236596,0.14768331,0.46752346
4.0,0.138668,0.5054922,-0.10285196,-0.25283495,-0.28902707,-0.12972397,-0.6165365,-0.4544461,-0.1487616,0.45843017,0.5056914,-0.10350189,-0.2511181,-0.28823784,-0.13069677,-0.6173436,-0.4531633,-0.14610787,0.45642585,0.5056914,-0.10350189,-0.2511181,-0.28823784,-0.13069677,-0.6173436,-0.4531633,-0.14610787,0.45642585,0.5054922,-0.10285196,-0.25283495,-0.28902707,-0.12972397,-0.6165365,-0.4544461,-0.1487616,0.45843017,-0.9669787,0.23915239,0.105897926,-0.8998081,-0.998027,0.58264077,0.9996612,-0.19131495,0.9934075,0.39236596,0.14768331,0.46752346,0.39236596,0.14768331,0.46752346,0.39236596,0.14768331,0.46752346,0.39236596,0.14768331,0.46752346
5.0,0.255496,0.5054922,-0.10285196,-0.25283495,-0.28902707,-0.12972397,-0.6165365,-0.4544461,-0.1487616,0.45843017,0.5056914,-0.10350189,-0.2511181,-0.28823784,-0.13069677,-0.6173436,-0.4531633,-0.14610787,0.45642585,0.5056914,-0.10350189,-0.2511181,-0.28823784,-0.13069677,-0.6173436,-0.4531633,-0.14610787,0.45642585,0.5054922,-0.10285196,-0.25283495,-0.28902707,-0.12972397,-0.6165365,-0.4544461,-0.1487616,0.45843017,-0.9669787,0.23915239,0.105897926,-0.8998081,-0.998027,0.58264077,0.9996612,-0.19131495,0.9934075,0.39236596,0.14768331,0.46752346,0.39236596,0.14768331,0.46752346,0.39236596,0.14768331,0.46752346,0.39236596,0.14768331,0.46752346
5.5,0.351709,0.5054922,-0.10285196,-0.25283495,-0.28902707,-0.12972397,-0.6165365,-0.4544461,-0.1487616,0.45843017,0.5056914,-0.10350189,-0.2511181,-0.28823784,-0.13069677,-0.6173436,-0.4531633,-0.14610787,0.45642585,0.5056914,-0.10350189,-0.2511181,-0.28823784,-0.13069677,-0.6173436,-0.4531633,-0.14610787,0.45642585,0.5054922,-0.10285196,-0.25283495,-0.28902707,-0.12972397,-0.6165365,-0.4544461,-0.1487616,0.45843017,-0.9669787,0.23915239,0.105897926,-0.8998081,-0.998027,0.58264077,0.9996612,-0.19131495,0.9934075,0.39236596,0.14768331,0.46752346,0.39236596,0.14768331,0.46752346,0.39236596,0.14768331,0.46752346,0.39236596,0.14768331,0.46752346
2.0,0.0347726,0.5054922,-0.10285196,-0.25283495,-0.28902707,-0.12972397,-0.6165365,-0.4544461,-0.1487616,0.45843017,0.5083248,-0.10332047,-0.23639053,-0.27668452,-0.14917316,-0.6251193,-0.43329516,-0.1099979,0.41513953,0.50546455,-0.10276171,-0.25299945,-0.28908157,-0.12965938,-0.61644244,-0.45457068,-0.14903851,0.45859784,0.5054922,-0.10285196,-0.25283495,-0.28902707,-0.12972397,-0.6165365,-0.4544461,-0.1487616,0.45843017,-0.92919636,0.22507834,0.89820796,-0.85928905,-0.99870265,0.75042593,0.9996601,0.4314805,0.9979155,0.39236596,0.14768331,0.46752346,0.39236596,0.14768331,0.46752346,0.39236596,0.14768331,0.46752346,0.39236596,0.14768331,0.46752346
3.0,0.0685887,0.5054922,-0.10285196,-0.25283495,-0.28902707,-0.12972397,-0.6165365,-0.4544461,-0.1487616,0.45843017,0.5083248,-0.10332047,-0.23639053,-0.27668452,-0.14917316,-0.6251193,-0.43329516,-0.1099979,0.41513953,0.50546455,-0.10276171,-0.25299945,-0.28908157,-0.12965938,-0.61644244,-0.45457068,-0.14903851,0.45859784,0.5054922,-0.10285196,-0.25283495,-0.28902707,-0.12972397,-0.6165365,-0.4544461,-0.1487616,0.45843017,-0.92919636,0.22507834,0.89820796,-0.85928905,-0.99870265,0.75042593,0.9996601,0.4314805,0.9979155,0.39236596,0.14768331,0.46752346,0.39236596,0.14768331,0.46752346,0.39236596,0.14768331,0.46752346,0.39236596,0.14768331,0.46752346
4.0,0.140559,0.5054922,-0.10285196,-0.25283495,-0.28902707,-0.12972397,-0.6165365,-0.4544461,-0.1487616,0.45843017,0.5083248,-0.10332047,-0.23639053,-0.27668452,-0.14917316,-0.6251193,-0.43329516,-0.1099979,0.41513953,0.50546455,-0.10276171,-0.25299945,-0.28908157,-0.12965938,-0.61644244,-0.45457068,-0.14903851,0.45859784,0.5054922,-0.10285196,-0.25283495,-0.28902707,-0.12972397,-0.6165365,-0.4544461,-0.1487616,0.45843017,-0.92919636,0.22507834,0.89820796,-0.85928905,-0.99870265,0.75042593,0.9996601,0.4314805,0.9979155,0.39236596,0.14768331,0.46752346,0.39236596,0.14768331,0.46752346,0.39236596,0.14768331,0.46752346,0.39236596,0.14768331,0.46752346
5.0,0.270331,0.5054922,-0.10285196,-0.25283495,-0.28902707,-0.12972397,-0.6165365,-0.4544461,-0.1487616,0.45843017,0.5083248,-0.10332047,-0.23639053,-0.27668452,-0.14917316,-0.6251193,-0.43329516,-0.1099979,0.41513953,0.50546455,-0.10276171,-0.25299945,-0.28908157,-0.12965938,-0.61644244,-0.45457068,-0.14903851,0.45859784,0.5054922,-0.10285196,-0.25283495,-0.28902707,-0.12972397,-0.6165365,-0.4544461,-0.1487616,0.45843017,-0.92919636,0.22507834,0.89820796,-0.85928905,-0.99870265,0.75042593,0.9996601,0.4314805,0.9979155,0.39236596,0.14768331,0.46752346,0.39236596,0.14768331,0.46752346,0.39236596,0.14768331,0.46752346,0.39236596,0.14768331,0.46752346
5.5,0.356564,0.5054922,-0.10285196,-0.25283495,-0.28902707,-0.12972397,-0.6165365,-0.4544461,-0.1487616,0.45843017,0.5083248,-0.10332047,-0.23639053,-0.27668452,-0.14917316,-0.6251193,-0.43329516,-0.1099979,0.41513953,0.50546455,-0.10276171,-0.25299945,-0.28908157,-0.12965938,-0.61644244,-0.45457068,-0.14903851,0.45859784,0.5054922,-0.10285196,-0.25283495,-0.28902707,-0.12972397,-0.6165365,-0.4544461,-0.1487616,0.45843017,-0.92919636,0.22507834,0.89820796,-0.85928905,-0.99870265,0.75042593,0.9996601,0.4314805,0.9979155,0.39236596,0.14768331,0.46752346,0.39236596,0.14768331,0.46752346,0.39236596,0.14768331,0.46752346,0.39236596,0.14768331,0.46752346
2.0,0.0366125,0.5054922,-0.10285196,-0.25283495,-0.28902707,-0.12972397,-0.6165365,-0.4544461,-0.1487616,0.45843017,0.5083248,-0.10332047,-0.23639053,-0.27668452,-0.14917316,-0.6251193,-0.43329516,-0.1099979,0.41513953,0.49962768,-0.08004487,-0.2684723,-0.29329354,-0.1411026,-0.61512434,-0.4528164,-0.14509156,0.434278,0.5054922,-0.10285196,-0.25283495,-0.28902707,-0.12972397,-0.6165365,-0.4544461,-0.1487616,0.45843017,-0.87501425,-0.6595813,0.9229943,-0.62882096,-0.99865043,0.89067435,0.9993232,0.28766006,0.99596643,0.39236596,0.14768331,0.46752346,0.39236596,0.14768331,0.46752346,0.39236596,0.14768331,0.46752346,0.39236596,0.14768331,0.46752346
3.0,0.0701177,0.5054922,-0.10285196,-0.25283495,-0.28902707,-0.12972397,-0.6165365,-0.4544461,-0.1487616,0.45843017,0.5083248,-0.10332047,-0.23639053,-0.27668452,-0.14917316,-0.6251193,-0.43329516,-0.1099979,0.41513953,0.49962768,-0.08004487,-0.2684723,-0.29329354,-0.1411026,-0.61512434,-0.4528164,-0.14509156,0.434278,0.5054922,-0.10285196,-0.25283495,-0.28902707,-0.12972397,-0.6165365,-0.4544461,-0.1487616,0.45843017,-0.87501425,-0.6595813,0.9229943,-0.62882096,-0.99865043,0.89067435,0.9993232,0.28766006,0.99596643,0.39236596,0.14768331,0.46752346,0.39236596,0.14768331,0.46752346,0.39236596,0.14768331,0.46752346,0.39236596,0.14768331,0.46752346
4.0,0.13987,0.5054922,-0.10285196,-0.25283495,-0.28902707,-0.12972397,-0.6165365,-0.4544461,-0.1487616,0.45843017,0.5083248,-0.10332047,-0.23639053,-0.27668452,-0.14917316,-0.6251193,-0.43329516,-0.1099979,0.41513953,0.49962768,-0.08004487,-0.2684723,-0.29329354,-0.1411026,-0.61512434,-0.4528164,-0.14509156,0.434278,0.5054922,-0.10285196,-0.25283495,-0.28902707,-0.12972397,-0.6165365,-0.4544461,-0.1487616,0.45843017,-0.87501425,-0.6595813,0.9229943,-0.62882096,-0.99865043,0.89067435,0.9993232,0.28766006,0.99596643,0.39236596,0.14768331,0.46752346,0.39236596,0.14768331,0.46752346,0.39236596,0.14768331,0.46752346,0.39236596,0.14768331,0.46752346
5.0,0.275112,0.5054922,-0.10285196,-0.25283495,-0.28902707,-0.12972397,-0.6165365,-0.4544461,-0.1487616,0.45843017,0.5083248,-0.10332047,-0.23639053,-0.27668452,-0.14917316,-0.6251193,-0.43329516,-0.1099979,0.41513953,0.49962768,-0.08004487,-0.2684723,-0.29329354,-0.1411026,-0.61512434,-0.4528164,-0.14509156,0.434278,0.5054922,-0.10285196,-0.25283495,-0.28902707,-0.12972397,-0.6165365,-0.4544461,-0.1487616,0.45843017,-0.87501425,-0.6595813,0.9229943,-0.62882096,-0.99865043,0.89067435,0.9993232,0.28766006,0.99596643,0.39236596,0.14768331,0.46752346,0.39236596,0.14768331,0.46752346,0.39236596,0.14768331,0.46752346,0.39236596,0.14768331,0.46752346
5.5,0.349667,0.5054922,-0.10285196,-0.25283495,-0.28902707,-0.12972397,-0.6165365,-0.4544461,-0.1487616,0.45843017,0.5083248,-0.10332047,-0.23639053,-0.27668452,-0.14917316,-0.6251193,-0.43329516,-0.1099979,0.41513953,0.49962768,-0.08004487,-0.2684723,-0.29329354,-0.1411026,-0.61512434,-0.4528164,-0.14509156,0.434278,0.5054922,-0.10285196,-0.25283495,-0.28902707,-0.12972397,-0.6165365,-0.4544461,-0.1487616,0.45843017,-0.87501425,-0.6595813,0.9229943,-0.62882096,-0.99865043,0.89067435,0.9993232,0.28766006,0.99596643,0.39236596,0.14768331,0.46752346,0.39236596,0.14768331,0.46752346,0.39236596,0.14768331,0.46752346,0.39236596,0.14768331,0.46752346
2.0,0.0369252,0.5054922,-0.10285196,-0.25283495,-0.28902707,-0.12972397,-0.6165365,-0.4544461,-0.1487616,0.45843017,0.45017406,0.16156551,-0.38034075,-0.3074449,-0.30616605,-0.61785674,-0.38351113,-0.06153871,0.07108635,0.45017406,0.16156551,-0.38034075,-0.3074449,-0.30616605,-0.61785674,-0.38351113,-0.06153871,0.07108635,0.5054922,-0.10285196,-0.25283495,-0.28902707,-0.12972397,-0.6165365,-0.4544461,-0.1487616,0.45843017,-0.74236906,-1.0,0.99999946,1.0,-0.9999986,-0.99999994,-1.0,-1.0,-1.0,0.39236596,0.14768331,0.46752346,0.39236596,0.14768331,0.46752346,0.39236596,0.14768331,0.46752346,0.39236596,0.14768331,0.46752346
3.0,0.0685558,0.5054922,-0.10285196,-0.25283495,-0.28902707,-0.12972397,-0.6165365,-0.4544461,-0.1487616,0.45843017,0.45017406,0.16156551,-0.38034075,-0.3074449,-0.30616605,-0.61785674,-0.38351113,-0.06153871,0.07108635,0.45017406,0.16156551,-0.38034075,-0.3074449,-0.30616605,-0.61785674,-0.38351113,-0.06153871,0.07108635,0.5054922,-0.10285196,-0.25283495,-0.28902707,-0.12972397,-0.6165365,-0.4544461,-0.1487616,0.45843017,-0.74236906,-1.0,0.99999946,1.0,-0.9999986,-0.99999994,-1.0,-1.0,-1.0,0.39236596,0.14768331,0.46752346,0.39236596,0.14768331,0.46752346,0.39236596,0.14768331,0.46752346,0.39236596,0.14768331,0.46752346
4.0,0.138101,0.5054922,-0.10285196,-0.25283495,-0.28902707,-0.12972397,-0.6165365,-0.4544461,-0.1487616,0.45843017,0.45017406,0.16156551,-0.38034075,-0.3074449,-0.30616605,-0.61785674,-0.38351113,-0.06153871,0.07108635,0.45017406,0.16156551,-0.38034075,-0.3074449,-0.30616605,-0.61785674,-0.38351113,-0.06153871,0.07108635,0.5054922,-0.10285196,-0.25283495,-0.28902707,-0.12972397,-0.6165365,-0.4544461,-0.1487616,0.45843017,-0.74236906,-1.0,0.99999946,1.0,-0.9999986,-0.99999994,-1.0,-1.0,-1.0,0.39236596,0.14768331,0.46752346,0.39236596,0.14768331,0.46752346,0.39236596,0.14768331,0.46752346,0.39236596,0.14768331,0.46752346
5.0,0.249396,0.5054922,-0.10285196,-0.25283495,-0.28902707,-0.12972397,-0.6165365,-0.4544461,-0.1487616,0.45843017,0.45017406,0.16156551,-0.38034075,-0.3074449,-0.30616605,-0.61785674,-0.38351113,-0.06153871,0.07108635,0.45017406,0.16156551,-0.38034075,-0.3074449,-0.30616605,-0.61785674,-0.38351113,-0.06153871,0.07108635,0.5054922,-0.10285196,-0.25283495,-0.28902707,-0.12972397,-0.6165365,-0.4544461,-0.1487616,0.45843017,-0.74236906,-1.0,0.99999946,1.0,-0.9999986,-0.99999994,-1.0,-1.0,-1.0,0.39236596,0.14768331,0.46752346,0.39236596,0.14768331,0.46752346,0.39236596,0.14768331,0.46752346,0.39236596,0.14768331,0.46752346
5.5,0.322205,0.5054922,-0.10285196,-0.25283495,-0.28902707,-0.12972397,-0.6165365,-0.4544461,-0.1487616,0.45843017,0.45017406,0.16156551,-0.38034075,-0.3074449,-0.30616605,-0.61785674,-0.38351113,-0.06153871,0.07108635,0.45017406,0.16156551,-0.38034075,-0.3074449,-0.30616605,-0.61785674,-0.38351113,-0.06153871,0.07108635,0.5054922,-0.10285196,-0.25283495,-0.28902707,-0.12972397,-0.6165365,-0.4544461,-0.1487616,0.45843017,-0.74236906,-1.0,0.99999946,1.0,-0.9999986,-0.99999994,-1.0,-1.0,-1.0,0.39236596,0.14768331,0.46752346,0.39236596,0.14768331,0.46752346,0.39236596,0.14768331,0.46752346,0.39236596,0.14768331,0.46752346
2.0,0.0347568,0.5054922,-0.10285196,-0.25283495,-0.28902707,-0.12972397,-0.6165365,-0.4544461,-0.1487616,0.45843017,0.5083248,-0.10332047,-0.23639053,-0.27668452,-0.14917316,-0.6251193,-0.43329516,-0.1099979,0.41513953,0.5083248,-0.10332047,-0.23639053,-0.27668452,-0.14917316,-0.6251193,-0.43329516,-0.1099979,0.41513953,0.5083248,-0.10332047,-0.23639053,-0.27668452,-0.14917316,-0.6251193,-0.43329516,-0.1099979,0.41513953,-0.9474566,0.91394633,0.90085423,-0.97512364,-0.9953598,0.44916406,0.9996016,0.43593168,0.9989351,0.39236596,0.14768331,0.46752346,0.39236596,0.14768331,0.46752346,0.39236596,0.14768331,0.46752346,0.39236596,0.14768331,0.46752346
3.0,0.0679344,0.5054922,-0.10285196,-0.25283495,-0.28902707,-0.12972397,-0.6165365,-0.4544461,-0.1487616,0.45843017,0.5083248,-0.10332047,-0.23639053,-0.27668452,-0.14917316,-0.6251193,-0.43329516,-0.1099979,0.41513953,0.5083248,-0.10332047,-0.23639053,-0.27668452,-0.14917316,-0.6251193,-0.43329516,-0.1099979,0.41513953,0.5083248,-0.10332047,-0.23639053,-0.27668452,-0.14917316,-0.6251193,-0.43329516,-0.1099979,0.41513953,-0.9474566,0.91394633,0.90085423,-0.97512364,-0.9953598,0.44916406,0.9996016,0.43593168,0.9989351,0.39236596,0.14768331,0.46752346,0.39236596,0.14768331,0.46752346,0.39236596,0.14768331,0.46752346,0.39236596,0.14768331,0.46752346
4.0,0.138428,0.5054922,-0.10285196,-0.25283495,-0.28902707,-0.12972397,-0.6165365,-0.4544461,-0.1487616,0.45843017,0.5083248,-0.10332047,-0.23639053,-0.27668452,-0.14917316,-0.6251193,-0.43329516,-0.1099979,0.41513953,0.5083248,-0.10332047,-0.23639053,-0.27668452,-0.14917316,-0.6251193,-0.43329516,-0.1099979,0.41513953,0.5083248,-0.10332047,-0.23639053,-0.27668452,-0.14917316,-0.6251193,-0.43329516,-0.1099979,0.41513953,-0.9474566,0.91394633,0.90085423,-0.97512364,-0.9953598,0.44916406,0.9996016,0.43593168,0.9989351,0.39236596,0.14768331,0.46752346,0.39236596,0.14768331,0.46752346,0.39236596,0.14768331,0.46752346,0.39236596,0.14768331,0.46752346
5.0,0.267991,0.5054922,-0.10285196,-0.25283495,-0.28902707,-0.12972397,-0.6165365,-0.4544461,-0.1487616,0.45843017,0.5083248,-0.10332047,-0.23639053,-0.27668452,-0.14917316,-0.6251193,-0.43329516,-0.1099979,0.41513953,0.5083248,-0.10332047,-0.23639053,-0.27668452,-0.14917316,-0.6251193,-0.43329516,-0.1099979,0.41513953,0.5083248,-0.10332047,-0.23639053,-0.27668452,-0.14917316,-0.6251193,-0.43329516,-0.1099979,0.41513953,-0.9474566,0.91394633,0.90085423,-0.97512364,-0.9953598,0.44916406,0.9996016,0.43593168,0.9989351,0.39236596,0.14768331,0.46752346,0.39236596,0.14768331,0.46752346,0.39236596,0.14768331,0.46752346,0.39236596,0.14768331,0.46752346
5.5,0.350216,0.5054922,-0.10285196,-0.25283495,-0.28902707,-0.12972397,-0.6165365,-0.4544461,-0.1487616,0.45843017,0.5083248,-0.10332047,-0.23639053,-0.27668452,-0.14917316,-0.6251193,-0.43329516,-0.1099979,0.41513953,0.5083248,-0.10332047,-0.23639053,-0.27668452,-0.14917316,-0.6251193,-0.43329516,-0.1099979,0.41513953,0.5083248,-0.10332047,-0.23639053,-0.27668452,-0.14917316,-0.6251193,-0.43329516,-0.1099979,0.41513953,-0.9474566,0.91394633,0.90085423,-0.97512364,-0.9953598,0.44916406,0.9996016,0.43593168,0.9989351,0.39236596,0.14768331,0.46752346,0.39236596,0.14768331,0.46752346,0.39236596,0.14768331,0.46752346,0.39236596,0.14768331,0.46752346
2.0,0.0374143,0.50546736,-0.102770716,-0.252983,-0.28907612,-0.12966585,-0.61645174,-0.45455822,-0.14901084,0.45858103,0.5083248,-0.10332047,-0.23639053,-0.27668452,-0.14917316,-0.6251193,-0.43329516,-0.1099979,0.41513953,0.5083248,-0.10332047,-0.23639053,-0.27668452,-0.14917316,-0.6251193,-0.43329516,-0.1099979,0.41513953,0.5083248,-0.10332047,-0.23639053,-0.27668452,-0.14917316,-0.6251193,-0.43329516,-0.1099979,0.41513953,0.41287935,0.63066113,0.8315273,-0.9160012,0.059891462,-0.10751304,0.58998144,-0.75501114,0.90261304,0.39236596,0.14768331,0.46752346,0.39236596,0.14768331,0.46752346,0.39236596,0.14768331,0.46752346,0.39236596,0.14768331,0.46752346
3.0,0.0700159,0.50546736,-0.102770716,-0.252983,-0.28907612,-0.12966585,-0.61645174,-0.45455822,-0.14901084,0.45858103,0.5083248,-0.10332047,-0.23639053,-0.27668452,-0.14917316,-0.6251193,-0.43329516,-0.1099979,0.41513953,0.5083248,-0.10332047,-0.23639053,-0.27668452,-0.14917316,-0.6251193,-0.43329516,-0.1099979,0.41513953,0.5083248,-0.10332047,-0.23639053,-0.27668452,-0.14917316,-0.6251193,-0.43329516,-0.1099979,0.41513953,0.41287935,0.63066113,0.8315273,-0.9160012,0.059891462,-0.10751304,0.58998144,-0.75501114,0.90261304,0.39236596,0.14768331,0.46752346,0.39236596,0.14768331,0.46752346,0.39236596,0.14768331,0.46752346,0.39236596,0.14768331,0.46752346
4.0,0.141147,0.50546736,-0.102770716,-0.252983,-0.28907612,-0.12966585,-0.61645174,-0.45455822,-0.14901084,0.45858103,0.5083248,-0.10332047,-0.23639053,-0.27668452,-0.14917316,-0.6251193,-0.43329516,-0.1099979,0.41513953,0.5083248,-0.10332047,-0.23639053,-0.27668452,-0.14917316,-0.6251193,-0.43329516,-0.1099979,0.41513953,0.5083248,-0.10332047,-0.23639053,-0.27668452,-0.14917316,-0.6251193,-0.43329516,-0.1099979,0.41513953,0.41287935,0.63066113,0.8315273,-0.9160012,0.059891462,-0.10751304,0.58998144,-0.75501114,0.90261304,0.39236596,0.14768331,0.46752346,0.39236596,0.14768331,0.46752346,0.39236596,0.14768331,0.46752346,0.39236596,0.14768331,0.46752346
5.0,0.271181,0.50546736,-0.102770716,-0.252983,-0.28907612,-0.12966585,-0.61645174,-0.45455822,-0.14901084,0.45858103,0.5083248,-0.10332047,-0.23639053,-0.27668452,-0.14917316,-0.6251193,-0.43329516,-0.1099979,0.41513953,0.5083248,-0.10332047,-0.23639053,-0.27668452,-0.14917316,-0.6251193,-0.43329516,-0.1099979,0.41513953,0.5083248,-0.10332047,-0.23639053,-0.27668452,-0.14917316,-0.6251193,-0.43329516,-0.1099979,0.41513953,0.41287935,0.63066113,0.8315273,-0.9160012,0.059891462,-0.10751304,0.58998144,-0.75501114,0.90261304,0.39236596,0.14768331,0.46752346,0.39236596,0.14768331,0.46752346,0.39236596,0.14768331,0.46752346,0.39236596,0.14768331,0.46752346
5.5,0.344531,0.50546736,-0.102770716,-0.252983,-0.28907612,-0.12966585,-0.61645174,-0.45455822,-0.14901084,0.45858103,0.5083248,-0.10332047,-0.23639053,-0.27668452,-0.14917316,-0.6251193,-0.43329516,-0.1099979,0.41513953,0.5083248,-0.10332047,-0.23639053,-0.27668452,-0.14917316,-0.6251193,-0.43329516,-0.1099979,0.41513953,0.5083248,-0.10332047,-0.23639053,-0.27668452,-0.14917316,-0.6251193,-0.43329516,-0.1099979,0.41513953,0.41287935,0.63066113,0.8315273,-0.9160012,0.059891462,-0.10751304,0.58998144,-0.75501114,0.90261304,0.39236596,0.14768331,0.46752346,0.39236596,0.14768331,0.46752346,0.39236596,0.14768331,0.46752346,0.39236596,0.14768331,0.46752346
2.0,0.0368891,0.50546485,-0.102762595,-0.25299782,-0.2890812,-0.12966008,-0.6164433,-0.4545695,-0.14903574,0.4585961,0.5083248,-0.10332047,-0.23639053,-0.27668452,-0.14917316,-0.6251193,-0.43329516,-0.1099979,0.41513953,0.5083248,-0.10332047,-0.23639053,-0.27668452,-0.14917316,-0.6251193,-0.43329516,-0.1099979,0.41513953,0.5083248,-0.10332047,-0.23639053,-0.27668452,-0.14917316,-0.6251193,-0.43329516,-0.1099979,0.41513953,0.49907833,0.64259195,0.8269093,-0.89650285,0.17207839,-0.056174982,0.5981265,-0.84169745,0.8734016,0.39236596,0.14768331,0.46752346,0.39236596,0.14768331,0.46752346,0.39236596,0.14768331,0.46752346,0.39236596,0.14768331,0.46752346
3.0,0.0703184,0.50546485,-0.102762595,-0.25299782,-0.2890812,-0.12966008,-0.6164433,-0.4545695,-0.14903574,0.4585961,0.5083248,-0.10332047,-0.23639053,-0.27668452,-0.14917316,-0.6251193,-0.43329516,-0.1099979,0.41513953,0.5083248,-0.10332047,-0.23639053,-0.27668452,-0.14917316,-0.6251193,-0.43329516,-0.1099979,0.41513953,0.5083248,-0.10332047,-0.23639053,-0.27668452,-0.14917316,-0.6251193,-0.43329516,-0.1099979,0.41513953,0.49907833,0.64259195,0.8269093,-0.89650285,0.17207839,-0.056174982,0.5981265,-0.84169745,0.8734016,0.39236596,0.14768331,0.46752346,0.39236596,0.14768331,0.46752346,0.39236596,0.14768331,0.46752346,0.39236596,0.14768331,0.46752346
4.0,0.140558,0.50546485,-0.102762595,-0.25299782,-0.2890812,-0.12966008,-0.6164433,-0.4545695,-0.14903574,0.4585961,0.5083248,-0.10332047,-0.23639053,-0.27668452,-0.14917316,-0.6251193,-0.43329516,-0.1099979,0.41513953,0.5083248,-0.10332047,-0.23639053,-0.27668452,-0.14917316,-0.6251193,-0.43329516,-0.1099979,0.41513953,0.5083248,-0.10332047,-0.23639053,-0.27668452,-0.14917316,-0.6251193,-0.43329516,-0.1099979,0.41513953,0.49907833,0.64259195,0.8269093,-0.89650285,0.17207839,-0.056174982,0.5981265,-0.84169745,0.8734016,0.39236596,0.14768331,0.46752346,0.39236596,0.14768331,0.46752346,0.39236596,0.14768331,0.46752346,0.39236596,0.14768331,0.46752346
5.0,0.266975,0.50546485,-0.102762595,-0.25299782,-0.2890812,-0.12966008,-0.6164433,-0.4545695,-0.14903574,0.4585961,0.5083248,-0.10332047,-0.23639053,-0.27668452,-0.14917316,-0.6251193,-0.43329516,-0.1099979,0.41513953,0.5083248,-0.10332047,-0.23639053,-0.27668452,-0.14917316,-0.6251193,-0.43329516,-0.1099979,0.41513953,0.5083248,-0.10332047,-0.23639053,-0.27668452,-0.14917316,-0.6251193,-0.43329516,-0.1099979,0.41513953,0.49907833,0.64259195,0.8269093,-0.89650285,0.17207839,-0.056174982,0.5981265,-0.84169745,0.8734016,0.39236596,0.14768331,0.46752346,0.39236596,0.14768331,0.46752346,0.39236596,0.14768331,0.46752346,0.39236596,0.14768331,0.46752346
5.5,0.345436,0.50546485,-0.102762595,-0.25299782,-0.2890812,-0.12966008,-0.6164433,-0.4545695,-0.14903574,0.4585961,0.5083248,-0.10332047,-0.23639053,-0.27668452,-0.14917316,-0.6251193,-0.43329516,-0.1099979,0.41513953,0.5083248,-0.10332047,-0.23639053,-0.27668452,-0.14917316,-0.6251193,-0.43329516,-0.1099979,0.41513953,0.5083248,-0.10332047,-0.23639053,-0.27668452,-0.14917316,-0.6251193,-0.43329516,-0.1099979,0.41513953,0.49907833,0.64259195,0.8269093,-0.89650285,0.17207839,-0.056174982,0.5981265,-0.84169745,0.8734016,0.39236596,0.14768331,0.46752346,0.39236596,0.14768331,0.46752346,0.39236596,0.14768331,0.46752346,0.39236596,0.14768331,0.46752346
2.0,0.0346332,0.5054922,-0.10285196,-0.25283495,-0.28902707,-0.12972397,-0.6165365,-0.4544461,-0.1487616,0.45843017,0.5083248,-0.10332047,-0.23639053,-0.27668452,-0.14917316,-0.6251193,-0.43329516,-0.1099979,0.41513953,0.5083248,-0.10332047,-0.23639053,-0.27668452,-0.14917316,-0.6251193,-0.43329516,-0.1099979,0.41513953,0.50546455,-0.10276171,-0.25299945,-0.28908157,-0.12965938,-0.61644244,-0.45457068,-0.14903851,0.45859784,-0.950126,0.9120019,0.8981959,-0.978431,-0.9950568,0.45159993,0.9996117,0.44865707,0.9989005,0.39236596,0.14768331,0.46752346,0.39236596,0.14768331,0.46752346,0.39236596,0.14768331,0.46752346,0.39236596,0.14768331,0.46752346
3.0,0.0681313,0.5054922,-0.10285196,-0.25283495,-0.28902707,-0.12972397,-0.6165365,-0.4544461,-0.1487616,0.45843017,0.5083248,-0.10332047,-0.23639053,-0.27668452,-0.14917316,-0.6251193,-0.43329516,-0.1099979,0.41513953,0.5083248,-0.10332047,-0.23639053,-0.27668452,-0.14917316,-0.6251193,-0.43329516,-0.1099979,0.41513953,0.50546455,-0.10276171,-0.25299945,-0.28908157,-0.12965938,-0.61644244,-0.45457068,-0.14903851,0.45859784,-0.950126,0.9120019,0.8981959,-0.978431,-0.9950568,0.45159993,0.9996117,0.44865707,0.9989005,0.39236596,0.14768331,0.46752346,0.39236596,0.14768331,0.46752346,0.39236596,0.14768331,0.46752346,0.39236596,0.14768331,0.46752346
4.0,0.139954,0.5054922,-0.10285196,-0.25283495,-0.28902707,-0.12972397,-0.6165365,-0.4544461,-0.1487616,0.45843017,0.5083248,-0.10332047,-0.23639053,-0.27668452,-0.14917316,-0.6251193,-0.43329516,-0.1099979,0.41513953,0.5083248,-0.10332047,-0.23639053,-0.27668452,-0.14917316,-0.6251193,-0.43329516,-0.1099979,0.41513953,0.50546455,-0.10276171,-0.25299945,-0.28908157,-0.12965938,-0.61644244,-0.45457068,-0.14903851,0.45859784,-0.950126,0.9120019,0.8981959,-0.978431,-0.9950568,0.45159993,0.9996117,0.44865707,0.9989005,0.39236596,0.14768331,0.46752346,0.39236596,0.14768331,0.46752346,0.39236596,0.14768331,0.46752346,0.39236596,0.14768331,0.46752346
5.0,0.269143,0.5054922,-0.10285196,-0.25283495,-0.28902707,-0.12972397,-0.6165365,-0.4544461,-0.1487616,0.45843017,0.5083248,-0.10332047,-0.23639053,-0.27668452,-0.14917316,-0.6251193,-0.43329516,-0.1099979,0.41513953,0.5083248,-0.10332047,-0.23639053,-0.27668452,-0.14917316,-0.6251193,-0.43329516,-0.1099979,0.41513953,0.50546455,-0.10276171,-0.25299945,-0.28908157,-0.12965938,-0.61644244,-0.45457068,-0.14903851,0.45859784,-0.950126,0.9120019,0.8981959,-0.978431,-0.9950568,0.45159993,0.9996117,0.44865707,0.9989005,0.39236596,0.14768331,0.46752346,0.39236596,0.14768331,0.46752346,0.39236596,0.14768331,0.46752346,0.39236596,0.14768331,0.46752346
5.5,0.370811,0.5054922,-0.10285196,-0.25283495,-0.28902707,-0.12972397,-0.6165365,-0.4544461,-0.1487616,0.45843017,0.5083248,-0.10332047,-0.23639053,-0.27668452,-0.14917316,-0.6251193,-0.43329516,-0.1099979,0.41513953,0.5083248,-0.10332047,-0.23639053,-0.27668452,-0.14917316,-0.6251193,-0.43329516,-0.1099979,0.41513953,0.50546455,-0.10276171,-0.25299945,-0.28908157,-0.12965938,-0.61644244,-0.45457068,-0.14903851,0.45859784,-0.950126,0.9120019,0.8981959,-0.978431,-0.9950568,0.45159993,0.9996117,0.44865707,0.9989005,0.39236596,0.14768331,0.46752346,0.39236596,0.14768331,0.46752346,0.39236596,0.14768331,0.46752346,0.39236596,0.14768331,0.46752346
2.0,0.0375627,0.50546736,-0.102770716,-0.252983,-0.28907612,-0.12966585,-0.61645174,-0.45455822,-0.14901084,0.45858103,0.52573913,-0.067274235,-0.08532694,-0.15651877,-0.36126548,-0.6840855,-0.19531004,0.26819196,-0.11203807,0.52573913,-0.067274235,-0.08532694,-0.15651877,-0.36126548,-0.6840855,-0.19531004,0.26819196,-0.11203807,0.50546455,-0.10276171,-0.25299945,-0.28908157,-0.12965938,-0.61644244,-0.45457068,-0.14903851,0.45859784,0.24900457,1.0,1.0,-1.0,0.9995545,0.9999375,1.0,-0.99999994,0.99999845,0.39236596,0.14768331,0.46752346,0.39236596,0.14768331,0.46752346,0.39236596,0.14768331,0.46752346,0.39236596,0.14768331,0.46752346
3.0,0.0694384,0.50546736,-0.102770716,-0.252983,-0.28907612,-0.12966585,-0.61645174,-0.45455822,-0.14901084,0.45858103,0.52573913,-0.067274235,-0.08532694,-0.15651877,-0.36126548,-0.6840855,-0.19531004,0.26819196,-0.11203807,0.52573913,-0.067274235,-0.08532694,-0.15651877,-0.36126548,-0.6840855,-0.19531004,0.26819196,-0.11203807,0.50546455,-0.10276171,-0.25299945,-0.28908157,-0.12965938,-0.61644244,-0.45457068,-0.14903851,0.45859784,0.24900457,1.0,1.0,-1.0,0.9995545,0.9999375,1.0,-0.99999994,0.99999845,0.39236596,0.14768331,0.46752346,0.39236596,0.14768331,0.46752346,0.39236596,0.14768331,0.46752346,0.39236596,0.14768331,0.46752346
4.0,0.146311,0.50546736,-0.102770716,-0.252983,-0.28907612,-0.12966585,-0.61645174,-0.45455822,-0.14901084,0.45858103,0.52573913,-0.067274235,-0.08532694,-0.15651877,-0.36126548,-0.6840855,-0.19531004,0.26819196,-0.11203807,0.52573913,-0.067274235,-0.08532694,-0.15651877,-0.36126548,-0.6840855,-0.19531004,0.26819196,-0.11203807,0.50546455,-0.10276171,-0.25299945,-0.28908157,-0.12965938,-0.61644244,-0.45457068,-0.14903851,0.45859784,0.24900457,1.0,1.0,-1.0,0.9995545,0.9999375,1.0,-0.99999994,0.99999845,0.39236596,0.14768331,0.46752346,0.39236596,0.14768331,0.46752346,0.39236596,0.14768331,0.46752346,0.39236596,0.14768331,0.46752346
5.0,0.265774,0.50546736,-0.102770716,-0.252983,-0.28907612,-0.12966585,-0.61645174,-0.45455822,-0.14901084,0.45858103,0.52573913,-0.067274235,-0.08532694,-0.15651877,-0.36126548,-0.6840855,-0.19531004,0.26819196,-0.11203807,0.52573913,-0.067274235,-0.08532694,-0.15651877,-0.36126548,-0.6840855,-0.19531004,0.26819196,-0.11203807,0.50546455,-0.10276171,-0.25299945,-0.28908157,-0.12965938,-0.61644244,-0.45457068,-0.14903851,0.45859784,0.24900457,1.0,1.0,-1.0,0.9995545,0.9999375,1.0,-0.99999994,0.99999845,0.39236596,0.14768331,0.46752346,0.39236596,0.14768331,0.46752346,0.39236596,0.14768331,0.46752346,0.39236596,0.14768331,0.46752346
5.5,0.365102,0.50546736,-0.102770716,-0.252983,-0.28907612,-0.12966585,-0.61645174,-0.45455822,-0.14901084,0.45858103,0.52573913,-0.067274235,-0.08532694,-0.15651877,-0.36126548,-0.6840855,-0.19531004,0.26819196,-0.11203807,0.52573913,-0.067274235,-0.08532694,-0.15651877,-0.36126548,-0.6840855,-0.19531004,0.26819196,-0.11203807,0.50546455,-0.10276171,-0.25299945,-0.28908157,-0.12965938,-0.61644244,-0.45457068,-0.14903851,0.45859784,0.24900457,1.0,1.0,-1.0,0.9995545,0.9999375,1.0,-0.99999994,0.99999845,0.39236596,0.14768331,0.46752346,0.39236596,0.14768331,0.46752346,0.39236596,0.14768331,0.46752346,0.39236596,0.14768331,0.46752346
2.0,0.0341737,0.50546736,-0.102770716,-0.252983,-0.28907612,-0.12966585,-0.61645174,-0.45455822,-0.14901084,0.45858103,0.5056914,-0.10350189,-0.2511181,-0.28823784,-0.13069677,-0.6173436,-0.4531633,-0.14610787,0.45642585,0.5056914,-0.10350189,-0.2511181,-0.28823784,-0.13069677,-0.6173436,-0.4531633,-0.14610787,0.45642585,0.50546455,-0.10276171,-0.25299945,-0.28908157,-0.12965938,-0.61644244,-0.45457068,-0.14903851,0.45859784,0.37929258,-0.12017895,-0.19606215,-0.5408139,-0.26119635,-0.4479243,-0.32573855,-0.3590811,0.8431308,0.39236596,0.14768331,0.46752346,0.39236596,0.14768331,0.46752346,0.39236596,0.14768331,0.46752346,0.39236596,0.14768331,0.46752346
3.0,0.0691535,0.50546736,-0.102770716,-0.252983,-0.28907612,-0.12966585,-0.61645174,-0.45455822,-0.14901084,0.45858103,0.5056914,-0.10350189,-0.2511181,-0.28823784,-0.13069677,-0.6173436,-0.4531633,-0.14610787,0.45642585,0.5056914,-0.10350189,-0.2511181,-0.28823784,-0.13069677,-0.6173436,-0.4531633,-0.14610787,0.45642585,0.50546455,-0.10276171,-0.25299945,-0.28908157,-0.12965938,-0.61644244,-0.45457068,-0.14903851,0.45859784,0.37929258,-0.12017895,-0.19606215,-0.5408139,-0.26119635,-0.4479243,-0.32573855,-0.3590811,0.8431308,0.39236596,0.14768331,0.46752346,0.39236596,0.14768331,0.46752346,0.39236596,0.14768331,0.46752346,0.39236596,0.14768331,0.46752346
4.0,0.140095,0.50546736,-0.102770716,-0.252983,-0.28907612,-0.12966585,-0.61645174,-0.45455822,-0.14901084,0.45858103,0.5056914,-0.10350189,-0.2511181,-0.28823784,-0.13069677,-0.6173436,-0.4531633,-0.14610787,0.45642585,0.5056914,-0.10350189,-0.2511181,-0.28823784,-0.13069677,-0.6173436,-0.4531633,-0.14610787,0.45642585,0.50546455,-0.10276171,-0.25299945,-0.28908157,-0.12965938,-0.61644244,-0.45457068,-0.14903851,0.45859784,0.37929258,-0.12017895,-0.19606215,-0.5408139,-0.26119635,-0.4479243,-0.32573855,-0.3590811,0.8431308,0.39236596,0.14768331,0.46752346,0.39236596,0.14768331,0.46752346,0.39236596,0.14768331,0.46752346,0.39236596,0.14768331,0.46752346
5.0,0.268248,0.50546736,-0.102770716,-0.252983,-0.28907612,-0.12966585,-0.61645174,-0.45455822,-0.14901084,0.45858103,0.5056914,-0.10350189,-0.2511181,-0.28823784,-0.13069677,-0.6173436,-0.4531633,-0.14610787,0.45642585,0.5056914,-0.10350189,-0.2511181,-0.28823784,-0.13069677,-0.6173436,-0.4531633,-0.14610787,0.45642585,0.50546455,-0.10276171,-0.25299945,-0.28908157,-0.12965938,-0.61644244,-0.45457068,-0.14903851,0.45859784,0.37929258,-0.12017895,-0.19606215,-0.5408139,-0.26119635,-0.4479243,-0.32573855,-0.3590811,0.8431308,0.39236596,0.14768331,0.46752346,0.39236596,0.14768331,0.46752346,0.39236596,0.14768331,0.46752346,0.39236596,0.14768331,0.46752346
5.5,0.360191,0.50546736,-0.102770716,-0.252983,-0.28907612,-0.12966585,-0.61645174,-0.45455822,-0.14901084,0.45858103,0.5056914,-0.10350189,-0.2511181,-0.28823784,-0.13069677,-0.6173436,-0.4531633,-0.14610787,0.45642585,0.5056914,-0.10350189,-0.2511181,-0.28823784,-0.13069677,-0.6173436,-0.4531633,-0.14610787,0.45642585,0.50546455,-0.10276171,-0.25299945,-0.28908157,-0.12965938,-0.61644244,-0.45457068,-0.14903851,0.45859784,0.37929258,-0.12017895,-0.19606215,-0.5408139,-0.26119635,-0.4479243,-0.32573855,-0.3590811,0.8431308,0.39236596,0.14768331,0.46752346,0.39236596,0.14768331,0.46752346,0.39236596,0.14768331,0.46752346,0.39236596,0.14768331,0.46752346
2.0,0.0373583,0.5054922,-0.10285196,-0.25283495,-0.28902707,-0.12972397,-0.6165365,-0.4544461,-0.1487616,0.45843017,0.49962768,-0.08004487,-0.2684723,-0.29329354,-0.1411026,-0.61512434,-0.4528164,-0.14509156,0.434278,0.49962768,-0.08004487,-0.2684723,-0.29329354,-0.1411026,-0.61512434,-0.4528164,-0.14509156,0.434278,0.5054922,-0.10285196,-0.25283495,-0.28902707,-0.12972397,-0.6165365,-0.4544461,-0.1487616,0.45843017,-0.99485093,-0.9534733,-0.89965117,-0.69537896,-0.9956973,0.59404767,0.9997558,-0.9902596,0.78581226,0.39236596,0.14768331,0.46752346,0.39236596,0.14768331,0.46752346,0.39236596,0.14768331,0.46752346,0.39236596,0.14768331,0.46752346
3.0,0.0690846,0.5054922,-0.10285196,-0.25283495,-0.28902707,-0.12972397,-0.6165365,-0.4544461,-0.1487616,0.45843017,0.49962768,-0.08004487,-0.2684723,-0.29329354,-0.1411026,-0.61512434,-0.4528164,-0.14509156,0.434278,0.49962768,-0.08004487,-0.2684723,-0.29329354,-0.1411026,-0.61512434,-0.4528164,-0.14509156,0.434278,0.5054922,-0.10285196,-0.25283495,-0.28902707,-0.12972397,-0.6165365,-0.4544461,-0.1487616,0.45843017,-0.99485093,-0.9534733,-0.89965117,-0.69537896,-0.9956973,0.59404767,0.9997558,-0.9902596,0.78581226,0.39236596,0.14768331,0.46752346,0.39236596,0.14768331,0.46752346,0.39236596,0.14768331,0.46752346,0.39236596,0.14768331,0.46752346
4.0,0.139429,0.5054922,-0.10285196,-0.25283495,-0.28902707,-0.12972397,-0.6165365,-0.4544461,-0.1487616,0.45843017,0.49962768,-0.08004487,-0.2684723,-0.29329354,-0.1411026,-0.61512434,-0.4528164,-0.14509156,0.434278,0.49962768,-0.08004487,-0.2684723,-0.29329354,-0.1411026,-0.61512434,-0.4528164,-0.14509156,0.434278,0.5054922,-0.10285196,-0.25283495,-0.28902707,-0.12972397,-0.6165365,-0.4544461,-0.1487616,0.45843017,-0.99485093,-0.9534733,-0.89965117,-0.69537896,-0.9956973,0.59404767,0.9997558,-0.9902596,0.78581226,0.39236596,0.14768331,0.46752346,0.39236596,0.14768331,0.46752346,0.39236596,0.14768331,0.46752346,0.39236596,0.14768331,0.46752346
5.0,0.259179,0.5054922,-0.10285196,-0.25283495,-0.28902707,-0.12972397,-0.6165365,-0.4544461,-0.1487616,0.45843017,0.49962768,-0.08004487,-0.2684723,-0.29329354,-0.1411026,-0.61512434,-0.4528164,-0.14509156,0.434278,0.49962768,-0.08004487,-0.2684723,-0.29329354,-0.1411026,-0.61512434,-0.4528164,-0.14509156,0.434278,0.5054922,-0.10285196,-0.25283495,-0.28902707,-0.12972397,-0.6165365,-0.4544461,-0.1487616,0.45843017,-0.99485093,-0.9534733,-0.89965117,-0.69537896,-0.9956973,0.59404767,0.9997558,-0.9902596,0.78581226,0.39236596,0.14768331,0.46752346,0.39236596,0.14768331,0.46752346,0.39236596,0.14768331,0.46752346,0.39236596,0.14768331,0.46752346
5.5,0.342097,0.5054922,-0.10285196,-0.25283495,-0.28902707,-0.12972397,-0.6165365,-0.4544461,-0.1487616,0.45843017,0.49962768,-0.08004487,-0.2684723,-0.29329354,-0.1411026,-0.61512434,-0.4528164,-0.14509156,0.434278,0.49962768,-0.08004487,-0.2684723,-0.29329354,-0.1411026,-0.61512434,-0.4528164,-0.14509156,0.434278,0.5054922,-0.10285196,-0.25283495,-0.28902707,-0.12972397,-0.6165365,-0.4544461,-0.1487616,0.45843017,-0.99485093,-0.9534733,-0.89965117,-0.69537896,-0.9956973,0.59404767,0.9997558,-0.9902596,0.78581226,0.39236596,0.14768331,0.46752346,0.39236596,0.14768331,0.46752346,0.39236596,0.14768331,0.46752346,0.39236596,0.14768331,0.46752346
2.0,0.0373583,0.5054922,-0.10285196,-0.25283495,-0.28902707,-0.12972397,-0.6165365,-0.4544461,-0.1487616,0.45843017,0.49962768,-0.08004487,-0.2684723,-0.29329354,-0.1411026,-0.61512434,-0.4528164,-0.14509156,0.434278,0.49962768,-0.08004487,-0.2684723,-0.29329354,-0.1411026,-0.61512434,-0.4528164,-0.14509156,0.434278,0.5054922,-0.10285196,-0.25283495,-0.28902707,-0.12972397,-0.6165365,-0.4544461,-0.1487616,0.45843017,-0.99485093,-0.9534733,-0.89965117,-0.69537896,-0.9956973,0.59404767,0.9997558,-0.9902596,0.78581226,0.39236596,0.14768331,0.46752346,0.39236596,0.14768331,0.46752346,0.39236596,0.14768331,0.46752346,0.39236596,0.14768331,0.46752346
3.0,0.0690846,0.5054922,-0.10285196,-0.25283495,-0.28902707,-0.12972397,-0.6165365,-0.4544461,-0.1487616,0.45843017,0.49962768,-0.08004487,-0.2684723,-0.29329354,-0.1411026,-0.61512434,-0.4528164,-0.14509156,0.434278,0.49962768,-0.08004487,-0.2684723,-0.29329354,-0.1411026,-0.61512434,-0.4528164,-0.14509156,0.434278,0.5054922,-0.10285196,-0.25283495,-0.28902707,-0.12972397,-0.6165365,-0.4544461,-0.1487616,0.45843017,-0.99485093,-0.9534733,-0.89965117,-0.69537896,-0.9956973,0.59404767,0.9997558,-0.9902596,0.78581226,0.39236596,0.14768331,0.46752346,0.39236596,0.14768331,0.46752346,0.39236596,0.14768331,0.46752346,0.39236596,0.14768331,0.46752346
4.0,0.139429,0.5054922,-0.10285196,-0.25283495,-0.28902707,-0.12972397,-0.6165365,-0.4544461,-0.1487616,0.45843017,0.49962768,-0.08004487,-0.2684723,-0.29329354,-0.1411026,-0.61512434,-0.4528164,-0.14509156,0.434278,0.49962768,-0.08004487,-0.2684723,-0.29329354,-0.1411026,-0.61512434,-0.4528164,-0.14509156,0.434278,0.5054922,-0.10285196,-0.25283495,-0.28902707,-0.12972397,-0.6165365,-0.4544461,-0.1487616,0.45843017,-0.99485093,-0.9534733,-0.89965117,-0.69537896,-0.9956973,0.59404767,0.9997558,-0.9902596,0.78581226,0.39236596,0.14768331,0.46752346,0.39236596,0.14768331,0.46752346,0.39236596,0.14768331,0.46752346,0.39236596,0.14768331,0.46752346
5.0,0.259179,0.5054922,-0.10285196,-0.25283495,-0.28902707,-0.12972397,-0.6165365,-0.4544461,-0.1487616,0.45843017,0.49962768,-0.08004487,-0.2684723,-0.29329354,-0.1411026,-0.61512434,-0.4528164,-0.14509156,0.434278,0.49962768,-0.08004487,-0.2684723,-0.29329354,-0.1411026,-0.61512434,-0.4528164,-0.14509156,0.434278,0.5054922,-0.10285196,-0.25283495,-0.28902707,-0.12972397,-0.6165365,-0.4544461,-0.1487616,0.45843017,-0.99485093,-0.9534733,-0.89965117,-0.69537896,-0.9956973,0.59404767,0.9997558,-0.9902596,0.78581226,0.39236596,0.14768331,0.46752346,0.39236596,0.14768331,0.46752346,0.39236596,0.14768331,0.46752346,0.39236596,0.14768331,0.46752346
5.5,0.342097,0.5054922,-0.10285196,-0.25283495,-0.28902707,-0.12972397,-0.6165365,-0.4544461,-0.1487616,0.45843017,0.49962768,-0.08004487,-0.2684723,-0.29329354,-0.1411026,-0.61512434,-0.4528164,-0.14509156,0.434278,0.49962768,-0.08004487,-0.2684723,-0.29329354,-0.1411026,-0.61512434,-0.4528164,-0.14509156,0.434278,0.5054922,-0.10285196,-0.25283495,-0.28902707,-0.12972397,-0.6165365,-0.4544461,-0.1487616,0.45843017,-0.99485093,-0.9534733,-0.89965117,-0.69537896,-0.9956973,0.59404767,0.9997558,-0.9902596,0.78581226,0.39236596,0.14768331,0.46752346,0.39236596,0.14768331,0.46752346,0.39236596,0.14768331,0.46752346,0.39236596,0.14768331,0.46752346
2.0,0.0373583,0.5054922,-0.10285196,-0.25283495,-0.28902707,-0.12972397,-0.6165365,-0.4544461,-0.1487616,0.45843017,0.49962768,-0.08004487,-0.2684723,-0.29329354,-0.1411026,-0.61512434,-0.4528164,-0.14509156,0.434278,0.49962768,-0.08004487,-0.2684723,-0.29329354,-0.1411026,-0.61512434,-0.4528164,-0.14509156,0.434278,0.5054922,-0.10285196,-0.25283495,-0.28902707,-0.12972397,-0.6165365,-0.4544461,-0.1487616,0.45843017,-0.99485093,-0.9534733,-0.89965117,-0.69537896,-0.9956973,0.59404767,0.9997558,-0.9902596,0.78581226,0.39236596,0.14768331,0.46752346,0.39236596,0.14768331,0.46752346,0.39236596,0.14768331,0.46752346,0.39236596,0.14768331,0.46752346
3.0,0.0690846,0.5054922,-0.10285196,-0.25283495,-0.28902707,-0.12972397,-0.6165365,-0.4544461,-0.1487616,0.45843017,0.49962768,-0.08004487,-0.2684723,-0.29329354,-0.1411026,-0.61512434,-0.4528164,-0.14509156,0.434278,0.49962768,-0.08004487,-0.2684723,-0.29329354,-0.1411026,-0.61512434,-0.4528164,-0.14509156,0.434278,0.5054922,-0.10285196,-0.25283495,-0.28902707,-0.12972397,-0.6165365,-0.4544461,-0.1487616,0.45843017,-0.99485093,-0.9534733,-0.89965117,-0.69537896,-0.9956973,0.59404767,0.9997558,-0.9902596,0.78581226,0.39236596,0.14768331,0.46752346,0.39236596,0.14768331,0.46752346,0.39236596,0.14768331,0.46752346,0.39236596,0.14768331,0.46752346
4.0,0.139429,0.5054922,-0.10285196,-0.25283495,-0.28902707,-0.12972397,-0.6165365,-0.4544461,-0.1487616,0.45843017,0.49962768,-0.08004487,-0.2684723,-0.29329354,-0.1411026,-0.61512434,-0.4528164,-0.14509156,0.434278,0.49962768,-0.08004487,-0.2684723,-0.29329354,-0.1411026,-0.61512434,-0.4528164,-0.14509156,0.434278,0.5054922,-0.10285196,-0.25283495,-0.28902707,-0.12972397,-0.6165365,-0.4544461,-0.1487616,0.45843017,-0.99485093,-0.9534733,-0.89965117,-0.69537896,-0.9956973,0.59404767,0.9997558,-0.9902596,0.78581226,0.39236596,0.14768331,0.46752346,0.39236596,0.14768331,0.46752346,0.39236596,0.14768331,0.46752346,0.39236596,0.14768331,0.46752346
5.0,0.259179,0.5054922,-0.10285196,-0.25283495,-0.28902707,-0.12972397,-0.6165365,-0.4544461,-0.1487616,0.45843017,0.49962768,-0.08004487,-0.2684723,-0.29329354,-0.1411026,-0.61512434,-0.4528164,-0.14509156,0.434278,0.49962768,-0.08004487,-0.2684723,-0.29329354,-0.1411026,-0.61512434,-0.4528164,-0.14509156,0.434278,0.5054922,-0.10285196,-0.25283495,-0.28902707,-0.12972397,-0.6165365,-0.4544461,-0.1487616,0.45843017,-0.99485093,-0.9534733,-0.89965117,-0.69537896,-0.9956973,0.59404767,0.9997558,-0.9902596,0.78581226,0.39236596,0.14768331,0.46752346,0.39236596,0.14768331,0.46752346,0.39236596,0.14768331,0.46752346,0.39236596,0.14768331,0.46752346
5.5,0.342097,0.5054922,-0.10285196,-0.25283495,-0.28902707,-0.12972397,-0.6165365,-0.4544461,-0.1487616,0.45843017,0.49962768,-0.08004487,-0.2684723,-0.29329354,-0.1411026,-0.61512434,-0.4528164,-0.14509156,0.434278,0.49962768,-0.08004487,-0.2684723,-0.29329354,-0.1411026,-0.61512434,-0.4528164,-0.14509156,0.434278,0.5054922,-0.10285196,-0.25283495,-0.28902707,-0.12972397,-0.6165365,-0.4544461,-0.1487616,0.45843017,-0.99485093,-0.9534733,-0.89965117,-0.69537896,-0.9956973,0.59404767,0.9997558,-0.9902596,0.78581226,0.39236596,0.14768331,0.46752346,0.39236596,0.14768331,0.46752346,0.39236596,0.14768331,0.46752346,0.39236596,0.14768331,0.46752346
2.0,0.0373583,0.5054922,-0.10285196,-0.25283495,-0.28902707,-0.12972397,-0.6165365,-0.4544461,-0.1487616,0.45843017,0.49962768,-0.08004487,-0.2684723,-0.29329354,-0.1411026,-0.61512434,-0.4528164,-0.14509156,0.434278,0.49962768,-0.08004487,-0.2684723,-0.29329354,-0.1411026,-0.61512434,-0.4528164,-0.14509156,0.434278,0.5054922,-0.10285196,-0.25283495,-0.28902707,-0.12972397,-0.6165365,-0.4544461,-0.1487616,0.45843017,-0.99485093,-0.9534733,-0.89965117,-0.69537896,-0.9956973,0.59404767,0.9997558,-0.9902596,0.78581226,0.39236596,0.14768331,0.46752346,0.39236596,0.14768331,0.46752346,0.39236596,0.14768331,0.46752346,0.39236596,0.14768331,0.46752346
3.0,0.0690846,0.5054922,-0.10285196,-0.25283495,-0.28902707,-0.12972397,-0.6165365,-0.4544461,-0.1487616,0.45843017,0.49962768,-0.08004487,-0.2684723,-0.29329354,-0.1411026,-0.61512434,-0.4528164,-0.14509156,0.434278,0.49962768,-0.08004487,-0.2684723,-0.29329354,-0.1411026,-0.61512434,-0.4528164,-0.14509156,0.434278,0.5054922,-0.10285196,-0.25283495,-0.28902707,-0.12972397,-0.6165365,-0.4544461,-0.1487616,0.45843017,-0.99485093,-0.9534733,-0.89965117,-0.69537896,-0.9956973,0.59404767,0.9997558,-0.9902596,0.78581226,0.39236596,0.14768331,0.46752346,0.39236596,0.14768331,0.46752346,0.39236596,0.14768331,0.46752346,0.39236596,0.14768331,0.46752346
4.0,0.139429,0.5054922,-0.10285196,-0.25283495,-0.28902707,-0.12972397,-0.6165365,-0.4544461,-0.1487616,0.45843017,0.49962768,-0.08004487,-0.2684723,-0.29329354,-0.1411026,-0.61512434,-0.4528164,-0.14509156,0.434278,0.49962768,-0.08004487,-0.2684723,-0.29329354,-0.1411026,-0.61512434,-0.4528164,-0.14509156,0.434278,0.5054922,-0.10285196,-0.25283495,-0.28902707,-0.12972397,-0.6165365,-0.4544461,-0.1487616,0.45843017,-0.99485093,-0.9534733,-0.89965117,-0.69537896,-0.9956973,0.59404767,0.9997558,-0.9902596,0.78581226,0.39236596,0.14768331,0.46752346,0.39236596,0.14768331,0.46752346,0.39236596,0.14768331,0.46752346,0.39236596,0.14768331,0.46752346
5.0,0.259179,0.5054922,-0.10285196,-0.25283495,-0.28902707,-0.12972397,-0.6165365,-0.4544461,-0.1487616,0.45843017,0.49962768,-0.08004487,-0.2684723,-0.29329354,-0.1411026,-0.61512434,-0.4528164,-0.14509156,0.434278,0.49962768,-0.08004487,-0.2684723,-0.29329354,-0.1411026,-0.61512434,-0.4528164,-0.14509156,0.434278,0.5054922,-0.10285196,-0.25283495,-0.28902707,-0.12972397,-0.6165365,-0.4544461,-0.1487616,0.45843017,-0.99485093,-0.9534733,-0.89965117,-0.69537896,-0.9956973,0.59404767,0.9997558,-0.9902596,0.78581226,0.39236596,0.14768331,0.46752346,0.39236596,0.14768331,0.46752346,0.39236596,0.14768331,0.46752346,0.39236596,0.14768331,0.46752346
5.5,0.342097,0.5054922,-0.10285196,-0.25283495,-0.28902707,-0.12972397,-0.6165365,-0.4544461,-0.1487616,0.45843017,0.49962768,-0.08004487,-0.2684723,-0.29329354,-0.1411026,-0.61512434,-0.4528164,-0.14509156,0.434278,0.49962768,-0.08004487,-0.2684723,-0.29329354,-0.1411026,-0.61512434,-0.4528164,-0.14509156,0.434278,0.5054922,-0.10285196,-0.25283495,-0.28902707,-0.12972397,-0.6165365,-0.4544461,-0.1487616,0.45843017,-0.99485093,-0.9534733,-0.89965117,-0.69537896,-0.9956973,0.59404767,0.9997558,-0.9902596,0.78581226,0.39236596,0.14768331,0.46752346,0.39236596,0.14768331,0.46752346,0.39236596,0.14768331,0.46752346,0.39236596,0.14768331,0.46752346
2.0,0.0373583,0.5054922,-0.10285196,-0.25283495,-0.28902707,-0.12972397,-0.6165365,-0.4544461,-0.1487616,0.45843017,0.49962768,-0.08004487,-0.2684723,-0.29329354,-0.1411026,-0.61512434,-0.4528164,-0.14509156,0.434278,0.49962768,-0.08004487,-0.2684723,-0.29329354,-0.1411026,-0.61512434,-0.4528164,-0.14509156,0.434278,0.5054922,-0.10285196,-0.25283495,-0.28902707,-0.12972397,-0.6165365,-0.4544461,-0.1487616,0.45843017,-0.99485093,-0.9534733,-0.89965117,-0.69537896,-0.9956973,0.59404767,0.9997558,-0.9902596,0.78581226,0.39236596,0.14768331,0.46752346,0.39236596,0.14768331,0.46752346,0.39236596,0.14768331,0.46752346,0.39236596,0.14768331,0.46752346
3.0,0.0690846,0.5054922,-0.10285196,-0.25283495,-0.28902707,-0.12972397,-0.6165365,-0.4544461,-0.1487616,0.45843017,0.49962768,-0.08004487,-0.2684723,-0.29329354,-0.1411026,-0.61512434,-0.4528164,-0.14509156,0.434278,0.49962768,-0.08004487,-0.2684723,-0.29329354,-0.1411026,-0.61512434,-0.4528164,-0.14509156,0.434278,0.5054922,-0.10285196,-0.25283495,-0.28902707,-0.12972397,-0.6165365,-0.4544461,-0.1487616,0.45843017,-0.99485093,-0.9534733,-0.89965117,-0.69537896,-0.9956973,0.59404767,0.9997558,-0.9902596,0.78581226,0.39236596,0.14768331,0.46752346,0.39236596,0.14768331,0.46752346,0.39236596,0.14768331,0.46752346,0.39236596,0.14768331,0.46752346
4.0,0.139429,0.5054922,-0.10285196,-0.25283495,-0.28902707,-0.12972397,-0.6165365,-0.4544461,-0.1487616,0.45843017,0.49962768,-0.08004487,-0.2684723,-0.29329354,-0.1411026,-0.61512434,-0.4528164,-0.14509156,0.434278,0.49962768,-0.08004487,-0.2684723,-0.29329354,-0.1411026,-0.61512434,-0.4528164,-0.14509156,0.434278,0.5054922,-0.10285196,-0.25283495,-0.28902707,-0.12972397,-0.6165365,-0.4544461,-0.1487616,0.45843017,-0.99485093,-0.9534733,-0.89965117,-0.69537896,-0.9956973,0.59404767,0.9997558,-0.9902596,0.78581226,0.39236596,0.14768331,0.46752346,0.39236596,0.14768331,0.46752346,0.39236596,0.14768331,0.46752346,0.39236596,0.14768331,0.46752346
5.0,0.259179,0.5054922,-0.10285196,-0.25283495,-0.28902707,-0.12972397,-0.6165365,-0.4544461,-0.1487616,0.45843017,0.49962768,-0.08004487,-0.2684723,-0.29329354,-0.1411026,-0.61512434,-0.4528164,-0.14509156,0.434278,0.49962768,-0.08004487,-0.2684723,-0.29329354,-0.1411026,-0.61512434,-0.4528164,-0.14509156,0.434278,0.5054922,-0.10285196,-0.25283495,-0.28902707,-0.12972397,-0.6165365,-0.4544461,-0.1487616,0.45843017,-0.99485093,-0.9534733,-0.89965117,-0.69537896,-0.9956973,0.59404767,0.9997558,-0.9902596,0.78581226,0.39236596,0.14768331,0.46752346,0.39236596,0.14768331,0.46752346,0.39236596,0.14768331,0.46752346,0.39236596,0.14768331,0.46752346
5.5,0.342097,0.5054922,-0.10285196,-0.25283495,-0.28902707,-0.12972397,-0.6165365,-0.4544461,-0.1487616,0.45843017,0.49962768,-0.08004487,-0.2684723,-0.29329354,-0.1411026,-0.61512434,-0.4528164,-0.14509156,0.434278,0.49962768,-0.08004487,-0.2684723,-0.29329354,-0.1411026,-0.61512434,-0.4528164,-0.14509156,0.434278,0.5054922,-0.10285196,-0.25283495,-0.28902707,-0.12972397,-0.6165365,-0.4544461,-0.1487616,0.45843017,-0.99485093,-0.9534733,-0.89965117,-0.69537896,-0.9956973,0.59404767,0.9997558,-0.9902596,0.78581226,0.39236596,0.14768331,0.46752346,0.39236596,0.14768331,0.46752346,0.39236596,0.14768331,0.46752346,0.39236596,0.14768331,0.46752346
2.0,0.0351372,0.5054922,-0.10285196,-0.25283495,-0.28902707,-0.12972397,-0.6165365,-0.4544461,-0.1487616,0.45843017,0.50546455,-0.10276171,-0.25299945,-0.28908157,-0.12965938,-0.61644244,-0.45457068,-0.14903851,0.45859784,0.5083248,-0.10332047,-0.23639053,-0.27668452,-0.14917316,-0.6251193,-0.43329516,-0.1099979,0.41513953,0.5054922,-0.10285196,-0.25283495,-0.28902707,-0.12972397,-0.6165365,-0.4544461,-0.1487616,0.45843017,-0.9794291,0.92227924,0.26396692,-0.98307836,-0.9497905,-0.013720664,0.999629,-0.2666748,0.9963185,0.39236596,0.14768331,0.46752346,0.39236596,0.14768331,0.46752346,0.39236596,0.14768331,0.46752346,0.39236596,0.14768331,0.46752346
3.0,0.0681771,0.5054922,-0.10285196,-0.25283495,-0.28902707,-0.12972397,-0.6165365,-0.4544461,-0.1487616,0.45843017,0.50546455,-0.10276171,-0.25299945,-0.28908157,-0.12965938,-0.61644244,-0.45457068,-0.14903851,0.45859784,0.5083248,-0.10332047,-0.23639053,-0.27668452,-0.14917316,-0.6251193,-0.43329516,-0.1099979,0.41513953,0.5054922,-0.10285196,-0.25283495,-0.28902707,-0.12972397,-0.6165365,-0.4544461,-0.1487616,0.45843017,-0.9794291,0.92227924,0.26396692,-0.98307836,-0.9497905,-0.013720664,0.999629,-0.2666748,0.9963185,0.39236596,0.14768331,0.46752346,0.39236596,0.14768331,0.46752346,0.39236596,0.14768331,0.46752346,0.39236596,0.14768331,0.46752346
4.0,0.140982,0.5054922,-0.10285196,-0.25283495,-0.28902707,-0.12972397,-0.6165365,-0.4544461,-0.1487616,0.45843017,0.50546455,-0.10276171,-0.25299945,-0.28908157,-0.12965938,-0.61644244,-0.45457068,-0.14903851,0.45859784,0.5083248,-0.10332047,-0.23639053,-0.27668452,-0.14917316,-0.6251193,-0.43329516,-0.1099979,0.41513953,0.5054922,-0.10285196,-0.25283495,-0.28902707,-0.12972397,-0.6165365,-0.4544461,-0.1487616,0.45843017,-0.9794291,0.92227924,0.26396692,-0.98307836,-0.9497905,-0.013720664,0.999629,-0.2666748,0.9963185,0.39236596,0.14768331,0.46752346,0.39236596,0.14768331,0.46752346,0.39236596,0.14768331,0.46752346,0.39236596,0.14768331,0.46752346
5.0,0.270982,0.5054922,-0.10285196,-0.25283495,-0.28902707,-0.12972397,-0.6165365,-0.4544461,-0.1487616,0.45843017,0.50546455,-0.10276171,-0.25299945,-0.28908157,-0.12965938,-0.61644244,-0.45457068,-0.14903851,0.45859784,0.5083248,-0.10332047,-0.23639053,-0.27668452,-0.14917316,-0.6251193,-0.43329516,-0.1099979,0.41513953,0.5054922,-0.10285196,-0.25283495,-0.28902707,-0.12972397,-0.6165365,-0.4544461,-0.1487616,0.45843017,-0.9794291,0.92227924,0.26396692,-0.98307836,-0.9497905,-0.013720664,0.999629,-0.2666748,0.9963185,0.39236596,0.14768331,0.46752346,0.39236596,0.14768331,0.46752346,0.39236596,0.14768331,0.46752346,0.39236596,0.14768331,0.46752346
5.5,0.362164,0.5054922,-0.10285196,-0.25283495,-0.28902707,-0.12972397,-0.6165365,-0.4544461,-0.1487616,0.45843017,0.50546455,-0.10276171,-0.25299945,-0.28908157,-0.12965938,-0.61644244,-0.45457068,-0.14903851,0.45859784,0.5083248,-0.10332047,-0.23639053,-0.27668452,-0.14917316,-0.6251193,-0.43329516,-0.1099979,0.41513953,0.5054922,-0.10285196,-0.25283495,-0.28902707,-0.12972397,-0.6165365,-0.4544461,-0.1487616,0.45843017,-0.9794291,0.92227924,0.26396692,-0.98307836,-0.9497905,-0.013720664,0.999629,-0.2666748,0.9963185,0.39236596,0.14768331,0.46752346,0.39236596,0.14768331,0.46752346,0.39236596,0.14768331,0.46752346,0.39236596,0.14768331,0.46752346
2.0,0.0374822,0.5054922,-0.10285196,-0.25283495,-0.28902707,-0.12972397,-0.6165365,-0.4544461,-0.1487616,0.45843017,0.5083248,-0.10332047,-0.23639053,-0.27668452,-0.14917316,-0.6251193,-0.43329516,-0.1099979,0.41513953,0.5083248,-0.10332047,-0.23639053,-0.27668452,-0.14917316,-0.6251193,-0.43329516,-0.1099979,0.41513953,0.5054922,-0.10285196,-0.25283495,-0.28902707,-0.12972397,-0.6165365,-0.4544461,-0.1487616,0.45843017,-0.99522185,-0.9972503,0.9670265,-0.99703693,-0.48844504,-0.7030035,0.9354434,-0.97020036,-0.99048346,0.39236596,0.14768331,0.46752346,0.39236596,0.14768331,0.46752346,0.39236596,0.14768331,0.46752346,0.39236596,0.14768331,0.46752346
3.0,0.0705997,0.5054922,-0.10285196,-0.25283495,-0.28902707,-0.12972397,-0.6165365,-0.4544461,-0.1487616,0.45843017,0.5083248,-0.10332047,-0.23639053,-0.27668452,-0.14917316,-0.6251193,-0.43329516,-0.1099979,0.41513953,0.5083248,-0.10332047,-0.23639053,-0.27668452,-0.14917316,-0.6251193,-0.43329516,-0.1099979,0.41513953,0.5054922,-0.10285196,-0.25283495,-0.28902707,-0.12972397,-0.6165365,-0.4544461,-0.1487616,0.45843017,-0.99522185,-0.9972503,0.9670265,-0.99703693,-0.48844504,-0.7030035,0.9354434,-0.97020036,-0.99048346,0.39236596,0.14768331,0.46752346,0.39236596,0.14768331,0.46752346,0.39236596,0.14768331,0.46752346,0.39236596,0.14768331,0.46752346
4.0,0.142708,0.5054922,-0.10285196,-0.25283495,-0.28902707,-0.12972397,-0.6165365,-0.4544461,-0.1487616,0.45843017,0.5083248,-0.10332047,-0.23639053,-0.27668452,-0.14917316,-0.6251193,-0.43329516,-0.1099979,0.41513953,0.5083248,-0.10332047,-0.23639053,-0.27668452,-0.14917316,-0.6251193,-0.43329516,-0.1099979,0.41513953,0.5054922,-0.10285196,-0.25283495,-0.28902707,-0.12972397,-0.6165365,-0.4544461,-0.1487616,0.45843017,-0.99522185,-0.9972503,0.9670265,-0.99703693,-0.48844504,-0.7030035,0.9354434,-0.97020036,-0.99048346,0.39236596,0.14768331,0.46752346,0.39236596,0.14768331,0.46752346,0.39236596,0.14768331,0.46752346,0.39236596,0.14768331,0.46752346
5.0,0.253716,0.5054922,-0.10285196,-0.25283495,-0.28902707,-0.12972397,-0.6165365,-0.4544461,-0.1487616,0.45843017,0.5083248,-0.10332047,-0.23639053,-0.27668452,-0.14917316,-0.6251193,-0.43329516,-0.1099979,0.41513953,0.5083248,-0.10332047,-0.23639053,-0.27668452,-0.14917316,-0.6251193,-0.43329516,-0.1099979,0.41513953,0.5054922,-0.10285196,-0.25283495,-0.28902707,-0.12972397,-0.6165365,-0.4544461,-0.1487616,0.45843017,-0.99522185,-0.9972503,0.9670265,-0.99703693,-0.48844504,-0.7030035,0.9354434,-0.97020036,-0.99048346,0.39236596,0.14768331,0.46752346,0.39236596,0.14768331,0.46752346,0.39236596,0.14768331,0.46752346,0.39236596,0.14768331,0.46752346
5.5,0.351102,0.5054922,-0.10285196,-0.25283495,-0.28902707,-0.12972397,-0.6165365,-0.4544461,-0.1487616,0.45843017,0.5083248,-0.10332047,-0.23639053,-0.27668452,-0.14917316,-0.6251193,-0.43329516,-0.1099979,0.41513953,0.5083248,-0.10332047,-0.23639053,-0.27668452,-0.14917316,-0.6251193,-0.43329516,-0.1099979,0.41513953,0.5054922,-0.10285196,-0.25283495,-0.28902707,-0.12972397,-0.6165365,-0.4544461,-0.1487616,0.45843017,-0.99522185,-0.9972503,0.9670265,-0.99703693,-0.48844504,-0.7030035,0.9354434,-0.97020036,-0.99048346,0.39236596,0.14768331,0.46752346,0.39236596,0.14768331,0.46752346,0.39236596,0.14768331,0.46752346,0.39236596,0.14768331,0.46752346
2.0,0.0370396,0.50546736,-0.102770716,-0.252983,-0.28907612,-0.12966585,-0.61645174,-0.45455822,-0.14901084,0.45858103,0.5083248,-0.10332047,-0.23639053,-0.27668452,-0.14917316,-0.6251193,-0.43329516,-0.1099979,0.41513953,0.5083248,-0.10332047,-0.23639053,-0.27668452,-0.14917316,-0.6251193,-0.43329516,-0.1099979,0.41513953,0.50546736,-0.102770716,-0.252983,-0.28907612,-0.12966585,-0.61645174,-0.45455822,-0.14901084,0.45858103,0.98088723,0.8563866,0.8346527,-0.6497716,0.2431757,-0.84684104,0.8918132,0.8609566,0.8108672,0.39236596,0.14768331,0.46752346,0.39236596,0.14768331,0.46752346,0.39236596,0.14768331,0.46752346,0.39236596,0.14768331,0.46752346
3.0,0.0697465,0.50546736,-0.102770716,-0.252983,-0.28907612,-0.12966585,-0.61645174,-0.45455822,-0.14901084,0.45858103,0.5083248,-0.10332047,-0.23639053,-0.27668452,-0.14917316,-0.6251193,-0.43329516,-0.1099979,0.41513953,0.5083248,-0.10332047,-0.23639053,-0.27668452,-0.14917316,-0.6251193,-0.43329516,-0.1099979,0.41513953,0.50546736,-0.102770716,-0.252983,-0.28907612,-0.12966585,-0.61645174,-0.45455822,-0.14901084,0.45858103,0.98088723,0.8563866,0.8346527,-0.6497716,0.2431757,-0.84684104,0.8918132,0.8609566,0.8108672,0.39236596,0.14768331,0.46752346,0.39236596,0.14768331,0.46752346,0.39236596,0.14768331,0.46752346,0.39236596,0.14768331,0.46752346
4.0,0.138299,0.50546736,-0.102770716,-0.252983,-0.28907612,-0.12966585,-0.61645174,-0.45455822,-0.14901084,0.45858103,0.5083248,-0.10332047,-0.23639053,-0.27668452,-0.14917316,-0.6251193,-0.43329516,-0.1099979,0.41513953,0.5083248,-0.10332047,-0.23639053,-0.27668452,-0.14917316,-0.6251193,-0.43329516,-0.1099979,0.41513953,0.50546736,-0.102770716,-0.252983,-0.28907612,-0.12966585,-0.61645174,-0.45455822,-0.14901084,0.45858103,0.98088723,0.8563866,0.8346527,-0.6497716,0.2431757,-0.84684104,0.8918132,0.8609566,0.8108672,0.39236596,0.14768331,0.46752346,0.39236596,0.14768331,0.46752346,0.39236596,0.14768331,0.46752346,0.39236596,0.14768331,0.46752346
5.0,0.253513,0.50546736,-0.102770716,-0.252983,-0.28907612,-0.12966585,-0.61645174,-0.45455822,-0.14901084,0.45858103,0.5083248,-0.10332047,-0.23639053,-0.27668452,-0.14917316,-0.6251193,-0.43329516,-0.1099979,0.41513953,0.5083248,-0.10332047,-0.23639053,-0.27668452,-0.14917316,-0.6251193,-0.43329516,-0.1099979,0.41513953,0.50546736,-0.102770716,-0.252983,-0.28907612,-0.12966585,-0.61645174,-0.45455822,-0.14901084,0.45858103,0.98088723,0.8563866,0.8346527,-0.6497716,0.2431757,-0.84684104,0.8918132,0.8609566,0.8108672,0.39236596,0.14768331,0.46752346,0.39236596,0.14768331,0.46752346,0.39236596,0.14768331,0.46752346,0.39236596,0.14768331,0.46752346
5.5,0.318122,0.50546736,-0.102770716,-0.252983,-0.28907612,-0.12966585,-0.61645174,-0.45455822,-0.14901084,0.45858103,0.5083248,-0.10332047,-0.23639053,-0.27668452,-0.14917316,-0.6251193,-0.43329516,-0.1099979,0.41513953,0.5083248,-0.10332047,-0.23639053,-0.27668452,-0.14917316,-0.6251193,-0.43329516,-0.1099979,0.41513953,0.50546736,-0.102770716,-0.252983,-0.28907612,-0.12966585,-0.61645174,-0.45455822,-0.14901084,0.45858103,0.98088723,0.8563866,0.8346527,-0.6497716,0.2431757,-0.84684104,0.8918132,0.8609566,0.8108672,0.39236596,0.14768331,0.46752346,0.39236596,0.14768331,0.46752346,0.39236596,0.14768331,0.46752346,0.39236596,0.14768331,0.46752346
2.0,0.0373808,0.50546485,-0.102762595,-0.25299782,-0.2890812,-0.12966008,-0.6164433,-0.4545695,-0.14903574,0.4585961,0.5083248,-0.10332047,-0.23639053,-0.27668452,-0.14917316,-0.6251193,-0.43329516,-0.1099979,0.41513953,0.5083248,-0.10332047,-0.23639053,-0.27668452,-0.14917316,-0.6251193,-0.43329516,-0.1099979,0.41513953,0.50546485,-0.102762595,-0.25299782,-0.2890812,-0.12966008,-0.6164433,-0.4545695,-0.14903574,0.4585961,0.98458576,0.8174108,0.82100546,-0.5467082,0.22406353,-0.71512663,0.8789012,0.84491974,0.87071973,0.39236596,0.14768331,0.46752346,0.39236596,0.14768331,0.46752346,0.39236596,0.14768331,0.46752346,0.39236596,0.14768331,0.46752346
3.0,0.0701022,0.50546485,-0.102762595,-0.25299782,-0.2890812,-0.12966008,-0.6164433,-0.4545695,-0.14903574,0.4585961,0.5083248,-0.10332047,-0.23639053,-0.27668452,-0.14917316,-0.6251193,-0.43329516,-0.1099979,0.41513953,0.5083248,-0.10332047,-0.23639053,-0.27668452,-0.14917316,-0.6251193,-0.43329516,-0.1099979,0.41513953,0.50546485,-0.102762595,-0.25299782,-0.2890812,-0.12966008,-0.6164433,-0.4545695,-0.14903574,0.4585961,0.98458576,0.8174108,0.82100546,-0.5467082,0.22406353,-0.71512663,0.8789012,0.84491974,0.87071973,0.39236596,0.14768331,0.46752346,0.39236596,0.14768331,0.46752346,0.39236596,0.14768331,0.46752346,0.39236596,0.14768331,0.46752346
4.0,0.146484,0.50546485,-0.102762595,-0.25299782,-0.2890812,-0.12966008,-0.6164433,-0.4545695,-0.14903574,0.4585961,0.5083248,-0.10332047,-0.23639053,-0.27668452,-0.14917316,-0.6251193,-0.43329516,-0.1099979,0.41513953,0.5083248,-0.10332047,-0.23639053,-0.27668452,-0.14917316,-0.6251193,-0.43329516,-0.1099979,0.41513953,0.50546485,-0.102762595,-0.25299782,-0.2890812,-0.12966008,-0.6164433,-0.4545695,-0.14903574,0.4585961,0.98458576,0.8174108,0.82100546,-0.5467082,0.22406353,-0.71512663,0.8789012,0.84491974,0.87071973,0.39236596,0.14768331,0.46752346,0.39236596,0.14768331,0.46752346,0.39236596,0.14768331,0.46752346,0.39236596,0.14768331,0.46752346
5.0,0.272844,0.50546485,-0.102762595,-0.25299782,-0.2890812,-0.12966008,-0.6164433,-0.4545695,-0.14903574,0.4585961,0.5083248,-0.10332047,-0.23639053,-0.27668452,-0.14917316,-0.6251193,-0.43329516,-0.1099979,0.41513953,0.5083248,-0.10332047,-0.23639053,-0.27668452,-0.14917316,-0.6251193,-0.43329516,-0.1099979,0.41513953,0.50546485,-0.102762595,-0.25299782,-0.2890812,-0.12966008,-0.6164433,-0.4545695,-0.14903574,0.4585961,0.98458576,0.8174108,0.82100546,-0.5467082,0.22406353,-0.71512663,0.8789012,0.84491974,0.87071973,0.39236596,0.14768331,0.46752346,0.39236596,0.14768331,0.46752346,0.39236596,0.14768331,0.46752346,0.39236596,0.14768331,0.46752346
5.5,0.360086,0.50546485,-0.102762595,-0.25299782,-0.2890812,-0.12966008,-0.6164433,-0.4545695,-0.14903574,0.4585961,0.5083248,-0.10332047,-0.23639053,-0.27668452,-0.14917316,-0.6251193,-0.43329516,-0.1099979,0.41513953,0.5083248,-0.10332047,-0.23639053,-0.27668452,-0.14917316,-0.6251193,-0.43329516,-0.1099979,0.41513953,0.50546485,-0.102762595,-0.25299782,-0.2890812,-0.12966008,-0.6164433,-0.4545695,-0.14903574,0.4585961,0.98458576,0.8174108,0.82100546,-0.5467082,0.22406353,-0.71512663,0.8789012,0.84491974,0.87071973,0.39236596,0.14768331,0.46752346,0.39236596,0.14768331,0.46752346,0.39236596,0.14768331,0.46752346,0.39236596,0.14768331,0.46752346
2.0,0.0368661,0.5054922,-0.10285196,-0.25283495,-0.28902707,-0.12972397,-0.6165365,-0.4544461,-0.1487616,0.45843017,0.52573913,-0.067274235,-0.08532694,-0.15651877,-0.36126548,-0.6840855,-0.19531004,0.26819196,-0.11203807,0.52573913,-0.067274235,-0.08532694,-0.15651877,-0.36126548,-0.6840855,-0.19531004,0.26819196,-0.11203807,0.5054922,-0.10285196,-0.25283495,-0.28902707,-0.12972397,-0.6165365,-0.4544461,-0.1487616,0.45843017,1.0,1.0,1.0,-1.0,0.9999996,-0.9999901,1.0,1.0,0.9999998,0.39236596,0.14768331,0.46752346,0.39236596,0.14768331,0.46752346,0.39236596,0.14768331,0.46752346,0.39236596,0.14768331,0.46752346
3.0,0.0702016,0.5054922,-0.10285196,-0.25283495,-0.28902707,-0.12972397,-0.6165365,-0.4544461,-0.1487616,0.45843017,0.52573913,-0.067274235,-0.08532694,-0.15651877,-0.36126548,-0.6840855,-0.19531004,0.26819196,-0.11203807,0.52573913,-0.067274235,-0.08532694,-0.15651877,-0.36126548,-0.6840855,-0.19531004,0.26819196,-0.11203807,0.5054922,-0.10285196,-0.25283495,-0.28902707,-0.12972397,-0.6165365,-0.4544461,-0.1487616,0.45843017,1.0,1.0,1.0,-1.0,0.9999996,-0.9999901,1.0,1.0,0.9999998,0.39236596,0.14768331,0.46752346,0.39236596,0.14768331,0.46752346,0.39236596,0.14768331,0.46752346,0.39236596,0.14768331,0.46752346
4.0,0.139397,0.5054922,-0.10285196,-0.25283495,-0.28902707,-0.12972397,-0.6165365,-0.4544461,-0.1487616,0.45843017,0.52573913,-0.067274235,-0.08532694,-0.15651877,-0.36126548,-0.6840855,-0.19531004,0.26819196,-0.11203807,0.52573913,-0.067274235,-0.08532694,-0.15651877,-0.36126548,-0.6840855,-0.19531004,0.26819196,-0.11203807,0.5054922,-0.10285196,-0.25283495,-0.28902707,-0.12972397,-0.6165365,-0.4544461,-0.1487616,0.45843017,1.0,1.0,1.0,-1.0,0.9999996,-0.9999901,1.0,1.0,0.9999998,0.39236596,0.14768331,0.46752346,0.39236596,0.14768331,0.46752346,0.39236596,0.14768331,0.46752346,0.39236596,0.14768331,0.46752346
5.0,0.252214,0.5054922,-0.10285196,-0.25283495,-0.28902707,-0.12972397,-0.6165365,-0.4544461,-0.1487616,0.45843017,0.52573913,-0.067274235,-0.08532694,-0.15651877,-0.36126548,-0.6840855,-0.19531004,0.26819196,-0.11203807,0.52573913,-0.067274235,-0.08532694,-0.15651877,-0.36126548,-0.6840855,-0.19531004,0.26819196,-0.11203807,0.5054922,-0.10285196,-0.25283495,-0.28902707,-0.12972397,-0.6165365,-0.4544461,-0.1487616,0.45843017,1.0,1.0,1.0,-1.0,0.9999996,-0.9999901,1.0,1.0,0.9999998,0.39236596,0.14768331,0.46752346,0.39236596,0.14768331,0.46752346,0.39236596,0.14768331,0.46752346,0.39236596,0.14768331,0.46752346
5.5,0.321624,0.5054922,-0.10285196,-0.25283495,-0.28902707,-0.12972397,-0.6165365,-0.4544461,-0.1487616,0.45843017,0.52573913,-0.067274235,-0.08532694,-0.15651877,-0.36126548,-0.6840855,-0.19531004,0.26819196,-0.11203807,0.52573913,-0.067274235,-0.08532694,-0.15651877,-0.36126548,-0.6840855,-0.19531004,0.26819196,-0.11203807,0.5054922,-0.10285196,-0.25283495,-0.28902707,-0.12972397,-0.6165365,-0.4544461,-0.1487616,0.45843017,1.0,1.0,1.0,-1.0,0.9999996,-0.9999901,1.0,1.0,0.9999998,0.39236596,0.14768331,0.46752346,0.39236596,0.14768331,0.46752346,0.39236596,0.14768331,0.46752346,0.39236596,0.14768331,0.46752346
2.0,0.0372883,0.5054922,-0.10285196,-0.25283495,-0.28902707,-0.12972397,-0.6165365,-0.4544461,-0.1487616,0.45843017,0.5056914,-0.10350189,-0.2511181,-0.28823784,-0.13069677,-0.6173436,-0.4531633,-0.14610787,0.45642585,0.5056914,-0.10350189,-0.2511181,-0.28823784,-0.13069677,-0.6173436,-0.4531633,-0.14610787,0.45642585,0.5054922,-0.10285196,-0.25283495,-0.28902707,-0.12972397,-0.6165365,-0.4544461,-0.1487616,0.45843017,-0.96220374,-0.99861634,0.94734734,-0.9922555,-0.38864046,-0.045811452,-0.2966504,-0.51083815,-0.99795645,0.39236596,0.14768331,0.46752346,0.39236596,0.14768331,0.46752346,0.39236596,0.14768331,0.46752346,0.39236596,0.14768331,0.46752346
3.0,0.0705813,0.5054922,-0.10285196,-0.25283495,-0.28902707,-0.12972397,-0.6165365,-0.4544461,-0.1487616,0.45843017,0.5056914,-0.10350189,-0.2511181,-0.28823784,-0.13069677,-0.6173436,-0.4531633,-0.14610787,0.45642585,0.5056914,-0.10350189,-0.2511181,-0.28823784,-0.13069677,-0.6173436,-0.4531633,-0.14610787,0.45642585,0.5054922,-0.10285196,-0.25283495,-0.28902707,-0.12972397,-0.6165365,-0.4544461,-0.1487616,0.45843017,-0.96220374,-0.99861634,0.94734734,-0.9922555,-0.38864046,-0.045811452,-0.2966504,-0.51083815,-0.99795645,0.39236596,0.14768331,0.46752346,0.39236596,0.14768331,0.46752346,0.39236596,0.14768331,0.46752346,0.39236596,0.14768331,0.46752346
4.0,0.144707,0.5054922,-0.10285196,-0.25283495,-0.28902707,-0.12972397,-0.6165365,-0.4544461,-0.1487616,0.45843017,0.5056914,-0.10350189,-0.2511181,-0.28823784,-0.13069677,-0.6173436,-0.4531633,-0.14610787,0.45642585,0.5056914,-0.10350189,-0.2511181,-0.28823784,-0.13069677,-0.6173436,-0.4531633,-0.14610787,0.45642585,0.5054922,-0.10285196,-0.25283495,-0.28902707,-0.12972397,-0.6165365,-0.4544461,-0.1487616,0.45843017,-0.96220374,-0.99861634,0.94734734,-0.9922555,-0.38864046,-0.045811452,-0.2966504,-0.51083815,-0.99795645,0.39236596,0.14768331,0.46752346,0.39236596,0.14768331,0.46752346,0.39236596,0.14768331,0.46752346,0.39236596,0.14768331,0.46752346
5.0,0.26782,0.5054922,-0.10285196,-0.25283495,-0.28902707,-0.12972397,-0.6165365,-0.4544461,-0.1487616,0.45843017,0.5056914,-0.10350189,-0.2511181,-0.28823784,-0.13069677,-0.6173436,-0.4531633,-0.14610787,0.45642585,0.5056914,-0.10350189,-0.2511181,-0.28823784,-0.13069677,-0.6173436,-0.4531633,-0.14610787,0.45642585,0.5054922,-0.10285196,-0.25283495,-0.28902707,-0.12972397,-0.6165365,-0.4544461,-0.1487616,0.45843017,-0.96220374,-0.99861634,0.94734734,-0.9922555,-0.38864046,-0.045811452,-0.2966504,-0.51083815,-0.99795645,0.39236596,0.14768331,0.46752346,0.39236596,0.14768331,0.46752346,0.39236596,0.14768331,0.46752346,0.39236596,0.14768331,0.46752346
5.5,0.339808,0.5054922,-0.10285196,-0.25283495,-0.28902707,-0.12972397,-0.6165365,-0.4544461,-0.1487616,0.45843017,0.5056914,-0.10350189,-0.2511181,-0.28823784,-0.13069677,-0.6173436,-0.4531633,-0.14610787,0.45642585,0.5056914,-0.10350189,-0.2511181,-0.28823784,-0.13069677,-0.6173436,-0.4531633,-0.14610787,0.45642585,0.5054922,-0.10285196,-0.25283495,-0.28902707,-0.12972397,-0.6165365,-0.4544461,-0.1487616,0.45843017,-0.96220374,-0.99861634,0.94734734,-0.9922555,-0.38864046,-0.045811452,-0.2966504,-0.51083815,-0.99795645,0.39236596,0.14768331,0.46752346,0.39236596,0.14768331,0.46752346,0.39236596,0.14768331,0.46752346,0.39236596,0.14768331,0.46752346
2.0,0.0377415,0.5054922,-0.10285196,-0.25283495,-0.28902707,-0.12972397,-0.6165365,-0.4544461,-0.1487616,0.45843017,0.5083248,-0.10332047,-0.23639053,-0.27668452,-0.14917316,-0.6251193,-0.43329516,-0.1099979,0.41513953,0.50546455,-0.10276171,-0.25299945,-0.28908157,-0.12965938,-0.61644244,-0.45457068,-0.14903851,0.45859784,0.5054922,-0.10285196,-0.25283495,-0.28902707,-0.12972397,-0.6165365,-0.4544461,-0.1487616,0.45843017,-0.97069347,-0.99800557,0.969952,-0.9945728,-0.8497881,0.11965644,0.6263944,-0.32657927,-0.9883205,0.39236596,0.14768331,0.46752346,0.39236596,0.14768331,0.46752346,0.39236596,0.14768331,0.46752346,0.39236596,0.14768331,0.46752346
3.0,0.0718723,0.5054922,-0.10285196,-0.25283495,-0.28902707,-0.12972397,-0.6165365,-0.4544461,-0.1487616,0.45843017,0.5083248,-0.10332047,-0.23639053,-0.27668452,-0.14917316,-0.6251193,-0.43329516,-0.1099979,0.41513953,0.50546455,-0.10276171,-0.25299945,-0.28908157,-0.12965938,-0.61644244,-0.45457068,-0.14903851,0.45859784,0.5054922,-0.10285196,-0.25283495,-0.28902707,-0.12972397,-0.6165365,-0.4544461,-0.1487616,0.45843017,-0.97069347,-0.99800557,0.969952,-0.9945728,-0.8497881,0.11965644,0.6263944,-0.32657927,-0.9883205,0.39236596,0.14768331,0.46752346,0.39236596,0.14768331,0.46752346,0.39236596,0.14768331,0.46752346,0.39236596,0.14768331,0.46752346
4.0,0.144106,0.5054922,-0.10285196,-0.25283495,-0.28902707,-0.12972397,-0.6165365,-0.4544461,-0.1487616,0.45843017,0.5083248,-0.10332047,-0.23639053,-0.27668452,-0.14917316,-0.6251193,-0.43329516,-0.1099979,0.41513953,0.50546455,-0.10276171,-0.25299945,-0.28908157,-0.12965938,-0.61644244,-0.45457068,-0.14903851,0.45859784,0.5054922,-0.10285196,-0.25283495,-0.28902707,-0.12972397,-0.6165365,-0.4544461,-0.1487616,0.45843017,-0.97069347,-0.99800557,0.969952,-0.9945728,-0.8497881,0.11965644,0.6263944,-0.32657927,-0.9883205,0.39236596,0.14768331,0.46752346,0.39236596,0.14768331,0.46752346,0.39236596,0.14768331,0.46752346,0.39236596,0.14768331,0.46752346
5.0,0.261548,0.5054922,-0.10285196,-0.25283495,-0.28902707,-0.12972397,-0.6165365,-0.4544461,-0.1487616,0.45843017,0.5083248,-0.10332047,-0.23639053,-0.27668452,-0.14917316,-0.6251193,-0.43329516,-0.1099979,0.41513953,0.50546455,-0.10276171,-0.25299945,-0.28908157,-0.12965938,-0.61644244,-0.45457068,-0.14903851,0.45859784,0.5054922,-0.10285196,-0.25283495,-0.28902707,-0.12972397,-0.6165365,-0.4544461,-0.1487616,0.45843017,-0.97069347,-0.99800557,0.969952,-0.9945728,-0.8497881,0.11965644,0.6263944,-0.32657927,-0.9883205,0.39236596,0.14768331,0.46752346,0.39236596,0.14768331,0.46752346,0.39236596,0.14768331,0.46752346,0.39236596,0.14768331,0.46752346
5.5,0.354261,0.5054922,-0.10285196,-0.25283495,-0.28902707,-0.12972397,-0.6165365,-0.4544461,-0.1487616,0.45843017,0.5083248,-0.10332047,-0.23639053,-0.27668452,-0.14917316,-0.6251193,-0.43329516,-0.1099979,0.41513953,0.50546455,-0.10276171,-0.25299945,-0.28908157,-0.12965938,-0.61644244,-0.45457068,-0.14903851,0.45859784,0.5054922,-0.10285196,-0.25283495,-0.28902707,-0.12972397,-0.6165365,-0.4544461,-0.1487616,0.45843017,-0.97069347,-0.99800557,0.969952,-0.9945728,-0.8497881,0.11965644,0.6263944,-0.32657927,-0.9883205,0.39236596,0.14768331,0.46752346,0.39236596,0.14768331,0.46752346,0.39236596,0.14768331,0.46752346,0.39236596,0.14768331,0.46752346
2.0,0.0371169,0.5054922,-0.10285196,-0.25283495,-0.28902707,-0.12972397,-0.6165365,-0.4544461,-0.1487616,0.45843017,0.5083248,-0.10332047,-0.23639053,-0.27668452,-0.14917316,-0.6251193,-0.43329516,-0.1099979,0.41513953,0.49962768,-0.08004487,-0.2684723,-0.29329354,-0.1411026,-0.61512434,-0.4528164,-0.14509156,0.434278,0.5054922,-0.10285196,-0.25283495,-0.28902707,-0.12972397,-0.6165365,-0.4544461,-0.1487616,0.45843017,-0.94292307,-0.99972266,0.9664528,-0.99285674,-0.94619745,0.8049189,0.35301116,0.3073691,-0.98550236,0.39236596,0.14768331,0.46752346,0.39236596,0.14768331,0.46752346,0.39236596,0.14768331,0.46752346,0.39236596,0.14768331,0.46752346
3.0,0.0705411,0.5054922,-0.10285196,-0.25283495,-0.28902707,-0.12972397,-0.6165365,-0.4544461,-0.1487616,0.45843017,0.5083248,-0.10332047,-0.23639053,-0.27668452,-0.14917316,-0.6251193,-0.43329516,-0.1099979,0.41513953,0.49962768,-0.08004487,-0.2684723,-0.29329354,-0.1411026,-0.61512434,-0.4528164,-0.14509156,0.434278,0.5054922,-0.10285196,-0.25283495,-0.28902707,-0.12972397,-0.6165365,-0.4544461,-0.1487616,0.45843017,-0.94292307,-0.99972266,0.9664528,-0.99285674,-0.94619745,0.8049189,0.35301116,0.3073691,-0.98550236,0.39236596,0.14768331,0.46752346,0.39236596,0.14768331,0.46752346,0.39236596,0.14768331,0.46752346,0.39236596,0.14768331,0.46752346
4.0,0.140659,0.5054922,-0.10285196,-0.25283495,-0.28902707,-0.12972397,-0.6165365,-0.4544461,-0.1487616,0.45843017,0.5083248,-0.10332047,-0.23639053,-0.27668452,-0.14917316,-0.6251193,-0.43329516,-0.1099979,0.41513953,0.49962768,-0.08004487,-0.2684723,-0.29329354,-0.1411026,-0.61512434,-0.4528164,-0.14509156,0.434278,0.5054922,-0.10285196,-0.25283495,-0.28902707,-0.12972397,-0.6165365,-0.4544461,-0.1487616,0.45843017,-0.94292307,-0.99972266,0.9664528,-0.99285674,-0.94619745,0.8049189,0.35301116,0.3073691,-0.98550236,0.39236596,0.14768331,0.46752346,0.39236596,0.14768331,0.46752346,0.39236596,0.14768331,0.46752346,0.39236596,0.14768331,0.46752346
5.0,0.259586,0.5054922,-0.10285196,-0.25283495,-0.28902707,-0.12972397,-0.6165365,-0.4544461,-0.1487616,0.45843017,0.5083248,-0.10332047,-0.23639053,-0.27668452,-0.14917316,-0.6251193,-0.43329516,-0.1099979,0.41513953,0.49962768,-0.08004487,-0.2684723,-0.29329354,-0.1411026,-0.61512434,-0.4528164,-0.14509156,0.434278,0.5054922,-0.10285196,-0.25283495,-0.28902707,-0.12972397,-0.6165365,-0.4544461,-0.1487616,0.45843017,-0.94292307,-0.99972266,0.9664528,-0.99285674,-0.94619745,0.8049189,0.35301116,0.3073691,-0.98550236,0.39236596,0.14768331,0.46752346,0.39236596,0.14768331,0.46752346,0.39236596,0.14768331,0.46752346,0.39236596,0.14768331,0.46752346
5.5,0.34623,0.5054922,-0.10285196,-0.25283495,-0.28902707,-0.12972397,-0.6165365,-0.4544461,-0.1487616,0.45843017,0.5083248,-0.10332047,-0.23639053,-0.27668452,-0.14917316,-0.6251193,-0.43329516,-0.1099979,0.41513953,0.49962768,-0.08004487,-0.2684723,-0.29329354,-0.1411026,-0.61512434,-0.4528164,-0.14509156,0.434278,0.5054922,-0.10285196,-0.25283495,-0.28902707,-0.12972397,-0.6165365,-0.4544461,-0.1487616,0.45843017,-0.94292307,-0.99972266,0.9664528,-0.99285674,-0.94619745,0.8049189,0.35301116,0.3073691,-0.98550236,0.39236596,0.14768331,0.46752346,0.39236596,0.14768331,0.46752346,0.39236596,0.14768331,0.46752346,0.39236596,0.14768331,0.46752346
2.0,0.0367891,0.5054922,-0.10285196,-0.25283495,-0.28902707,-0.12972397,-0.6165365,-0.4544461,-0.1487616,0.45843017,0.45017406,0.16156551,-0.38034075,-0.3074449,-0.30616605,-0.61785674,-0.38351113,-0.06153871,0.07108635,0.45017406,0.16156551,-0.38034075,-0.3074449,-0.30616605,-0.61785674,-0.38351113,-0.06153871,0.07108635,0.5054922,-0.10285196,-0.25283495,-0.28902707,-0.12972397,-0.6165365,-0.4544461,-0.1487616,0.45843017,0.9999963,-1.0,1.0,-0.9998797,0.9999999,0.99999905,-1.0,1.0,-1.0,0.39236596,0.14768331,0.46752346,0.39236596,0.14768331,0.46752346,0.39236596,0.14768331,0.46752346,0.39236596,0.14768331,0.46752346
3.0,0.0686684,0.5054922,-0.10285196,-0.25283495,-0.28902707,-0.12972397,-0.6165365,-0.4544461,-0.1487616,0.45843017,0.45017406,0.16156551,-0.38034075,-0.3074449,-0.30616605,-0.61785674,-0.38351113,-0.06153871,0.07108635,0.45017406,0.16156551,-0.38034075,-0.3074449,-0.30616605,-0.61785674,-0.38351113,-0.06153871,0.07108635,0.5054922,-0.10285196,-0.25283495,-0.28902707,-0.12972397,-0.6165365,-0.4544461,-0.1487616,0.45843017,0.9999963,-1.0,1.0,-0.9998797,0.9999999,0.99999905,-1.0,1.0,-1.0,0.39236596,0.14768331,0.46752346,0.39236596,0.14768331,0.46752346,0.39236596,0.14768331,0.46752346,0.39236596,0.14768331,0.46752346
4.0,0.144167,0.5054922,-0.10285196,-0.25283495,-0.28902707,-0.12972397,-0.6165365,-0.4544461,-0.1487616,0.45843017,0.45017406,0.16156551,-0.38034075,-0.3074449,-0.30616605,-0.61785674,-0.38351113,-0.06153871,0.07108635,0.45017406,0.16156551,-0.38034075,-0.3074449,-0.30616605,-0.61785674,-0.38351113,-0.06153871,0.07108635,0.5054922,-0.10285196,-0.25283495,-0.28902707,-0.12972397,-0.6165365,-0.4544461,-0.1487616,0.45843017,0.9999963,-1.0,1.0,-0.9998797,0.9999999,0.99999905,-1.0,1.0,-1.0,0.39236596,0.14768331,0.46752346,0.39236596,0.14768331,0.46752346,0.39236596,0.14768331,0.46752346,0.39236596,0.14768331,0.46752346
5.0,0.266367,0.5054922,-0.10285196,-0.25283495,-0.28902707,-0.12972397,-0.6165365,-0.4544461,-0.1487616,0.45843017,0.45017406,0.16156551,-0.38034075,-0.3074449,-0.30616605,-0.61785674,-0.38351113,-0.06153871,0.07108635,0.45017406,0.16156551,-0.38034075,-0.3074449,-0.30616605,-0.61785674,-0.38351113,-0.06153871,0.07108635,0.5054922,-0.10285196,-0.25283495,-0.28902707,-0.12972397,-0.6165365,-0.4544461,-0.1487616,0.45843017,0.9999963,-1.0,1.0,-0.9998797,0.9999999,0.99999905,-1.0,1.0,-1.0,0.39236596,0.14768331,0.46752346,0.39236596,0.14768331,0.46752346,0.39236596,0.14768331,0.46752346,0.39236596,0.14768331,0.46752346
5.5,0.326009,0.5054922,-0.10285196,-0.25283495,-0.28902707,-0.12972397,-0.6165365,-0.4544461,-0.1487616,0.45843017,0.45017406,0.16156551,-0.38034075,-0.3074449,-0.30616605,-0.61785674,-0.38351113,-0.06153871,0.07108635,0.45017406,0.16156551,-0.38034075,-0.3074449,-0.30616605,-0.61785674,-0.38351113,-0.06153871,0.07108635,0.5054922,-0.10285196,-0.25283495,-0.28902707,-0.12972397,-0.6165365,-0.4544461,-0.1487616,0.45843017,0.9999963,-1.0,1.0,-0.9998797,0.9999999,0.99999905,-1.0,1.0,-1.0,0.39236596,0.14768331,0.46752346,0.39236596,0.14768331,0.46752346,0.39236596,0.14768331,0.46752346,0.39236596,0.14768331,0.46752346
2.0,0.0374891,0.5054922,-0.10285196,-0.25283495,-0.28902707,-0.12972397,-0.6165365,-0.4544461,-0.1487616,0.45843017,0.5083248,-0.10332047,-0.23639053,-0.27668452,-0.14917316,-0.6251193,-0.43329516,-0.1099979,0.41513953,0.5083248,-0.10332047,-0.23639053,-0.27668452,-0.14917316,-0.6251193,-0.43329516,-0.1099979,0.41513953,0.5083248,-0.10332047,-0.23639053,-0.27668452,-0.14917316,-0.6251193,-0.43329516,-0.1099979,0.41513953,-0.99548346,-0.9973893,0.96788585,-0.99769425,-0.5040251,-0.7047787,0.9310354,-0.9627076,-0.99153376,0.39236596,0.14768331,0.46752346,0.39236596,0.14768331,0.46752346,0.39236596,0.14768331,0.46752346,0.39236596,0.14768331,0.46752346
3.0,0.0699476,0.5054922,-0.10285196,-0.25283495,-0.28902707,-0.12972397,-0.6165365,-0.4544461,-0.1487616,0.45843017,0.5083248,-0.10332047,-0.23639053,-0.27668452,-0.14917316,-0.6251193,-0.43329516,-0.1099979,0.41513953,0.5083248,-0.10332047,-0.23639053,-0.27668452,-0.14917316,-0.6251193,-0.43329516,-0.1099979,0.41513953,0.5083248,-0.10332047,-0.23639053,-0.27668452,-0.14917316,-0.6251193,-0.43329516,-0.1099979,0.41513953,-0.99548346,-0.9973893,0.96788585,-0.99769425,-0.5040251,-0.7047787,0.9310354,-0.9627076,-0.99153376,0.39236596,0.14768331,0.46752346,0.39236596,0.14768331,0.46752346,0.39236596,0.14768331,0.46752346,0.39236596,0.14768331,0.46752346
4.0,0.146306,0.5054922,-0.10285196,-0.25283495,-0.28902707,-0.12972397,-0.6165365,-0.4544461,-0.1487616,0.45843017,0.5083248,-0.10332047,-0.23639053,-0.27668452,-0.14917316,-0.6251193,-0.43329516,-0.1099979,0.41513953,0.5083248,-0.10332047,-0.23639053,-0.27668452,-0.14917316,-0.6251193,-0.43329516,-0.1099979,0.41513953,0.5083248,-0.10332047,-0.23639053,-0.27668452,-0.14917316,-0.6251193,-0.43329516,-0.1099979,0.41513953,-0.99548346,-0.9973893,0.96788585,-0.99769425,-0.5040251,-0.7047787,0.9310354,-0.9627076,-0.99153376,0.39236596,0.14768331,0.46752346,0.39236596,0.14768331,0.46752346,0.39236596,0.14768331,0.46752346,0.39236596,0.14768331,0.46752346
5.0,0.258374,0.5054922,-0.10285196,-0.25283495,-0.28902707,-0.12972397,-0.6165365,-0.4544461,-0.1487616,0.45843017,0.5083248,-0.10332047,-0.23639053,-0.27668452,-0.14917316,-0.6251193,-0.43329516,-0.1099979,0.41513953,0.5083248,-0.10332047,-0.23639053,-0.27668452,-0.14917316,-0.6251193,-0.43329516,-0.1099979,0.41513953,0.5083248,-0.10332047,-0.23639053,-0.27668452,-0.14917316,-0.6251193,-0.43329516,-0.1099979,0.41513953,-0.99548346,-0.9973893,0.96788585,-0.99769425,-0.5040251,-0.7047787,0.9310354,-0.9627076,-0.99153376,0.39236596,0.14768331,0.46752346,0.39236596,0.14768331,0.46752346,0.39236596,0.14768331,0.46752346,0.39236596,0.14768331,0.46752346
5.5,0.334025,0.5054922,-0.10285196,-0.25283495,-0.28902707,-0.12972397,-0.6165365,-0.4544461,-0.1487616,0.45843017,0.5083248,-0.10332047,-0.23639053,-0.27668452,-0.14917316,-0.6251193,-0.43329516,-0.1099979,0.41513953,0.5083248,-0.10332047,-0.23639053,-0.27668452,-0.14917316,-0.6251193,-0.43329516,-0.1099979,0.41513953,0.5083248,-0.10332047,-0.23639053,-0.27668452,-0.14917316,-0.6251193,-0.43329516,-0.1099979,0.41513953,-0.99548346,-0.9973893,0.96788585,-0.99769425,-0.5040251,-0.7047787,0.9310354,-0.9627076,-0.99153376,0.39236596,0.14768331,0.46752346,0.39236596,0.14768331,0.46752346,0.39236596,0.14768331,0.46752346,0.39236596,0.14768331,0.46752346
2.0,0.0369866,0.50546736,-0.102770716,-0.252983,-0.28907612,-0.12966585,-0.61645174,-0.45455822,-0.14901084,0.45858103,0.5083248,-0.10332047,-0.23639053,-0.27668452,-0.14917316,-0.6251193,-0.43329516,-0.1099979,0.41513953,0.5083248,-0.10332047,-0.23639053,-0.27668452,-0.14917316,-0.6251193,-0.43329516,-0.1099979,0.41513953,0.5083248,-0.10332047,-0.23639053,-0.27668452,-0.14917316,-0.6251193,-0.43329516,-0.1099979,0.41513953,0.98041224,0.85299563,0.8467891,-0.6263531,0.19543432,-0.8626335,0.90726084,0.8708166,0.8178611,0.39236596,0.14768331,0.46752346,0.39236596,0.14768331,0.46752346,0.39236596,0.14768331,0.46752346,0.39236596,0.14768331,0.46752346
3.0,0.0692876,0.50546736,-0.102770716,-0.252983,-0.28907612,-0.12966585,-0.61645174,-0.45455822,-0.14901084,0.45858103,0.5083248,-0.10332047,-0.23639053,-0.27668452,-0.14917316,-0.6251193,-0.43329516,-0.1099979,0.41513953,0.5083248,-0.10332047,-0.23639053,-0.27668452,-0.14917316,-0.6251193,-0.43329516,-0.1099979,0.41513953,0.5083248,-0.10332047,-0.23639053,-0.27668452,-0.14917316,-0.6251193,-0.43329516,-0.1099979,0.41513953,0.98041224,0.85299563,0.8467891,-0.6263531,0.19543432,-0.8626335,0.90726084,0.8708166,0.8178611,0.39236596,0.14768331,0.46752346,0.39236596,0.14768331,0.46752346,0.39236596,0.14768331,0.46752346,0.39236596,0.14768331,0.46752346
4.0,0.138352,0.50546736,-0.102770716,-0.252983,-0.28907612,-0.12966585,-0.61645174,-0.45455822,-0.14901084,0.45858103,0.5083248,-0.10332047,-0.23639053,-0.27668452,-0.14917316,-0.6251193,-0.43329516,-0.1099979,0.41513953,0.5083248,-0.10332047,-0.23639053,-0.27668452,-0.14917316,-0.6251193,-0.43329516,-0.1099979,0.41513953,0.5083248,-0.10332047,-0.23639053,-0.27668452,-0.14917316,-0.6251193,-0.43329516,-0.1099979,0.41513953,0.98041224,0.85299563,0.8467891,-0.6263531,0.19543432,-0.8626335,0.90726084,0.8708166,0.8178611,0.39236596,0.14768331,0.46752346,0.39236596,0.14768331,0.46752346,0.39236596,0.14768331,0.46752346,0.39236596,0.14768331,0.46752346
5.0,0.246999,0.50546736,-0.102770716,-0.252983,-0.28907612,-0.12966585,-0.61645174,-0.45455822,-0.14901084,0.45858103,0.5083248,-0.10332047,-0.23639053,-0.27668452,-0.14917316,-0.6251193,-0.43329516,-0.1099979,0.41513953,0.5083248,-0.10332047,-0.23639053,-0.27668452,-0.14917316,-0.6251193,-0.43329516,-0.1099979,0.41513953,0.5083248,-0.10332047,-0.23639053,-0.27668452,-0.14917316,-0.6251193,-0.43329516,-0.1099979,0.41513953,0.98041224,0.85299563,0.8467891,-0.6263531,0.19543432,-0.8626335,0.90726084,0.8708166,0.8178611,0.39236596,0.14768331,0.46752346,0.39236596,0.14768331,0.46752346,0.39236596,0.14768331,0.46752346,0.39236596,0.14768331,0.46752346
5.5,0.320697,0.50546736,-0.102770716,-0.252983,-0.28907612,-0.12966585,-0.61645174,-0.45455822,-0.14901084,0.45858103,0.5083248,-0.10332047,-0.23639053,-0.27668452,-0.14917316,-0.6251193,-0.43329516,-0.1099979,0.41513953,0.5083248,-0.10332047,-0.23639053,-0.27668452,-0.14917316,-0.6251193,-0.43329516,-0.1099979,0.41513953,0.5083248,-0.10332047,-0.23639053,-0.27668452,-0.14917316,-0.6251193,-0.43329516,-0.1099979,0.41513953,0.98041224,0.85299563,0.8467891,-0.6263531,0.19543432,-0.8626335,0.90726084,0.8708166,0.8178611,0.39236596,0.14768331,0.46752346,0.39236596,0.14768331,0.46752346,0.39236596,0.14768331,0.46752346,0.39236596,0.14768331,0.46752346
2.0,0.0373535,0.50546485,-0.102762595,-0.25299782,-0.2890812,-0.12966008,-0.6164433,-0.4545695,-0.14903574,0.4585961,0.5083248,-0.10332047,-0.23639053,-0.27668452,-0.14917316,-0.6251193,-0.43329516,-0.1099979,0.41513953,0.5083248,-0.10332047,-0.23639053,-0.27668452,-0.14917316,-0.6251193,-0.43329516,-0.1099979,0.41513953,0.5083248,-0.10332047,-0.23639053,-0.27668452,-0.14917316,-0.6251193,-0.43329516,-0.1099979,0.41513953,0.9832596,0.8138795,0.8362599,-0.5105387,0.14794116,-0.746894,0.9025625,0.8515902,0.88141066,0.39236596,0.14768331,0.46752346,0.39236596,0.14768331,0.46752346,0.39236596,0.14768331,0.46752346,0.39236596,0.14768331,0.46752346
3.0,0.0713112,0.50546485,-0.102762595,-0.25299782,-0.2890812,-0.12966008,-0.6164433,-0.4545695,-0.14903574,0.4585961,0.5083248,-0.10332047,-0.23639053,-0.27668452,-0.14917316,-0.6251193,-0.43329516,-0.1099979,0.41513953,0.5083248,-0.10332047,-0.23639053,-0.27668452,-0.14917316,-0.6251193,-0.43329516,-0.1099979,0.41513953,0.5083248,-0.10332047,-0.23639053,-0.27668452,-0.14917316,-0.6251193,-0.43329516,-0.1099979,0.41513953,0.9832596,0.8138795,0.8362599,-0.5105387,0.14794116,-0.746894,0.9025625,0.8515902,0.88141066,0.39236596,0.14768331,0.46752346,0.39236596,0.14768331,0.46752346,0.39236596,0.14768331,0.46752346,0.39236596,0.14768331,0.46752346
4.0,0.146224,0.50546485,-0.102762595,-0.25299782,-0.2890812,-0.12966008,-0.6164433,-0.4545695,-0.14903574,0.4585961,0.5083248,-0.10332047,-0.23639053,-0.27668452,-0.14917316,-0.6251193,-0.43329516,-0.1099979,0.41513953,0.5083248,-0.10332047,-0.23639053,-0.27668452,-0.14917316,-0.6251193,-0.43329516,-0.1099979,0.41513953,0.5083248,-0.10332047,-0.23639053,-0.27668452,-0.14917316,-0.6251193,-0.43329516,-0.1099979,0.41513953,0.9832596,0.8138795,0.8362599,-0.5105387,0.14794116,-0.746894,0.9025625,0.8515902,0.88141066,0.39236596,0.14768331,0.46752346,0.39236596,0.14768331,0.46752346,0.39236596,0.14768331,0.46752346,0.39236596,0.14768331,0.46752346
5.0,0.273872,0.50546485,-0.102762595,-0.25299782,-0.2890812,-0.12966008,-0.6164433,-0.4545695,-0.14903574,0.4585961,0.5083248,-0.10332047,-0.23639053,-0.27668452,-0.14917316,-0.6251193,-0.43329516,-0.1099979,0.41513953,0.5083248,-0.10332047,-0.23639053,-0.27668452,-0.14917316,-0.6251193,-0.43329516,-0.1099979,0.41513953,0.5083248,-0.10332047,-0.23639053,-0.27668452,-0.14917316,-0.6251193,-0.43329516,-0.1099979,0.41513953,0.9832596,0.8138795,0.8362599,-0.5105387,0.14794116,-0.746894,0.9025625,0.8515902,0.88141066,0.39236596,0.14768331,0.46752346,0.39236596,0.14768331,0.46752346,0.39236596,0.14768331,0.46752346,0.39236596,0.14768331,0.46752346
5.5,0.36628,0.50546485,-0.102762595,-0.25299782,-0.2890812,-0.12966008,-0.6164433,-0.4545695,-0.14903574,0.4585961,0.5083248,-0.10332047,-0.23639053,-0.27668452,-0.14917316,-0.6251193,-0.43329516,-0.1099979,0.41513953,0.5083248,-0.10332047,-0.23639053,-0.27668452,-0.14917316,-0.6251193,-0.43329516,-0.1099979,0.41513953,0.5083248,-0.10332047,-0.23639053,-0.27668452,-0.14917316,-0.6251193,-0.43329516,-0.1099979,0.41513953,0.9832596,0.8138795,0.8362599,-0.5105387,0.14794116,-0.746894,0.9025625,0.8515902,0.88141066,0.39236596,0.14768331,0.46752346,0.39236596,0.14768331,0.46752346,0.39236596,0.14768331,0.46752346,0.39236596,0.14768331,0.46752346
2.0,0.0374629,0.5054922,-0.10285196,-0.25283495,-0.28902707,-0.12972397,-0.6165365,-0.4544461,-0.1487616,0.45843017,0.5083248,-0.10332047,-0.23639053,-0.27668452,-0.14917316,-0.6251193,-0.43329516,-0.1099979,0.41513953,0.5083248,-0.10332047,-0.23639053,-0.27668452,-0.14917316,-0.6251193,-0.43329516,-0.1099979,0.41513953,0.50546455,-0.10276171,-0.25299945,-0.28908157,-0.12965938,-0.61644244,-0.45457068,-0.14903851,0.45859784,-0.99521905,-0.9972489,0.96701753,-0.9970294,-0.48828658,-0.70298874,0.93548644,-0.9702682,-0.99047244,0.39236596,0.14768331,0.46752346,0.39236596,0.14768331,0.46752346,0.39236596,0.14768331,0.46752346,0.39236596,0.14768331,0.46752346
3.0,0.0702036,0.5054922,-0.10285196,-0.25283495,-0.28902707,-0.12972397,-0.6165365,-0.4544461,-0.1487616,0.45843017,0.5083248,-0.10332047,-0.23639053,-0.27668452,-0.14917316,-0.6251193,-0.43329516,-0.1099979,0.41513953,0.5083248,-0.10332047,-0.23639053,-0.27668452,-0.14917316,-0.6251193,-0.43329516,-0.1099979,0.41513953,0.50546455,-0.10276171,-0.25299945,-0.28908157,-0.12965938,-0.61644244,-0.45457068,-0.14903851,0.45859784,-0.99521905,-0.9972489,0.96701753,-0.9970294,-0.48828658,-0.70298874,0.93548644,-0.9702682,-0.99047244,0.39236596,0.14768331,0.46752346,0.39236596,0.14768331,0.46752346,0.39236596,0.14768331,0.46752346,0.39236596,0.14768331,0.46752346
4.0,0.1431,0.5054922,-0.10285196,-0.25283495,-0.28902707,-0.12972397,-0.6165365,-0.4544461,-0.1487616,0.45843017,0.5083248,-0.10332047,-0.23639053,-0.27668452,-0.14917316,-0.6251193,-0.43329516,-0.1099979,0.41513953,0.5083248,-0.10332047,-0.23639053,-0.27668452,-0.14917316,-0.6251193,-0.43329516,-0.1099979,0.41513953,0.50546455,-0.10276171,-0.25299945,-0.28908157,-0.12965938,-0.61644244,-0.45457068,-0.14903851,0.45859784,-0.99521905,-0.9972489,0.96701753,-0.9970294,-0.48828658,-0.70298874,0.93548644,-0.9702682,-0.99047244,0.39236596,0.14768331,0.46752346,0.39236596,0.14768331,0.46752346,0.39236596,0.14768331,0.46752346,0.39236596,0.14768331,0.46752346
5.0,0.262377,0.5054922,-0.10285196,-0.25283495,-0.28902707,-0.12972397,-0.6165365,-0.4544461,-0.1487616,0.45843017,0.5083248,-0.10332047,-0.23639053,-0.27668452,-0.14917316,-0.6251193,-0.43329516,-0.1099979,0.41513953,0.5083248,-0.10332047,-0.23639053,-0.27668452,-0.14917316,-0.6251193,-0.43329516,-0.1099979,0.41513953,0.50546455,-0.10276171,-0.25299945,-0.28908157,-0.12965938,-0.61644244,-0.45457068,-0.14903851,0.45859784,-0.99521905,-0.9972489,0.96701753,-0.9970294,-0.48828658,-0.70298874,0.93548644,-0.9702682,-0.99047244,0.39236596,0.14768331,0.46752346,0.39236596,0.14768331,0.46752346,0.39236596,0.14768331,0.46752346,0.39236596,0.14768331,0.46752346
5.5,0.340098,0.5054922,-0.10285196,-0.25283495,-0.28902707,-0.12972397,-0.6165365,-0.4544461,-0.1487616,0.45843017,0.5083248,-0.10332047,-0.23639053,-0.27668452,-0.14917316,-0.6251193,-0.43329516,-0.1099979,0.41513953,0.5083248,-0.10332047,-0.23639053,-0.27668452,-0.14917316,-0.6251193,-0.43329516,-0.1099979,0.41513953,0.50546455,-0.10276171,-0.25299945,-0.28908157,-0.12965938,-0.61644244,-0.45457068,-0.14903851,0.45859784,-0.99521905,-0.9972489,0.96701753,-0.9970294,-0.48828658,-0.70298874,0.93548644,-0.9702682,-0.99047244,0.39236596,0.14768331,0.46752346,0.39236596,0.14768331,0.46752346,0.39236596,0.14768331,0.46752346,0.39236596,0.14768331,0.46752346
2.0,0.0367398,0.50546736,-0.102770716,-0.252983,-0.28907612,-0.12966585,-0.61645174,-0.45455822,-0.14901084,0.45858103,0.52573913,-0.067274235,-0.08532694,-0.15651877,-0.36126548,-0.6840855,-0.19531004,0.26819196,-0.11203807,0.52573913,-0.067274235,-0.08532694,-0.15651877,-0.36126548,-0.6840855,-0.19531004,0.26819196,-0.11203807,0.50546455,-0.10276171,-0.25299945,-0.28908157,-0.12965938,-0.61644244,-0.45457068,-0.14903851,0.45859784,1.0,1.0,1.0,-1.0,0.9999994,-0.98978895,1.0,1.0,1.0,0.39236596,0.14768331,0.46752346,0.39236596,0.14768331,0.46752346,0.39236596,0.14768331,0.46752346,0.39236596,0.14768331,0.46752346
3.0,0.070352,0.50546736,-0.102770716,-0.252983,-0.28907612,-0.12966585,-0.61645174,-0.45455822,-0.14901084,0.45858103,0.52573913,-0.067274235,-0.08532694,-0.15651877,-0.36126548,-0.6840855,-0.19531004,0.26819196,-0.11203807,0.52573913,-0.067274235,-0.08532694,-0.15651877,-0.36126548,-0.6840855,-0.19531004,0.26819196,-0.11203807,0.50546455,-0.10276171,-0.25299945,-0.28908157,-0.12965938,-0.61644244,-0.45457068,-0.14903851,0.45859784,1.0,1.0,1.0,-1.0,0.9999994,-0.98978895,1.0,1.0,1.0,0.39236596,0.14768331,0.46752346,0.39236596,0.14768331,0.46752346,0.39236596,0.14768331,0.46752346,0.39236596,0.14768331,0.46752346
4.0,0.145498,0.50546736,-0.102770716,-0.252983,-0.28907612,-0.12966585,-0.61645174,-0.45455822,-0.14901084,0.45858103,0.52573913,-0.067274235,-0.08532694,-0.15651877,-0.36126548,-0.6840855,-0.19531004,0.26819196,-0.11203807,0.52573913,-0.067274235,-0.08532694,-0.15651877,-0.36126548,-0.6840855,-0.19531004,0.26819196,-0.11203807,0.50546455,-0.10276171,-0.25299945,-0.28908157,-0.12965938,-0.61644244,-0.45457068,-0.14903851,0.45859784,1.0,1.0,1.0,-1.0,0.9999994,-0.98978895,1.0,1.0,1.0,0.39236596,0.14768331,0.46752346,0.39236596,0.14768331,0.46752346,0.39236596,0.14768331,0.46752346,0.39236596,0.14768331,0.46752346
5.0,0.27024,0.50546736,-0.102770716,-0.252983,-0.28907612,-0.12966585,-0.61645174,-0.45455822,-0.14901084,0.45858103,0.52573913,-0.067274235,-0.08532694,-0.15651877,-0.36126548,-0.6840855,-0.19531004,0.26819196,-0.11203807,0.52573913,-0.067274235,-0.08532694,-0.15651877,-0.36126548,-0.6840855,-0.19531004,0.26819196,-0.11203807,0.50546455,-0.10276171,-0.25299945,-0.28908157,-0.12965938,-0.61644244,-0.45457068,-0.14903851,0.45859784,1.0,1.0,1.0,-1.0,0.9999994,-0.98978895,1.0,1.0,1.0,0.39236596,0.14768331,0.46752346,0.39236596,0.14768331,0.46752346,0.39236596,0.14768331,0.46752346,0.39236596,0.14768331,0.46752346
5.5,0.354998,0.50546736,-0.102770716,-0.252983,-0.28907612,-0.12966585,-0.61645174,-0.45455822,-0.14901084,0.45858103,0.52573913,-0.067274235,-0.08532694,-0.15651877,-0.36126548,-0.6840855,-0.19531004,0.26819196,-0.11203807,0.52573913,-0.067274235,-0.08532694,-0.15651877,-0.36126548,-0.6840855,-0.19531004,0.26819196,-0.11203807,0.50546455,-0.10276171,-0.25299945,-0.28908157,-0.12965938,-0.61644244,-0.45457068,-0.14903851,0.45859784,1.0,1.0,1.0,-1.0,0.9999994,-0.98978895,1.0,1.0,1.0,0.39236596,0.14768331,0.46752346,0.39236596,0.14768331,0.46752346,0.39236596,0.14768331,0.46752346,0.39236596,0.14768331,0.46752346
2.0,0.0376402,0.50546736,-0.102770716,-0.252983,-0.28907612,-0.12966585,-0.61645174,-0.45455822,-0.14901084,0.45858103,0.5056914,-0.10350189,-0.2511181,-0.28823784,-0.13069677,-0.6173436,-0.4531633,-0.14610787,0.45642585,0.5056914,-0.10350189,-0.2511181,-0.28823784,-0.13069677,-0.6173436,-0.4531633,-0.14610787,0.45642585,0.50546455,-0.10276171,-0.25299945,-0.28908157,-0.12965938,-0.61644244,-0.45457068,-0.14903851,0.45859784,0.28510258,-0.4365477,-0.17407238,-0.51781946,-0.12989683,-0.5948427,-0.46563312,-0.51774657,0.48957285,0.39236596,0.14768331,0.46752346,0.39236596,0.14768331,0.46752346,0.39236596,0.14768331,0.46752346,0.39236596,0.14768331,0.46752346
3.0,0.0698336,0.50546736,-0.102770716,-0.252983,-0.28907612,-0.12966585,-0.61645174,-0.45455822,-0.14901084,0.45858103,0.5056914,-0.10350189,-0.2511181,-0.28823784,-0.13069677,-0.6173436,-0.4531633,-0.14610787,0.45642585,0.5056914,-0.10350189,-0.2511181,-0.28823784,-0.13069677,-0.6173436,-0.4531633,-0.14610787,0.45642585,0.50546455,-0.10276171,-0.25299945,-0.28908157,-0.12965938,-0.61644244,-0.45457068,-0.14903851,0.45859784,0.28510258,-0.4365477,-0.17407238,-0.51781946,-0.12989683,-0.5948427,-0.46563312,-0.51774657,0.48957285,0.39236596,0.14768331,0.46752346,0.39236596,0.14768331,0.46752346,0.39236596,0.14768331,0.46752346,0.39236596,0.14768331,0.46752346
4.0,0.143929,0.50546736,-0.102770716,-0.252983,-0.28907612,-0.12966585,-0.61645174,-0.45455822,-0.14901084,0.45858103,0.5056914,-0.10350189,-0.2511181,-0.28823784,-0.13069677,-0.6173436,-0.4531633,-0.14610787,0.45642585,0.5056914,-0.10350189,-0.2511181,-0.28823784,-0.13069677,-0.6173436,-0.4531633,-0.14610787,0.45642585,0.50546455,-0.10276171,-0.25299945,-0.28908157,-0.12965938,-0.61644244,-0.45457068,-0.14903851,0.45859784,0.28510258,-0.4365477,-0.17407238,-0.51781946,-0.12989683,-0.5948427,-0.46563312,-0.51774657,0.48957285,0.39236596,0.14768331,0.46752346,0.39236596,0.14768331,0.46752346,0.39236596,0.14768331,0.46752346,0.39236596,0.14768331,0.46752346
5.0,0.257404,0.50546736,-0.102770716,-0.252983,-0.28907612,-0.12966585,-0.61645174,-0.45455822,-0.14901084,0.45858103,0.5056914,-0.10350189,-0.2511181,-0.28823784,-0.13069677,-0.6173436,-0.4531633,-0.14610787,0.45642585,0.5056914,-0.10350189,-0.2511181,-0.28823784,-0.13069677,-0.6173436,-0.4531633,-0.14610787,0.45642585,0.50546455,-0.10276171,-0.25299945,-0.28908157,-0.12965938,-0.61644244,-0.45457068,-0.14903851,0.45859784,0.28510258,-0.4365477,-0.17407238,-0.51781946,-0.12989683,-0.5948427,-0.46563312,-0.51774657,0.48957285,0.39236596,0.14768331,0.46752346,0.39236596,0.14768331,0.46752346,0.39236596,0.14768331,0.46752346,0.39236596,0.14768331,0.46752346
5.5,0.329177,0.50546736,-0.102770716,-0.252983,-0.28907612,-0.12966585,-0.61645174,-0.45455822,-0.14901084,0.45858103,0.5056914,-0.10350189,-0.2511181,-0.28823784,-0.13069677,-0.6173436,-0.4531633,-0.14610787,0.45642585,0.5056914,-0.10350189,-0.2511181,-0.28823784,-0.13069677,-0.6173436,-0.4531633,-0.14610787,0.45642585,0.50546455,-0.10276171,-0.25299945,-0.28908157,-0.12965938,-0.61644244,-0.45457068,-0.14903851,0.45859784,0.28510258,-0.4365477,-0.17407238,-0.51781946,-0.12989683,-0.5948427,-0.46563312,-0.51774657,0.48957285,0.39236596,0.14768331,0.46752346,0.39236596,0.14768331,0.46752346,0.39236596,0.14768331,0.46752346,0.39236596,0.14768331,0.46752346
2.0,0.0368312,0.5054922,-0.10285196,-0.25283495,-0.28902707,-0.12972397,-0.6165365,-0.4544461,-0.1487616,0.45843017,0.49962768,-0.08004487,-0.2684723,-0.29329354,-0.1411026,-0.61512434,-0.4528164,-0.14509156,0.434278,0.49962768,-0.08004487,-0.2684723,-0.29329354,-0.1411026,-0.61512434,-0.4528164,-0.14509156,0.434278,0.5054922,-0.10285196,-0.25283495,-0.28902707,-0.12972397,-0.6165365,-0.4544461,-0.1487616,0.45843017,-0.90039897,-0.99851376,0.9691964,-0.99492,0.23555526,0.69520986,-0.93561614,0.20827256,-0.9986026,0.39236596,0.14768331,0.46752346,0.39236596,0.14768331,0.46752346,0.39236596,0.14768331,0.46752346,0.39236596,0.14768331,0.46752346
3.0,0.0686449,0.5054922,-0.10285196,-0.25283495,-0.28902707,-0.12972397,-0.6165365,-0.4544461,-0.1487616,0.45843017,0.49962768,-0.08004487,-0.2684723,-0.29329354,-0.1411026,-0.61512434,-0.4528164,-0.14509156,0.434278,0.49962768,-0.08004487,-0.2684723,-0.29329354,-0.1411026,-0.61512434,-0.4528164,-0.14509156,0.434278,0.5054922,-0.10285196,-0.25283495,-0.28902707,-0.12972397,-0.6165365,-0.4544461,-0.1487616,0.45843017,-0.90039897,-0.99851376,0.9691964,-0.99492,0.23555526,0.69520986,-0.93561614,0.20827256,-0.9986026,0.39236596,0.14768331,0.46752346,0.39236596,0.14768331,0.46752346,0.39236596,0.14768331,0.46752346,0.39236596,0.14768331,0.46752346
4.0,0.146606,0.5054922,-0.10285196,-0.25283495,-0.28902707,-0.12972397,-0.6165365,-0.4544461,-0.1487616,0.45843017,0.49962768,-0.08004487,-0.2684723,-0.29329354,-0.1411026,-0.61512434,-0.4528164,-0.14509156,0.434278,0.49962768,-0.08004487,-0.2684723,-0.29329354,-0.1411026,-0.61512434,-0.4528164,-0.14509156,0.434278,0.5054922,-0.10285196,-0.25283495,-0.28902707,-0.12972397,-0.6165365,-0.4544461,-0.1487616,0.45843017,-0.90039897,-0.99851376,0.9691964,-0.99492,0.23555526,0.69520986,-0.93561614,0.20827256,-0.9986026,0.39236596,0.14768331,0.46752346,0.39236596,0.14768331,0.46752346,0.39236596,0.14768331,0.46752346,0.39236596,0.14768331,0.46752346
5.0,0.274396,0.5054922,-0.10285196,-0.25283495,-0.28902707,-0.12972397,-0.6165365,-0.4544461,-0.1487616,0.45843017,0.49962768,-0.08004487,-0.2684723,-0.29329354,-0.1411026,-0.61512434,-0.4528164,-0.14509156,0.434278,0.49962768,-0.08004487,-0.2684723,-0.29329354,-0.1411026,-0.61512434,-0.4528164,-0.14509156,0.434278,0.5054922,-0.10285196,-0.25283495,-0.28902707,-0.12972397,-0.6165365,-0.4544461,-0.1487616,0.45843017,-0.90039897,-0.99851376,0.9691964,-0.99492,0.23555526,0.69520986,-0.93561614,0.20827256,-0.9986026,0.39236596,0.14768331,0.46752346,0.39236596,0.14768331,0.46752346,0.39236596,0.14768331,0.46752346,0.39236596,0.14768331,0.46752346
5.5,0.35296,0.5054922,-0.10285196,-0.25283495,-0.28902707,-0.12972397,-0.6165365,-0.4544461,-0.1487616,0.45843017,0.49962768,-0.08004487,-0.2684723,-0.29329354,-0.1411026,-0.61512434,-0.4528164,-0.14509156,0.434278,0.49962768,-0.08004487,-0.2684723,-0.29329354,-0.1411026,-0.61512434,-0.4528164,-0.14509156,0.434278,0.5054922,-0.10285196,-0.25283495,-0.28902707,-0.12972397,-0.6165365,-0.4544461,-0.1487616,0.45843017,-0.90039897,-0.99851376,0.9691964,-0.99492,0.23555526,0.69520986,-0.93561614,0.20827256,-0.9986026,0.39236596,0.14768331,0.46752346,0.39236596,0.14768331,0.46752346,0.39236596,0.14768331,0.46752346,0.39236596,0.14768331,0.46752346
2.0,0.0368312,0.5054922,-0.10285196,-0.25283495,-0.28902707,-0.12972397,-0.6165365,-0.4544461,-0.1487616,0.45843017,0.49962768,-0.08004487,-0.2684723,-0.29329354,-0.1411026,-0.61512434,-0.4528164,-0.14509156,0.434278,0.49962768,-0.08004487,-0.2684723,-0.29329354,-0.1411026,-0.61512434,-0.4528164,-0.14509156,0.434278,0.5054922,-0.10285196,-0.25283495,-0.28902707,-0.12972397,-0.6165365,-0.4544461,-0.1487616,0.45843017,-0.90039897,-0.99851376,0.9691964,-0.99492,0.23555526,0.69520986,-0.93561614,0.20827256,-0.9986026,0.39236596,0.14768331,0.46752346,0.39236596,0.14768331,0.46752346,0.39236596,0.14768331,0.46752346,0.39236596,0.14768331,0.46752346
3.0,0.0686449,0.5054922,-0.10285196,-0.25283495,-0.28902707,-0.12972397,-0.6165365,-0.4544461,-0.1487616,0.45843017,0.49962768,-0.08004487,-0.2684723,-0.29329354,-0.1411026,-0.61512434,-0.4528164,-0.14509156,0.434278,0.49962768,-0.08004487,-0.2684723,-0.29329354,-0.1411026,-0.61512434,-0.4528164,-0.14509156,0.434278,0.5054922,-0.10285196,-0.25283495,-0.28902707,-0.12972397,-0.6165365,-0.4544461,-0.1487616,0.45843017,-0.90039897,-0.99851376,0.9691964,-0.99492,0.23555526,0.69520986,-0.93561614,0.20827256,-0.9986026,0.39236596,0.14768331,0.46752346,0.39236596,0.14768331,0.46752346,0.39236596,0.14768331,0.46752346,0.39236596,0.14768331,0.46752346
4.0,0.146606,0.5054922,-0.10285196,-0.25283495,-0.28902707,-0.12972397,-0.6165365,-0.4544461,-0.1487616,0.45843017,0.49962768,-0.08004487,-0.2684723,-0.29329354,-0.1411026,-0.61512434,-0.4528164,-0.14509156,0.434278,0.49962768,-0.08004487,-0.2684723,-0.29329354,-0.1411026,-0.61512434,-0.4528164,-0.14509156,0.434278,0.5054922,-0.10285196,-0.25283495,-0.28902707,-0.12972397,-0.6165365,-0.4544461,-0.1487616,0.45843017,-0.90039897,-0.99851376,0.9691964,-0.99492,0.23555526,0.69520986,-0.93561614,0.20827256,-0.9986026,0.39236596,0.14768331,0.46752346,0.39236596,0.14768331,0.46752346,0.39236596,0.14768331,0.46752346,0.39236596,0.14768331,0.46752346
5.0,0.274396,0.5054922,-0.10285196,-0.25283495,-0.28902707,-0.12972397,-0.6165365,-0.4544461,-0.1487616,0.45843017,0.49962768,-0.08004487,-0.2684723,-0.29329354,-0.1411026,-0.61512434,-0.4528164,-0.14509156,0.434278,0.49962768,-0.08004487,-0.2684723,-0.29329354,-0.1411026,-0.61512434,-0.4528164,-0.14509156,0.434278,0.5054922,-0.10285196,-0.25283495,-0.28902707,-0.12972397,-0.6165365,-0.4544461,-0.1487616,0.45843017,-0.90039897,-0.99851376,0.9691964,-0.99492,0.23555526,0.69520986,-0.93561614,0.20827256,-0.9986026,0.39236596,0.14768331,0.46752346,0.39236596,0.14768331,0.46752346,0.39236596,0.14768331,0.46752346,0.39236596,0.14768331,0.46752346
5.5,0.35296,0.5054922,-0.10285196,-0.25283495,-0.28902707,-0.12972397,-0.6165365,-0.4544461,-0.1487616,0.45843017,0.49962768,-0.08004487,-0.2684723,-0.29329354,-0.1411026,-0.61512434,-0.4528164,-0.14509156,0.434278,0.49962768,-0.08004487,-0.2684723,-0.29329354,-0.1411026,-0.61512434,-0.4528164,-0.14509156,0.434278,0.5054922,-0.10285196,-0.25283495,-0.28902707,-0.12972397,-0.6165365,-0.4544461,-0.1487616,0.45843017,-0.90039897,-0.99851376,0.9691964,-0.99492,0.23555526,0.69520986,-0.93561614,0.20827256,-0.9986026,0.39236596,0.14768331,0.46752346,0.39236596,0.14768331,0.46752346,0.39236596,0.14768331,0.46752346,0.39236596,0.14768331,0.46752346
2.0,0.0368312,0.5054922,-0.10285196,-0.25283495,-0.28902707,-0.12972397,-0.6165365,-0.4544461,-0.1487616,0.45843017,0.49962768,-0.08004487,-0.2684723,-0.29329354,-0.1411026,-0.61512434,-0.4528164,-0.14509156,0.434278,0.49962768,-0.08004487,-0.2684723,-0.29329354,-0.1411026,-0.61512434,-0.4528164,-0.14509156,0.434278,0.5054922,-0.10285196,-0.25283495,-0.28902707,-0.12972397,-0.6165365,-0.4544461,-0.1487616,0.45843017,-0.90039897,-0.99851376,0.9691964,-0.99492,0.23555526,0.69520986,-0.93561614,0.20827256,-0.9986026,0.39236596,0.14768331,0.46752346,0.39236596,0.14768331,0.46752346,0.39236596,0.14768331,0.46752346,0.39236596,0.14768331,0.46752346
3.0,0.0686449,0.5054922,-0.10285196,-0.25283495,-0.28902707,-0.12972397,-0.6165365,-0.4544461,-0.1487616,0.45843017,0.49962768,-0.08004487,-0.2684723,-0.29329354,-0.1411026,-0.61512434,-0.4528164,-0.14509156,0.434278,0.49962768,-0.08004487,-0.2684723,-0.29329354,-0.1411026,-0.61512434,-0.4528164,-0.14509156,0.434278,0.5054922,-0.10285196,-0.25283495,-0.28902707,-0.12972397,-0.6165365,-0.4544461,-0.1487616,0.45843017,-0.90039897,-0.99851376,0.9691964,-0.99492,0.23555526,0.69520986,-0.93561614,0.20827256,-0.9986026,0.39236596,0.14768331,0.46752346,0.39236596,0.14768331,0.46752346,0.39236596,0.14768331,0.46752346,0.39236596,0.14768331,0.46752346
4.0,0.146606,0.5054922,-0.10285196,-0.25283495,-0.28902707,-0.12972397,-0.6165365,-0.4544461,-0.1487616,0.45843017,0.49962768,-0.08004487,-0.2684723,-0.29329354,-0.1411026,-0.61512434,-0.4528164,-0.14509156,0.434278,0.49962768,-0.08004487,-0.2684723,-0.29329354,-0.1411026,-0.61512434,-0.4528164,-0.14509156,0.434278,0.5054922,-0.10285196,-0.25283495,-0.28902707,-0.12972397,-0.6165365,-0.4544461,-0.1487616,0.45843017,-0.90039897,-0.99851376,0.9691964,-0.99492,0.23555526,0.69520986,-0.93561614,0.20827256,-0.9986026,0.39236596,0.14768331,0.46752346,0.39236596,0.14768331,0.46752346,0.39236596,0.14768331,0.46752346,0.39236596,0.14768331,0.46752346
5.0,0.274396,0.5054922,-0.10285196,-0.25283495,-0.28902707,-0.12972397,-0.6165365,-0.4544461,-0.1487616,0.45843017,0.49962768,-0.08004487,-0.2684723,-0.29329354,-0.1411026,-0.61512434,-0.4528164,-0.14509156,0.434278,0.49962768,-0.08004487,-0.2684723,-0.29329354,-0.1411026,-0.61512434,-0.4528164,-0.14509156,0.434278,0.5054922,-0.10285196,-0.25283495,-0.28902707,-0.12972397,-0.6165365,-0.4544461,-0.1487616,0.45843017,-0.90039897,-0.99851376,0.9691964,-0.99492,0.23555526,0.69520986,-0.93561614,0.20827256,-0.9986026,0.39236596,0.14768331,0.46752346,0.39236596,0.14768331,0.46752346,0.39236596,0.14768331,0.46752346,0.39236596,0.14768331,0.46752346
5.5,0.35296,0.5054922,-0.10285196,-0.25283495,-0.28902707,-0.12972397,-0.6165365,-0.4544461,-0.1487616,0.45843017,0.49962768,-0.08004487,-0.2684723,-0.29329354,-0.1411026,-0.61512434,-0.4528164,-0.14509156,0.434278,0.49962768,-0.08004487,-0.2684723,-0.29329354,-0.1411026,-0.61512434,-0.4528164,-0.14509156,0.434278,0.5054922,-0.10285196,-0.25283495,-0.28902707,-0.12972397,-0.6165365,-0.4544461,-0.1487616,0.45843017,-0.90039897,-0.99851376,0.9691964,-0.99492,0.23555526,0.69520986,-0.93561614,0.20827256,-0.9986026,0.39236596,0.14768331,0.46752346,0.39236596,0.14768331,0.46752346,0.39236596,0.14768331,0.46752346,0.39236596,0.14768331,0.46752346
2.0,0.0368312,0.5054922,-0.10285196,-0.25283495,-0.28902707,-0.12972397,-0.6165365,-0.4544461,-0.1487616,0.45843017,0.49962768,-0.08004487,-0.2684723,-0.29329354,-0.1411026,-0.61512434,-0.4528164,-0.14509156,0.434278,0.49962768,-0.08004487,-0.2684723,-0.29329354,-0.1411026,-0.61512434,-0.4528164,-0.14509156,0.434278,0.5054922,-0.10285196,-0.25283495,-0.28902707,-0.12972397,-0.6165365,-0.4544461,-0.1487616,0.45843017,-0.90039897,-0.99851376,0.9691964,-0.99492,0.23555526,0.69520986,-0.93561614,0.20827256,-0.9986026,0.39236596,0.14768331,0.46752346,0.39236596,0.14768331,0.46752346,0.39236596,0.14768331,0.46752346,0.39236596,0.14768331,0.46752346
3.0,0.0686449,0.5054922,-0.10285196,-0.25283495,-0.28902707,-0.12972397,-0.6165365,-0.4544461,-0.1487616,0.45843017,0.49962768,-0.08004487,-0.2684723,-0.29329354,-0.1411026,-0.61512434,-0.4528164,-0.14509156,0.434278,0.49962768,-0.08004487,-0.2684723,-0.29329354,-0.1411026,-0.61512434,-0.4528164,-0.14509156,0.434278,0.5054922,-0.10285196,-0.25283495,-0.28902707,-0.12972397,-0.6165365,-0.4544461,-0.1487616,0.45843017,-0.90039897,-0.99851376,0.9691964,-0.99492,0.23555526,0.69520986,-0.93561614,0.20827256,-0.9986026,0.39236596,0.14768331,0.46752346,0.39236596,0.14768331,0.46752346,0.39236596,0.14768331,0.46752346,0.39236596,0.14768331,0.46752346
4.0,0.146606,0.5054922,-0.10285196,-0.25283495,-0.28902707,-0.12972397,-0.6165365,-0.4544461,-0.1487616,0.45843017,0.49962768,-0.08004487,-0.2684723,-0.29329354,-0.1411026,-0.61512434,-0.4528164,-0.14509156,0.434278,0.49962768,-0.08004487,-0.2684723,-0.29329354,-0.1411026,-0.61512434,-0.4528164,-0.14509156,0.434278,0.5054922,-0.10285196,-0.25283495,-0.28902707,-0.12972397,-0.6165365,-0.4544461,-0.1487616,0.45843017,-0.90039897,-0.99851376,0.9691964,-0.99492,0.23555526,0.69520986,-0.93561614,0.20827256,-0.9986026,0.39236596,0.14768331,0.46752346,0.39236596,0.14768331,0.46752346,0.39236596,0.14768331,0.46752346,0.39236596,0.14768331,0.46752346
5.0,0.274396,0.5054922,-0.10285196,-0.25283495,-0.28902707,-0.12972397,-0.6165365,-0.4544461,-0.1487616,0.45843017,0.49962768,-0.08004487,-0.2684723,-0.29329354,-0.1411026,-0.61512434,-0.4528164,-0.14509156,0.434278,0.49962768,-0.08004487,-0.2684723,-0.29329354,-0.1411026,-0.61512434,-0.4528164,-0.14509156,0.434278,0.5054922,-0.10285196,-0.25283495,-0.28902707,-0.12972397,-0.6165365,-0.4544461,-0.1487616,0.45843017,-0.90039897,-0.99851376,0.9691964,-0.99492,0.23555526,0.69520986,-0.93561614,0.20827256,-0.9986026,0.39236596,0.14768331,0.46752346,0.39236596,0.14768331,0.46752346,0.39236596,0.14768331,0.46752346,0.39236596,0.14768331,0.46752346
5.5,0.35296,0.5054922,-0.10285196,-0.25283495,-0.28902707,-0.12972397,-0.6165365,-0.4544461,-0.1487616,0.45843017,0.49962768,-0.08004487,-0.2684723,-0.29329354,-0.1411026,-0.61512434,-0.4528164,-0.14509156,0.434278,0.49962768,-0.08004487,-0.2684723,-0.29329354,-0.1411026,-0.61512434,-0.4528164,-0.14509156,0.434278,0.5054922,-0.10285196,-0.25283495,-0.28902707,-0.12972397,-0.6165365,-0.4544461,-0.1487616,0.45843017,-0.90039897,-0.99851376,0.9691964,-0.99492,0.23555526,0.69520986,-0.93561614,0.20827256,-0.9986026,0.39236596,0.14768331,0.46752346,0.39236596,0.14768331,0.46752346,0.39236596,0.14768331,0.46752346,0.39236596,0.14768331,0.46752346
2.0,0.0368312,0.5054922,-0.10285196,-0.25283495,-0.28902707,-0.12972397,-0.6165365,-0.4544461,-0.1487616,0.45843017,0.49962768,-0.08004487,-0.2684723,-0.29329354,-0.1411026,-0.61512434,-0.4528164,-0.14509156,0.434278,0.49962768,-0.08004487,-0.2684723,-0.29329354,-0.1411026,-0.61512434,-0.4528164,-0.14509156,0.434278,0.5054922,-0.10285196,-0.25283495,-0.28902707,-0.12972397,-0.6165365,-0.4544461,-0.1487616,0.45843017,-0.90039897,-0.99851376,0.9691964,-0.99492,0.23555526,0.69520986,-0.93561614,0.20827256,-0.9986026,0.39236596,0.14768331,0.46752346,0.39236596,0.14768331,0.46752346,0.39236596,0.14768331,0.46752346,0.39236596,0.14768331,0.46752346
3.0,0.0686449,0.5054922,-0.10285196,-0.25283495,-0.28902707,-0.12972397,-0.6165365,-0.4544461,-0.1487616,0.45843017,0.49962768,-0.08004487,-0.2684723,-0.29329354,-0.1411026,-0.61512434,-0.4528164,-0.14509156,0.434278,0.49962768,-0.08004487,-0.2684723,-0.29329354,-0.1411026,-0.61512434,-0.4528164,-0.14509156,0.434278,0.5054922,-0.10285196,-0.25283495,-0.28902707,-0.12972397,-0.6165365,-0.4544461,-0.1487616,0.45843017,-0.90039897,-0.99851376,0.9691964,-0.99492,0.23555526,0.69520986,-0.93561614,0.20827256,-0.9986026,0.39236596,0.14768331,0.46752346,0.39236596,0.14768331,0.46752346,0.39236596,0.14768331,0.46752346,0.39236596,0.14768331,0.46752346
4.0,0.146606,0.5054922,-0.10285196,-0.25283495,-0.28902707,-0.12972397,-0.6165365,-0.4544461,-0.1487616,0.45843017,0.49962768,-0.08004487,-0.2684723,-0.29329354,-0.1411026,-0.61512434,-0.4528164,-0.14509156,0.434278,0.49962768,-0.08004487,-0.2684723,-0.29329354,-0.1411026,-0.61512434,-0.4528164,-0.14509156,0.434278,0.5054922,-0.10285196,-0.25283495,-0.28902707,-0.12972397,-0.6165365,-0.4544461,-0.1487616,0.45843017,-0.90039897,-0.99851376,0.9691964,-0.99492,0.23555526,0.69520986,-0.93561614,0.20827256,-0.9986026,0.39236596,0.14768331,0.46752346,0.39236596,0.14768331,0.46752346,0.39236596,0.14768331,0.46752346,0.39236596,0.14768331,0.46752346
5.0,0.274396,0.5054922,-0.10285196,-0.25283495,-0.28902707,-0.12972397,-0.6165365,-0.4544461,-0.1487616,0.45843017,0.49962768,-0.08004487,-0.2684723,-0.29329354,-0.1411026,-0.61512434,-0.4528164,-0.14509156,0.434278,0.49962768,-0.08004487,-0.2684723,-0.29329354,-0.1411026,-0.61512434,-0.4528164,-0.14509156,0.434278,0.5054922,-0.10285196,-0.25283495,-0.28902707,-0.12972397,-0.6165365,-0.4544461,-0.1487616,0.45843017,-0.90039897,-0.99851376,0.9691964,-0.99492,0.23555526,0.69520986,-0.93561614,0.20827256,-0.9986026,0.39236596,0.14768331,0.46752346,0.39236596,0.14768331,0.46752346,0.39236596,0.14768331,0.46752346,0.39236596,0.14768331,0.46752346
5.5,0.35296,0.5054922,-0.10285196,-0.25283495,-0.28902707,-0.12972397,-0.6165365,-0.4544461,-0.1487616,0.45843017,0.49962768,-0.08004487,-0.2684723,-0.29329354,-0.1411026,-0.61512434,-0.4528164,-0.14509156,0.434278,0.49962768,-0.08004487,-0.2684723,-0.29329354,-0.1411026,-0.61512434,-0.4528164,-0.14509156,0.434278,0.5054922,-0.10285196,-0.25283495,-0.28902707,-0.12972397,-0.6165365,-0.4544461,-0.1487616,0.45843017,-0.90039897,-0.99851376,0.9691964,-0.99492,0.23555526,0.69520986,-0.93561614,0.20827256,-0.9986026,0.39236596,0.14768331,0.46752346,0.39236596,0.14768331,0.46752346,0.39236596,0.14768331,0.46752346,0.39236596,0.14768331,0.46752346
2.0,0.0373672,0.5054922,-0.10285196,-0.25283495,-0.28902707,-0.12972397,-0.6165365,-0.4544461,-0.1487616,0.45843017,0.50546455,-0.10276171,-0.25299945,-0.28908157,-0.12965938,-0.61644244,-0.45457068,-0.14903851,0.45859784,0.5083248,-0.10332047,-0.23639053,-0.27668452,-0.14917316,-0.6251193,-0.43329516,-0.1099979,0.41513953,0.5054922,-0.10285196,-0.25283495,-0.28902707,-0.12972397,-0.6165365,-0.4544461,-0.1487616,0.45843017,-0.97294855,-0.9939202,0.97052485,-0.9785504,0.32239604,-0.8026719,0.28873414,-0.9702281,-0.9982795,0.39236596,0.14768331,0.46752346,0.39236596,0.14768331,0.46752346,0.39236596,0.14768331,0.46752346,0.39236596,0.14768331,0.46752346
3.0,0.0703269,0.5054922,-0.10285196,-0.25283495,-0.28902707,-0.12972397,-0.6165365,-0.4544461,-0.1487616,0.45843017,0.50546455,-0.10276171,-0.25299945,-0.28908157,-0.12965938,-0.61644244,-0.45457068,-0.14903851,0.45859784,0.5083248,-0.10332047,-0.23639053,-0.27668452,-0.14917316,-0.6251193,-0.43329516,-0.1099979,0.41513953,0.5054922,-0.10285196,-0.25283495,-0.28902707,-0.12972397,-0.6165365,-0.4544461,-0.1487616,0.45843017,-0.97294855,-0.9939202,0.97052485,-0.9785504,0.32239604,-0.8026719,0.28873414,-0.9702281,-0.9982795,0.39236596,0.14768331,0.46752346,0.39236596,0.14768331,0.46752346,0.39236596,0.14768331,0.46752346,0.39236596,0.14768331,0.46752346
4.0,0.14454,0.5054922,-0.10285196,-0.25283495,-0.28902707,-0.12972397,-0.6165365,-0.4544461,-0.1487616,0.45843017,0.50546455,-0.10276171,-0.25299945,-0.28908157,-0.12965938,-0.61644244,-0.45457068,-0.14903851,0.45859784,0.5083248,-0.10332047,-0.23639053,-0.27668452,-0.14917316,-0.6251193,-0.43329516,-0.1099979,0.41513953,0.5054922,-0.10285196,-0.25283495,-0.28902707,-0.12972397,-0.6165365,-0.4544461,-0.1487616,0.45843017,-0.97294855,-0.9939202,0.97052485,-0.9785504,0.32239604,-0.8026719,0.28873414,-0.9702281,-0.9982795,0.39236596,0.14768331,0.46752346,0.39236596,0.14768331,0.46752346,0.39236596,0.14768331,0.46752346,0.39236596,0.14768331,0.46752346
5.0,0.255462,0.5054922,-0.10285196,-0.25283495,-0.28902707,-0.12972397,-0.6165365,-0.4544461,-0.1487616,0.45843017,0.50546455,-0.10276171,-0.25299945,-0.28908157,-0.12965938,-0.61644244,-0.45457068,-0.14903851,0.45859784,0.5083248,-0.10332047,-0.23639053,-0.27668452,-0.14917316,-0.6251193,-0.43329516,-0.1099979,0.41513953,0.5054922,-0.10285196,-0.25283495,-0.28902707,-0.12972397,-0.6165365,-0.4544461,-0.1487616,0.45843017,-0.97294855,-0.9939202,0.97052485,-0.9785504,0.32239604,-0.8026719,0.28873414,-0.9702281,-0.9982795,0.39236596,0.14768331,0.46752346,0.39236596,0.14768331,0.46752346,0.39236596,0.14768331,0.46752346,0.39236596,0.14768331,0.46752346
5.5,0.343432,0.5054922,-0.10285196,-0.25283495,-0.28902707,-0.12972397,-0.6165365,-0.4544461,-0.1487616,0.45843017,0.50546455,-0.10276171,-0.25299945,-0.28908157,-0.12965938,-0.61644244,-0.45457068,-0.14903851,0.45859784,0.5083248,-0.10332047,-0.23639053,-0.27668452,-0.14917316,-0.6251193,-0.43329516,-0.1099979,0.41513953,0.5054922,-0.10285196,-0.25283495,-0.28902707,-0.12972397,-0.6165365,-0.4544461,-0.1487616,0.45843017,-0.97294855,-0.9939202,0.97052485,-0.9785504,0.32239604,-0.8026719,0.28873414,-0.9702281,-0.9982795,0.39236596,0.14768331,0.46752346,0.39236596,0.14768331,0.46752346,0.39236596,0.14768331,0.46752346,0.39236596,0.14768331,0.46752346
2.0,306.523,0.50546527,-0.10276396,-0.25299528,-0.28908026,-0.12966096,-0.6164447,-0.45456758,-0.1490316,0.4585936,0.5024483,-0.09229448,-0.26116636,-0.29160163,-0.1340182,-0.6152752,-0.45453116,-0.14802697,0.44886094,0.5080569,-0.10401829,-0.23876967,-0.27845463,-0.14587162,-0.6240362,-0.4366069,-0.11545964,0.42242867,0.50546455,-0.10276171,-0.25299945,-0.28908157,-0.12965938,-0.61644244,-0.45457068,-0.14903851,0.45859784,0.50546455,-0.10276171,-0.25299945,-0.28908157,-0.12965938,-0.61644244,-0.45457068,-0.14903851,0.45859784,0.3735752,0.13657768,0.47553128,0.37952635,0.13164866,0.46531764,0.39236596,0.14768331,0.46752346,0.39236596,0.14768331,0.46752346
3.0,298.577,0.50546527,-0.10276396,-0.25299528,-0.28908026,-0.12966096,-0.6164447,-0.45456758,-0.1490316,0.4585936,0.5024483,-0.09229448,-0.26116636,-0.29160163,-0.1340182,-0.6152752,-0.45453116,-0.14802697,0.44886094,0.5080569,-0.10401829,-0.23876967,-0.27845463,-0.14587162,-0.6240362,-0.4366069,-0.11545964,0.42242867,0.50546455,-0.10276171,-0.25299945,-0.28908157,-0.12965938,-0.61644244,-0.45457068,-0.14903851,0.45859784,0.50546455,-0.10276171,-0.25299945,-0.28908157,-0.12965938,-0.61644244,-0.45457068,-0.14903851,0.45859784,0.3735752,0.13657768,0.47553128,0.37952635,0.13164866,0.46531764,0.39236596,0.14768331,0.46752346,0.39236596,0.14768331,0.46752346
5.0,293.646,0.50546527,-0.10276396,-0.25299528,-0.28908026,-0.12966096,-0.6164447,-0.45456758,-0.1490316,0.4585936,0.5024483,-0.09229448,-0.26116636,-0.29160163,-0.1340182,-0.6152752,-0.45453116,-0.14802697,0.44886094,0.5080569,-0.10401829,-0.23876967,-0.27845463,-0.14587162,-0.6240362,-0.4366069,-0.11545964,0.42242867,0.50546455,-0.10276171,-0.25299945,-0.28908157,-0.12965938,-0.61644244,-0.45457068,-0.14903851,0.45859784,0.50546455,-0.10276171,-0.25299945,-0.28908157,-0.12965938,-0.61644244,-0.45457068,-0.14903851,0.45859784,0.3735752,0.13657768,0.47553128,0.37952635,0.13164866,0.46531764,0.39236596,0.14768331,0.46752346,0.39236596,0.14768331,0.46752346
10.0,278.484,0.50546527,-0.10276396,-0.25299528,-0.28908026,-0.12966096,-0.6164447,-0.45456758,-0.1490316,0.4585936,0.5024483,-0.09229448,-0.26116636,-0.29160163,-0.1340182,-0.6152752,-0.45453116,-0.14802697,0.44886094,0.5080569,-0.10401829,-0.23876967,-0.27845463,-0.14587162,-0.6240362,-0.4366069,-0.11545964,0.42242867,0.50546455,-0.10276171,-0.25299945,-0.28908157,-0.12965938,-0.61644244,-0.45457068,-0.14903851,0.45859784,0.50546455,-0.10276171,-0.25299945,-0.28908157,-0.12965938,-0.61644244,-0.45457068,-0.14903851,0.45859784,0.3735752,0.13657768,0.47553128,0.37952635,0.13164866,0.46531764,0.39236596,0.14768331,0.46752346,0.39236596,0.14768331,0.46752346
20.0,262.371,0.50546527,-0.10276396,-0.25299528,-0.28908026,-0.12966096,-0.6164447,-0.45456758,-0.1490316,0.4585936,0.5024483,-0.09229448,-0.26116636,-0.29160163,-0.1340182,-0.6152752,-0.45453116,-0.14802697,0.44886094,0.5080569,-0.10401829,-0.23876967,-0.27845463,-0.14587162,-0.6240362,-0.4366069,-0.11545964,0.42242867,0.50546455,-0.10276171,-0.25299945,-0.28908157,-0.12965938,-0.61644244,-0.45457068,-0.14903851,0.45859784,0.50546455,-0.10276171,-0.25299945,-0.28908157,-0.12965938,-0.61644244,-0.45457068,-0.14903851,0.45859784,0.3735752,0.13657768,0.47553128,0.37952635,0.13164866,0.46531764,0.39236596,0.14768331,0.46752346,0.39236596,0.14768331,0.46752346
2.5,0.746393,0.50546527,-0.10276396,-0.25299528,-0.28908026,-0.12966096,-0.6164447,-0.45456758,-0.1490316,0.4585936,0.5053683,-0.102261566,-0.25376004,-0.28932565,-0.12956445,-0.6160867,-0.4549949,-0.14990255,0.4589394,0.5056773,-0.10341318,-0.25137252,-0.2883713,-0.13054083,-0.6172255,-0.4533734,-0.14653422,0.45676523,0.50546455,-0.10276171,-0.25299945,-0.28908157,-0.12965938,-0.61644244,-0.45457068,-0.14903851,0.45859784,0.50546455,-0.10276171,-0.25299945,-0.28908157,-0.12965938,-0.61644244,-0.45457068,-0.14903851,0.45859784,0.3735752,0.13657768,0.47553128,0.37952635,0.13164866,0.46531764,0.39236596,0.14768331,0.46752346,0.39236596,0.14768331,0.46752346
5.0,0.82651,0.50546527,-0.10276396,-0.25299528,-0.28908026,-0.12966096,-0.6164447,-0.45456758,-0.1490316,0.4585936,0.5053683,-0.102261566,-0.25376004,-0.28932565,-0.12956445,-0.6160867,-0.4549949,-0.14990255,0.4589394,0.5056773,-0.10341318,-0.25137252,-0.2883713,-0.13054083,-0.6172255,-0.4533734,-0.14653422,0.45676523,0.50546455,-0.10276171,-0.25299945,-0.28908157,-0.12965938,-0.61644244,-0.45457068,-0.14903851,0.45859784,0.50546455,-0.10276171,-0.25299945,-0.28908157,-0.12965938,-0.61644244,-0.45457068,-0.14903851,0.45859784,0.3735752,0.13657768,0.47553128,0.37952635,0.13164866,0.46531764,0.39236596,0.14768331,0.46752346,0.39236596,0.14768331,0.46752346
10.0,1.5295,0.50546527,-0.10276396,-0.25299528,-0.28908026,-0.12966096,-0.6164447,-0.45456758,-0.1490316,0.4585936,0.5053683,-0.102261566,-0.25376004,-0.28932565,-0.12956445,-0.6160867,-0.4549949,-0.14990255,0.4589394,0.5056773,-0.10341318,-0.25137252,-0.2883713,-0.13054083,-0.6172255,-0.4533734,-0.14653422,0.45676523,0.50546455,-0.10276171,-0.25299945,-0.28908157,-0.12965938,-0.61644244,-0.45457068,-0.14903851,0.45859784,0.50546455,-0.10276171,-0.25299945,-0.28908157,-0.12965938,-0.61644244,-0.45457068,-0.14903851,0.45859784,0.3735752,0.13657768,0.47553128,0.37952635,0.13164866,0.46531764,0.39236596,0.14768331,0.46752346,0.39236596,0.14768331,0.46752346
17.5,4.69584,0.50546527,-0.10276396,-0.25299528,-0.28908026,-0.12966096,-0.6164447,-0.45456758,-0.1490316,0.4585936,0.5053683,-0.102261566,-0.25376004,-0.28932565,-0.12956445,-0.6160867,-0.4549949,-0.14990255,0.4589394,0.5056773,-0.10341318,-0.25137252,-0.2883713,-0.13054083,-0.6172255,-0.4533734,-0.14653422,0.45676523,0.50546455,-0.10276171,-0.25299945,-0.28908157,-0.12965938,-0.61644244,-0.45457068,-0.14903851,0.45859784,0.50546455,-0.10276171,-0.25299945,-0.28908157,-0.12965938,-0.61644244,-0.45457068,-0.14903851,0.45859784,0.3735752,0.13657768,0.47553128,0.37952635,0.13164866,0.46531764,0.39236596,0.14768331,0.46752346,0.39236596,0.14768331,0.46752346
25.0,11.352,0.50546527,-0.10276396,-0.25299528,-0.28908026,-0.12966096,-0.6164447,-0.45456758,-0.1490316,0.4585936,0.5053683,-0.102261566,-0.25376004,-0.28932565,-0.12956445,-0.6160867,-0.4549949,-0.14990255,0.4589394,0.5056773,-0.10341318,-0.25137252,-0.2883713,-0.13054083,-0.6172255,-0.4533734,-0.14653422,0.45676523,0.50546455,-0.10276171,-0.25299945,-0.28908157,-0.12965938,-0.61644244,-0.45457068,-0.14903851,0.45859784,0.50546455,-0.10276171,-0.25299945,-0.28908157,-0.12965938,-0.61644244,-0.45457068,-0.14903851,0.45859784,0.3735752,0.13657768,0.47553128,0.37952635,0.13164866,0.46531764,0.39236596,0.14768331,0.46752346,0.39236596,0.14768331,0.46752346
375.0,14117.0,0.50546527,-0.10276396,-0.25299528,-0.28908026,-0.12966096,-0.6164447,-0.45456758,-0.1490316,0.4585936,0.47798985,0.026587179,-0.31868207,-0.2989068,-0.21323088,-0.6155369,-0.42291144,-0.10968163,0.28238532,0.5243772,-0.07215376,-0.106413975,-0.17283925,-0.32917878,-0.6767798,-0.22848882,0.21313713,-0.0332115,0.50546455,-0.10276171,-0.25299945,-0.28908157,-0.12965938,-0.61644244,-0.45457068,-0.14903851,0.45859784,0.50546455,-0.10276171,-0.25299945,-0.28908157,-0.12965938,-0.61644244,-0.45457068,-0.14903851,0.45859784,0.3735752,0.13657768,0.47553128,0.37952635,0.13164866,0.46531764,0.39236596,0.14768331,0.46752346,0.39236596,0.14768331,0.46752346
400.0,14117.8,0.50546527,-0.10276396,-0.25299528,-0.28908026,-0.12966096,-0.6164447,-0.45456758,-0.1490316,0.4585936,0.47798985,0.026587179,-0.31868207,-0.2989068,-0.21323088,-0.6155369,-0.42291144,-0.10968163,0.28238532,0.5243772,-0.07215376,-0.106413975,-0.17283925,-0.32917878,-0.6767798,-0.22848882,0.21313713,-0.0332115,0.50546455,-0.10276171,-0.25299945,-0.28908157,-0.12965938,-0.61644244,-0.45457068,-0.14903851,0.45859784,0.50546455,-0.10276171,-0.25299945,-0.28908157,-0.12965938,-0.61644244,-0.45457068,-0.14903851,0.45859784,0.3735752,0.13657768,0.47553128,0.37952635,0.13164866,0.46531764,0.39236596,0.14768331,0.46752346,0.39236596,0.14768331,0.46752346
425.0,19894.6,0.50546527,-0.10276396,-0.25299528,-0.28908026,-0.12966096,-0.6164447,-0.45456758,-0.1490316,0.4585936,0.47798985,0.026587179,-0.31868207,-0.2989068,-0.21323088,-0.6155369,-0.42291144,-0.10968163,0.28238532,0.5243772,-0.07215376,-0.106413975,-0.17283925,-0.32917878,-0.6767798,-0.22848882,0.21313713,-0.0332115,0.50546455,-0.10276171,-0.25299945,-0.28908157,-0.12965938,-0.61644244,-0.45457068,-0.14903851,0.45859784,0.50546455,-0.10276171,-0.25299945,-0.28908157,-0.12965938,-0.61644244,-0.45457068,-0.14903851,0.45859784,0.3735752,0.13657768,0.47553128,0.37952635,0.13164866,0.46531764,0.39236596,0.14768331,0.46752346,0.39236596,0.14768331,0.46752346
450.0,14851.5,0.50546527,-0.10276396,-0.25299528,-0.28908026,-0.12966096,-0.6164447,-0.45456758,-0.1490316,0.4585936,0.47798985,0.026587179,-0.31868207,-0.2989068,-0.21323088,-0.6155369,-0.42291144,-0.10968163,0.28238532,0.5243772,-0.07215376,-0.106413975,-0.17283925,-0.32917878,-0.6767798,-0.22848882,0.21313713,-0.0332115,0.50546455,-0.10276171,-0.25299945,-0.28908157,-0.12965938,-0.61644244,-0.45457068,-0.14903851,0.45859784,0.50546455,-0.10276171,-0.25299945,-0.28908157,-0.12965938,-0.61644244,-0.45457068,-0.14903851,0.45859784,0.3735752,0.13657768,0.47553128,0.37952635,0.13164866,0.46531764,0.39236596,0.14768331,0.46752346,0.39236596,0.14768331,0.46752346
475.0,17395.7,0.50546527,-0.10276396,-0.25299528,-0.28908026,-0.12966096,-0.6164447,-0.45456758,-0.1490316,0.4585936,0.47798985,0.026587179,-0.31868207,-0.2989068,-0.21323088,-0.6155369,-0.42291144,-0.10968163,0.28238532,0.5243772,-0.07215376,-0.106413975,-0.17283925,-0.32917878,-0.6767798,-0.22848882,0.21313713,-0.0332115,0.50546455,-0.10276171,-0.25299945,-0.28908157,-0.12965938,-0.61644244,-0.45457068,-0.14903851,0.45859784,0.50546455,-0.10276171,-0.25299945,-0.28908157,-0.12965938,-0.61644244,-0.45457068,-0.14903851,0.45859784,0.3735752,0.13657768,0.47553128,0.37952635,0.13164866,0.46531764,0.39236596,0.14768331,0.46752346,0.39236596,0.14768331,0.46752346
0.75,0.415405,0.50546527,-0.10276396,-0.25299528,-0.28908026,-0.12966096,-0.6164447,-0.45456758,-0.1490316,0.4585936,0.5054508,-0.102716595,-0.25308165,-0.28910893,-0.12962712,-0.61639535,-0.454633,-0.14917693,0.45868158,0.5054885,-0.10283986,-0.252857,-0.28903428,-0.12971535,-0.61652386,-0.45446283,-0.14879875,0.4584527,0.50546455,-0.10276171,-0.25299945,-0.28908157,-0.12965938,-0.61644244,-0.45457068,-0.14903851,0.45859784,0.50546455,-0.10276171,-0.25299945,-0.28908157,-0.12965938,-0.61644244,-0.45457068,-0.14903851,0.45859784,0.3735752,0.13657768,0.47553128,0.37952635,0.13164866,0.46531764,0.39236596,0.14768331,0.46752346,0.39236596,0.14768331,0.46752346
1.0,0.358203,0.50546527,-0.10276396,-0.25299528,-0.28908026,-0.12966096,-0.6164447,-0.45456758,-0.1490316,0.4585936,0.5054508,-0.102716595,-0.25308165,-0.28910893,-0.12962712,-0.61639535,-0.454633,-0.14917693,0.45868158,0.5054885,-0.10283986,-0.252857,-0.28903428,-0.12971535,-0.61652386,-0.45446283,-0.14879875,0.4584527,0.50546455,-0.10276171,-0.25299945,-0.28908157,-0.12965938,-0.61644244,-0.45457068,-0.14903851,0.45859784,0.50546455,-0.10276171,-0.25299945,-0.28908157,-0.12965938,-0.61644244,-0.45457068,-0.14903851,0.45859784,0.3735752,0.13657768,0.47553128,0.37952635,0.13164866,0.46531764,0.39236596,0.14768331,0.46752346,0.39236596,0.14768331,0.46752346
1.25,0.612718,0.50546527,-0.10276396,-0.25299528,-0.28908026,-0.12966096,-0.6164447,-0.45456758,-0.1490316,0.4585936,0.5054508,-0.102716595,-0.25308165,-0.28910893,-0.12962712,-0.61639535,-0.454633,-0.14917693,0.45868158,0.5054885,-0.10283986,-0.252857,-0.28903428,-0.12971535,-0.61652386,-0.45446283,-0.14879875,0.4584527,0.50546455,-0.10276171,-0.25299945,-0.28908157,-0.12965938,-0.61644244,-0.45457068,-0.14903851,0.45859784,0.50546455,-0.10276171,-0.25299945,-0.28908157,-0.12965938,-0.61644244,-0.45457068,-0.14903851,0.45859784,0.3735752,0.13657768,0.47553128,0.37952635,0.13164866,0.46531764,0.39236596,0.14768331,0.46752346,0.39236596,0.14768331,0.46752346
2.0,0.576337,0.50546527,-0.10276396,-0.25299528,-0.28908026,-0.12966096,-0.6164447,-0.45456758,-0.1490316,0.4585936,0.5054508,-0.102716595,-0.25308165,-0.28910893,-0.12962712,-0.61639535,-0.454633,-0.14917693,0.45868158,0.5054885,-0.10283986,-0.252857,-0.28903428,-0.12971535,-0.61652386,-0.45446283,-0.14879875,0.4584527,0.50546455,-0.10276171,-0.25299945,-0.28908157,-0.12965938,-0.61644244,-0.45457068,-0.14903851,0.45859784,0.50546455,-0.10276171,-0.25299945,-0.28908157,-0.12965938,-0.61644244,-0.45457068,-0.14903851,0.45859784,0.3735752,0.13657768,0.47553128,0.37952635,0.13164866,0.46531764,0.39236596,0.14768331,0.46752346,0.39236596,0.14768331,0.46752346
2.5,0.619995,0.50546527,-0.10276396,-0.25299528,-0.28908026,-0.12966096,-0.6164447,-0.45456758,-0.1490316,0.4585936,0.5054508,-0.102716595,-0.25308165,-0.28910893,-0.12962712,-0.61639535,-0.454633,-0.14917693,0.45868158,0.5054885,-0.10283986,-0.252857,-0.28903428,-0.12971535,-0.61652386,-0.45446283,-0.14879875,0.4584527,0.50546455,-0.10276171,-0.25299945,-0.28908157,-0.12965938,-0.61644244,-0.45457068,-0.14903851,0.45859784,0.50546455,-0.10276171,-0.25299945,-0.28908157,-0.12965938,-0.61644244,-0.45457068,-0.14903851,0.45859784,0.3735752,0.13657768,0.47553128,0.37952635,0.13164866,0.46531764,0.39236596,0.14768331,0.46752346,0.39236596,0.14768331,0.46752346
1.5,260.154,0.50546527,-0.10276396,-0.25299528,-0.28908026,-0.12966096,-0.6164447,-0.45456758,-0.1490316,0.4585936,0.5024483,-0.09229448,-0.26116636,-0.29160163,-0.1340182,-0.6152752,-0.45453116,-0.14802697,0.44886094,0.5080569,-0.10401829,-0.23876967,-0.27845463,-0.14587162,-0.6240362,-0.4366069,-0.11545964,0.42242867,0.5056914,-0.10350189,-0.2511181,-0.28823784,-0.13069677,-0.6173436,-0.4531633,-0.14610787,0.45642585,0.50546455,-0.10276171,-0.25299945,-0.28908157,-0.12965938,-0.61644244,-0.45457068,-0.14903851,0.45859784,0.3735752,0.13657768,0.47553128,0.37952635,0.13164866,0.46531764,0.39236596,0.14768331,0.46752346,0.39236596,0.14768331,0.46752346
2.0,259.303,0.50546527,-0.10276396,-0.25299528,-0.28908026,-0.12966096,-0.6164447,-0.45456758,-0.1490316,0.4585936,0.5024483,-0.09229448,-0.26116636,-0.29160163,-0.1340182,-0.6152752,-0.45453116,-0.14802697,0.44886094,0.5080569,-0.10401829,-0.23876967,-0.27845463,-0.14587162,-0.6240362,-0.4366069,-0.11545964,0.42242867,0.5056914,-0.10350189,-0.2511181,-0.28823784,-0.13069677,-0.6173436,-0.4531633,-0.14610787,0.45642585,0.50546455,-0.10276171,-0.25299945,-0.28908157,-0.12965938,-0.61644244,-0.45457068,-0.14903851,0.45859784,0.3735752,0.13657768,0.47553128,0.37952635,0.13164866,0.46531764,0.39236596,0.14768331,0.46752346,0.39236596,0.14768331,0.46752346
3.0,253.82,0.50546527,-0.10276396,-0.25299528,-0.28908026,-0.12966096,-0.6164447,-0.45456758,-0.1490316,0.4585936,0.5024483,-0.09229448,-0.26116636,-0.29160163,-0.1340182,-0.6152752,-0.45453116,-0.14802697,0.44886094,0.5080569,-0.10401829,-0.23876967,-0.27845463,-0.14587162,-0.6240362,-0.4366069,-0.11545964,0.42242867,0.5056914,-0.10350189,-0.2511181,-0.28823784,-0.13069677,-0.6173436,-0.4531633,-0.14610787,0.45642585,0.50546455,-0.10276171,-0.25299945,-0.28908157,-0.12965938,-0.61644244,-0.45457068,-0.14903851,0.45859784,0.3735752,0.13657768,0.47553128,0.37952635,0.13164866,0.46531764,0.39236596,0.14768331,0.46752346,0.39236596,0.14768331,0.46752346
5.0,248.7,0.50546527,-0.10276396,-0.25299528,-0.28908026,-0.12966096,-0.6164447,-0.45456758,-0.1490316,0.4585936,0.5024483,-0.09229448,-0.26116636,-0.29160163,-0.1340182,-0.6152752,-0.45453116,-0.14802697,0.44886094,0.5080569,-0.10401829,-0.23876967,-0.27845463,-0.14587162,-0.6240362,-0.4366069,-0.11545964,0.42242867,0.5056914,-0.10350189,-0.2511181,-0.28823784,-0.13069677,-0.6173436,-0.4531633,-0.14610787,0.45642585,0.50546455,-0.10276171,-0.25299945,-0.28908157,-0.12965938,-0.61644244,-0.45457068,-0.14903851,0.45859784,0.3735752,0.13657768,0.47553128,0.37952635,0.13164866,0.46531764,0.39236596,0.14768331,0.46752346,0.39236596,0.14768331,0.46752346
10.0,236.925,0.50546527,-0.10276396,-0.25299528,-0.28908026,-0.12966096,-0.6164447,-0.45456758,-0.1490316,0.4585936,0.5024483,-0.09229448,-0.26116636,-0.29160163,-0.1340182,-0.6152752,-0.45453116,-0.14802697,0.44886094,0.5080569,-0.10401829,-0.23876967,-0.27845463,-0.14587162,-0.6240362,-0.4366069,-0.11545964,0.42242867,0.5056914,-0.10350189,-0.2511181,-0.28823784,-0.13069677,-0.6173436,-0.4531633,-0.14610787,0.45642585,0.50546455,-0.10276171,-0.25299945,-0.28908157,-0.12965938,-0.61644244,-0.45457068,-0.14903851,0.45859784,0.3735752,0.13657768,0.47553128,0.37952635,0.13164866,0.46531764,0.39236596,0.14768331,0.46752346,0.39236596,0.14768331,0.46752346
5.0,295.0,0.50546527,-0.10276396,-0.25299528,-0.28908026,-0.12966096,-0.6164447,-0.45456758,-0.1490316,0.4585936,0.5024483,-0.09229448,-0.26116636,-0.29160163,-0.1340182,-0.6152752,-0.45453116,-0.14802697,0.44886094,0.5080569,-0.10401829,-0.23876967,-0.27845463,-0.14587162,-0.6240362,-0.4366069,-0.11545964,0.42242867,0.50546527,-0.10276396,-0.25299528,-0.28908026,-0.12966096,-0.6164447,-0.45456758,-0.1490316,0.4585936,0.50546455,-0.10276171,-0.25299945,-0.28908157,-0.12965938,-0.61644244,-0.45457068,-0.14903851,0.45859784,0.3735752,0.13657768,0.47553128,0.37952635,0.13164866,0.46531764,0.39236596,0.14768331,0.46752346,0.39236596,0.14768331,0.46752346
10.0,277.789,0.50546527,-0.10276396,-0.25299528,-0.28908026,-0.12966096,-0.6164447,-0.45456758,-0.1490316,0.4585936,0.5024483,-0.09229448,-0.26116636,-0.29160163,-0.1340182,-0.6152752,-0.45453116,-0.14802697,0.44886094,0.5080569,-0.10401829,-0.23876967,-0.27845463,-0.14587162,-0.6240362,-0.4366069,-0.11545964,0.42242867,0.50546527,-0.10276396,-0.25299528,-0.28908026,-0.12966096,-0.6164447,-0.45456758,-0.1490316,0.4585936,0.50546455,-0.10276171,-0.25299945,-0.28908157,-0.12965938,-0.61644244,-0.45457068,-0.14903851,0.45859784,0.3735752,0.13657768,0.47553128,0.37952635,0.13164866,0.46531764,0.39236596,0.14768331,0.46752346,0.39236596,0.14768331,0.46752346
17.5,263.587,0.50546527,-0.10276396,-0.25299528,-0.28908026,-0.12966096,-0.6164447,-0.45456758,-0.1490316,0.4585936,0.5024483,-0.09229448,-0.26116636,-0.29160163,-0.1340182,-0.6152752,-0.45453116,-0.14802697,0.44886094,0.5080569,-0.10401829,-0.23876967,-0.27845463,-0.14587162,-0.6240362,-0.4366069,-0.11545964,0.42242867,0.50546527,-0.10276396,-0.25299528,-0.28908026,-0.12966096,-0.6164447,-0.45456758,-0.1490316,0.4585936,0.50546455,-0.10276171,-0.25299945,-0.28908157,-0.12965938,-0.61644244,-0.45457068,-0.14903851,0.45859784,0.3735752,0.13657768,0.47553128,0.37952635,0.13164866,0.46531764,0.39236596,0.14768331,0.46752346,0.39236596,0.14768331,0.46752346
25.0,262.399,0.50546527,-0.10276396,-0.25299528,-0.28908026,-0.12966096,-0.6164447,-0.45456758,-0.1490316,0.4585936,0.5024483,-0.09229448,-0.26116636,-0.29160163,-0.1340182,-0.6152752,-0.45453116,-0.14802697,0.44886094,0.5080569,-0.10401829,-0.23876967,-0.27845463,-0.14587162,-0.6240362,-0.4366069,-0.11545964,0.42242867,0.50546527,-0.10276396,-0.25299528,-0.28908026,-0.12966096,-0.6164447,-0.45456758,-0.1490316,0.4585936,0.50546455,-0.10276171,-0.25299945,-0.28908157,-0.12965938,-0.61644244,-0.45457068,-0.14903851,0.45859784,0.3735752,0.13657768,0.47553128,0.37952635,0.13164866,0.46531764,0.39236596,0.14768331,0.46752346,0.39236596,0.14768331,0.46752346
50.0,273.94,0.50546527,-0.10276396,-0.25299528,-0.28908026,-0.12966096,-0.6164447,-0.45456758,-0.1490316,0.4585936,0.5024483,-0.09229448,-0.26116636,-0.29160163,-0.1340182,-0.6152752,-0.45453116,-0.14802697,0.44886094,0.5080569,-0.10401829,-0.23876967,-0.27845463,-0.14587162,-0.6240362,-0.4366069,-0.11545964,0.42242867,0.50546527,-0.10276396,-0.25299528,-0.28908026,-0.12966096,-0.6164447,-0.45456758,-0.1490316,0.4585936,0.50546455,-0.10276171,-0.25299945,-0.28908157,-0.12965938,-0.61644244,-0.45457068,-0.14903851,0.45859784,0.3735752,0.13657768,0.47553128,0.37952635,0.13164866,0.46531764,0.39236596,0.14768331,0.46752346,0.39236596,0.14768331,0.46752346
0.3,0.000412025,0.50553393,-0.10297645,-0.2525705,-0.28892446,-0.12984939,-0.6166743,-0.45425066,-0.14833957,0.45814753,0.5024483,-0.09229448,-0.26116636,-0.29160163,-0.1340182,-0.6152752,-0.45453116,-0.14802697,0.44886094,0.5080569,-0.10401829,-0.23876967,-0.27845463,-0.14587162,-0.6240362,-0.4366069,-0.11545964,0.42242867,0.50546455,-0.10276171,-0.25299945,-0.28908157,-0.12965938,-0.61644244,-0.45457068,-0.14903851,0.45859784,0.50546455,-0.10276171,-0.25299945,-0.28908157,-0.12965938,-0.61644244,-0.45457068,-0.14903851,0.45859784,0.3739434,0.13695635,0.47545472,0.39331788,0.15214366,0.45820233,0.39236596,0.14768331,0.46752346,0.39236596,0.14768331,0.46752346
0.5,0.00112764,0.50553393,-0.10297645,-0.2525705,-0.28892446,-0.12984939,-0.6166743,-0.45425066,-0.14833957,0.45814753,0.5024483,-0.09229448,-0.26116636,-0.29160163,-0.1340182,-0.6152752,-0.45453116,-0.14802697,0.44886094,0.5080569,-0.10401829,-0.23876967,-0.27845463,-0.14587162,-0.6240362,-0.4366069,-0.11545964,0.42242867,0.50546455,-0.10276171,-0.25299945,-0.28908157,-0.12965938,-0.61644244,-0.45457068,-0.14903851,0.45859784,0.50546455,-0.10276171,-0.25299945,-0.28908157,-0.12965938,-0.61644244,-0.45457068,-0.14903851,0.45859784,0.3739434,0.13695635,0.47545472,0.39331788,0.15214366,0.45820233,0.39236596,0.14768331,0.46752346,0.39236596,0.14768331,0.46752346
1.0,0.00505942,0.50553393,-0.10297645,-0.2525705,-0.28892446,-0.12984939,-0.6166743,-0.45425066,-0.14833957,0.45814753,0.5024483,-0.09229448,-0.26116636,-0.29160163,-0.1340182,-0.6152752,-0.45453116,-0.14802697,0.44886094,0.5080569,-0.10401829,-0.23876967,-0.27845463,-0.14587162,-0.6240362,-0.4366069,-0.11545964,0.42242867,0.50546455,-0.10276171,-0.25299945,-0.28908157,-0.12965938,-0.61644244,-0.45457068,-0.14903851,0.45859784,0.50546455,-0.10276171,-0.25299945,-0.28908157,-0.12965938,-0.61644244,-0.45457068,-0.14903851,0.45859784,0.3739434,0.13695635,0.47545472,0.39331788,0.15214366,0.45820233,0.39236596,0.14768331,0.46752346,0.39236596,0.14768331,0.46752346
2.0,0.0281622,0.50553393,-0.10297645,-0.2525705,-0.28892446,-0.12984939,-0.6166743,-0.45425066,-0.14833957,0.45814753,0.5024483,-0.09229448,-0.26116636,-0.29160163,-0.1340182,-0.6152752,-0.45453116,-0.14802697,0.44886094,0.5080569,-0.10401829,-0.23876967,-0.27845463,-0.14587162,-0.6240362,-0.4366069,-0.11545964,0.42242867,0.50546455,-0.10276171,-0.25299945,-0.28908157,-0.12965938,-0.61644244,-0.45457068,-0.14903851,0.45859784,0.50546455,-0.10276171,-0.25299945,-0.28908157,-0.12965938,-0.61644244,-0.45457068,-0.14903851,0.45859784,0.3739434,0.13695635,0.47545472,0.39331788,0.15214366,0.45820233,0.39236596,0.14768331,0.46752346,0.39236596,0.14768331,0.46752346
3.0,0.0830349,0.50553393,-0.10297645,-0.2525705,-0.28892446,-0.12984939,-0.6166743,-0.45425066,-0.14833957,0.45814753,0.5024483,-0.09229448,-0.26116636,-0.29160163,-0.1340182,-0.6152752,-0.45453116,-0.14802697,0.44886094,0.5080569,-0.10401829,-0.23876967,-0.27845463,-0.14587162,-0.6240362,-0.4366069,-0.11545964,0.42242867,0.50546455,-0.10276171,-0.25299945,-0.28908157,-0.12965938,-0.61644244,-0.45457068,-0.14903851,0.45859784,0.50546455,-0.10276171,-0.25299945,-0.28908157,-0.12965938,-0.61644244,-0.45457068,-0.14903851,0.45859784,0.3739434,0.13695635,0.47545472,0.39331788,0.15214366,0.45820233,0.39236596,0.14768331,0.46752346,0.39236596,0.14768331,0.46752346
0.2,0.000286233,0.50553393,-0.10297645,-0.2525705,-0.28892446,-0.12984939,-0.6166743,-0.45425066,-0.14833957,0.45814753,0.5053683,-0.102261566,-0.25376004,-0.28932565,-0.12956445,-0.6160867,-0.4549949,-0.14990255,0.4589394,0.5056773,-0.10341318,-0.25137252,-0.2883713,-0.13054083,-0.6172255,-0.4533734,-0.14653422,0.45676523,0.50546455,-0.10276171,-0.25299945,-0.28908157,-0.12965938,-0.61644244,-0.45457068,-0.14903851,0.45859784,0.50546455,-0.10276171,-0.25299945,-0.28908157,-0.12965938,-0.61644244,-0.45457068,-0.14903851,0.45859784,0.3739434,0.13695635,0.47545472,0.39331788,0.15214366,0.45820233,0.39236596,0.14768331,0.46752346,0.39236596,0.14768331,0.46752346
0.3,0.000572737,0.50553393,-0.10297645,-0.2525705,-0.28892446,-0.12984939,-0.6166743,-0.45425066,-0.14833957,0.45814753,0.5053683,-0.102261566,-0.25376004,-0.28932565,-0.12956445,-0.6160867,-0.4549949,-0.14990255,0.4589394,0.5056773,-0.10341318,-0.25137252,-0.2883713,-0.13054083,-0.6172255,-0.4533734,-0.14653422,0.45676523,0.50546455,-0.10276171,-0.25299945,-0.28908157,-0.12965938,-0.61644244,-0.45457068,-0.14903851,0.45859784,0.50546455,-0.10276171,-0.25299945,-0.28908157,-0.12965938,-0.61644244,-0.45457068,-0.14903851,0.45859784,0.3739434,0.13695635,0.47545472,0.39331788,0.15214366,0.45820233,0.39236596,0.14768331,0.46752346,0.39236596,0.14768331,0.46752346
0.5,0.00167282,0.50553393,-0.10297645,-0.2525705,-0.28892446,-0.12984939,-0.6166743,-0.45425066,-0.14833957,0.45814753,0.5053683,-0.102261566,-0.25376004,-0.28932565,-0.12956445,-0.6160867,-0.4549949,-0.14990255,0.4589394,0.5056773,-0.10341318,-0.25137252,-0.2883713,-0.13054083,-0.6172255,-0.4533734,-0.14653422,0.45676523,0.50546455,-0.10276171,-0.25299945,-0.28908157,-0.12965938,-0.61644244,-0.45457068,-0.14903851,0.45859784,0.50546455,-0.10276171,-0.25299945,-0.28908157,-0.12965938,-0.61644244,-0.45457068,-0.14903851,0.45859784,0.3739434,0.13695635,0.47545472,0.39331788,0.15214366,0.45820233,0.39236596,0.14768331,0.46752346,0.39236596,0.14768331,0.46752346
0.75,0.00432024,0.50553393,-0.10297645,-0.2525705,-0.28892446,-0.12984939,-0.6166743,-0.45425066,-0.14833957,0.45814753,0.5053683,-0.102261566,-0.25376004,-0.28932565,-0.12956445,-0.6160867,-0.4549949,-0.14990255,0.4589394,0.5056773,-0.10341318,-0.25137252,-0.2883713,-0.13054083,-0.6172255,-0.4533734,-0.14653422,0.45676523,0.50546455,-0.10276171,-0.25299945,-0.28908157,-0.12965938,-0.61644244,-0.45457068,-0.14903851,0.45859784,0.50546455,-0.10276171,-0.25299945,-0.28908157,-0.12965938,-0.61644244,-0.45457068,-0.14903851,0.45859784,0.3739434,0.13695635,0.47545472,0.39331788,0.15214366,0.45820233,0.39236596,0.14768331,0.46752346,0.39236596,0.14768331,0.46752346
1.0,0.00850848,0.50553393,-0.10297645,-0.2525705,-0.28892446,-0.12984939,-0.6166743,-0.45425066,-0.14833957,0.45814753,0.5053683,-0.102261566,-0.25376004,-0.28932565,-0.12956445,-0.6160867,-0.4549949,-0.14990255,0.4589394,0.5056773,-0.10341318,-0.25137252,-0.2883713,-0.13054083,-0.6172255,-0.4533734,-0.14653422,0.45676523,0.50546455,-0.10276171,-0.25299945,-0.28908157,-0.12965938,-0.61644244,-0.45457068,-0.14903851,0.45859784,0.50546455,-0.10276171,-0.25299945,-0.28908157,-0.12965938,-0.61644244,-0.45457068,-0.14903851,0.45859784,0.3739434,0.13695635,0.47545472,0.39331788,0.15214366,0.45820233,0.39236596,0.14768331,0.46752346,0.39236596,0.14768331,0.46752346
1.5,0.232194,0.50553393,-0.10297645,-0.2525705,-0.28892446,-0.12984939,-0.6166743,-0.45425066,-0.14833957,0.45814753,0.47798985,0.026587179,-0.31868207,-0.2989068,-0.21323088,-0.6155369,-0.42291144,-0.10968163,0.28238532,0.5243772,-0.07215376,-0.106413975,-0.17283925,-0.32917878,-0.6767798,-0.22848882,0.21313713,-0.0332115,0.50546455,-0.10276171,-0.25299945,-0.28908157,-0.12965938,-0.61644244,-0.45457068,-0.14903851,0.45859784,0.50546455,-0.10276171,-0.25299945,-0.28908157,-0.12965938,-0.61644244,-0.45457068,-0.14903851,0.45859784,0.3739434,0.13695635,0.47545472,0.39331788,0.15214366,0.45820233,0.39236596,0.14768331,0.46752346,0.39236596,0.14768331,0.46752346
3.0,0.243027,0.50553393,-0.10297645,-0.2525705,-0.28892446,-0.12984939,-0.6166743,-0.45425066,-0.14833957,0.45814753,0.47798985,0.026587179,-0.31868207,-0.2989068,-0.21323088,-0.6155369,-0.42291144,-0.10968163,0.28238532,0.5243772,-0.07215376,-0.106413975,-0.17283925,-0.32917878,-0.6767798,-0.22848882,0.21313713,-0.0332115,0.50546455,-0.10276171,-0.25299945,-0.28908157,-0.12965938,-0.61644244,-0.45457068,-0.14903851,0.45859784,0.50546455,-0.10276171,-0.25299945,-0.28908157,-0.12965938,-0.61644244,-0.45457068,-0.14903851,0.45859784,0.3739434,0.13695635,0.47545472,0.39331788,0.15214366,0.45820233,0.39236596,0.14768331,0.46752346,0.39236596,0.14768331,0.46752346
5.0,0.273846,0.50553393,-0.10297645,-0.2525705,-0.28892446,-0.12984939,-0.6166743,-0.45425066,-0.14833957,0.45814753,0.47798985,0.026587179,-0.31868207,-0.2989068,-0.21323088,-0.6155369,-0.42291144,-0.10968163,0.28238532,0.5243772,-0.07215376,-0.106413975,-0.17283925,-0.32917878,-0.6767798,-0.22848882,0.21313713,-0.0332115,0.50546455,-0.10276171,-0.25299945,-0.28908157,-0.12965938,-0.61644244,-0.45457068,-0.14903851,0.45859784,0.50546455,-0.10276171,-0.25299945,-0.28908157,-0.12965938,-0.61644244,-0.45457068,-0.14903851,0.45859784,0.3739434,0.13695635,0.47545472,0.39331788,0.15214366,0.45820233,0.39236596,0.14768331,0.46752346,0.39236596,0.14768331,0.46752346
10.0,0.874587,0.50553393,-0.10297645,-0.2525705,-0.28892446,-0.12984939,-0.6166743,-0.45425066,-0.14833957,0.45814753,0.47798985,0.026587179,-0.31868207,-0.2989068,-0.21323088,-0.6155369,-0.42291144,-0.10968163,0.28238532,0.5243772,-0.07215376,-0.106413975,-0.17283925,-0.32917878,-0.6767798,-0.22848882,0.21313713,-0.0332115,0.50546455,-0.10276171,-0.25299945,-0.28908157,-0.12965938,-0.61644244,-0.45457068,-0.14903851,0.45859784,0.50546455,-0.10276171,-0.25299945,-0.28908157,-0.12965938,-0.61644244,-0.45457068,-0.14903851,0.45859784,0.3739434,0.13695635,0.47545472,0.39331788,0.15214366,0.45820233,0.39236596,0.14768331,0.46752346,0.39236596,0.14768331,0.46752346
20.0,6.09015,0.50553393,-0.10297645,-0.2525705,-0.28892446,-0.12984939,-0.6166743,-0.45425066,-0.14833957,0.45814753,0.47798985,0.026587179,-0.31868207,-0.2989068,-0.21323088,-0.6155369,-0.42291144,-0.10968163,0.28238532,0.5243772,-0.07215376,-0.106413975,-0.17283925,-0.32917878,-0.6767798,-0.22848882,0.21313713,-0.0332115,0.50546455,-0.10276171,-0.25299945,-0.28908157,-0.12965938,-0.61644244,-0.45457068,-0.14903851,0.45859784,0.50546455,-0.10276171,-0.25299945,-0.28908157,-0.12965938,-0.61644244,-0.45457068,-0.14903851,0.45859784,0.3739434,0.13695635,0.47545472,0.39331788,0.15214366,0.45820233,0.39236596,0.14768331,0.46752346,0.39236596,0.14768331,0.46752346
0.075,0.000126402,0.50553393,-0.10297645,-0.2525705,-0.28892446,-0.12984939,-0.6166743,-0.45425066,-0.14833957,0.45814753,0.5054508,-0.102716595,-0.25308165,-0.28910893,-0.12962712,-0.61639535,-0.454633,-0.14917693,0.45868158,0.5054885,-0.10283986,-0.252857,-0.28903428,-0.12971535,-0.61652386,-0.45446283,-0.14879875,0.4584527,0.50546455,-0.10276171,-0.25299945,-0.28908157,-0.12965938,-0.61644244,-0.45457068,-0.14903851,0.45859784,0.50546455,-0.10276171,-0.25299945,-0.28908157,-0.12965938,-0.61644244,-0.45457068,-0.14903851,0.45859784,0.3739434,0.13695635,0.47545472,0.39331788,0.15214366,0.45820233,0.39236596,0.14768331,0.46752346,0.39236596,0.14768331,0.46752346
0.1,0.000148674,0.50553393,-0.10297645,-0.2525705,-0.28892446,-0.12984939,-0.6166743,-0.45425066,-0.14833957,0.45814753,0.5054508,-0.102716595,-0.25308165,-0.28910893,-0.12962712,-0.61639535,-0.454633,-0.14917693,0.45868158,0.5054885,-0.10283986,-0.252857,-0.28903428,-0.12971535,-0.61652386,-0.45446283,-0.14879875,0.4584527,0.50546455,-0.10276171,-0.25299945,-0.28908157,-0.12965938,-0.61644244,-0.45457068,-0.14903851,0.45859784,0.50546455,-0.10276171,-0.25299945,-0.28908157,-0.12965938,-0.61644244,-0.45457068,-0.14903851,0.45859784,0.3739434,0.13695635,0.47545472,0.39331788,0.15214366,0.45820233,0.39236596,0.14768331,0.46752346,0.39236596,0.14768331,0.46752346
0.3,0.000620613,0.50553393,-0.10297645,-0.2525705,-0.28892446,-0.12984939,-0.6166743,-0.45425066,-0.14833957,0.45814753,0.5054508,-0.102716595,-0.25308165,-0.28910893,-0.12962712,-0.61639535,-0.454633,-0.14917693,0.45868158,0.5054885,-0.10283986,-0.252857,-0.28903428,-0.12971535,-0.61652386,-0.45446283,-0.14879875,0.4584527,0.50546455,-0.10276171,-0.25299945,-0.28908157,-0.12965938,-0.61644244,-0.45457068,-0.14903851,0.45859784,0.50546455,-0.10276171,-0.25299945,-0.28908157,-0.12965938,-0.61644244,-0.45457068,-0.14903851,0.45859784,0.3739434,0.13695635,0.47545472,0.39331788,0.15214366,0.45820233,0.39236596,0.14768331,0.46752346,0.39236596,0.14768331,0.46752346
0.5,0.00180176,0.50553393,-0.10297645,-0.2525705,-0.28892446,-0.12984939,-0.6166743,-0.45425066,-0.14833957,0.45814753,0.5054508,-0.102716595,-0.25308165,-0.28910893,-0.12962712,-0.61639535,-0.454633,-0.14917693,0.45868158,0.5054885,-0.10283986,-0.252857,-0.28903428,-0.12971535,-0.61652386,-0.45446283,-0.14879875,0.4584527,0.50546455,-0.10276171,-0.25299945,-0.28908157,-0.12965938,-0.61644244,-0.45457068,-0.14903851,0.45859784,0.50546455,-0.10276171,-0.25299945,-0.28908157,-0.12965938,-0.61644244,-0.45457068,-0.14903851,0.45859784,0.3739434,0.13695635,0.47545472,0.39331788,0.15214366,0.45820233,0.39236596,0.14768331,0.46752346,0.39236596,0.14768331,0.46752346
1.0,0.00907505,0.50553393,-0.10297645,-0.2525705,-0.28892446,-0.12984939,-0.6166743,-0.45425066,-0.14833957,0.45814753,0.5054508,-0.102716595,-0.25308165,-0.28910893,-0.12962712,-0.61639535,-0.454633,-0.14917693,0.45868158,0.5054885,-0.10283986,-0.252857,-0.28903428,-0.12971535,-0.61652386,-0.45446283,-0.14879875,0.4584527,0.50546455,-0.10276171,-0.25299945,-0.28908157,-0.12965938,-0.61644244,-0.45457068,-0.14903851,0.45859784,0.50546455,-0.10276171,-0.25299945,-0.28908157,-0.12965938,-0.61644244,-0.45457068,-0.14903851,0.45859784,0.3739434,0.13695635,0.47545472,0.39331788,0.15214366,0.45820233,0.39236596,0.14768331,0.46752346,0.39236596,0.14768331,0.46752346
0.5,0.00114269,0.50553393,-0.10297645,-0.2525705,-0.28892446,-0.12984939,-0.6166743,-0.45425066,-0.14833957,0.45814753,0.5024483,-0.09229448,-0.26116636,-0.29160163,-0.1340182,-0.6152752,-0.45453116,-0.14802697,0.44886094,0.5080569,-0.10401829,-0.23876967,-0.27845463,-0.14587162,-0.6240362,-0.4366069,-0.11545964,0.42242867,0.5056914,-0.10350189,-0.2511181,-0.28823784,-0.13069677,-0.6173436,-0.4531633,-0.14610787,0.45642585,0.50546455,-0.10276171,-0.25299945,-0.28908157,-0.12965938,-0.61644244,-0.45457068,-0.14903851,0.45859784,0.3739434,0.13695635,0.47545472,0.39331788,0.15214366,0.45820233,0.39236596,0.14768331,0.46752346,0.39236596,0.14768331,0.46752346
0.75,0.00275572,0.50553393,-0.10297645,-0.2525705,-0.28892446,-0.12984939,-0.6166743,-0.45425066,-0.14833957,0.45814753,0.5024483,-0.09229448,-0.26116636,-0.29160163,-0.1340182,-0.6152752,-0.45453116,-0.14802697,0.44886094,0.5080569,-0.10401829,-0.23876967,-0.27845463,-0.14587162,-0.6240362,-0.4366069,-0.11545964,0.42242867,0.5056914,-0.10350189,-0.2511181,-0.28823784,-0.13069677,-0.6173436,-0.4531633,-0.14610787,0.45642585,0.50546455,-0.10276171,-0.25299945,-0.28908157,-0.12965938,-0.61644244,-0.45457068,-0.14903851,0.45859784,0.3739434,0.13695635,0.47545472,0.39331788,0.15214366,0.45820233,0.39236596,0.14768331,0.46752346,0.39236596,0.14768331,0.46752346
0.9,0.00417602,0.50553393,-0.10297645,-0.2525705,-0.28892446,-0.12984939,-0.6166743,-0.45425066,-0.14833957,0.45814753,0.5024483,-0.09229448,-0.26116636,-0.29160163,-0.1340182,-0.6152752,-0.45453116,-0.14802697,0.44886094,0.5080569,-0.10401829,-0.23876967,-0.27845463,-0.14587162,-0.6240362,-0.4366069,-0.11545964,0.42242867,0.5056914,-0.10350189,-0.2511181,-0.28823784,-0.13069677,-0.6173436,-0.4531633,-0.14610787,0.45642585,0.50546455,-0.10276171,-0.25299945,-0.28908157,-0.12965938,-0.61644244,-0.45457068,-0.14903851,0.45859784,0.3739434,0.13695635,0.47545472,0.39331788,0.15214366,0.45820233,0.39236596,0.14768331,0.46752346,0.39236596,0.14768331,0.46752346
1.0,0.00520122,0.50553393,-0.10297645,-0.2525705,-0.28892446,-0.12984939,-0.6166743,-0.45425066,-0.14833957,0.45814753,0.5024483,-0.09229448,-0.26116636,-0.29160163,-0.1340182,-0.6152752,-0.45453116,-0.14802697,0.44886094,0.5080569,-0.10401829,-0.23876967,-0.27845463,-0.14587162,-0.6240362,-0.4366069,-0.11545964,0.42242867,0.5056914,-0.10350189,-0.2511181,-0.28823784,-0.13069677,-0.6173436,-0.4531633,-0.14610787,0.45642585,0.50546455,-0.10276171,-0.25299945,-0.28908157,-0.12965938,-0.61644244,-0.45457068,-0.14903851,0.45859784,0.3739434,0.13695635,0.47545472,0.39331788,0.15214366,0.45820233,0.39236596,0.14768331,0.46752346,0.39236596,0.14768331,0.46752346
1.25,0.00913498,0.50553393,-0.10297645,-0.2525705,-0.28892446,-0.12984939,-0.6166743,-0.45425066,-0.14833957,0.45814753,0.5024483,-0.09229448,-0.26116636,-0.29160163,-0.1340182,-0.6152752,-0.45453116,-0.14802697,0.44886094,0.5080569,-0.10401829,-0.23876967,-0.27845463,-0.14587162,-0.6240362,-0.4366069,-0.11545964,0.42242867,0.5056914,-0.10350189,-0.2511181,-0.28823784,-0.13069677,-0.6173436,-0.4531633,-0.14610787,0.45642585,0.50546455,-0.10276171,-0.25299945,-0.28908157,-0.12965938,-0.61644244,-0.45457068,-0.14903851,0.45859784,0.3739434,0.13695635,0.47545472,0.39331788,0.15214366,0.45820233,0.39236596,0.14768331,0.46752346,0.39236596,0.14768331,0.46752346
0.3,0.000413409,0.50553393,-0.10297645,-0.2525705,-0.28892446,-0.12984939,-0.6166743,-0.45425066,-0.14833957,0.45814753,0.5024483,-0.09229448,-0.26116636,-0.29160163,-0.1340182,-0.6152752,-0.45453116,-0.14802697,0.44886094,0.5080569,-0.10401829,-0.23876967,-0.27845463,-0.14587162,-0.6240362,-0.4366069,-0.11545964,0.42242867,0.50553393,-0.10297645,-0.2525705,-0.28892446,-0.12984939,-0.6166743,-0.45425066,-0.14833957,0.45814753,0.50546455,-0.10276171,-0.25299945,-0.28908157,-0.12965938,-0.61644244,-0.45457068,-0.14903851,0.45859784,0.3739434,0.13695635,0.47545472,0.39331788,0.15214366,0.45820233,0.39236596,0.14768331,0.46752346,0.39236596,0.14768331,0.46752346
0.5,0.00112773,0.50553393,-0.10297645,-0.2525705,-0.28892446,-0.12984939,-0.6166743,-0.45425066,-0.14833957,0.45814753,0.5024483,-0.09229448,-0.26116636,-0.29160163,-0.1340182,-0.6152752,-0.45453116,-0.14802697,0.44886094,0.5080569,-0.10401829,-0.23876967,-0.27845463,-0.14587162,-0.6240362,-0.4366069,-0.11545964,0.42242867,0.50553393,-0.10297645,-0.2525705,-0.28892446,-0.12984939,-0.6166743,-0.45425066,-0.14833957,0.45814753,0.50546455,-0.10276171,-0.25299945,-0.28908157,-0.12965938,-0.61644244,-0.45457068,-0.14903851,0.45859784,0.3739434,0.13695635,0.47545472,0.39331788,0.15214366,0.45820233,0.39236596,0.14768331,0.46752346,0.39236596,0.14768331,0.46752346
0.75,0.00270134,0.50553393,-0.10297645,-0.2525705,-0.28892446,-0.12984939,-0.6166743,-0.45425066,-0.14833957,0.45814753,0.5024483,-0.09229448,-0.26116636,-0.29160163,-0.1340182,-0.6152752,-0.45453116,-0.14802697,0.44886094,0.5080569,-0.10401829,-0.23876967,-0.27845463,-0.14587162,-0.6240362,-0.4366069,-0.11545964,0.42242867,0.50553393,-0.10297645,-0.2525705,-0.28892446,-0.12984939,-0.6166743,-0.45425066,-0.14833957,0.45814753,0.50546455,-0.10276171,-0.25299945,-0.28908157,-0.12965938,-0.61644244,-0.45457068,-0.14903851,0.45859784,0.3739434,0.13695635,0.47545472,0.39331788,0.15214366,0.45820233,0.39236596,0.14768331,0.46752346,0.39236596,0.14768331,0.46752346
1.0,0.00516215,0.50553393,-0.10297645,-0.2525705,-0.28892446,-0.12984939,-0.6166743,-0.45425066,-0.14833957,0.45814753,0.5024483,-0.09229448,-0.26116636,-0.29160163,-0.1340182,-0.6152752,-0.45453116,-0.14802697,0.44886094,0.5080569,-0.10401829,-0.23876967,-0.27845463,-0.14587162,-0.6240362,-0.4366069,-0.11545964,0.42242867,0.50553393,-0.10297645,-0.2525705,-0.28892446,-0.12984939,-0.6166743,-0.45425066,-0.14833957,0.45814753,0.50546455,-0.10276171,-0.25299945,-0.28908157,-0.12965938,-0.61644244,-0.45457068,-0.14903851,0.45859784,0.3739434,0.13695635,0.47545472,0.39331788,0.15214366,0.45820233,0.39236596,0.14768331,0.46752346,0.39236596,0.14768331,0.46752346
1.25,0.0087757,0.50553393,-0.10297645,-0.2525705,-0.28892446,-0.12984939,-0.6166743,-0.45425066,-0.14833957,0.45814753,0.5024483,-0.09229448,-0.26116636,-0.29160163,-0.1340182,-0.6152752,-0.45453116,-0.14802697,0.44886094,0.5080569,-0.10401829,-0.23876967,-0.27845463,-0.14587162,-0.6240362,-0.4366069,-0.11545964,0.42242867,0.50553393,-0.10297645,-0.2525705,-0.28892446,-0.12984939,-0.6166743,-0.45425066,-0.14833957,0.45814753,0.50546455,-0.10276171,-0.25299945,-0.28908157,-0.12965938,-0.61644244,-0.45457068,-0.14903851,0.45859784,0.3739434,0.13695635,0.47545472,0.39331788,0.15214366,0.45820233,0.39236596,0.14768331,0.46752346,0.39236596,0.14768331,0.46752346
0.05,0.00019773,0.5073142,-0.10536224,-0.24489024,-0.28304064,-0.13724332,-0.6211857,-0.4448344,-0.13019781,0.44087687,0.5024483,-0.09229448,-0.26116636,-0.29160163,-0.1340182,-0.6152752,-0.45453116,-0.14802697,0.44886094,0.5080569,-0.10401829,-0.23876967,-0.27845463,-0.14587162,-0.6240362,-0.4366069,-0.11545964,0.42242867,0.50546455,-0.10276171,-0.25299945,-0.28908157,-0.12965938,-0.61644244,-0.45457068,-0.14903851,0.45859784,0.50546455,-0.10276171,-0.25299945,-0.28908157,-0.12965938,-0.61644244,-0.45457068,-0.14903851,0.45859784,0.38201064,0.14386176,0.4711248,0.37499225,0.11696413,0.473562,0.39236596,0.14768331,0.46752346,0.39236596,0.14768331,0.46752346
0.075,0.000191318,0.5073142,-0.10536224,-0.24489024,-0.28304064,-0.13724332,-0.6211857,-0.4448344,-0.13019781,0.44087687,0.5024483,-0.09229448,-0.26116636,-0.29160163,-0.1340182,-0.6152752,-0.45453116,-0.14802697,0.44886094,0.5080569,-0.10401829,-0.23876967,-0.27845463,-0.14587162,-0.6240362,-0.4366069,-0.11545964,0.42242867,0.50546455,-0.10276171,-0.25299945,-0.28908157,-0.12965938,-0.61644244,-0.45457068,-0.14903851,0.45859784,0.50546455,-0.10276171,-0.25299945,-0.28908157,-0.12965938,-0.61644244,-0.45457068,-0.14903851,0.45859784,0.38201064,0.14386176,0.4711248,0.37499225,0.11696413,0.473562,0.39236596,0.14768331,0.46752346,0.39236596,0.14768331,0.46752346
0.1,0.000212461,0.5073142,-0.10536224,-0.24489024,-0.28304064,-0.13724332,-0.6211857,-0.4448344,-0.13019781,0.44087687,0.5024483,-0.09229448,-0.26116636,-0.29160163,-0.1340182,-0.6152752,-0.45453116,-0.14802697,0.44886094,0.5080569,-0.10401829,-0.23876967,-0.27845463,-0.14587162,-0.6240362,-0.4366069,-0.11545964,0.42242867,0.50546455,-0.10276171,-0.25299945,-0.28908157,-0.12965938,-0.61644244,-0.45457068,-0.14903851,0.45859784,0.50546455,-0.10276171,-0.25299945,-0.28908157,-0.12965938,-0.61644244,-0.45457068,-0.14903851,0.45859784,0.38201064,0.14386176,0.4711248,0.37499225,0.11696413,0.473562,0.39236596,0.14768331,0.46752346,0.39236596,0.14768331,0.46752346
0.2,0.000435053,0.5073142,-0.10536224,-0.24489024,-0.28304064,-0.13724332,-0.6211857,-0.4448344,-0.13019781,0.44087687,0.5024483,-0.09229448,-0.26116636,-0.29160163,-0.1340182,-0.6152752,-0.45453116,-0.14802697,0.44886094,0.5080569,-0.10401829,-0.23876967,-0.27845463,-0.14587162,-0.6240362,-0.4366069,-0.11545964,0.42242867,0.50546455,-0.10276171,-0.25299945,-0.28908157,-0.12965938,-0.61644244,-0.45457068,-0.14903851,0.45859784,0.50546455,-0.10276171,-0.25299945,-0.28908157,-0.12965938,-0.61644244,-0.45457068,-0.14903851,0.45859784,0.38201064,0.14386176,0.4711248,0.37499225,0.11696413,0.473562,0.39236596,0.14768331,0.46752346,0.39236596,0.14768331,0.46752346
0.3,0.000915625,0.5073142,-0.10536224,-0.24489024,-0.28304064,-0.13724332,-0.6211857,-0.4448344,-0.13019781,0.44087687,0.5024483,-0.09229448,-0.26116636,-0.29160163,-0.1340182,-0.6152752,-0.45453116,-0.14802697,0.44886094,0.5080569,-0.10401829,-0.23876967,-0.27845463,-0.14587162,-0.6240362,-0.4366069,-0.11545964,0.42242867,0.50546455,-0.10276171,-0.25299945,-0.28908157,-0.12965938,-0.61644244,-0.45457068,-0.14903851,0.45859784,0.50546455,-0.10276171,-0.25299945,-0.28908157,-0.12965938,-0.61644244,-0.45457068,-0.14903851,0.45859784,0.38201064,0.14386176,0.4711248,0.37499225,0.11696413,0.473562,0.39236596,0.14768331,0.46752346,0.39236596,0.14768331,0.46752346
0.05,0.000177985,0.5073142,-0.10536224,-0.24489024,-0.28304064,-0.13724332,-0.6211857,-0.4448344,-0.13019781,0.44087687,0.5053683,-0.102261566,-0.25376004,-0.28932565,-0.12956445,-0.6160867,-0.4549949,-0.14990255,0.4589394,0.5056773,-0.10341318,-0.25137252,-0.2883713,-0.13054083,-0.6172255,-0.4533734,-0.14653422,0.45676523,0.50546455,-0.10276171,-0.25299945,-0.28908157,-0.12965938,-0.61644244,-0.45457068,-0.14903851,0.45859784,0.50546455,-0.10276171,-0.25299945,-0.28908157,-0.12965938,-0.61644244,-0.45457068,-0.14903851,0.45859784,0.38201064,0.14386176,0.4711248,0.37499225,0.11696413,0.473562,0.39236596,0.14768331,0.46752346,0.39236596,0.14768331,0.46752346
0.075,0.000196962,0.5073142,-0.10536224,-0.24489024,-0.28304064,-0.13724332,-0.6211857,-0.4448344,-0.13019781,0.44087687,0.5053683,-0.102261566,-0.25376004,-0.28932565,-0.12956445,-0.6160867,-0.4549949,-0.14990255,0.4589394,0.5056773,-0.10341318,-0.25137252,-0.2883713,-0.13054083,-0.6172255,-0.4533734,-0.14653422,0.45676523,0.50546455,-0.10276171,-0.25299945,-0.28908157,-0.12965938,-0.61644244,-0.45457068,-0.14903851,0.45859784,0.50546455,-0.10276171,-0.25299945,-0.28908157,-0.12965938,-0.61644244,-0.45457068,-0.14903851,0.45859784,0.38201064,0.14386176,0.4711248,0.37499225,0.11696413,0.473562,0.39236596,0.14768331,0.46752346,0.39236596,0.14768331,0.46752346
0.1,0.000241196,0.5073142,-0.10536224,-0.24489024,-0.28304064,-0.13724332,-0.6211857,-0.4448344,-0.13019781,0.44087687,0.5053683,-0.102261566,-0.25376004,-0.28932565,-0.12956445,-0.6160867,-0.4549949,-0.14990255,0.4589394,0.5056773,-0.10341318,-0.25137252,-0.2883713,-0.13054083,-0.6172255,-0.4533734,-0.14653422,0.45676523,0.50546455,-0.10276171,-0.25299945,-0.28908157,-0.12965938,-0.61644244,-0.45457068,-0.14903851,0.45859784,0.50546455,-0.10276171,-0.25299945,-0.28908157,-0.12965938,-0.61644244,-0.45457068,-0.14903851,0.45859784,0.38201064,0.14386176,0.4711248,0.37499225,0.11696413,0.473562,0.39236596,0.14768331,0.46752346,0.39236596,0.14768331,0.46752346
0.175,0.000364993,0.5073142,-0.10536224,-0.24489024,-0.28304064,-0.13724332,-0.6211857,-0.4448344,-0.13019781,0.44087687,0.5053683,-0.102261566,-0.25376004,-0.28932565,-0.12956445,-0.6160867,-0.4549949,-0.14990255,0.4589394,0.5056773,-0.10341318,-0.25137252,-0.2883713,-0.13054083,-0.6172255,-0.4533734,-0.14653422,0.45676523,0.50546455,-0.10276171,-0.25299945,-0.28908157,-0.12965938,-0.61644244,-0.45457068,-0.14903851,0.45859784,0.50546455,-0.10276171,-0.25299945,-0.28908157,-0.12965938,-0.61644244,-0.45457068,-0.14903851,0.45859784,0.38201064,0.14386176,0.4711248,0.37499225,0.11696413,0.473562,0.39236596,0.14768331,0.46752346,0.39236596,0.14768331,0.46752346
0.25,0.000688589,0.5073142,-0.10536224,-0.24489024,-0.28304064,-0.13724332,-0.6211857,-0.4448344,-0.13019781,0.44087687,0.5053683,-0.102261566,-0.25376004,-0.28932565,-0.12956445,-0.6160867,-0.4549949,-0.14990255,0.4589394,0.5056773,-0.10341318,-0.25137252,-0.2883713,-0.13054083,-0.6172255,-0.4533734,-0.14653422,0.45676523,0.50546455,-0.10276171,-0.25299945,-0.28908157,-0.12965938,-0.61644244,-0.45457068,-0.14903851,0.45859784,0.50546455,-0.10276171,-0.25299945,-0.28908157,-0.12965938,-0.61644244,-0.45457068,-0.14903851,0.45859784,0.38201064,0.14386176,0.4711248,0.37499225,0.11696413,0.473562,0.39236596,0.14768331,0.46752346,0.39236596,0.14768331,0.46752346
0.3,0.00051286,0.5073142,-0.10536224,-0.24489024,-0.28304064,-0.13724332,-0.6211857,-0.4448344,-0.13019781,0.44087687,0.47798985,0.026587179,-0.31868207,-0.2989068,-0.21323088,-0.6155369,-0.42291144,-0.10968163,0.28238532,0.5243772,-0.07215376,-0.106413975,-0.17283925,-0.32917878,-0.6767798,-0.22848882,0.21313713,-0.0332115,0.50546455,-0.10276171,-0.25299945,-0.28908157,-0.12965938,-0.61644244,-0.45457068,-0.14903851,0.45859784,0.50546455,-0.10276171,-0.25299945,-0.28908157,-0.12965938,-0.61644244,-0.45457068,-0.14903851,0.45859784,0.38201064,0.14386176,0.4711248,0.37499225,0.11696413,0.473562,0.39236596,0.14768331,0.46752346,0.39236596,0.14768331,0.46752346
0.5,0.00138391,0.5073142,-0.10536224,-0.24489024,-0.28304064,-0.13724332,-0.6211857,-0.4448344,-0.13019781,0.44087687,0.47798985,0.026587179,-0.31868207,-0.2989068,-0.21323088,-0.6155369,-0.42291144,-0.10968163,0.28238532,0.5243772,-0.07215376,-0.106413975,-0.17283925,-0.32917878,-0.6767798,-0.22848882,0.21313713,-0.0332115,0.50546455,-0.10276171,-0.25299945,-0.28908157,-0.12965938,-0.61644244,-0.45457068,-0.14903851,0.45859784,0.50546455,-0.10276171,-0.25299945,-0.28908157,-0.12965938,-0.61644244,-0.45457068,-0.14903851,0.45859784,0.38201064,0.14386176,0.4711248,0.37499225,0.11696413,0.473562,0.39236596,0.14768331,0.46752346,0.39236596,0.14768331,0.46752346
0.75,0.00344916,0.5073142,-0.10536224,-0.24489024,-0.28304064,-0.13724332,-0.6211857,-0.4448344,-0.13019781,0.44087687,0.47798985,0.026587179,-0.31868207,-0.2989068,-0.21323088,-0.6155369,-0.42291144,-0.10968163,0.28238532,0.5243772,-0.07215376,-0.106413975,-0.17283925,-0.32917878,-0.6767798,-0.22848882,0.21313713,-0.0332115,0.50546455,-0.10276171,-0.25299945,-0.28908157,-0.12965938,-0.61644244,-0.45457068,-0.14903851,0.45859784,0.50546455,-0.10276171,-0.25299945,-0.28908157,-0.12965938,-0.61644244,-0.45457068,-0.14903851,0.45859784,0.38201064,0.14386176,0.4711248,0.37499225,0.11696413,0.473562,0.39236596,0.14768331,0.46752346,0.39236596,0.14768331,0.46752346
0.875,0.00503827,0.5073142,-0.10536224,-0.24489024,-0.28304064,-0.13724332,-0.6211857,-0.4448344,-0.13019781,0.44087687,0.47798985,0.026587179,-0.31868207,-0.2989068,-0.21323088,-0.6155369,-0.42291144,-0.10968163,0.28238532,0.5243772,-0.07215376,-0.106413975,-0.17283925,-0.32917878,-0.6767798,-0.22848882,0.21313713,-0.0332115,0.50546455,-0.10276171,-0.25299945,-0.28908157,-0.12965938,-0.61644244,-0.45457068,-0.14903851,0.45859784,0.50546455,-0.10276171,-0.25299945,-0.28908157,-0.12965938,-0.61644244,-0.45457068,-0.14903851,0.45859784,0.38201064,0.14386176,0.4711248,0.37499225,0.11696413,0.473562,0.39236596,0.14768331,0.46752346,0.39236596,0.14768331,0.46752346
1.0,0.00680907,0.5073142,-0.10536224,-0.24489024,-0.28304064,-0.13724332,-0.6211857,-0.4448344,-0.13019781,0.44087687,0.47798985,0.026587179,-0.31868207,-0.2989068,-0.21323088,-0.6155369,-0.42291144,-0.10968163,0.28238532,0.5243772,-0.07215376,-0.106413975,-0.17283925,-0.32917878,-0.6767798,-0.22848882,0.21313713,-0.0332115,0.50546455,-0.10276171,-0.25299945,-0.28908157,-0.12965938,-0.61644244,-0.45457068,-0.14903851,0.45859784,0.50546455,-0.10276171,-0.25299945,-0.28908157,-0.12965938,-0.61644244,-0.45457068,-0.14903851,0.45859784,0.38201064,0.14386176,0.4711248,0.37499225,0.11696413,0.473562,0.39236596,0.14768331,0.46752346,0.39236596,0.14768331,0.46752346
0.05,0.00018802,0.5073142,-0.10536224,-0.24489024,-0.28304064,-0.13724332,-0.6211857,-0.4448344,-0.13019781,0.44087687,0.5054508,-0.102716595,-0.25308165,-0.28910893,-0.12962712,-0.61639535,-0.454633,-0.14917693,0.45868158,0.5054885,-0.10283986,-0.252857,-0.28903428,-0.12971535,-0.61652386,-0.45446283,-0.14879875,0.4584527,0.50546455,-0.10276171,-0.25299945,-0.28908157,-0.12965938,-0.61644244,-0.45457068,-0.14903851,0.45859784,0.50546455,-0.10276171,-0.25299945,-0.28908157,-0.12965938,-0.61644244,-0.45457068,-0.14903851,0.45859784,0.38201064,0.14386176,0.4711248,0.37499225,0.11696413,0.473562,0.39236596,0.14768331,0.46752346,0.39236596,0.14768331,0.46752346
0.075,0.000189436,0.5073142,-0.10536224,-0.24489024,-0.28304064,-0.13724332,-0.6211857,-0.4448344,-0.13019781,0.44087687,0.5054508,-0.102716595,-0.25308165,-0.28910893,-0.12962712,-0.61639535,-0.454633,-0.14917693,0.45868158,0.5054885,-0.10283986,-0.252857,-0.28903428,-0.12971535,-0.61652386,-0.45446283,-0.14879875,0.4584527,0.50546455,-0.10276171,-0.25299945,-0.28908157,-0.12965938,-0.61644244,-0.45457068,-0.14903851,0.45859784,0.50546455,-0.10276171,-0.25299945,-0.28908157,-0.12965938,-0.61644244,-0.45457068,-0.14903851,0.45859784,0.38201064,0.14386176,0.4711248,0.37499225,0.11696413,0.473562,0.39236596,0.14768331,0.46752346,0.39236596,0.14768331,0.46752346
0.1,0.000226999,0.5073142,-0.10536224,-0.24489024,-0.28304064,-0.13724332,-0.6211857,-0.4448344,-0.13019781,0.44087687,0.5054508,-0.102716595,-0.25308165,-0.28910893,-0.12962712,-0.61639535,-0.454633,-0.14917693,0.45868158,0.5054885,-0.10283986,-0.252857,-0.28903428,-0.12971535,-0.61652386,-0.45446283,-0.14879875,0.4584527,0.50546455,-0.10276171,-0.25299945,-0.28908157,-0.12965938,-0.61644244,-0.45457068,-0.14903851,0.45859784,0.50546455,-0.10276171,-0.25299945,-0.28908157,-0.12965938,-0.61644244,-0.45457068,-0.14903851,0.45859784,0.38201064,0.14386176,0.4711248,0.37499225,0.11696413,0.473562,0.39236596,0.14768331,0.46752346,0.39236596,0.14768331,0.46752346
0.2,0.000462512,0.5073142,-0.10536224,-0.24489024,-0.28304064,-0.13724332,-0.6211857,-0.4448344,-0.13019781,0.44087687,0.5054508,-0.102716595,-0.25308165,-0.28910893,-0.12962712,-0.61639535,-0.454633,-0.14917693,0.45868158,0.5054885,-0.10283986,-0.252857,-0.28903428,-0.12971535,-0.61652386,-0.45446283,-0.14879875,0.4584527,0.50546455,-0.10276171,-0.25299945,-0.28908157,-0.12965938,-0.61644244,-0.45457068,-0.14903851,0.45859784,0.50546455,-0.10276171,-0.25299945,-0.28908157,-0.12965938,-0.61644244,-0.45457068,-0.14903851,0.45859784,0.38201064,0.14386176,0.4711248,0.37499225,0.11696413,0.473562,0.39236596,0.14768331,0.46752346,0.39236596,0.14768331,0.46752346
0.3,0.000985776,0.5073142,-0.10536224,-0.24489024,-0.28304064,-0.13724332,-0.6211857,-0.4448344,-0.13019781,0.44087687,0.5054508,-0.102716595,-0.25308165,-0.28910893,-0.12962712,-0.61639535,-0.454633,-0.14917693,0.45868158,0.5054885,-0.10283986,-0.252857,-0.28903428,-0.12971535,-0.61652386,-0.45446283,-0.14879875,0.4584527,0.50546455,-0.10276171,-0.25299945,-0.28908157,-0.12965938,-0.61644244,-0.45457068,-0.14903851,0.45859784,0.50546455,-0.10276171,-0.25299945,-0.28908157,-0.12965938,-0.61644244,-0.45457068,-0.14903851,0.45859784,0.38201064,0.14386176,0.4711248,0.37499225,0.11696413,0.473562,0.39236596,0.14768331,0.46752346,0.39236596,0.14768331,0.46752346
0.05,0.000174787,0.5073142,-0.10536224,-0.24489024,-0.28304064,-0.13724332,-0.6211857,-0.4448344,-0.13019781,0.44087687,0.5024483,-0.09229448,-0.26116636,-0.29160163,-0.1340182,-0.6152752,-0.45453116,-0.14802697,0.44886094,0.5080569,-0.10401829,-0.23876967,-0.27845463,-0.14587162,-0.6240362,-0.4366069,-0.11545964,0.42242867,0.5056914,-0.10350189,-0.2511181,-0.28823784,-0.13069677,-0.6173436,-0.4531633,-0.14610787,0.45642585,0.50546455,-0.10276171,-0.25299945,-0.28908157,-0.12965938,-0.61644244,-0.45457068,-0.14903851,0.45859784,0.38201064,0.14386176,0.4711248,0.37499225,0.11696413,0.473562,0.39236596,0.14768331,0.46752346,0.39236596,0.14768331,0.46752346
0.075,0.000199349,0.5073142,-0.10536224,-0.24489024,-0.28304064,-0.13724332,-0.6211857,-0.4448344,-0.13019781,0.44087687,0.5024483,-0.09229448,-0.26116636,-0.29160163,-0.1340182,-0.6152752,-0.45453116,-0.14802697,0.44886094,0.5080569,-0.10401829,-0.23876967,-0.27845463,-0.14587162,-0.6240362,-0.4366069,-0.11545964,0.42242867,0.5056914,-0.10350189,-0.2511181,-0.28823784,-0.13069677,-0.6173436,-0.4531633,-0.14610787,0.45642585,0.50546455,-0.10276171,-0.25299945,-0.28908157,-0.12965938,-0.61644244,-0.45457068,-0.14903851,0.45859784,0.38201064,0.14386176,0.4711248,0.37499225,0.11696413,0.473562,0.39236596,0.14768331,0.46752346,0.39236596,0.14768331,0.46752346
0.1,0.000220217,0.5073142,-0.10536224,-0.24489024,-0.28304064,-0.13724332,-0.6211857,-0.4448344,-0.13019781,0.44087687,0.5024483,-0.09229448,-0.26116636,-0.29160163,-0.1340182,-0.6152752,-0.45453116,-0.14802697,0.44886094,0.5080569,-0.10401829,-0.23876967,-0.27845463,-0.14587162,-0.6240362,-0.4366069,-0.11545964,0.42242867,0.5056914,-0.10350189,-0.2511181,-0.28823784,-0.13069677,-0.6173436,-0.4531633,-0.14610787,0.45642585,0.50546455,-0.10276171,-0.25299945,-0.28908157,-0.12965938,-0.61644244,-0.45457068,-0.14903851,0.45859784,0.38201064,0.14386176,0.4711248,0.37499225,0.11696413,0.473562,0.39236596,0.14768331,0.46752346,0.39236596,0.14768331,0.46752346
0.15,0.00028658,0.5073142,-0.10536224,-0.24489024,-0.28304064,-0.13724332,-0.6211857,-0.4448344,-0.13019781,0.44087687,0.5024483,-0.09229448,-0.26116636,-0.29160163,-0.1340182,-0.6152752,-0.45453116,-0.14802697,0.44886094,0.5080569,-0.10401829,-0.23876967,-0.27845463,-0.14587162,-0.6240362,-0.4366069,-0.11545964,0.42242867,0.5056914,-0.10350189,-0.2511181,-0.28823784,-0.13069677,-0.6173436,-0.4531633,-0.14610787,0.45642585,0.50546455,-0.10276171,-0.25299945,-0.28908157,-0.12965938,-0.61644244,-0.45457068,-0.14903851,0.45859784,0.38201064,0.14386176,0.4711248,0.37499225,0.11696413,0.473562,0.39236596,0.14768331,0.46752346,0.39236596,0.14768331,0.46752346
0.2,0.00041875,0.5073142,-0.10536224,-0.24489024,-0.28304064,-0.13724332,-0.6211857,-0.4448344,-0.13019781,0.44087687,0.5024483,-0.09229448,-0.26116636,-0.29160163,-0.1340182,-0.6152752,-0.45453116,-0.14802697,0.44886094,0.5080569,-0.10401829,-0.23876967,-0.27845463,-0.14587162,-0.6240362,-0.4366069,-0.11545964,0.42242867,0.5056914,-0.10350189,-0.2511181,-0.28823784,-0.13069677,-0.6173436,-0.4531633,-0.14610787,0.45642585,0.50546455,-0.10276171,-0.25299945,-0.28908157,-0.12965938,-0.61644244,-0.45457068,-0.14903851,0.45859784,0.38201064,0.14386176,0.4711248,0.37499225,0.11696413,0.473562,0.39236596,0.14768331,0.46752346,0.39236596,0.14768331,0.46752346
0.05,0.00017846,0.5073142,-0.10536224,-0.24489024,-0.28304064,-0.13724332,-0.6211857,-0.4448344,-0.13019781,0.44087687,0.5024483,-0.09229448,-0.26116636,-0.29160163,-0.1340182,-0.6152752,-0.45453116,-0.14802697,0.44886094,0.5080569,-0.10401829,-0.23876967,-0.27845463,-0.14587162,-0.6240362,-0.4366069,-0.11545964,0.42242867,0.5073142,-0.10536224,-0.24489024,-0.28304064,-0.13724332,-0.6211857,-0.4448344,-0.13019781,0.44087687,0.50546455,-0.10276171,-0.25299945,-0.28908157,-0.12965938,-0.61644244,-0.45457068,-0.14903851,0.45859784,0.38201064,0.14386176,0.4711248,0.37499225,0.11696413,0.473562,0.39236596,0.14768331,0.46752346,0.39236596,0.14768331,0.46752346
0.0625,0.000190828,0.5073142,-0.10536224,-0.24489024,-0.28304064,-0.13724332,-0.6211857,-0.4448344,-0.13019781,0.44087687,0.5024483,-0.09229448,-0.26116636,-0.29160163,-0.1340182,-0.6152752,-0.45453116,-0.14802697,0.44886094,0.5080569,-0.10401829,-0.23876967,-0.27845463,-0.14587162,-0.6240362,-0.4366069,-0.11545964,0.42242867,0.5073142,-0.10536224,-0.24489024,-0.28304064,-0.13724332,-0.6211857,-0.4448344,-0.13019781,0.44087687,0.50546455,-0.10276171,-0.25299945,-0.28908157,-0.12965938,-0.61644244,-0.45457068,-0.14903851,0.45859784,0.38201064,0.14386176,0.4711248,0.37499225,0.11696413,0.473562,0.39236596,0.14768331,0.46752346,0.39236596,0.14768331,0.46752346
0.075,0.000233231,0.5073142,-0.10536224,-0.24489024,-0.28304064,-0.13724332,-0.6211857,-0.4448344,-0.13019781,0.44087687,0.5024483,-0.09229448,-0.26116636,-0.29160163,-0.1340182,-0.6152752,-0.45453116,-0.14802697,0.44886094,0.5080569,-0.10401829,-0.23876967,-0.27845463,-0.14587162,-0.6240362,-0.4366069,-0.11545964,0.42242867,0.5073142,-0.10536224,-0.24489024,-0.28304064,-0.13724332,-0.6211857,-0.4448344,-0.13019781,0.44087687,0.50546455,-0.10276171,-0.25299945,-0.28908157,-0.12965938,-0.61644244,-0.45457068,-0.14903851,0.45859784,0.38201064,0.14386176,0.4711248,0.37499225,0.11696413,0.473562,0.39236596,0.14768331,0.46752346,0.39236596,0.14768331,0.46752346
0.0875,0.000213785,0.5073142,-0.10536224,-0.24489024,-0.28304064,-0.13724332,-0.6211857,-0.4448344,-0.13019781,0.44087687,0.5024483,-0.09229448,-0.26116636,-0.29160163,-0.1340182,-0.6152752,-0.45453116,-0.14802697,0.44886094,0.5080569,-0.10401829,-0.23876967,-0.27845463,-0.14587162,-0.6240362,-0.4366069,-0.11545964,0.42242867,0.5073142,-0.10536224,-0.24489024,-0.28304064,-0.13724332,-0.6211857,-0.4448344,-0.13019781,0.44087687,0.50546455,-0.10276171,-0.25299945,-0.28908157,-0.12965938,-0.61644244,-0.45457068,-0.14903851,0.45859784,0.38201064,0.14386176,0.4711248,0.37499225,0.11696413,0.473562,0.39236596,0.14768331,0.46752346,0.39236596,0.14768331,0.46752346
0.1,0.00022249,0.5073142,-0.10536224,-0.24489024,-0.28304064,-0.13724332,-0.6211857,-0.4448344,-0.13019781,0.44087687,0.5024483,-0.09229448,-0.26116636,-0.29160163,-0.1340182,-0.6152752,-0.45453116,-0.14802697,0.44886094,0.5080569,-0.10401829,-0.23876967,-0.27845463,-0.14587162,-0.6240362,-0.4366069,-0.11545964,0.42242867,0.5073142,-0.10536224,-0.24489024,-0.28304064,-0.13724332,-0.6211857,-0.4448344,-0.13019781,0.44087687,0.50546455,-0.10276171,-0.25299945,-0.28908157,-0.12965938,-0.61644244,-0.45457068,-0.14903851,0.45859784,0.38201064,0.14386176,0.4711248,0.37499225,0.11696413,0.473562,0.39236596,0.14768331,0.46752346,0.39236596,0.14768331,0.46752346
2.0,189.341,0.50546527,-0.10276396,-0.25299528,-0.28908026,-0.12966096,-0.6164447,-0.45456758,-0.1490316,0.4585936,0.5024483,-0.09229448,-0.26116636,-0.29160163,-0.1340182,-0.6152752,-0.45453116,-0.14802697,0.44886094,0.5080569,-0.10401829,-0.23876967,-0.27845463,-0.14587162,-0.6240362,-0.4366069,-0.11545964,0.42242867,0.50546455,-0.10276171,-0.25299945,-0.28908157,-0.12965938,-0.61644244,-0.45457068,-0.14903851,0.45859784,0.50546455,-0.10276171,-0.25299945,-0.28908157,-0.12965938,-0.61644244,-0.45457068,-0.14903851,0.45859784,0.38256818,0.13646759,0.46402225,0.39236596,0.14768331,0.46752346,0.39236596,0.14768331,0.46752346,0.39236596,0.14768331,0.46752346
3.0,190.142,0.50546527,-0.10276396,-0.25299528,-0.28908026,-0.12966096,-0.6164447,-0.45456758,-0.1490316,0.4585936,0.5024483,-0.09229448,-0.26116636,-0.29160163,-0.1340182,-0.6152752,-0.45453116,-0.14802697,0.44886094,0.5080569,-0.10401829,-0.23876967,-0.27845463,-0.14587162,-0.6240362,-0.4366069,-0.11545964,0.42242867,0.50546455,-0.10276171,-0.25299945,-0.28908157,-0.12965938,-0.61644244,-0.45457068,-0.14903851,0.45859784,0.50546455,-0.10276171,-0.25299945,-0.28908157,-0.12965938,-0.61644244,-0.45457068,-0.14903851,0.45859784,0.38256818,0.13646759,0.46402225,0.39236596,0.14768331,0.46752346,0.39236596,0.14768331,0.46752346,0.39236596,0.14768331,0.46752346
5.0,185.532,0.50546527,-0.10276396,-0.25299528,-0.28908026,-0.12966096,-0.6164447,-0.45456758,-0.1490316,0.4585936,0.5024483,-0.09229448,-0.26116636,-0.29160163,-0.1340182,-0.6152752,-0.45453116,-0.14802697,0.44886094,0.5080569,-0.10401829,-0.23876967,-0.27845463,-0.14587162,-0.6240362,-0.4366069,-0.11545964,0.42242867,0.50546455,-0.10276171,-0.25299945,-0.28908157,-0.12965938,-0.61644244,-0.45457068,-0.14903851,0.45859784,0.50546455,-0.10276171,-0.25299945,-0.28908157,-0.12965938,-0.61644244,-0.45457068,-0.14903851,0.45859784,0.38256818,0.13646759,0.46402225,0.39236596,0.14768331,0.46752346,0.39236596,0.14768331,0.46752346,0.39236596,0.14768331,0.46752346
10.0,177.646,0.50546527,-0.10276396,-0.25299528,-0.28908026,-0.12966096,-0.6164447,-0.45456758,-0.1490316,0.4585936,0.5024483,-0.09229448,-0.26116636,-0.29160163,-0.1340182,-0.6152752,-0.45453116,-0.14802697,0.44886094,0.5080569,-0.10401829,-0.23876967,-0.27845463,-0.14587162,-0.6240362,-0.4366069,-0.11545964,0.42242867,0.50546455,-0.10276171,-0.25299945,-0.28908157,-0.12965938,-0.61644244,-0.45457068,-0.14903851,0.45859784,0.50546455,-0.10276171,-0.25299945,-0.28908157,-0.12965938,-0.61644244,-0.45457068,-0.14903851,0.45859784,0.38256818,0.13646759,0.46402225,0.39236596,0.14768331,0.46752346,0.39236596,0.14768331,0.46752346,0.39236596,0.14768331,0.46752346
20.0,168.09,0.50546527,-0.10276396,-0.25299528,-0.28908026,-0.12966096,-0.6164447,-0.45456758,-0.1490316,0.4585936,0.5024483,-0.09229448,-0.26116636,-0.29160163,-0.1340182,-0.6152752,-0.45453116,-0.14802697,0.44886094,0.5080569,-0.10401829,-0.23876967,-0.27845463,-0.14587162,-0.6240362,-0.4366069,-0.11545964,0.42242867,0.50546455,-0.10276171,-0.25299945,-0.28908157,-0.12965938,-0.61644244,-0.45457068,-0.14903851,0.45859784,0.50546455,-0.10276171,-0.25299945,-0.28908157,-0.12965938,-0.61644244,-0.45457068,-0.14903851,0.45859784,0.38256818,0.13646759,0.46402225,0.39236596,0.14768331,0.46752346,0.39236596,0.14768331,0.46752346,0.39236596,0.14768331,0.46752346
2.5,0.600627,0.50546527,-0.10276396,-0.25299528,-0.28908026,-0.12966096,-0.6164447,-0.45456758,-0.1490316,0.4585936,0.5053683,-0.102261566,-0.25376004,-0.28932565,-0.12956445,-0.6160867,-0.4549949,-0.14990255,0.4589394,0.5056773,-0.10341318,-0.25137252,-0.2883713,-0.13054083,-0.6172255,-0.4533734,-0.14653422,0.45676523,0.50546455,-0.10276171,-0.25299945,-0.28908157,-0.12965938,-0.61644244,-0.45457068,-0.14903851,0.45859784,0.50546455,-0.10276171,-0.25299945,-0.28908157,-0.12965938,-0.61644244,-0.45457068,-0.14903851,0.45859784,0.38256818,0.13646759,0.46402225,0.39236596,0.14768331,0.46752346,0.39236596,0.14768331,0.46752346,0.39236596,0.14768331,0.46752346
5.0,0.704343,0.50546527,-0.10276396,-0.25299528,-0.28908026,-0.12966096,-0.6164447,-0.45456758,-0.1490316,0.4585936,0.5053683,-0.102261566,-0.25376004,-0.28932565,-0.12956445,-0.6160867,-0.4549949,-0.14990255,0.4589394,0.5056773,-0.10341318,-0.25137252,-0.2883713,-0.13054083,-0.6172255,-0.4533734,-0.14653422,0.45676523,0.50546455,-0.10276171,-0.25299945,-0.28908157,-0.12965938,-0.61644244,-0.45457068,-0.14903851,0.45859784,0.50546455,-0.10276171,-0.25299945,-0.28908157,-0.12965938,-0.61644244,-0.45457068,-0.14903851,0.45859784,0.38256818,0.13646759,0.46402225,0.39236596,0.14768331,0.46752346,0.39236596,0.14768331,0.46752346,0.39236596,0.14768331,0.46752346
10.0,1.38551,0.50546527,-0.10276396,-0.25299528,-0.28908026,-0.12966096,-0.6164447,-0.45456758,-0.1490316,0.4585936,0.5053683,-0.102261566,-0.25376004,-0.28932565,-0.12956445,-0.6160867,-0.4549949,-0.14990255,0.4589394,0.5056773,-0.10341318,-0.25137252,-0.2883713,-0.13054083,-0.6172255,-0.4533734,-0.14653422,0.45676523,0.50546455,-0.10276171,-0.25299945,-0.28908157,-0.12965938,-0.61644244,-0.45457068,-0.14903851,0.45859784,0.50546455,-0.10276171,-0.25299945,-0.28908157,-0.12965938,-0.61644244,-0.45457068,-0.14903851,0.45859784,0.38256818,0.13646759,0.46402225,0.39236596,0.14768331,0.46752346,0.39236596,0.14768331,0.46752346,0.39236596,0.14768331,0.46752346
17.5,4.72489,0.50546527,-0.10276396,-0.25299528,-0.28908026,-0.12966096,-0.6164447,-0.45456758,-0.1490316,0.4585936,0.5053683,-0.102261566,-0.25376004,-0.28932565,-0.12956445,-0.6160867,-0.4549949,-0.14990255,0.4589394,0.5056773,-0.10341318,-0.25137252,-0.2883713,-0.13054083,-0.6172255,-0.4533734,-0.14653422,0.45676523,0.50546455,-0.10276171,-0.25299945,-0.28908157,-0.12965938,-0.61644244,-0.45457068,-0.14903851,0.45859784,0.50546455,-0.10276171,-0.25299945,-0.28908157,-0.12965938,-0.61644244,-0.45457068,-0.14903851,0.45859784,0.38256818,0.13646759,0.46402225,0.39236596,0.14768331,0.46752346,0.39236596,0.14768331,0.46752346,0.39236596,0.14768331,0.46752346
25.0,12.6258,0.50546527,-0.10276396,-0.25299528,-0.28908026,-0.12966096,-0.6164447,-0.45456758,-0.1490316,0.4585936,0.5053683,-0.102261566,-0.25376004,-0.28932565,-0.12956445,-0.6160867,-0.4549949,-0.14990255,0.4589394,0.5056773,-0.10341318,-0.25137252,-0.2883713,-0.13054083,-0.6172255,-0.4533734,-0.14653422,0.45676523,0.50546455,-0.10276171,-0.25299945,-0.28908157,-0.12965938,-0.61644244,-0.45457068,-0.14903851,0.45859784,0.50546455,-0.10276171,-0.25299945,-0.28908157,-0.12965938,-0.61644244,-0.45457068,-0.14903851,0.45859784,0.38256818,0.13646759,0.46402225,0.39236596,0.14768331,0.46752346,0.39236596,0.14768331,0.46752346,0.39236596,0.14768331,0.46752346
0.75,0.530278,0.50546527,-0.10276396,-0.25299528,-0.28908026,-0.12966096,-0.6164447,-0.45456758,-0.1490316,0.4585936,0.5054508,-0.102716595,-0.25308165,-0.28910893,-0.12962712,-0.61639535,-0.454633,-0.14917693,0.45868158,0.5054885,-0.10283986,-0.252857,-0.28903428,-0.12971535,-0.61652386,-0.45446283,-0.14879875,0.4584527,0.50546455,-0.10276171,-0.25299945,-0.28908157,-0.12965938,-0.61644244,-0.45457068,-0.14903851,0.45859784,0.50546455,-0.10276171,-0.25299945,-0.28908157,-0.12965938,-0.61644244,-0.45457068,-0.14903851,0.45859784,0.38256818,0.13646759,0.46402225,0.39236596,0.14768331,0.46752346,0.39236596,0.14768331,0.46752346,0.39236596,0.14768331,0.46752346
1.0,0.496889,0.50546527,-0.10276396,-0.25299528,-0.28908026,-0.12966096,-0.6164447,-0.45456758,-0.1490316,0.4585936,0.5054508,-0.102716595,-0.25308165,-0.28910893,-0.12962712,-0.61639535,-0.454633,-0.14917693,0.45868158,0.5054885,-0.10283986,-0.252857,-0.28903428,-0.12971535,-0.61652386,-0.45446283,-0.14879875,0.4584527,0.50546455,-0.10276171,-0.25299945,-0.28908157,-0.12965938,-0.61644244,-0.45457068,-0.14903851,0.45859784,0.50546455,-0.10276171,-0.25299945,-0.28908157,-0.12965938,-0.61644244,-0.45457068,-0.14903851,0.45859784,0.38256818,0.13646759,0.46402225,0.39236596,0.14768331,0.46752346,0.39236596,0.14768331,0.46752346,0.39236596,0.14768331,0.46752346
1.25,0.502554,0.50546527,-0.10276396,-0.25299528,-0.28908026,-0.12966096,-0.6164447,-0.45456758,-0.1490316,0.4585936,0.5054508,-0.102716595,-0.25308165,-0.28910893,-0.12962712,-0.61639535,-0.454633,-0.14917693,0.45868158,0.5054885,-0.10283986,-0.252857,-0.28903428,-0.12971535,-0.61652386,-0.45446283,-0.14879875,0.4584527,0.50546455,-0.10276171,-0.25299945,-0.28908157,-0.12965938,-0.61644244,-0.45457068,-0.14903851,0.45859784,0.50546455,-0.10276171,-0.25299945,-0.28908157,-0.12965938,-0.61644244,-0.45457068,-0.14903851,0.45859784,0.38256818,0.13646759,0.46402225,0.39236596,0.14768331,0.46752346,0.39236596,0.14768331,0.46752346,0.39236596,0.14768331,0.46752346
2.0,0.545125,0.50546527,-0.10276396,-0.25299528,-0.28908026,-0.12966096,-0.6164447,-0.45456758,-0.1490316,0.4585936,0.5054508,-0.102716595,-0.25308165,-0.28910893,-0.12962712,-0.61639535,-0.454633,-0.14917693,0.45868158,0.5054885,-0.10283986,-0.252857,-0.28903428,-0.12971535,-0.61652386,-0.45446283,-0.14879875,0.4584527,0.50546455,-0.10276171,-0.25299945,-0.28908157,-0.12965938,-0.61644244,-0.45457068,-0.14903851,0.45859784,0.50546455,-0.10276171,-0.25299945,-0.28908157,-0.12965938,-0.61644244,-0.45457068,-0.14903851,0.45859784,0.38256818,0.13646759,0.46402225,0.39236596,0.14768331,0.46752346,0.39236596,0.14768331,0.46752346,0.39236596,0.14768331,0.46752346
2.5,0.653622,0.50546527,-0.10276396,-0.25299528,-0.28908026,-0.12966096,-0.6164447,-0.45456758,-0.1490316,0.4585936,0.5054508,-0.102716595,-0.25308165,-0.28910893,-0.12962712,-0.61639535,-0.454633,-0.14917693,0.45868158,0.5054885,-0.10283986,-0.252857,-0.28903428,-0.12971535,-0.61652386,-0.45446283,-0.14879875,0.4584527,0.50546455,-0.10276171,-0.25299945,-0.28908157,-0.12965938,-0.61644244,-0.45457068,-0.14903851,0.45859784,0.50546455,-0.10276171,-0.25299945,-0.28908157,-0.12965938,-0.61644244,-0.45457068,-0.14903851,0.45859784,0.38256818,0.13646759,0.46402225,0.39236596,0.14768331,0.46752346,0.39236596,0.14768331,0.46752346,0.39236596,0.14768331,0.46752346
2.0,160.081,0.50546527,-0.10276396,-0.25299528,-0.28908026,-0.12966096,-0.6164447,-0.45456758,-0.1490316,0.4585936,0.5024483,-0.09229448,-0.26116636,-0.29160163,-0.1340182,-0.6152752,-0.45453116,-0.14802697,0.44886094,0.5080569,-0.10401829,-0.23876967,-0.27845463,-0.14587162,-0.6240362,-0.4366069,-0.11545964,0.42242867,0.5056914,-0.10350189,-0.2511181,-0.28823784,-0.13069677,-0.6173436,-0.4531633,-0.14610787,0.45642585,0.50546455,-0.10276171,-0.25299945,-0.28908157,-0.12965938,-0.61644244,-0.45457068,-0.14903851,0.45859784,0.38256818,0.13646759,0.46402225,0.39236596,0.14768331,0.46752346,0.39236596,0.14768331,0.46752346,0.39236596,0.14768331,0.46752346
3.0,155.307,0.50546527,-0.10276396,-0.25299528,-0.28908026,-0.12966096,-0.6164447,-0.45456758,-0.1490316,0.4585936,0.5024483,-0.09229448,-0.26116636,-0.29160163,-0.1340182,-0.6152752,-0.45453116,-0.14802697,0.44886094,0.5080569,-0.10401829,-0.23876967,-0.27845463,-0.14587162,-0.6240362,-0.4366069,-0.11545964,0.42242867,0.5056914,-0.10350189,-0.2511181,-0.28823784,-0.13069677,-0.6173436,-0.4531633,-0.14610787,0.45642585,0.50546455,-0.10276171,-0.25299945,-0.28908157,-0.12965938,-0.61644244,-0.45457068,-0.14903851,0.45859784,0.38256818,0.13646759,0.46402225,0.39236596,0.14768331,0.46752346,0.39236596,0.14768331,0.46752346,0.39236596,0.14768331,0.46752346
5.0,153.748,0.50546527,-0.10276396,-0.25299528,-0.28908026,-0.12966096,-0.6164447,-0.45456758,-0.1490316,0.4585936,0.5024483,-0.09229448,-0.26116636,-0.29160163,-0.1340182,-0.6152752,-0.45453116,-0.14802697,0.44886094,0.5080569,-0.10401829,-0.23876967,-0.27845463,-0.14587162,-0.6240362,-0.4366069,-0.11545964,0.42242867,0.5056914,-0.10350189,-0.2511181,-0.28823784,-0.13069677,-0.6173436,-0.4531633,-0.14610787,0.45642585,0.50546455,-0.10276171,-0.25299945,-0.28908157,-0.12965938,-0.61644244,-0.45457068,-0.14903851,0.45859784,0.38256818,0.13646759,0.46402225,0.39236596,0.14768331,0.46752346,0.39236596,0.14768331,0.46752346,0.39236596,0.14768331,0.46752346
10.0,146.79,0.50546527,-0.10276396,-0.25299528,-0.28908026,-0.12966096,-0.6164447,-0.45456758,-0.1490316,0.4585936,0.5024483,-0.09229448,-0.26116636,-0.29160163,-0.1340182,-0.6152752,-0.45453116,-0.14802697,0.44886094,0.5080569,-0.10401829,-0.23876967,-0.27845463,-0.14587162,-0.6240362,-0.4366069,-0.11545964,0.42242867,0.5056914,-0.10350189,-0.2511181,-0.28823784,-0.13069677,-0.6173436,-0.4531633,-0.14610787,0.45642585,0.50546455,-0.10276171,-0.25299945,-0.28908157,-0.12965938,-0.61644244,-0.45457068,-0.14903851,0.45859784,0.38256818,0.13646759,0.46402225,0.39236596,0.14768331,0.46752346,0.39236596,0.14768331,0.46752346,0.39236596,0.14768331,0.46752346
20.0,137.657,0.50546527,-0.10276396,-0.25299528,-0.28908026,-0.12966096,-0.6164447,-0.45456758,-0.1490316,0.4585936,0.5024483,-0.09229448,-0.26116636,-0.29160163,-0.1340182,-0.6152752,-0.45453116,-0.14802697,0.44886094,0.5080569,-0.10401829,-0.23876967,-0.27845463,-0.14587162,-0.6240362,-0.4366069,-0.11545964,0.42242867,0.5056914,-0.10350189,-0.2511181,-0.28823784,-0.13069677,-0.6173436,-0.4531633,-0.14610787,0.45642585,0.50546455,-0.10276171,-0.25299945,-0.28908157,-0.12965938,-0.61644244,-0.45457068,-0.14903851,0.45859784,0.38256818,0.13646759,0.46402225,0.39236596,0.14768331,0.46752346,0.39236596,0.14768331,0.46752346,0.39236596,0.14768331,0.46752346
5.0,186.009,0.50546527,-0.10276396,-0.25299528,-0.28908026,-0.12966096,-0.6164447,-0.45456758,-0.1490316,0.4585936,0.5024483,-0.09229448,-0.26116636,-0.29160163,-0.1340182,-0.6152752,-0.45453116,-0.14802697,0.44886094,0.5080569,-0.10401829,-0.23876967,-0.27845463,-0.14587162,-0.6240362,-0.4366069,-0.11545964,0.42242867,0.50546527,-0.10276396,-0.25299528,-0.28908026,-0.12966096,-0.6164447,-0.45456758,-0.1490316,0.4585936,0.50546455,-0.10276171,-0.25299945,-0.28908157,-0.12965938,-0.61644244,-0.45457068,-0.14903851,0.45859784,0.38256818,0.13646759,0.46402225,0.39236596,0.14768331,0.46752346,0.39236596,0.14768331,0.46752346,0.39236596,0.14768331,0.46752346
10.0,178.182,0.50546527,-0.10276396,-0.25299528,-0.28908026,-0.12966096,-0.6164447,-0.45456758,-0.1490316,0.4585936,0.5024483,-0.09229448,-0.26116636,-0.29160163,-0.1340182,-0.6152752,-0.45453116,-0.14802697,0.44886094,0.5080569,-0.10401829,-0.23876967,-0.27845463,-0.14587162,-0.6240362,-0.4366069,-0.11545964,0.42242867,0.50546527,-0.10276396,-0.25299528,-0.28908026,-0.12966096,-0.6164447,-0.45456758,-0.1490316,0.4585936,0.50546455,-0.10276171,-0.25299945,-0.28908157,-0.12965938,-0.61644244,-0.45457068,-0.14903851,0.45859784,0.38256818,0.13646759,0.46402225,0.39236596,0.14768331,0.46752346,0.39236596,0.14768331,0.46752346,0.39236596,0.14768331,0.46752346
50.0,166.728,0.50546527,-0.10276396,-0.25299528,-0.28908026,-0.12966096,-0.6164447,-0.45456758,-0.1490316,0.4585936,0.5024483,-0.09229448,-0.26116636,-0.29160163,-0.1340182,-0.6152752,-0.45453116,-0.14802697,0.44886094,0.5080569,-0.10401829,-0.23876967,-0.27845463,-0.14587162,-0.6240362,-0.4366069,-0.11545964,0.42242867,0.50546527,-0.10276396,-0.25299528,-0.28908026,-0.12966096,-0.6164447,-0.45456758,-0.1490316,0.4585936,0.50546455,-0.10276171,-0.25299945,-0.28908157,-0.12965938,-0.61644244,-0.45457068,-0.14903851,0.45859784,0.38256818,0.13646759,0.46402225,0.39236596,0.14768331,0.46752346,0.39236596,0.14768331,0.46752346,0.39236596,0.14768331,0.46752346
75.0,178.02,0.50546527,-0.10276396,-0.25299528,-0.28908026,-0.12966096,-0.6164447,-0.45456758,-0.1490316,0.4585936,0.5024483,-0.09229448,-0.26116636,-0.29160163,-0.1340182,-0.6152752,-0.45453116,-0.14802697,0.44886094,0.5080569,-0.10401829,-0.23876967,-0.27845463,-0.14587162,-0.6240362,-0.4366069,-0.11545964,0.42242867,0.50546527,-0.10276396,-0.25299528,-0.28908026,-0.12966096,-0.6164447,-0.45456758,-0.1490316,0.4585936,0.50546455,-0.10276171,-0.25299945,-0.28908157,-0.12965938,-0.61644244,-0.45457068,-0.14903851,0.45859784,0.38256818,0.13646759,0.46402225,0.39236596,0.14768331,0.46752346,0.39236596,0.14768331,0.46752346,0.39236596,0.14768331,0.46752346
100.0,265.27,0.50546527,-0.10276396,-0.25299528,-0.28908026,-0.12966096,-0.6164447,-0.45456758,-0.1490316,0.4585936,0.5024483,-0.09229448,-0.26116636,-0.29160163,-0.1340182,-0.6152752,-0.45453116,-0.14802697,0.44886094,0.5080569,-0.10401829,-0.23876967,-0.27845463,-0.14587162,-0.6240362,-0.4366069,-0.11545964,0.42242867,0.50546527,-0.10276396,-0.25299528,-0.28908026,-0.12966096,-0.6164447,-0.45456758,-0.1490316,0.4585936,0.50546455,-0.10276171,-0.25299945,-0.28908157,-0.12965938,-0.61644244,-0.45457068,-0.14903851,0.45859784,0.38256818,0.13646759,0.46402225,0.39236596,0.14768331,0.46752346,0.39236596,0.14768331,0.46752346,0.39236596,0.14768331,0.46752346
0.3,0.625934,0.50553393,-0.10297645,-0.2525705,-0.28892446,-0.12984939,-0.6166743,-0.45425066,-0.14833957,0.45814753,0.5024483,-0.09229448,-0.26116636,-0.29160163,-0.1340182,-0.6152752,-0.45453116,-0.14802697,0.44886094,0.5080569,-0.10401829,-0.23876967,-0.27845463,-0.14587162,-0.6240362,-0.4366069,-0.11545964,0.42242867,0.50546455,-0.10276171,-0.25299945,-0.28908157,-0.12965938,-0.61644244,-0.45457068,-0.14903851,0.45859784,0.50546455,-0.10276171,-0.25299945,-0.28908157,-0.12965938,-0.61644244,-0.45457068,-0.14903851,0.45859784,0.38256818,0.13646759,0.46402225,0.39236596,0.14768331,0.46752346,0.39236596,0.14768331,0.46752346,0.39236596,0.14768331,0.46752346
0.5,0.525968,0.50553393,-0.10297645,-0.2525705,-0.28892446,-0.12984939,-0.6166743,-0.45425066,-0.14833957,0.45814753,0.5024483,-0.09229448,-0.26116636,-0.29160163,-0.1340182,-0.6152752,-0.45453116,-0.14802697,0.44886094,0.5080569,-0.10401829,-0.23876967,-0.27845463,-0.14587162,-0.6240362,-0.4366069,-0.11545964,0.42242867,0.50546455,-0.10276171,-0.25299945,-0.28908157,-0.12965938,-0.61644244,-0.45457068,-0.14903851,0.45859784,0.50546455,-0.10276171,-0.25299945,-0.28908157,-0.12965938,-0.61644244,-0.45457068,-0.14903851,0.45859784,0.38256818,0.13646759,0.46402225,0.39236596,0.14768331,0.46752346,0.39236596,0.14768331,0.46752346,0.39236596,0.14768331,0.46752346
1.0,0.498465,0.50553393,-0.10297645,-0.2525705,-0.28892446,-0.12984939,-0.6166743,-0.45425066,-0.14833957,0.45814753,0.5024483,-0.09229448,-0.26116636,-0.29160163,-0.1340182,-0.6152752,-0.45453116,-0.14802697,0.44886094,0.5080569,-0.10401829,-0.23876967,-0.27845463,-0.14587162,-0.6240362,-0.4366069,-0.11545964,0.42242867,0.50546455,-0.10276171,-0.25299945,-0.28908157,-0.12965938,-0.61644244,-0.45457068,-0.14903851,0.45859784,0.50546455,-0.10276171,-0.25299945,-0.28908157,-0.12965938,-0.61644244,-0.45457068,-0.14903851,0.45859784,0.38256818,0.13646759,0.46402225,0.39236596,0.14768331,0.46752346,0.39236596,0.14768331,0.46752346,0.39236596,0.14768331,0.46752346
2.0,0.532923,0.50553393,-0.10297645,-0.2525705,-0.28892446,-0.12984939,-0.6166743,-0.45425066,-0.14833957,0.45814753,0.5024483,-0.09229448,-0.26116636,-0.29160163,-0.1340182,-0.6152752,-0.45453116,-0.14802697,0.44886094,0.5080569,-0.10401829,-0.23876967,-0.27845463,-0.14587162,-0.6240362,-0.4366069,-0.11545964,0.42242867,0.50546455,-0.10276171,-0.25299945,-0.28908157,-0.12965938,-0.61644244,-0.45457068,-0.14903851,0.45859784,0.50546455,-0.10276171,-0.25299945,-0.28908157,-0.12965938,-0.61644244,-0.45457068,-0.14903851,0.45859784,0.38256818,0.13646759,0.46402225,0.39236596,0.14768331,0.46752346,0.39236596,0.14768331,0.46752346,0.39236596,0.14768331,0.46752346
3.0,0.607722,0.50553393,-0.10297645,-0.2525705,-0.28892446,-0.12984939,-0.6166743,-0.45425066,-0.14833957,0.45814753,0.5024483,-0.09229448,-0.26116636,-0.29160163,-0.1340182,-0.6152752,-0.45453116,-0.14802697,0.44886094,0.5080569,-0.10401829,-0.23876967,-0.27845463,-0.14587162,-0.6240362,-0.4366069,-0.11545964,0.42242867,0.50546455,-0.10276171,-0.25299945,-0.28908157,-0.12965938,-0.61644244,-0.45457068,-0.14903851,0.45859784,0.50546455,-0.10276171,-0.25299945,-0.28908157,-0.12965938,-0.61644244,-0.45457068,-0.14903851,0.45859784,0.38256818,0.13646759,0.46402225,0.39236596,0.14768331,0.46752346,0.39236596,0.14768331,0.46752346,0.39236596,0.14768331,0.46752346
0.2,0.489593,0.50553393,-0.10297645,-0.2525705,-0.28892446,-0.12984939,-0.6166743,-0.45425066,-0.14833957,0.45814753,0.5053683,-0.102261566,-0.25376004,-0.28932565,-0.12956445,-0.6160867,-0.4549949,-0.14990255,0.4589394,0.5056773,-0.10341318,-0.25137252,-0.2883713,-0.13054083,-0.6172255,-0.4533734,-0.14653422,0.45676523,0.50546455,-0.10276171,-0.25299945,-0.28908157,-0.12965938,-0.61644244,-0.45457068,-0.14903851,0.45859784,0.50546455,-0.10276171,-0.25299945,-0.28908157,-0.12965938,-0.61644244,-0.45457068,-0.14903851,0.45859784,0.38256818,0.13646759,0.46402225,0.39236596,0.14768331,0.46752346,0.39236596,0.14768331,0.46752346,0.39236596,0.14768331,0.46752346
0.3,0.565459,0.50553393,-0.10297645,-0.2525705,-0.28892446,-0.12984939,-0.6166743,-0.45425066,-0.14833957,0.45814753,0.5053683,-0.102261566,-0.25376004,-0.28932565,-0.12956445,-0.6160867,-0.4549949,-0.14990255,0.4589394,0.5056773,-0.10341318,-0.25137252,-0.2883713,-0.13054083,-0.6172255,-0.4533734,-0.14653422,0.45676523,0.50546455,-0.10276171,-0.25299945,-0.28908157,-0.12965938,-0.61644244,-0.45457068,-0.14903851,0.45859784,0.50546455,-0.10276171,-0.25299945,-0.28908157,-0.12965938,-0.61644244,-0.45457068,-0.14903851,0.45859784,0.38256818,0.13646759,0.46402225,0.39236596,0.14768331,0.46752346,0.39236596,0.14768331,0.46752346,0.39236596,0.14768331,0.46752346
0.5,0.674529,0.50553393,-0.10297645,-0.2525705,-0.28892446,-0.12984939,-0.6166743,-0.45425066,-0.14833957,0.45814753,0.5053683,-0.102261566,-0.25376004,-0.28932565,-0.12956445,-0.6160867,-0.4549949,-0.14990255,0.4589394,0.5056773,-0.10341318,-0.25137252,-0.2883713,-0.13054083,-0.6172255,-0.4533734,-0.14653422,0.45676523,0.50546455,-0.10276171,-0.25299945,-0.28908157,-0.12965938,-0.61644244,-0.45457068,-0.14903851,0.45859784,0.50546455,-0.10276171,-0.25299945,-0.28908157,-0.12965938,-0.61644244,-0.45457068,-0.14903851,0.45859784,0.38256818,0.13646759,0.46402225,0.39236596,0.14768331,0.46752346,0.39236596,0.14768331,0.46752346,0.39236596,0.14768331,0.46752346
0.75,0.496121,0.50553393,-0.10297645,-0.2525705,-0.28892446,-0.12984939,-0.6166743,-0.45425066,-0.14833957,0.45814753,0.5053683,-0.102261566,-0.25376004,-0.28932565,-0.12956445,-0.6160867,-0.4549949,-0.14990255,0.4589394,0.5056773,-0.10341318,-0.25137252,-0.2883713,-0.13054083,-0.6172255,-0.4533734,-0.14653422,0.45676523,0.50546455,-0.10276171,-0.25299945,-0.28908157,-0.12965938,-0.61644244,-0.45457068,-0.14903851,0.45859784,0.50546455,-0.10276171,-0.25299945,-0.28908157,-0.12965938,-0.61644244,-0.45457068,-0.14903851,0.45859784,0.38256818,0.13646759,0.46402225,0.39236596,0.14768331,0.46752346,0.39236596,0.14768331,0.46752346,0.39236596,0.14768331,0.46752346
1.0,0.523125,0.50553393,-0.10297645,-0.2525705,-0.28892446,-0.12984939,-0.6166743,-0.45425066,-0.14833957,0.45814753,0.5053683,-0.102261566,-0.25376004,-0.28932565,-0.12956445,-0.6160867,-0.4549949,-0.14990255,0.4589394,0.5056773,-0.10341318,-0.25137252,-0.2883713,-0.13054083,-0.6172255,-0.4533734,-0.14653422,0.45676523,0.50546455,-0.10276171,-0.25299945,-0.28908157,-0.12965938,-0.61644244,-0.45457068,-0.14903851,0.45859784,0.50546455,-0.10276171,-0.25299945,-0.28908157,-0.12965938,-0.61644244,-0.45457068,-0.14903851,0.45859784,0.38256818,0.13646759,0.46402225,0.39236596,0.14768331,0.46752346,0.39236596,0.14768331,0.46752346,0.39236596,0.14768331,0.46752346
1.5,0.613091,0.50553393,-0.10297645,-0.2525705,-0.28892446,-0.12984939,-0.6166743,-0.45425066,-0.14833957,0.45814753,0.47798985,0.026587179,-0.31868207,-0.2989068,-0.21323088,-0.6155369,-0.42291144,-0.10968163,0.28238532,0.5243772,-0.07215376,-0.106413975,-0.17283925,-0.32917878,-0.6767798,-0.22848882,0.21313713,-0.0332115,0.50546455,-0.10276171,-0.25299945,-0.28908157,-0.12965938,-0.61644244,-0.45457068,-0.14903851,0.45859784,0.50546455,-0.10276171,-0.25299945,-0.28908157,-0.12965938,-0.61644244,-0.45457068,-0.14903851,0.45859784,0.38256818,0.13646759,0.46402225,0.39236596,0.14768331,0.46752346,0.39236596,0.14768331,0.46752346,0.39236596,0.14768331,0.46752346
3.0,0.686289,0.50553393,-0.10297645,-0.2525705,-0.28892446,-0.12984939,-0.6166743,-0.45425066,-0.14833957,0.45814753,0.47798985,0.026587179,-0.31868207,-0.2989068,-0.21323088,-0.6155369,-0.42291144,-0.10968163,0.28238532,0.5243772,-0.07215376,-0.106413975,-0.17283925,-0.32917878,-0.6767798,-0.22848882,0.21313713,-0.0332115,0.50546455,-0.10276171,-0.25299945,-0.28908157,-0.12965938,-0.61644244,-0.45457068,-0.14903851,0.45859784,0.50546455,-0.10276171,-0.25299945,-0.28908157,-0.12965938,-0.61644244,-0.45457068,-0.14903851,0.45859784,0.38256818,0.13646759,0.46402225,0.39236596,0.14768331,0.46752346,0.39236596,0.14768331,0.46752346,0.39236596,0.14768331,0.46752346
5.0,0.658287,0.50553393,-0.10297645,-0.2525705,-0.28892446,-0.12984939,-0.6166743,-0.45425066,-0.14833957,0.45814753,0.47798985,0.026587179,-0.31868207,-0.2989068,-0.21323088,-0.6155369,-0.42291144,-0.10968163,0.28238532,0.5243772,-0.07215376,-0.106413975,-0.17283925,-0.32917878,-0.6767798,-0.22848882,0.21313713,-0.0332115,0.50546455,-0.10276171,-0.25299945,-0.28908157,-0.12965938,-0.61644244,-0.45457068,-0.14903851,0.45859784,0.50546455,-0.10276171,-0.25299945,-0.28908157,-0.12965938,-0.61644244,-0.45457068,-0.14903851,0.45859784,0.38256818,0.13646759,0.46402225,0.39236596,0.14768331,0.46752346,0.39236596,0.14768331,0.46752346,0.39236596,0.14768331,0.46752346
10.0,1.39383,0.50553393,-0.10297645,-0.2525705,-0.28892446,-0.12984939,-0.6166743,-0.45425066,-0.14833957,0.45814753,0.47798985,0.026587179,-0.31868207,-0.2989068,-0.21323088,-0.6155369,-0.42291144,-0.10968163,0.28238532,0.5243772,-0.07215376,-0.106413975,-0.17283925,-0.32917878,-0.6767798,-0.22848882,0.21313713,-0.0332115,0.50546455,-0.10276171,-0.25299945,-0.28908157,-0.12965938,-0.61644244,-0.45457068,-0.14903851,0.45859784,0.50546455,-0.10276171,-0.25299945,-0.28908157,-0.12965938,-0.61644244,-0.45457068,-0.14903851,0.45859784,0.38256818,0.13646759,0.46402225,0.39236596,0.14768331,0.46752346,0.39236596,0.14768331,0.46752346,0.39236596,0.14768331,0.46752346
20.0,6.79686,0.50553393,-0.10297645,-0.2525705,-0.28892446,-0.12984939,-0.6166743,-0.45425066,-0.14833957,0.45814753,0.47798985,0.026587179,-0.31868207,-0.2989068,-0.21323088,-0.6155369,-0.42291144,-0.10968163,0.28238532,0.5243772,-0.07215376,-0.106413975,-0.17283925,-0.32917878,-0.6767798,-0.22848882,0.21313713,-0.0332115,0.50546455,-0.10276171,-0.25299945,-0.28908157,-0.12965938,-0.61644244,-0.45457068,-0.14903851,0.45859784,0.50546455,-0.10276171,-0.25299945,-0.28908157,-0.12965938,-0.61644244,-0.45457068,-0.14903851,0.45859784,0.38256818,0.13646759,0.46402225,0.39236596,0.14768331,0.46752346,0.39236596,0.14768331,0.46752346,0.39236596,0.14768331,0.46752346
0.075,0.531345,0.50553393,-0.10297645,-0.2525705,-0.28892446,-0.12984939,-0.6166743,-0.45425066,-0.14833957,0.45814753,0.5054508,-0.102716595,-0.25308165,-0.28910893,-0.12962712,-0.61639535,-0.454633,-0.14917693,0.45868158,0.5054885,-0.10283986,-0.252857,-0.28903428,-0.12971535,-0.61652386,-0.45446283,-0.14879875,0.4584527,0.50546455,-0.10276171,-0.25299945,-0.28908157,-0.12965938,-0.61644244,-0.45457068,-0.14903851,0.45859784,0.50546455,-0.10276171,-0.25299945,-0.28908157,-0.12965938,-0.61644244,-0.45457068,-0.14903851,0.45859784,0.38256818,0.13646759,0.46402225,0.39236596,0.14768331,0.46752346,0.39236596,0.14768331,0.46752346,0.39236596,0.14768331,0.46752346
0.1,0.496667,0.50553393,-0.10297645,-0.2525705,-0.28892446,-0.12984939,-0.6166743,-0.45425066,-0.14833957,0.45814753,0.5054508,-0.102716595,-0.25308165,-0.28910893,-0.12962712,-0.61639535,-0.454633,-0.14917693,0.45868158,0.5054885,-0.10283986,-0.252857,-0.28903428,-0.12971535,-0.61652386,-0.45446283,-0.14879875,0.4584527,0.50546455,-0.10276171,-0.25299945,-0.28908157,-0.12965938,-0.61644244,-0.45457068,-0.14903851,0.45859784,0.50546455,-0.10276171,-0.25299945,-0.28908157,-0.12965938,-0.61644244,-0.45457068,-0.14903851,0.45859784,0.38256818,0.13646759,0.46402225,0.39236596,0.14768331,0.46752346,0.39236596,0.14768331,0.46752346,0.39236596,0.14768331,0.46752346
0.3,0.579196,0.50553393,-0.10297645,-0.2525705,-0.28892446,-0.12984939,-0.6166743,-0.45425066,-0.14833957,0.45814753,0.5054508,-0.102716595,-0.25308165,-0.28910893,-0.12962712,-0.61639535,-0.454633,-0.14917693,0.45868158,0.5054885,-0.10283986,-0.252857,-0.28903428,-0.12971535,-0.61652386,-0.45446283,-0.14879875,0.4584527,0.50546455,-0.10276171,-0.25299945,-0.28908157,-0.12965938,-0.61644244,-0.45457068,-0.14903851,0.45859784,0.50546455,-0.10276171,-0.25299945,-0.28908157,-0.12965938,-0.61644244,-0.45457068,-0.14903851,0.45859784,0.38256818,0.13646759,0.46402225,0.39236596,0.14768331,0.46752346,0.39236596,0.14768331,0.46752346,0.39236596,0.14768331,0.46752346
0.5,0.506375,0.50553393,-0.10297645,-0.2525705,-0.28892446,-0.12984939,-0.6166743,-0.45425066,-0.14833957,0.45814753,0.5054508,-0.102716595,-0.25308165,-0.28910893,-0.12962712,-0.61639535,-0.454633,-0.14917693,0.45868158,0.5054885,-0.10283986,-0.252857,-0.28903428,-0.12971535,-0.61652386,-0.45446283,-0.14879875,0.4584527,0.50546455,-0.10276171,-0.25299945,-0.28908157,-0.12965938,-0.61644244,-0.45457068,-0.14903851,0.45859784,0.50546455,-0.10276171,-0.25299945,-0.28908157,-0.12965938,-0.61644244,-0.45457068,-0.14903851,0.45859784,0.38256818,0.13646759,0.46402225,0.39236596,0.14768331,0.46752346,0.39236596,0.14768331,0.46752346,0.39236596,0.14768331,0.46752346
1.0,0.553335,0.50553393,-0.10297645,-0.2525705,-0.28892446,-0.12984939,-0.6166743,-0.45425066,-0.14833957,0.45814753,0.5054508,-0.102716595,-0.25308165,-0.28910893,-0.12962712,-0.61639535,-0.454633,-0.14917693,0.45868158,0.5054885,-0.10283986,-0.252857,-0.28903428,-0.12971535,-0.61652386,-0.45446283,-0.14879875,0.4584527,0.50546455,-0.10276171,-0.25299945,-0.28908157,-0.12965938,-0.61644244,-0.45457068,-0.14903851,0.45859784,0.50546455,-0.10276171,-0.25299945,-0.28908157,-0.12965938,-0.61644244,-0.45457068,-0.14903851,0.45859784,0.38256818,0.13646759,0.46402225,0.39236596,0.14768331,0.46752346,0.39236596,0.14768331,0.46752346,0.39236596,0.14768331,0.46752346
0.5,0.514412,0.50553393,-0.10297645,-0.2525705,-0.28892446,-0.12984939,-0.6166743,-0.45425066,-0.14833957,0.45814753,0.5024483,-0.09229448,-0.26116636,-0.29160163,-0.1340182,-0.6152752,-0.45453116,-0.14802697,0.44886094,0.5080569,-0.10401829,-0.23876967,-0.27845463,-0.14587162,-0.6240362,-0.4366069,-0.11545964,0.42242867,0.5056914,-0.10350189,-0.2511181,-0.28823784,-0.13069677,-0.6173436,-0.4531633,-0.14610787,0.45642585,0.50546455,-0.10276171,-0.25299945,-0.28908157,-0.12965938,-0.61644244,-0.45457068,-0.14903851,0.45859784,0.38256818,0.13646759,0.46402225,0.39236596,0.14768331,0.46752346,0.39236596,0.14768331,0.46752346,0.39236596,0.14768331,0.46752346
0.75,0.487293,0.50553393,-0.10297645,-0.2525705,-0.28892446,-0.12984939,-0.6166743,-0.45425066,-0.14833957,0.45814753,0.5024483,-0.09229448,-0.26116636,-0.29160163,-0.1340182,-0.6152752,-0.45453116,-0.14802697,0.44886094,0.5080569,-0.10401829,-0.23876967,-0.27845463,-0.14587162,-0.6240362,-0.4366069,-0.11545964,0.42242867,0.5056914,-0.10350189,-0.2511181,-0.28823784,-0.13069677,-0.6173436,-0.4531633,-0.14610787,0.45642585,0.50546455,-0.10276171,-0.25299945,-0.28908157,-0.12965938,-0.61644244,-0.45457068,-0.14903851,0.45859784,0.38256818,0.13646759,0.46402225,0.39236596,0.14768331,0.46752346,0.39236596,0.14768331,0.46752346,0.39236596,0.14768331,0.46752346
0.9,0.560856,0.50553393,-0.10297645,-0.2525705,-0.28892446,-0.12984939,-0.6166743,-0.45425066,-0.14833957,0.45814753,0.5024483,-0.09229448,-0.26116636,-0.29160163,-0.1340182,-0.6152752,-0.45453116,-0.14802697,0.44886094,0.5080569,-0.10401829,-0.23876967,-0.27845463,-0.14587162,-0.6240362,-0.4366069,-0.11545964,0.42242867,0.5056914,-0.10350189,-0.2511181,-0.28823784,-0.13069677,-0.6173436,-0.4531633,-0.14610787,0.45642585,0.50546455,-0.10276171,-0.25299945,-0.28908157,-0.12965938,-0.61644244,-0.45457068,-0.14903851,0.45859784,0.38256818,0.13646759,0.46402225,0.39236596,0.14768331,0.46752346,0.39236596,0.14768331,0.46752346,0.39236596,0.14768331,0.46752346
1.0,0.522024,0.50553393,-0.10297645,-0.2525705,-0.28892446,-0.12984939,-0.6166743,-0.45425066,-0.14833957,0.45814753,0.5024483,-0.09229448,-0.26116636,-0.29160163,-0.1340182,-0.6152752,-0.45453116,-0.14802697,0.44886094,0.5080569,-0.10401829,-0.23876967,-0.27845463,-0.14587162,-0.6240362,-0.4366069,-0.11545964,0.42242867,0.5056914,-0.10350189,-0.2511181,-0.28823784,-0.13069677,-0.6173436,-0.4531633,-0.14610787,0.45642585,0.50546455,-0.10276171,-0.25299945,-0.28908157,-0.12965938,-0.61644244,-0.45457068,-0.14903851,0.45859784,0.38256818,0.13646759,0.46402225,0.39236596,0.14768331,0.46752346,0.39236596,0.14768331,0.46752346,0.39236596,0.14768331,0.46752346
1.25,0.56306,0.50553393,-0.10297645,-0.2525705,-0.28892446,-0.12984939,-0.6166743,-0.45425066,-0.14833957,0.45814753,0.5024483,-0.09229448,-0.26116636,-0.29160163,-0.1340182,-0.6152752,-0.45453116,-0.14802697,0.44886094,0.5080569,-0.10401829,-0.23876967,-0.27845463,-0.14587162,-0.6240362,-0.4366069,-0.11545964,0.42242867,0.5056914,-0.10350189,-0.2511181,-0.28823784,-0.13069677,-0.6173436,-0.4531633,-0.14610787,0.45642585,0.50546455,-0.10276171,-0.25299945,-0.28908157,-0.12965938,-0.61644244,-0.45457068,-0.14903851,0.45859784,0.38256818,0.13646759,0.46402225,0.39236596,0.14768331,0.46752346,0.39236596,0.14768331,0.46752346,0.39236596,0.14768331,0.46752346
0.3,0.502808,0.50553393,-0.10297645,-0.2525705,-0.28892446,-0.12984939,-0.6166743,-0.45425066,-0.14833957,0.45814753,0.5024483,-0.09229448,-0.26116636,-0.29160163,-0.1340182,-0.6152752,-0.45453116,-0.14802697,0.44886094,0.5080569,-0.10401829,-0.23876967,-0.27845463,-0.14587162,-0.6240362,-0.4366069,-0.11545964,0.42242867,0.50553393,-0.10297645,-0.2525705,-0.28892446,-0.12984939,-0.6166743,-0.45425066,-0.14833957,0.45814753,0.50546455,-0.10276171,-0.25299945,-0.28908157,-0.12965938,-0.61644244,-0.45457068,-0.14903851,0.45859784,0.38256818,0.13646759,0.46402225,0.39236596,0.14768331,0.46752346,0.39236596,0.14768331,0.46752346,0.39236596,0.14768331,0.46752346
0.5,0.477326,0.50553393,-0.10297645,-0.2525705,-0.28892446,-0.12984939,-0.6166743,-0.45425066,-0.14833957,0.45814753,0.5024483,-0.09229448,-0.26116636,-0.29160163,-0.1340182,-0.6152752,-0.45453116,-0.14802697,0.44886094,0.5080569,-0.10401829,-0.23876967,-0.27845463,-0.14587162,-0.6240362,-0.4366069,-0.11545964,0.42242867,0.50553393,-0.10297645,-0.2525705,-0.28892446,-0.12984939,-0.6166743,-0.45425066,-0.14833957,0.45814753,0.50546455,-0.10276171,-0.25299945,-0.28908157,-0.12965938,-0.61644244,-0.45457068,-0.14903851,0.45859784,0.38256818,0.13646759,0.46402225,0.39236596,0.14768331,0.46752346,0.39236596,0.14768331,0.46752346,0.39236596,0.14768331,0.46752346
0.75,0.508705,0.50553393,-0.10297645,-0.2525705,-0.28892446,-0.12984939,-0.6166743,-0.45425066,-0.14833957,0.45814753,0.5024483,-0.09229448,-0.26116636,-0.29160163,-0.1340182,-0.6152752,-0.45453116,-0.14802697,0.44886094,0.5080569,-0.10401829,-0.23876967,-0.27845463,-0.14587162,-0.6240362,-0.4366069,-0.11545964,0.42242867,0.50553393,-0.10297645,-0.2525705,-0.28892446,-0.12984939,-0.6166743,-0.45425066,-0.14833957,0.45814753,0.50546455,-0.10276171,-0.25299945,-0.28908157,-0.12965938,-0.61644244,-0.45457068,-0.14903851,0.45859784,0.38256818,0.13646759,0.46402225,0.39236596,0.14768331,0.46752346,0.39236596,0.14768331,0.46752346,0.39236596,0.14768331,0.46752346
1.0,0.480486,0.50553393,-0.10297645,-0.2525705,-0.28892446,-0.12984939,-0.6166743,-0.45425066,-0.14833957,0.45814753,0.5024483,-0.09229448,-0.26116636,-0.29160163,-0.1340182,-0.6152752,-0.45453116,-0.14802697,0.44886094,0.5080569,-0.10401829,-0.23876967,-0.27845463,-0.14587162,-0.6240362,-0.4366069,-0.11545964,0.42242867,0.50553393,-0.10297645,-0.2525705,-0.28892446,-0.12984939,-0.6166743,-0.45425066,-0.14833957,0.45814753,0.50546455,-0.10276171,-0.25299945,-0.28908157,-0.12965938,-0.61644244,-0.45457068,-0.14903851,0.45859784,0.38256818,0.13646759,0.46402225,0.39236596,0.14768331,0.46752346,0.39236596,0.14768331,0.46752346,0.39236596,0.14768331,0.46752346
1.25,0.50094,0.50553393,-0.10297645,-0.2525705,-0.28892446,-0.12984939,-0.6166743,-0.45425066,-0.14833957,0.45814753,0.5024483,-0.09229448,-0.26116636,-0.29160163,-0.1340182,-0.6152752,-0.45453116,-0.14802697,0.44886094,0.5080569,-0.10401829,-0.23876967,-0.27845463,-0.14587162,-0.6240362,-0.4366069,-0.11545964,0.42242867,0.50553393,-0.10297645,-0.2525705,-0.28892446,-0.12984939,-0.6166743,-0.45425066,-0.14833957,0.45814753,0.50546455,-0.10276171,-0.25299945,-0.28908157,-0.12965938,-0.61644244,-0.45457068,-0.14903851,0.45859784,0.38256818,0.13646759,0.46402225,0.39236596,0.14768331,0.46752346,0.39236596,0.14768331,0.46752346,0.39236596,0.14768331,0.46752346
0.075,0.574651,0.5073142,-0.10536224,-0.24489024,-0.28304064,-0.13724332,-0.6211857,-0.4448344,-0.13019781,0.44087687,0.5024483,-0.09229448,-0.26116636,-0.29160163,-0.1340182,-0.6152752,-0.45453116,-0.14802697,0.44886094,0.5080569,-0.10401829,-0.23876967,-0.27845463,-0.14587162,-0.6240362,-0.4366069,-0.11545964,0.42242867,0.50546455,-0.10276171,-0.25299945,-0.28908157,-0.12965938,-0.61644244,-0.45457068,-0.14903851,0.45859784,0.50546455,-0.10276171,-0.25299945,-0.28908157,-0.12965938,-0.61644244,-0.45457068,-0.14903851,0.45859784,0.38257486,0.13647497,0.46402448,0.39236596,0.14768331,0.46752346,0.39236596,0.14768331,0.46752346,0.39219332,0.14748022,0.46745735
0.1,0.579874,0.5073142,-0.10536224,-0.24489024,-0.28304064,-0.13724332,-0.6211857,-0.4448344,-0.13019781,0.44087687,0.5024483,-0.09229448,-0.26116636,-0.29160163,-0.1340182,-0.6152752,-0.45453116,-0.14802697,0.44886094,0.5080569,-0.10401829,-0.23876967,-0.27845463,-0.14587162,-0.6240362,-0.4366069,-0.11545964,0.42242867,0.50546455,-0.10276171,-0.25299945,-0.28908157,-0.12965938,-0.61644244,-0.45457068,-0.14903851,0.45859784,0.50546455,-0.10276171,-0.25299945,-0.28908157,-0.12965938,-0.61644244,-0.45457068,-0.14903851,0.45859784,0.38257486,0.13647497,0.46402448,0.39236596,0.14768331,0.46752346,0.39236596,0.14768331,0.46752346,0.39219332,0.14748022,0.46745735
0.15,0.54412,0.5073142,-0.10536224,-0.24489024,-0.28304064,-0.13724332,-0.6211857,-0.4448344,-0.13019781,0.44087687,0.5024483,-0.09229448,-0.26116636,-0.29160163,-0.1340182,-0.6152752,-0.45453116,-0.14802697,0.44886094,0.5080569,-0.10401829,-0.23876967,-0.27845463,-0.14587162,-0.6240362,-0.4366069,-0.11545964,0.42242867,0.50546455,-0.10276171,-0.25299945,-0.28908157,-0.12965938,-0.61644244,-0.45457068,-0.14903851,0.45859784,0.50546455,-0.10276171,-0.25299945,-0.28908157,-0.12965938,-0.61644244,-0.45457068,-0.14903851,0.45859784,0.38257486,0.13647497,0.46402448,0.39236596,0.14768331,0.46752346,0.39236596,0.14768331,0.46752346,0.39219332,0.14748022,0.46745735
0.2,0.568332,0.5073142,-0.10536224,-0.24489024,-0.28304064,-0.13724332,-0.6211857,-0.4448344,-0.13019781,0.44087687,0.5024483,-0.09229448,-0.26116636,-0.29160163,-0.1340182,-0.6152752,-0.45453116,-0.14802697,0.44886094,0.5080569,-0.10401829,-0.23876967,-0.27845463,-0.14587162,-0.6240362,-0.4366069,-0.11545964,0.42242867,0.50546455,-0.10276171,-0.25299945,-0.28908157,-0.12965938,-0.61644244,-0.45457068,-0.14903851,0.45859784,0.50546455,-0.10276171,-0.25299945,-0.28908157,-0.12965938,-0.61644244,-0.45457068,-0.14903851,0.45859784,0.38257486,0.13647497,0.46402448,0.39236596,0.14768331,0.46752346,0.39236596,0.14768331,0.46752346,0.39219332,0.14748022,0.46745735
0.3,0.57859,0.5073142,-0.10536224,-0.24489024,-0.28304064,-0.13724332,-0.6211857,-0.4448344,-0.13019781,0.44087687,0.5024483,-0.09229448,-0.26116636,-0.29160163,-0.1340182,-0.6152752,-0.45453116,-0.14802697,0.44886094,0.5080569,-0.10401829,-0.23876967,-0.27845463,-0.14587162,-0.6240362,-0.4366069,-0.11545964,0.42242867,0.50546455,-0.10276171,-0.25299945,-0.28908157,-0.12965938,-0.61644244,-0.45457068,-0.14903851,0.45859784,0.50546455,-0.10276171,-0.25299945,-0.28908157,-0.12965938,-0.61644244,-0.45457068,-0.14903851,0.45859784,0.38257486,0.13647497,0.46402448,0.39236596,0.14768331,0.46752346,0.39236596,0.14768331,0.46752346,0.39219332,0.14748022,0.46745735
0.075,0.528726,0.5073142,-0.10536224,-0.24489024,-0.28304064,-0.13724332,-0.6211857,-0.4448344,-0.13019781,0.44087687,0.5053683,-0.102261566,-0.25376004,-0.28932565,-0.12956445,-0.6160867,-0.4549949,-0.14990255,0.4589394,0.5056773,-0.10341318,-0.25137252,-0.2883713,-0.13054083,-0.6172255,-0.4533734,-0.14653422,0.45676523,0.50546455,-0.10276171,-0.25299945,-0.28908157,-0.12965938,-0.61644244,-0.45457068,-0.14903851,0.45859784,0.50546455,-0.10276171,-0.25299945,-0.28908157,-0.12965938,-0.61644244,-0.45457068,-0.14903851,0.45859784,0.38257486,0.13647497,0.46402448,0.39236596,0.14768331,0.46752346,0.39236596,0.14768331,0.46752346,0.39219332,0.14748022,0.46745735
0.1,0.500482,0.5073142,-0.10536224,-0.24489024,-0.28304064,-0.13724332,-0.6211857,-0.4448344,-0.13019781,0.44087687,0.5053683,-0.102261566,-0.25376004,-0.28932565,-0.12956445,-0.6160867,-0.4549949,-0.14990255,0.4589394,0.5056773,-0.10341318,-0.25137252,-0.2883713,-0.13054083,-0.6172255,-0.4533734,-0.14653422,0.45676523,0.50546455,-0.10276171,-0.25299945,-0.28908157,-0.12965938,-0.61644244,-0.45457068,-0.14903851,0.45859784,0.50546455,-0.10276171,-0.25299945,-0.28908157,-0.12965938,-0.61644244,-0.45457068,-0.14903851,0.45859784,0.38257486,0.13647497,0.46402448,0.39236596,0.14768331,0.46752346,0.39236596,0.14768331,0.46752346,0.39219332,0.14748022,0.46745735
0.14,0.502985,0.5073142,-0.10536224,-0.24489024,-0.28304064,-0.13724332,-0.6211857,-0.4448344,-0.13019781,0.44087687,0.5053683,-0.102261566,-0.25376004,-0.28932565,-0.12956445,-0.6160867,-0.4549949,-0.14990255,0.4589394,0.5056773,-0.10341318,-0.25137252,-0.2883713,-0.13054083,-0.6172255,-0.4533734,-0.14653422,0.45676523,0.50546455,-0.10276171,-0.25299945,-0.28908157,-0.12965938,-0.61644244,-0.45457068,-0.14903851,0.45859784,0.50546455,-0.10276171,-0.25299945,-0.28908157,-0.12965938,-0.61644244,-0.45457068,-0.14903851,0.45859784,0.38257486,0.13647497,0.46402448,0.39236596,0.14768331,0.46752346,0.39236596,0.14768331,0.46752346,0.39219332,0.14748022,0.46745735
0.175,0.564196,0.5073142,-0.10536224,-0.24489024,-0.28304064,-0.13724332,-0.6211857,-0.4448344,-0.13019781,0.44087687,0.5053683,-0.102261566,-0.25376004,-0.28932565,-0.12956445,-0.6160867,-0.4549949,-0.14990255,0.4589394,0.5056773,-0.10341318,-0.25137252,-0.2883713,-0.13054083,-0.6172255,-0.4533734,-0.14653422,0.45676523,0.50546455,-0.10276171,-0.25299945,-0.28908157,-0.12965938,-0.61644244,-0.45457068,-0.14903851,0.45859784,0.50546455,-0.10276171,-0.25299945,-0.28908157,-0.12965938,-0.61644244,-0.45457068,-0.14903851,0.45859784,0.38257486,0.13647497,0.46402448,0.39236596,0.14768331,0.46752346,0.39236596,0.14768331,0.46752346,0.39219332,0.14748022,0.46745735
0.25,0.512125,0.5073142,-0.10536224,-0.24489024,-0.28304064,-0.13724332,-0.6211857,-0.4448344,-0.13019781,0.44087687,0.5053683,-0.102261566,-0.25376004,-0.28932565,-0.12956445,-0.6160867,-0.4549949,-0.14990255,0.4589394,0.5056773,-0.10341318,-0.25137252,-0.2883713,-0.13054083,-0.6172255,-0.4533734,-0.14653422,0.45676523,0.50546455,-0.10276171,-0.25299945,-0.28908157,-0.12965938,-0.61644244,-0.45457068,-0.14903851,0.45859784,0.50546455,-0.10276171,-0.25299945,-0.28908157,-0.12965938,-0.61644244,-0.45457068,-0.14903851,0.45859784,0.38257486,0.13647497,0.46402448,0.39236596,0.14768331,0.46752346,0.39236596,0.14768331,0.46752346,0.39219332,0.14748022,0.46745735
0.3,0.477423,0.5073142,-0.10536224,-0.24489024,-0.28304064,-0.13724332,-0.6211857,-0.4448344,-0.13019781,0.44087687,0.47798985,0.026587179,-0.31868207,-0.2989068,-0.21323088,-0.6155369,-0.42291144,-0.10968163,0.28238532,0.5243772,-0.07215376,-0.106413975,-0.17283925,-0.32917878,-0.6767798,-0.22848882,0.21313713,-0.0332115,0.50546455,-0.10276171,-0.25299945,-0.28908157,-0.12965938,-0.61644244,-0.45457068,-0.14903851,0.45859784,0.50546455,-0.10276171,-0.25299945,-0.28908157,-0.12965938,-0.61644244,-0.45457068,-0.14903851,0.45859784,0.38257486,0.13647497,0.46402448,0.39236596,0.14768331,0.46752346,0.39236596,0.14768331,0.46752346,0.39219332,0.14748022,0.46745735
0.5,0.471483,0.5073142,-0.10536224,-0.24489024,-0.28304064,-0.13724332,-0.6211857,-0.4448344,-0.13019781,0.44087687,0.47798985,0.026587179,-0.31868207,-0.2989068,-0.21323088,-0.6155369,-0.42291144,-0.10968163,0.28238532,0.5243772,-0.07215376,-0.106413975,-0.17283925,-0.32917878,-0.6767798,-0.22848882,0.21313713,-0.0332115,0.50546455,-0.10276171,-0.25299945,-0.28908157,-0.12965938,-0.61644244,-0.45457068,-0.14903851,0.45859784,0.50546455,-0.10276171,-0.25299945,-0.28908157,-0.12965938,-0.61644244,-0.45457068,-0.14903851,0.45859784,0.38257486,0.13647497,0.46402448,0.39236596,0.14768331,0.46752346,0.39236596,0.14768331,0.46752346,0.39219332,0.14748022,0.46745735
0.75,0.541201,0.5073142,-0.10536224,-0.24489024,-0.28304064,-0.13724332,-0.6211857,-0.4448344,-0.13019781,0.44087687,0.47798985,0.026587179,-0.31868207,-0.2989068,-0.21323088,-0.6155369,-0.42291144,-0.10968163,0.28238532,0.5243772,-0.07215376,-0.106413975,-0.17283925,-0.32917878,-0.6767798,-0.22848882,0.21313713,-0.0332115,0.50546455,-0.10276171,-0.25299945,-0.28908157,-0.12965938,-0.61644244,-0.45457068,-0.14903851,0.45859784,0.50546455,-0.10276171,-0.25299945,-0.28908157,-0.12965938,-0.61644244,-0.45457068,-0.14903851,0.45859784,0.38257486,0.13647497,0.46402448,0.39236596,0.14768331,0.46752346,0.39236596,0.14768331,0.46752346,0.39219332,0.14748022,0.46745735
0.875,0.495401,0.5073142,-0.10536224,-0.24489024,-0.28304064,-0.13724332,-0.6211857,-0.4448344,-0.13019781,0.44087687,0.47798985,0.026587179,-0.31868207,-0.2989068,-0.21323088,-0.6155369,-0.42291144,-0.10968163,0.28238532,0.5243772,-0.07215376,-0.106413975,-0.17283925,-0.32917878,-0.6767798,-0.22848882,0.21313713,-0.0332115,0.50546455,-0.10276171,-0.25299945,-0.28908157,-0.12965938,-0.61644244,-0.45457068,-0.14903851,0.45859784,0.50546455,-0.10276171,-0.25299945,-0.28908157,-0.12965938,-0.61644244,-0.45457068,-0.14903851,0.45859784,0.38257486,0.13647497,0.46402448,0.39236596,0.14768331,0.46752346,0.39236596,0.14768331,0.46752346,0.39219332,0.14748022,0.46745735
1.0,0.492542,0.5073142,-0.10536224,-0.24489024,-0.28304064,-0.13724332,-0.6211857,-0.4448344,-0.13019781,0.44087687,0.47798985,0.026587179,-0.31868207,-0.2989068,-0.21323088,-0.6155369,-0.42291144,-0.10968163,0.28238532,0.5243772,-0.07215376,-0.106413975,-0.17283925,-0.32917878,-0.6767798,-0.22848882,0.21313713,-0.0332115,0.50546455,-0.10276171,-0.25299945,-0.28908157,-0.12965938,-0.61644244,-0.45457068,-0.14903851,0.45859784,0.50546455,-0.10276171,-0.25299945,-0.28908157,-0.12965938,-0.61644244,-0.45457068,-0.14903851,0.45859784,0.38257486,0.13647497,0.46402448,0.39236596,0.14768331,0.46752346,0.39236596,0.14768331,0.46752346,0.39219332,0.14748022,0.46745735
0.075,0.531207,0.5073142,-0.10536224,-0.24489024,-0.28304064,-0.13724332,-0.6211857,-0.4448344,-0.13019781,0.44087687,0.5054508,-0.102716595,-0.25308165,-0.28910893,-0.12962712,-0.61639535,-0.454633,-0.14917693,0.45868158,0.5054885,-0.10283986,-0.252857,-0.28903428,-0.12971535,-0.61652386,-0.45446283,-0.14879875,0.4584527,0.50546455,-0.10276171,-0.25299945,-0.28908157,-0.12965938,-0.61644244,-0.45457068,-0.14903851,0.45859784,0.50546455,-0.10276171,-0.25299945,-0.28908157,-0.12965938,-0.61644244,-0.45457068,-0.14903851,0.45859784,0.38257486,0.13647497,0.46402448,0.39236596,0.14768331,0.46752346,0.39236596,0.14768331,0.46752346,0.39219332,0.14748022,0.46745735
0.1,0.61958,0.5073142,-0.10536224,-0.24489024,-0.28304064,-0.13724332,-0.6211857,-0.4448344,-0.13019781,0.44087687,0.5054508,-0.102716595,-0.25308165,-0.28910893,-0.12962712,-0.61639535,-0.454633,-0.14917693,0.45868158,0.5054885,-0.10283986,-0.252857,-0.28903428,-0.12971535,-0.61652386,-0.45446283,-0.14879875,0.4584527,0.50546455,-0.10276171,-0.25299945,-0.28908157,-0.12965938,-0.61644244,-0.45457068,-0.14903851,0.45859784,0.50546455,-0.10276171,-0.25299945,-0.28908157,-0.12965938,-0.61644244,-0.45457068,-0.14903851,0.45859784,0.38257486,0.13647497,0.46402448,0.39236596,0.14768331,0.46752346,0.39236596,0.14768331,0.46752346,0.39219332,0.14748022,0.46745735
0.15,0.508279,0.5073142,-0.10536224,-0.24489024,-0.28304064,-0.13724332,-0.6211857,-0.4448344,-0.13019781,0.44087687,0.5054508,-0.102716595,-0.25308165,-0.28910893,-0.12962712,-0.61639535,-0.454633,-0.14917693,0.45868158,0.5054885,-0.10283986,-0.252857,-0.28903428,-0.12971535,-0.61652386,-0.45446283,-0.14879875,0.4584527,0.50546455,-0.10276171,-0.25299945,-0.28908157,-0.12965938,-0.61644244,-0.45457068,-0.14903851,0.45859784,0.50546455,-0.10276171,-0.25299945,-0.28908157,-0.12965938,-0.61644244,-0.45457068,-0.14903851,0.45859784,0.38257486,0.13647497,0.46402448,0.39236596,0.14768331,0.46752346,0.39236596,0.14768331,0.46752346,0.39219332,0.14748022,0.46745735
0.2,0.54436,0.5073142,-0.10536224,-0.24489024,-0.28304064,-0.13724332,-0.6211857,-0.4448344,-0.13019781,0.44087687,0.5054508,-0.102716595,-0.25308165,-0.28910893,-0.12962712,-0.61639535,-0.454633,-0.14917693,0.45868158,0.5054885,-0.10283986,-0.252857,-0.28903428,-0.12971535,-0.61652386,-0.45446283,-0.14879875,0.4584527,0.50546455,-0.10276171,-0.25299945,-0.28908157,-0.12965938,-0.61644244,-0.45457068,-0.14903851,0.45859784,0.50546455,-0.10276171,-0.25299945,-0.28908157,-0.12965938,-0.61644244,-0.45457068,-0.14903851,0.45859784,0.38257486,0.13647497,0.46402448,0.39236596,0.14768331,0.46752346,0.39236596,0.14768331,0.46752346,0.39219332,0.14748022,0.46745735
0.3,0.538236,0.5073142,-0.10536224,-0.24489024,-0.28304064,-0.13724332,-0.6211857,-0.4448344,-0.13019781,0.44087687,0.5054508,-0.102716595,-0.25308165,-0.28910893,-0.12962712,-0.61639535,-0.454633,-0.14917693,0.45868158,0.5054885,-0.10283986,-0.252857,-0.28903428,-0.12971535,-0.61652386,-0.45446283,-0.14879875,0.4584527,0.50546455,-0.10276171,-0.25299945,-0.28908157,-0.12965938,-0.61644244,-0.45457068,-0.14903851,0.45859784,0.50546455,-0.10276171,-0.25299945,-0.28908157,-0.12965938,-0.61644244,-0.45457068,-0.14903851,0.45859784,0.38257486,0.13647497,0.46402448,0.39236596,0.14768331,0.46752346,0.39236596,0.14768331,0.46752346,0.39219332,0.14748022,0.46745735
0.075,0.534918,0.5073142,-0.10536224,-0.24489024,-0.28304064,-0.13724332,-0.6211857,-0.4448344,-0.13019781,0.44087687,0.5024483,-0.09229448,-0.26116636,-0.29160163,-0.1340182,-0.6152752,-0.45453116,-0.14802697,0.44886094,0.5080569,-0.10401829,-0.23876967,-0.27845463,-0.14587162,-0.6240362,-0.4366069,-0.11545964,0.42242867,0.5056914,-0.10350189,-0.2511181,-0.28823784,-0.13069677,-0.6173436,-0.4531633,-0.14610787,0.45642585,0.50546455,-0.10276171,-0.25299945,-0.28908157,-0.12965938,-0.61644244,-0.45457068,-0.14903851,0.45859784,0.38257486,0.13647497,0.46402448,0.39236596,0.14768331,0.46752346,0.39236596,0.14768331,0.46752346,0.39219332,0.14748022,0.46745735
0.1,0.513168,0.5073142,-0.10536224,-0.24489024,-0.28304064,-0.13724332,-0.6211857,-0.4448344,-0.13019781,0.44087687,0.5024483,-0.09229448,-0.26116636,-0.29160163,-0.1340182,-0.6152752,-0.45453116,-0.14802697,0.44886094,0.5080569,-0.10401829,-0.23876967,-0.27845463,-0.14587162,-0.6240362,-0.4366069,-0.11545964,0.42242867,0.5056914,-0.10350189,-0.2511181,-0.28823784,-0.13069677,-0.6173436,-0.4531633,-0.14610787,0.45642585,0.50546455,-0.10276171,-0.25299945,-0.28908157,-0.12965938,-0.61644244,-0.45457068,-0.14903851,0.45859784,0.38257486,0.13647497,0.46402448,0.39236596,0.14768331,0.46752346,0.39236596,0.14768331,0.46752346,0.39219332,0.14748022,0.46745735
0.15,0.625909,0.5073142,-0.10536224,-0.24489024,-0.28304064,-0.13724332,-0.6211857,-0.4448344,-0.13019781,0.44087687,0.5024483,-0.09229448,-0.26116636,-0.29160163,-0.1340182,-0.6152752,-0.45453116,-0.14802697,0.44886094,0.5080569,-0.10401829,-0.23876967,-0.27845463,-0.14587162,-0.6240362,-0.4366069,-0.11545964,0.42242867,0.5056914,-0.10350189,-0.2511181,-0.28823784,-0.13069677,-0.6173436,-0.4531633,-0.14610787,0.45642585,0.50546455,-0.10276171,-0.25299945,-0.28908157,-0.12965938,-0.61644244,-0.45457068,-0.14903851,0.45859784,0.38257486,0.13647497,0.46402448,0.39236596,0.14768331,0.46752346,0.39236596,0.14768331,0.46752346,0.39219332,0.14748022,0.46745735
0.2,0.539071,0.5073142,-0.10536224,-0.24489024,-0.28304064,-0.13724332,-0.6211857,-0.4448344,-0.13019781,0.44087687,0.5024483,-0.09229448,-0.26116636,-0.29160163,-0.1340182,-0.6152752,-0.45453116,-0.14802697,0.44886094,0.5080569,-0.10401829,-0.23876967,-0.27845463,-0.14587162,-0.6240362,-0.4366069,-0.11545964,0.42242867,0.5056914,-0.10350189,-0.2511181,-0.28823784,-0.13069677,-0.6173436,-0.4531633,-0.14610787,0.45642585,0.50546455,-0.10276171,-0.25299945,-0.28908157,-0.12965938,-0.61644244,-0.45457068,-0.14903851,0.45859784,0.38257486,0.13647497,0.46402448,0.39236596,0.14768331,0.46752346,0.39236596,0.14768331,0.46752346,0.39219332,0.14748022,0.46745735
0.5,0.493488,0.5073142,-0.10536224,-0.24489024,-0.28304064,-0.13724332,-0.6211857,-0.4448344,-0.13019781,0.44087687,0.5024483,-0.09229448,-0.26116636,-0.29160163,-0.1340182,-0.6152752,-0.45453116,-0.14802697,0.44886094,0.5080569,-0.10401829,-0.23876967,-0.27845463,-0.14587162,-0.6240362,-0.4366069,-0.11545964,0.42242867,0.5056914,-0.10350189,-0.2511181,-0.28823784,-0.13069677,-0.6173436,-0.4531633,-0.14610787,0.45642585,0.50546455,-0.10276171,-0.25299945,-0.28908157,-0.12965938,-0.61644244,-0.45457068,-0.14903851,0.45859784,0.38257486,0.13647497,0.46402448,0.39236596,0.14768331,0.46752346,0.39236596,0.14768331,0.46752346,0.39219332,0.14748022,0.46745735
0.0625,0.568527,0.5073142,-0.10536224,-0.24489024,-0.28304064,-0.13724332,-0.6211857,-0.4448344,-0.13019781,0.44087687,0.5024483,-0.09229448,-0.26116636,-0.29160163,-0.1340182,-0.6152752,-0.45453116,-0.14802697,0.44886094,0.5080569,-0.10401829,-0.23876967,-0.27845463,-0.14587162,-0.6240362,-0.4366069,-0.11545964,0.42242867,0.5073142,-0.10536224,-0.24489024,-0.28304064,-0.13724332,-0.6211857,-0.4448344,-0.13019781,0.44087687,0.50546455,-0.10276171,-0.25299945,-0.28908157,-0.12965938,-0.61644244,-0.45457068,-0.14903851,0.45859784,0.38257486,0.13647497,0.46402448,0.39236596,0.14768331,0.46752346,0.39236596,0.14768331,0.46752346,0.39219332,0.14748022,0.46745735
0.075,0.501289,0.5073142,-0.10536224,-0.24489024,-0.28304064,-0.13724332,-0.6211857,-0.4448344,-0.13019781,0.44087687,0.5024483,-0.09229448,-0.26116636,-0.29160163,-0.1340182,-0.6152752,-0.45453116,-0.14802697,0.44886094,0.5080569,-0.10401829,-0.23876967,-0.27845463,-0.14587162,-0.6240362,-0.4366069,-0.11545964,0.42242867,0.5073142,-0.10536224,-0.24489024,-0.28304064,-0.13724332,-0.6211857,-0.4448344,-0.13019781,0.44087687,0.50546455,-0.10276171,-0.25299945,-0.28908157,-0.12965938,-0.61644244,-0.45457068,-0.14903851,0.45859784,0.38257486,0.13647497,0.46402448,0.39236596,0.14768331,0.46752346,0.39236596,0.14768331,0.46752346,0.39219332,0.14748022,0.46745735
0.0875,0.494434,0.5073142,-0.10536224,-0.24489024,-0.28304064,-0.13724332,-0.6211857,-0.4448344,-0.13019781,0.44087687,0.5024483,-0.09229448,-0.26116636,-0.29160163,-0.1340182,-0.6152752,-0.45453116,-0.14802697,0.44886094,0.5080569,-0.10401829,-0.23876967,-0.27845463,-0.14587162,-0.6240362,-0.4366069,-0.11545964,0.42242867,0.5073142,-0.10536224,-0.24489024,-0.28304064,-0.13724332,-0.6211857,-0.4448344,-0.13019781,0.44087687,0.50546455,-0.10276171,-0.25299945,-0.28908157,-0.12965938,-0.61644244,-0.45457068,-0.14903851,0.45859784,0.38257486,0.13647497,0.46402448,0.39236596,0.14768331,0.46752346,0.39236596,0.14768331,0.46752346,0.39219332,0.14748022,0.46745735
0.1,0.642883,0.5073142,-0.10536224,-0.24489024,-0.28304064,-0.13724332,-0.6211857,-0.4448344,-0.13019781,0.44087687,0.5024483,-0.09229448,-0.26116636,-0.29160163,-0.1340182,-0.6152752,-0.45453116,-0.14802697,0.44886094,0.5080569,-0.10401829,-0.23876967,-0.27845463,-0.14587162,-0.6240362,-0.4366069,-0.11545964,0.42242867,0.5073142,-0.10536224,-0.24489024,-0.28304064,-0.13724332,-0.6211857,-0.4448344,-0.13019781,0.44087687,0.50546455,-0.10276171,-0.25299945,-0.28908157,-0.12965938,-0.61644244,-0.45457068,-0.14903851,0.45859784,0.38257486,0.13647497,0.46402448,0.39236596,0.14768331,0.46752346,0.39236596,0.14768331,0.46752346,0.39219332,0.14748022,0.46745735
0.15,0.568797,0.5073142,-0.10536224,-0.24489024,-0.28304064,-0.13724332,-0.6211857,-0.4448344,-0.13019781,0.44087687,0.5024483,-0.09229448,-0.26116636,-0.29160163,-0.1340182,-0.6152752,-0.45453116,-0.14802697,0.44886094,0.5080569,-0.10401829,-0.23876967,-0.27845463,-0.14587162,-0.6240362,-0.4366069,-0.11545964,0.42242867,0.5073142,-0.10536224,-0.24489024,-0.28304064,-0.13724332,-0.6211857,-0.4448344,-0.13019781,0.44087687,0.50546455,-0.10276171,-0.25299945,-0.28908157,-0.12965938,-0.61644244,-0.45457068,-0.14903851,0.45859784,0.38257486,0.13647497,0.46402448,0.39236596,0.14768331,0.46752346,0.39236596,0.14768331,0.46752346,0.39219332,0.14748022,0.46745735
2.0,15526.2,0.50546527,-0.10276396,-0.25299528,-0.28908026,-0.12966096,-0.6164447,-0.45456758,-0.1490316,0.4585936,0.5024483,-0.09229448,-0.26116636,-0.29160163,-0.1340182,-0.6152752,-0.45453116,-0.14802697,0.44886094,0.5080569,-0.10401829,-0.23876967,-0.27845463,-0.14587162,-0.6240362,-0.4366069,-0.11545964,0.42242867,0.50546455,-0.10276171,-0.25299945,-0.28908157,-0.12965938,-0.61644244,-0.45457068,-0.14903851,0.45859784,0.50546455,-0.10276171,-0.25299945,-0.28908157,-0.12965938,-0.61644244,-0.45457068,-0.14903851,0.45859784,0.39236596,0.14768331,0.46752346,0.39236596,0.14768331,0.46752346,-0.42314193,-0.90276927,0.5088856,0.37952635,0.13164866,0.46531764
3.0,15633.7,0.50546527,-0.10276396,-0.25299528,-0.28908026,-0.12966096,-0.6164447,-0.45456758,-0.1490316,0.4585936,0.5024483,-0.09229448,-0.26116636,-0.29160163,-0.1340182,-0.6152752,-0.45453116,-0.14802697,0.44886094,0.5080569,-0.10401829,-0.23876967,-0.27845463,-0.14587162,-0.6240362,-0.4366069,-0.11545964,0.42242867,0.50546455,-0.10276171,-0.25299945,-0.28908157,-0.12965938,-0.61644244,-0.45457068,-0.14903851,0.45859784,0.50546455,-0.10276171,-0.25299945,-0.28908157,-0.12965938,-0.61644244,-0.45457068,-0.14903851,0.45859784,0.39236596,0.14768331,0.46752346,0.39236596,0.14768331,0.46752346,-0.42314193,-0.90276927,0.5088856,0.37952635,0.13164866,0.46531764
5.0,15429.0,0.50546527,-0.10276396,-0.25299528,-0.28908026,-0.12966096,-0.6164447,-0.45456758,-0.1490316,0.4585936,0.5024483,-0.09229448,-0.26116636,-0.29160163,-0.1340182,-0.6152752,-0.45453116,-0.14802697,0.44886094,0.5080569,-0.10401829,-0.23876967,-0.27845463,-0.14587162,-0.6240362,-0.4366069,-0.11545964,0.42242867,0.50546455,-0.10276171,-0.25299945,-0.28908157,-0.12965938,-0.61644244,-0.45457068,-0.14903851,0.45859784,0.50546455,-0.10276171,-0.25299945,-0.28908157,-0.12965938,-0.61644244,-0.45457068,-0.14903851,0.45859784,0.39236596,0.14768331,0.46752346,0.39236596,0.14768331,0.46752346,-0.42314193,-0.90276927,0.5088856,0.37952635,0.13164866,0.46531764
10.0,15082.6,0.50546527,-0.10276396,-0.25299528,-0.28908026,-0.12966096,-0.6164447,-0.45456758,-0.1490316,0.4585936,0.5024483,-0.09229448,-0.26116636,-0.29160163,-0.1340182,-0.6152752,-0.45453116,-0.14802697,0.44886094,0.5080569,-0.10401829,-0.23876967,-0.27845463,-0.14587162,-0.6240362,-0.4366069,-0.11545964,0.42242867,0.50546455,-0.10276171,-0.25299945,-0.28908157,-0.12965938,-0.61644244,-0.45457068,-0.14903851,0.45859784,0.50546455,-0.10276171,-0.25299945,-0.28908157,-0.12965938,-0.61644244,-0.45457068,-0.14903851,0.45859784,0.39236596,0.14768331,0.46752346,0.39236596,0.14768331,0.46752346,-0.42314193,-0.90276927,0.5088856,0.37952635,0.13164866,0.46531764
20.0,14901.2,0.50546527,-0.10276396,-0.25299528,-0.28908026,-0.12966096,-0.6164447,-0.45456758,-0.1490316,0.4585936,0.5024483,-0.09229448,-0.26116636,-0.29160163,-0.1340182,-0.6152752,-0.45453116,-0.14802697,0.44886094,0.5080569,-0.10401829,-0.23876967,-0.27845463,-0.14587162,-0.6240362,-0.4366069,-0.11545964,0.42242867,0.50546455,-0.10276171,-0.25299945,-0.28908157,-0.12965938,-0.61644244,-0.45457068,-0.14903851,0.45859784,0.50546455,-0.10276171,-0.25299945,-0.28908157,-0.12965938,-0.61644244,-0.45457068,-0.14903851,0.45859784,0.39236596,0.14768331,0.46752346,0.39236596,0.14768331,0.46752346,-0.42314193,-0.90276927,0.5088856,0.37952635,0.13164866,0.46531764
2.5,71.7727,0.50546527,-0.10276396,-0.25299528,-0.28908026,-0.12966096,-0.6164447,-0.45456758,-0.1490316,0.4585936,0.5053683,-0.102261566,-0.25376004,-0.28932565,-0.12956445,-0.6160867,-0.4549949,-0.14990255,0.4589394,0.5056773,-0.10341318,-0.25137252,-0.2883713,-0.13054083,-0.6172255,-0.4533734,-0.14653422,0.45676523,0.50546455,-0.10276171,-0.25299945,-0.28908157,-0.12965938,-0.61644244,-0.45457068,-0.14903851,0.45859784,0.50546455,-0.10276171,-0.25299945,-0.28908157,-0.12965938,-0.61644244,-0.45457068,-0.14903851,0.45859784,0.39236596,0.14768331,0.46752346,0.39236596,0.14768331,0.46752346,-0.42314193,-0.90276927,0.5088856,0.37952635,0.13164866,0.46531764
5.0,64.5628,0.50546527,-0.10276396,-0.25299528,-0.28908026,-0.12966096,-0.6164447,-0.45456758,-0.1490316,0.4585936,0.5053683,-0.102261566,-0.25376004,-0.28932565,-0.12956445,-0.6160867,-0.4549949,-0.14990255,0.4589394,0.5056773,-0.10341318,-0.25137252,-0.2883713,-0.13054083,-0.6172255,-0.4533734,-0.14653422,0.45676523,0.50546455,-0.10276171,-0.25299945,-0.28908157,-0.12965938,-0.61644244,-0.45457068,-0.14903851,0.45859784,0.50546455,-0.10276171,-0.25299945,-0.28908157,-0.12965938,-0.61644244,-0.45457068,-0.14903851,0.45859784,0.39236596,0.14768331,0.46752346,0.39236596,0.14768331,0.46752346,-0.42314193,-0.90276927,0.5088856,0.37952635,0.13164866,0.46531764
10.0,72.1338,0.50546527,-0.10276396,-0.25299528,-0.28908026,-0.12966096,-0.6164447,-0.45456758,-0.1490316,0.4585936,0.5053683,-0.102261566,-0.25376004,-0.28932565,-0.12956445,-0.6160867,-0.4549949,-0.14990255,0.4589394,0.5056773,-0.10341318,-0.25137252,-0.2883713,-0.13054083,-0.6172255,-0.4533734,-0.14653422,0.45676523,0.50546455,-0.10276171,-0.25299945,-0.28908157,-0.12965938,-0.61644244,-0.45457068,-0.14903851,0.45859784,0.50546455,-0.10276171,-0.25299945,-0.28908157,-0.12965938,-0.61644244,-0.45457068,-0.14903851,0.45859784,0.39236596,0.14768331,0.46752346,0.39236596,0.14768331,0.46752346,-0.42314193,-0.90276927,0.5088856,0.37952635,0.13164866,0.46531764
17.5,71.7416,0.50546527,-0.10276396,-0.25299528,-0.28908026,-0.12966096,-0.6164447,-0.45456758,-0.1490316,0.4585936,0.5053683,-0.102261566,-0.25376004,-0.28932565,-0.12956445,-0.6160867,-0.4549949,-0.14990255,0.4589394,0.5056773,-0.10341318,-0.25137252,-0.2883713,-0.13054083,-0.6172255,-0.4533734,-0.14653422,0.45676523,0.50546455,-0.10276171,-0.25299945,-0.28908157,-0.12965938,-0.61644244,-0.45457068,-0.14903851,0.45859784,0.50546455,-0.10276171,-0.25299945,-0.28908157,-0.12965938,-0.61644244,-0.45457068,-0.14903851,0.45859784,0.39236596,0.14768331,0.46752346,0.39236596,0.14768331,0.46752346,-0.42314193,-0.90276927,0.5088856,0.37952635,0.13164866,0.46531764
25.0,49.3605,0.50546527,-0.10276396,-0.25299528,-0.28908026,-0.12966096,-0.6164447,-0.45456758,-0.1490316,0.4585936,0.5053683,-0.102261566,-0.25376004,-0.28932565,-0.12956445,-0.6160867,-0.4549949,-0.14990255,0.4589394,0.5056773,-0.10341318,-0.25137252,-0.2883713,-0.13054083,-0.6172255,-0.4533734,-0.14653422,0.45676523,0.50546455,-0.10276171,-0.25299945,-0.28908157,-0.12965938,-0.61644244,-0.45457068,-0.14903851,0.45859784,0.50546455,-0.10276171,-0.25299945,-0.28908157,-0.12965938,-0.61644244,-0.45457068,-0.14903851,0.45859784,0.39236596,0.14768331,0.46752346,0.39236596,0.14768331,0.46752346,-0.42314193,-0.90276927,0.5088856,0.37952635,0.13164866,0.46531764
1.25,53.5286,0.50546527,-0.10276396,-0.25299528,-0.28908026,-0.12966096,-0.6164447,-0.45456758,-0.1490316,0.4585936,0.5054508,-0.102716595,-0.25308165,-0.28910893,-0.12962712,-0.61639535,-0.454633,-0.14917693,0.45868158,0.5054885,-0.10283986,-0.252857,-0.28903428,-0.12971535,-0.61652386,-0.45446283,-0.14879875,0.4584527,0.50546455,-0.10276171,-0.25299945,-0.28908157,-0.12965938,-0.61644244,-0.45457068,-0.14903851,0.45859784,0.50546455,-0.10276171,-0.25299945,-0.28908157,-0.12965938,-0.61644244,-0.45457068,-0.14903851,0.45859784,0.39236596,0.14768331,0.46752346,0.39236596,0.14768331,0.46752346,-0.42314193,-0.90276927,0.5088856,0.37952635,0.13164866,0.46531764
2.0,49.9462,0.50546527,-0.10276396,-0.25299528,-0.28908026,-0.12966096,-0.6164447,-0.45456758,-0.1490316,0.4585936,0.5054508,-0.102716595,-0.25308165,-0.28910893,-0.12962712,-0.61639535,-0.454633,-0.14917693,0.45868158,0.5054885,-0.10283986,-0.252857,-0.28903428,-0.12971535,-0.61652386,-0.45446283,-0.14879875,0.4584527,0.50546455,-0.10276171,-0.25299945,-0.28908157,-0.12965938,-0.61644244,-0.45457068,-0.14903851,0.45859784,0.50546455,-0.10276171,-0.25299945,-0.28908157,-0.12965938,-0.61644244,-0.45457068,-0.14903851,0.45859784,0.39236596,0.14768331,0.46752346,0.39236596,0.14768331,0.46752346,-0.42314193,-0.90276927,0.5088856,0.37952635,0.13164866,0.46531764
2.5,48.3911,0.50546527,-0.10276396,-0.25299528,-0.28908026,-0.12966096,-0.6164447,-0.45456758,-0.1490316,0.4585936,0.5054508,-0.102716595,-0.25308165,-0.28910893,-0.12962712,-0.61639535,-0.454633,-0.14917693,0.45868158,0.5054885,-0.10283986,-0.252857,-0.28903428,-0.12971535,-0.61652386,-0.45446283,-0.14879875,0.4584527,0.50546455,-0.10276171,-0.25299945,-0.28908157,-0.12965938,-0.61644244,-0.45457068,-0.14903851,0.45859784,0.50546455,-0.10276171,-0.25299945,-0.28908157,-0.12965938,-0.61644244,-0.45457068,-0.14903851,0.45859784,0.39236596,0.14768331,0.46752346,0.39236596,0.14768331,0.46752346,-0.42314193,-0.90276927,0.5088856,0.37952635,0.13164866,0.46531764
5.0,46.1471,0.50546527,-0.10276396,-0.25299528,-0.28908026,-0.12966096,-0.6164447,-0.45456758,-0.1490316,0.4585936,0.5054508,-0.102716595,-0.25308165,-0.28910893,-0.12962712,-0.61639535,-0.454633,-0.14917693,0.45868158,0.5054885,-0.10283986,-0.252857,-0.28903428,-0.12971535,-0.61652386,-0.45446283,-0.14879875,0.4584527,0.50546455,-0.10276171,-0.25299945,-0.28908157,-0.12965938,-0.61644244,-0.45457068,-0.14903851,0.45859784,0.50546455,-0.10276171,-0.25299945,-0.28908157,-0.12965938,-0.61644244,-0.45457068,-0.14903851,0.45859784,0.39236596,0.14768331,0.46752346,0.39236596,0.14768331,0.46752346,-0.42314193,-0.90276927,0.5088856,0.37952635,0.13164866,0.46531764
10.0,66.7167,0.50546527,-0.10276396,-0.25299528,-0.28908026,-0.12966096,-0.6164447,-0.45456758,-0.1490316,0.4585936,0.5054508,-0.102716595,-0.25308165,-0.28910893,-0.12962712,-0.61639535,-0.454633,-0.14917693,0.45868158,0.5054885,-0.10283986,-0.252857,-0.28903428,-0.12971535,-0.61652386,-0.45446283,-0.14879875,0.4584527,0.50546455,-0.10276171,-0.25299945,-0.28908157,-0.12965938,-0.61644244,-0.45457068,-0.14903851,0.45859784,0.50546455,-0.10276171,-0.25299945,-0.28908157,-0.12965938,-0.61644244,-0.45457068,-0.14903851,0.45859784,0.39236596,0.14768331,0.46752346,0.39236596,0.14768331,0.46752346,-0.42314193,-0.90276927,0.5088856,0.37952635,0.13164866,0.46531764
1.5,15498.9,0.50546527,-0.10276396,-0.25299528,-0.28908026,-0.12966096,-0.6164447,-0.45456758,-0.1490316,0.4585936,0.5024483,-0.09229448,-0.26116636,-0.29160163,-0.1340182,-0.6152752,-0.45453116,-0.14802697,0.44886094,0.5080569,-0.10401829,-0.23876967,-0.27845463,-0.14587162,-0.6240362,-0.4366069,-0.11545964,0.42242867,0.5056914,-0.10350189,-0.2511181,-0.28823784,-0.13069677,-0.6173436,-0.4531633,-0.14610787,0.45642585,0.50546455,-0.10276171,-0.25299945,-0.28908157,-0.12965938,-0.61644244,-0.45457068,-0.14903851,0.45859784,0.39236596,0.14768331,0.46752346,0.39236596,0.14768331,0.46752346,-0.42314193,-0.90276927,0.5088856,0.37952635,0.13164866,0.46531764
2.0,15658.5,0.50546527,-0.10276396,-0.25299528,-0.28908026,-0.12966096,-0.6164447,-0.45456758,-0.1490316,0.4585936,0.5024483,-0.09229448,-0.26116636,-0.29160163,-0.1340182,-0.6152752,-0.45453116,-0.14802697,0.44886094,0.5080569,-0.10401829,-0.23876967,-0.27845463,-0.14587162,-0.6240362,-0.4366069,-0.11545964,0.42242867,0.5056914,-0.10350189,-0.2511181,-0.28823784,-0.13069677,-0.6173436,-0.4531633,-0.14610787,0.45642585,0.50546455,-0.10276171,-0.25299945,-0.28908157,-0.12965938,-0.61644244,-0.45457068,-0.14903851,0.45859784,0.39236596,0.14768331,0.46752346,0.39236596,0.14768331,0.46752346,-0.42314193,-0.90276927,0.5088856,0.37952635,0.13164866,0.46531764
3.0,15517.2,0.50546527,-0.10276396,-0.25299528,-0.28908026,-0.12966096,-0.6164447,-0.45456758,-0.1490316,0.4585936,0.5024483,-0.09229448,-0.26116636,-0.29160163,-0.1340182,-0.6152752,-0.45453116,-0.14802697,0.44886094,0.5080569,-0.10401829,-0.23876967,-0.27845463,-0.14587162,-0.6240362,-0.4366069,-0.11545964,0.42242867,0.5056914,-0.10350189,-0.2511181,-0.28823784,-0.13069677,-0.6173436,-0.4531633,-0.14610787,0.45642585,0.50546455,-0.10276171,-0.25299945,-0.28908157,-0.12965938,-0.61644244,-0.45457068,-0.14903851,0.45859784,0.39236596,0.14768331,0.46752346,0.39236596,0.14768331,0.46752346,-0.42314193,-0.90276927,0.5088856,0.37952635,0.13164866,0.46531764
5.0,15289.0,0.50546527,-0.10276396,-0.25299528,-0.28908026,-0.12966096,-0.6164447,-0.45456758,-0.1490316,0.4585936,0.5024483,-0.09229448,-0.26116636,-0.29160163,-0.1340182,-0.6152752,-0.45453116,-0.14802697,0.44886094,0.5080569,-0.10401829,-0.23876967,-0.27845463,-0.14587162,-0.6240362,-0.4366069,-0.11545964,0.42242867,0.5056914,-0.10350189,-0.2511181,-0.28823784,-0.13069677,-0.6173436,-0.4531633,-0.14610787,0.45642585,0.50546455,-0.10276171,-0.25299945,-0.28908157,-0.12965938,-0.61644244,-0.45457068,-0.14903851,0.45859784,0.39236596,0.14768331,0.46752346,0.39236596,0.14768331,0.46752346,-0.42314193,-0.90276927,0.5088856,0.37952635,0.13164866,0.46531764
10.0,15276.3,0.50546527,-0.10276396,-0.25299528,-0.28908026,-0.12966096,-0.6164447,-0.45456758,-0.1490316,0.4585936,0.5024483,-0.09229448,-0.26116636,-0.29160163,-0.1340182,-0.6152752,-0.45453116,-0.14802697,0.44886094,0.5080569,-0.10401829,-0.23876967,-0.27845463,-0.14587162,-0.6240362,-0.4366069,-0.11545964,0.42242867,0.5056914,-0.10350189,-0.2511181,-0.28823784,-0.13069677,-0.6173436,-0.4531633,-0.14610787,0.45642585,0.50546455,-0.10276171,-0.25299945,-0.28908157,-0.12965938,-0.61644244,-0.45457068,-0.14903851,0.45859784,0.39236596,0.14768331,0.46752346,0.39236596,0.14768331,0.46752346,-0.42314193,-0.90276927,0.5088856,0.37952635,0.13164866,0.46531764
5.0,15521.8,0.50546527,-0.10276396,-0.25299528,-0.28908026,-0.12966096,-0.6164447,-0.45456758,-0.1490316,0.4585936,0.5024483,-0.09229448,-0.26116636,-0.29160163,-0.1340182,-0.6152752,-0.45453116,-0.14802697,0.44886094,0.5080569,-0.10401829,-0.23876967,-0.27845463,-0.14587162,-0.6240362,-0.4366069,-0.11545964,0.42242867,0.50546527,-0.10276396,-0.25299528,-0.28908026,-0.12966096,-0.6164447,-0.45456758,-0.1490316,0.4585936,0.50546455,-0.10276171,-0.25299945,-0.28908157,-0.12965938,-0.61644244,-0.45457068,-0.14903851,0.45859784,0.39236596,0.14768331,0.46752346,0.39236596,0.14768331,0.46752346,-0.42314193,-0.90276927,0.5088856,0.37952635,0.13164866,0.46531764
10.0,15120.3,0.50546527,-0.10276396,-0.25299528,-0.28908026,-0.12966096,-0.6164447,-0.45456758,-0.1490316,0.4585936,0.5024483,-0.09229448,-0.26116636,-0.29160163,-0.1340182,-0.6152752,-0.45453116,-0.14802697,0.44886094,0.5080569,-0.10401829,-0.23876967,-0.27845463,-0.14587162,-0.6240362,-0.4366069,-0.11545964,0.42242867,0.50546527,-0.10276396,-0.25299528,-0.28908026,-0.12966096,-0.6164447,-0.45456758,-0.1490316,0.4585936,0.50546455,-0.10276171,-0.25299945,-0.28908157,-0.12965938,-0.61644244,-0.45457068,-0.14903851,0.45859784,0.39236596,0.14768331,0.46752346,0.39236596,0.14768331,0.46752346,-0.42314193,-0.90276927,0.5088856,0.37952635,0.13164866,0.46531764
50.0,14477.9,0.50546527,-0.10276396,-0.25299528,-0.28908026,-0.12966096,-0.6164447,-0.45456758,-0.1490316,0.4585936,0.5024483,-0.09229448,-0.26116636,-0.29160163,-0.1340182,-0.6152752,-0.45453116,-0.14802697,0.44886094,0.5080569,-0.10401829,-0.23876967,-0.27845463,-0.14587162,-0.6240362,-0.4366069,-0.11545964,0.42242867,0.50546527,-0.10276396,-0.25299528,-0.28908026,-0.12966096,-0.6164447,-0.45456758,-0.1490316,0.4585936,0.50546455,-0.10276171,-0.25299945,-0.28908157,-0.12965938,-0.61644244,-0.45457068,-0.14903851,0.45859784,0.39236596,0.14768331,0.46752346,0.39236596,0.14768331,0.46752346,-0.42314193,-0.90276927,0.5088856,0.37952635,0.13164866,0.46531764
100.0,13073.8,0.50546527,-0.10276396,-0.25299528,-0.28908026,-0.12966096,-0.6164447,-0.45456758,-0.1490316,0.4585936,0.5024483,-0.09229448,-0.26116636,-0.29160163,-0.1340182,-0.6152752,-0.45453116,-0.14802697,0.44886094,0.5080569,-0.10401829,-0.23876967,-0.27845463,-0.14587162,-0.6240362,-0.4366069,-0.11545964,0.42242867,0.50546527,-0.10276396,-0.25299528,-0.28908026,-0.12966096,-0.6164447,-0.45456758,-0.1490316,0.4585936,0.50546455,-0.10276171,-0.25299945,-0.28908157,-0.12965938,-0.61644244,-0.45457068,-0.14903851,0.45859784,0.39236596,0.14768331,0.46752346,0.39236596,0.14768331,0.46752346,-0.42314193,-0.90276927,0.5088856,0.37952635,0.13164866,0.46531764
150.0,12710.6,0.50546527,-0.10276396,-0.25299528,-0.28908026,-0.12966096,-0.6164447,-0.45456758,-0.1490316,0.4585936,0.5024483,-0.09229448,-0.26116636,-0.29160163,-0.1340182,-0.6152752,-0.45453116,-0.14802697,0.44886094,0.5080569,-0.10401829,-0.23876967,-0.27845463,-0.14587162,-0.6240362,-0.4366069,-0.11545964,0.42242867,0.50546527,-0.10276396,-0.25299528,-0.28908026,-0.12966096,-0.6164447,-0.45456758,-0.1490316,0.4585936,0.50546455,-0.10276171,-0.25299945,-0.28908157,-0.12965938,-0.61644244,-0.45457068,-0.14903851,0.45859784,0.39236596,0.14768331,0.46752346,0.39236596,0.14768331,0.46752346,-0.42314193,-0.90276927,0.5088856,0.37952635,0.13164866,0.46531764
2.5,23.7266,0.50553393,-0.10297645,-0.2525705,-0.28892446,-0.12984939,-0.6166743,-0.45425066,-0.14833957,0.45814753,0.5024483,-0.09229448,-0.26116636,-0.29160163,-0.1340182,-0.6152752,-0.45453116,-0.14802697,0.44886094,0.5080569,-0.10401829,-0.23876967,-0.27845463,-0.14587162,-0.6240362,-0.4366069,-0.11545964,0.42242867,0.50546455,-0.10276171,-0.25299945,-0.28908157,-0.12965938,-0.61644244,-0.45457068,-0.14903851,0.45859784,0.50546455,-0.10276171,-0.25299945,-0.28908157,-0.12965938,-0.61644244,-0.45457068,-0.14903851,0.45859784,0.39236596,0.14768331,0.46752346,0.39236596,0.14768331,0.46752346,-0.42192146,-0.9008961,0.5131178,0.39331788,0.15214366,0.45820233
5.0,23.9788,0.50553393,-0.10297645,-0.2525705,-0.28892446,-0.12984939,-0.6166743,-0.45425066,-0.14833957,0.45814753,0.5024483,-0.09229448,-0.26116636,-0.29160163,-0.1340182,-0.6152752,-0.45453116,-0.14802697,0.44886094,0.5080569,-0.10401829,-0.23876967,-0.27845463,-0.14587162,-0.6240362,-0.4366069,-0.11545964,0.42242867,0.50546455,-0.10276171,-0.25299945,-0.28908157,-0.12965938,-0.61644244,-0.45457068,-0.14903851,0.45859784,0.50546455,-0.10276171,-0.25299945,-0.28908157,-0.12965938,-0.61644244,-0.45457068,-0.14903851,0.45859784,0.39236596,0.14768331,0.46752346,0.39236596,0.14768331,0.46752346,-0.42192146,-0.9008961,0.5131178,0.39331788,0.15214366,0.45820233
10.0,22.9815,0.50553393,-0.10297645,-0.2525705,-0.28892446,-0.12984939,-0.6166743,-0.45425066,-0.14833957,0.45814753,0.5024483,-0.09229448,-0.26116636,-0.29160163,-0.1340182,-0.6152752,-0.45453116,-0.14802697,0.44886094,0.5080569,-0.10401829,-0.23876967,-0.27845463,-0.14587162,-0.6240362,-0.4366069,-0.11545964,0.42242867,0.50546455,-0.10276171,-0.25299945,-0.28908157,-0.12965938,-0.61644244,-0.45457068,-0.14903851,0.45859784,0.50546455,-0.10276171,-0.25299945,-0.28908157,-0.12965938,-0.61644244,-0.45457068,-0.14903851,0.45859784,0.39236596,0.14768331,0.46752346,0.39236596,0.14768331,0.46752346,-0.42192146,-0.9008961,0.5131178,0.39331788,0.15214366,0.45820233
17.5,27.3978,0.50553393,-0.10297645,-0.2525705,-0.28892446,-0.12984939,-0.6166743,-0.45425066,-0.14833957,0.45814753,0.5024483,-0.09229448,-0.26116636,-0.29160163,-0.1340182,-0.6152752,-0.45453116,-0.14802697,0.44886094,0.5080569,-0.10401829,-0.23876967,-0.27845463,-0.14587162,-0.6240362,-0.4366069,-0.11545964,0.42242867,0.50546455,-0.10276171,-0.25299945,-0.28908157,-0.12965938,-0.61644244,-0.45457068,-0.14903851,0.45859784,0.50546455,-0.10276171,-0.25299945,-0.28908157,-0.12965938,-0.61644244,-0.45457068,-0.14903851,0.45859784,0.39236596,0.14768331,0.46752346,0.39236596,0.14768331,0.46752346,-0.42192146,-0.9008961,0.5131178,0.39331788,0.15214366,0.45820233
25.0,27.9817,0.50553393,-0.10297645,-0.2525705,-0.28892446,-0.12984939,-0.6166743,-0.45425066,-0.14833957,0.45814753,0.5024483,-0.09229448,-0.26116636,-0.29160163,-0.1340182,-0.6152752,-0.45453116,-0.14802697,0.44886094,0.5080569,-0.10401829,-0.23876967,-0.27845463,-0.14587162,-0.6240362,-0.4366069,-0.11545964,0.42242867,0.50546455,-0.10276171,-0.25299945,-0.28908157,-0.12965938,-0.61644244,-0.45457068,-0.14903851,0.45859784,0.50546455,-0.10276171,-0.25299945,-0.28908157,-0.12965938,-0.61644244,-0.45457068,-0.14903851,0.45859784,0.39236596,0.14768331,0.46752346,0.39236596,0.14768331,0.46752346,-0.42192146,-0.9008961,0.5131178,0.39331788,0.15214366,0.45820233
0.75,24.4016,0.50553393,-0.10297645,-0.2525705,-0.28892446,-0.12984939,-0.6166743,-0.45425066,-0.14833957,0.45814753,0.5053683,-0.102261566,-0.25376004,-0.28932565,-0.12956445,-0.6160867,-0.4549949,-0.14990255,0.4589394,0.5056773,-0.10341318,-0.25137252,-0.2883713,-0.13054083,-0.6172255,-0.4533734,-0.14653422,0.45676523,0.50546455,-0.10276171,-0.25299945,-0.28908157,-0.12965938,-0.61644244,-0.45457068,-0.14903851,0.45859784,0.50546455,-0.10276171,-0.25299945,-0.28908157,-0.12965938,-0.61644244,-0.45457068,-0.14903851,0.45859784,0.39236596,0.14768331,0.46752346,0.39236596,0.14768331,0.46752346,-0.42192146,-0.9008961,0.5131178,0.39331788,0.15214366,0.45820233
1.0,24.9107,0.50553393,-0.10297645,-0.2525705,-0.28892446,-0.12984939,-0.6166743,-0.45425066,-0.14833957,0.45814753,0.5053683,-0.102261566,-0.25376004,-0.28932565,-0.12956445,-0.6160867,-0.4549949,-0.14990255,0.4589394,0.5056773,-0.10341318,-0.25137252,-0.2883713,-0.13054083,-0.6172255,-0.4533734,-0.14653422,0.45676523,0.50546455,-0.10276171,-0.25299945,-0.28908157,-0.12965938,-0.61644244,-0.45457068,-0.14903851,0.45859784,0.50546455,-0.10276171,-0.25299945,-0.28908157,-0.12965938,-0.61644244,-0.45457068,-0.14903851,0.45859784,0.39236596,0.14768331,0.46752346,0.39236596,0.14768331,0.46752346,-0.42192146,-0.9008961,0.5131178,0.39331788,0.15214366,0.45820233
1.5,24.1899,0.50553393,-0.10297645,-0.2525705,-0.28892446,-0.12984939,-0.6166743,-0.45425066,-0.14833957,0.45814753,0.5053683,-0.102261566,-0.25376004,-0.28932565,-0.12956445,-0.6160867,-0.4549949,-0.14990255,0.4589394,0.5056773,-0.10341318,-0.25137252,-0.2883713,-0.13054083,-0.6172255,-0.4533734,-0.14653422,0.45676523,0.50546455,-0.10276171,-0.25299945,-0.28908157,-0.12965938,-0.61644244,-0.45457068,-0.14903851,0.45859784,0.50546455,-0.10276171,-0.25299945,-0.28908157,-0.12965938,-0.61644244,-0.45457068,-0.14903851,0.45859784,0.39236596,0.14768331,0.46752346,0.39236596,0.14768331,0.46752346,-0.42192146,-0.9008961,0.5131178,0.39331788,0.15214366,0.45820233
2.5,24.149,0.50553393,-0.10297645,-0.2525705,-0.28892446,-0.12984939,-0.6166743,-0.45425066,-0.14833957,0.45814753,0.5053683,-0.102261566,-0.25376004,-0.28932565,-0.12956445,-0.6160867,-0.4549949,-0.14990255,0.4589394,0.5056773,-0.10341318,-0.25137252,-0.2883713,-0.13054083,-0.6172255,-0.4533734,-0.14653422,0.45676523,0.50546455,-0.10276171,-0.25299945,-0.28908157,-0.12965938,-0.61644244,-0.45457068,-0.14903851,0.45859784,0.50546455,-0.10276171,-0.25299945,-0.28908157,-0.12965938,-0.61644244,-0.45457068,-0.14903851,0.45859784,0.39236596,0.14768331,0.46752346,0.39236596,0.14768331,0.46752346,-0.42192146,-0.9008961,0.5131178,0.39331788,0.15214366,0.45820233
5.0,25.2514,0.50553393,-0.10297645,-0.2525705,-0.28892446,-0.12984939,-0.6166743,-0.45425066,-0.14833957,0.45814753,0.5053683,-0.102261566,-0.25376004,-0.28932565,-0.12956445,-0.6160867,-0.4549949,-0.14990255,0.4589394,0.5056773,-0.10341318,-0.25137252,-0.2883713,-0.13054083,-0.6172255,-0.4533734,-0.14653422,0.45676523,0.50546455,-0.10276171,-0.25299945,-0.28908157,-0.12965938,-0.61644244,-0.45457068,-0.14903851,0.45859784,0.50546455,-0.10276171,-0.25299945,-0.28908157,-0.12965938,-0.61644244,-0.45457068,-0.14903851,0.45859784,0.39236596,0.14768331,0.46752346,0.39236596,0.14768331,0.46752346,-0.42192146,-0.9008961,0.5131178,0.39331788,0.15214366,0.45820233
1.5,33.4303,0.50553393,-0.10297645,-0.2525705,-0.28892446,-0.12984939,-0.6166743,-0.45425066,-0.14833957,0.45814753,0.47798985,0.026587179,-0.31868207,-0.2989068,-0.21323088,-0.6155369,-0.42291144,-0.10968163,0.28238532,0.5243772,-0.07215376,-0.106413975,-0.17283925,-0.32917878,-0.6767798,-0.22848882,0.21313713,-0.0332115,0.50546455,-0.10276171,-0.25299945,-0.28908157,-0.12965938,-0.61644244,-0.45457068,-0.14903851,0.45859784,0.50546455,-0.10276171,-0.25299945,-0.28908157,-0.12965938,-0.61644244,-0.45457068,-0.14903851,0.45859784,0.39236596,0.14768331,0.46752346,0.39236596,0.14768331,0.46752346,-0.42192146,-0.9008961,0.5131178,0.39331788,0.15214366,0.45820233
3.0,35.9444,0.50553393,-0.10297645,-0.2525705,-0.28892446,-0.12984939,-0.6166743,-0.45425066,-0.14833957,0.45814753,0.47798985,0.026587179,-0.31868207,-0.2989068,-0.21323088,-0.6155369,-0.42291144,-0.10968163,0.28238532,0.5243772,-0.07215376,-0.106413975,-0.17283925,-0.32917878,-0.6767798,-0.22848882,0.21313713,-0.0332115,0.50546455,-0.10276171,-0.25299945,-0.28908157,-0.12965938,-0.61644244,-0.45457068,-0.14903851,0.45859784,0.50546455,-0.10276171,-0.25299945,-0.28908157,-0.12965938,-0.61644244,-0.45457068,-0.14903851,0.45859784,0.39236596,0.14768331,0.46752346,0.39236596,0.14768331,0.46752346,-0.42192146,-0.9008961,0.5131178,0.39331788,0.15214366,0.45820233
5.0,34.7776,0.50553393,-0.10297645,-0.2525705,-0.28892446,-0.12984939,-0.6166743,-0.45425066,-0.14833957,0.45814753,0.47798985,0.026587179,-0.31868207,-0.2989068,-0.21323088,-0.6155369,-0.42291144,-0.10968163,0.28238532,0.5243772,-0.07215376,-0.106413975,-0.17283925,-0.32917878,-0.6767798,-0.22848882,0.21313713,-0.0332115,0.50546455,-0.10276171,-0.25299945,-0.28908157,-0.12965938,-0.61644244,-0.45457068,-0.14903851,0.45859784,0.50546455,-0.10276171,-0.25299945,-0.28908157,-0.12965938,-0.61644244,-0.45457068,-0.14903851,0.45859784,0.39236596,0.14768331,0.46752346,0.39236596,0.14768331,0.46752346,-0.42192146,-0.9008961,0.5131178,0.39331788,0.15214366,0.45820233
10.0,35.2144,0.50553393,-0.10297645,-0.2525705,-0.28892446,-0.12984939,-0.6166743,-0.45425066,-0.14833957,0.45814753,0.47798985,0.026587179,-0.31868207,-0.2989068,-0.21323088,-0.6155369,-0.42291144,-0.10968163,0.28238532,0.5243772,-0.07215376,-0.106413975,-0.17283925,-0.32917878,-0.6767798,-0.22848882,0.21313713,-0.0332115,0.50546455,-0.10276171,-0.25299945,-0.28908157,-0.12965938,-0.61644244,-0.45457068,-0.14903851,0.45859784,0.50546455,-0.10276171,-0.25299945,-0.28908157,-0.12965938,-0.61644244,-0.45457068,-0.14903851,0.45859784,0.39236596,0.14768331,0.46752346,0.39236596,0.14768331,0.46752346,-0.42192146,-0.9008961,0.5131178,0.39331788,0.15214366,0.45820233
20.0,35.9962,0.50553393,-0.10297645,-0.2525705,-0.28892446,-0.12984939,-0.6166743,-0.45425066,-0.14833957,0.45814753,0.47798985,0.026587179,-0.31868207,-0.2989068,-0.21323088,-0.6155369,-0.42291144,-0.10968163,0.28238532,0.5243772,-0.07215376,-0.106413975,-0.17283925,-0.32917878,-0.6767798,-0.22848882,0.21313713,-0.0332115,0.50546455,-0.10276171,-0.25299945,-0.28908157,-0.12965938,-0.61644244,-0.45457068,-0.14903851,0.45859784,0.50546455,-0.10276171,-0.25299945,-0.28908157,-0.12965938,-0.61644244,-0.45457068,-0.14903851,0.45859784,0.39236596,0.14768331,0.46752346,0.39236596,0.14768331,0.46752346,-0.42192146,-0.9008961,0.5131178,0.39331788,0.15214366,0.45820233
1.0,27.3353,0.50553393,-0.10297645,-0.2525705,-0.28892446,-0.12984939,-0.6166743,-0.45425066,-0.14833957,0.45814753,0.5054508,-0.102716595,-0.25308165,-0.28910893,-0.12962712,-0.61639535,-0.454633,-0.14917693,0.45868158,0.5054885,-0.10283986,-0.252857,-0.28903428,-0.12971535,-0.61652386,-0.45446283,-0.14879875,0.4584527,0.50546455,-0.10276171,-0.25299945,-0.28908157,-0.12965938,-0.61644244,-0.45457068,-0.14903851,0.45859784,0.50546455,-0.10276171,-0.25299945,-0.28908157,-0.12965938,-0.61644244,-0.45457068,-0.14903851,0.45859784,0.39236596,0.14768331,0.46752346,0.39236596,0.14768331,0.46752346,-0.42192146,-0.9008961,0.5131178,0.39331788,0.15214366,0.45820233
2.5,22.6368,0.50553393,-0.10297645,-0.2525705,-0.28892446,-0.12984939,-0.6166743,-0.45425066,-0.14833957,0.45814753,0.5054508,-0.102716595,-0.25308165,-0.28910893,-0.12962712,-0.61639535,-0.454633,-0.14917693,0.45868158,0.5054885,-0.10283986,-0.252857,-0.28903428,-0.12971535,-0.61652386,-0.45446283,-0.14879875,0.4584527,0.50546455,-0.10276171,-0.25299945,-0.28908157,-0.12965938,-0.61644244,-0.45457068,-0.14903851,0.45859784,0.50546455,-0.10276171,-0.25299945,-0.28908157,-0.12965938,-0.61644244,-0.45457068,-0.14903851,0.45859784,0.39236596,0.14768331,0.46752346,0.39236596,0.14768331,0.46752346,-0.42192146,-0.9008961,0.5131178,0.39331788,0.15214366,0.45820233
5.0,24.1121,0.50553393,-0.10297645,-0.2525705,-0.28892446,-0.12984939,-0.6166743,-0.45425066,-0.14833957,0.45814753,0.5054508,-0.102716595,-0.25308165,-0.28910893,-0.12962712,-0.61639535,-0.454633,-0.14917693,0.45868158,0.5054885,-0.10283986,-0.252857,-0.28903428,-0.12971535,-0.61652386,-0.45446283,-0.14879875,0.4584527,0.50546455,-0.10276171,-0.25299945,-0.28908157,-0.12965938,-0.61644244,-0.45457068,-0.14903851,0.45859784,0.50546455,-0.10276171,-0.25299945,-0.28908157,-0.12965938,-0.61644244,-0.45457068,-0.14903851,0.45859784,0.39236596,0.14768331,0.46752346,0.39236596,0.14768331,0.46752346,-0.42192146,-0.9008961,0.5131178,0.39331788,0.15214366,0.45820233
10.0,35.5888,0.50553393,-0.10297645,-0.2525705,-0.28892446,-0.12984939,-0.6166743,-0.45425066,-0.14833957,0.45814753,0.5054508,-0.102716595,-0.25308165,-0.28910893,-0.12962712,-0.61639535,-0.454633,-0.14917693,0.45868158,0.5054885,-0.10283986,-0.252857,-0.28903428,-0.12971535,-0.61652386,-0.45446283,-0.14879875,0.4584527,0.50546455,-0.10276171,-0.25299945,-0.28908157,-0.12965938,-0.61644244,-0.45457068,-0.14903851,0.45859784,0.50546455,-0.10276171,-0.25299945,-0.28908157,-0.12965938,-0.61644244,-0.45457068,-0.14903851,0.45859784,0.39236596,0.14768331,0.46752346,0.39236596,0.14768331,0.46752346,-0.42192146,-0.9008961,0.5131178,0.39331788,0.15214366,0.45820233
15.0,38.2025,0.50553393,-0.10297645,-0.2525705,-0.28892446,-0.12984939,-0.6166743,-0.45425066,-0.14833957,0.45814753,0.5054508,-0.102716595,-0.25308165,-0.28910893,-0.12962712,-0.61639535,-0.454633,-0.14917693,0.45868158,0.5054885,-0.10283986,-0.252857,-0.28903428,-0.12971535,-0.61652386,-0.45446283,-0.14879875,0.4584527,0.50546455,-0.10276171,-0.25299945,-0.28908157,-0.12965938,-0.61644244,-0.45457068,-0.14903851,0.45859784,0.50546455,-0.10276171,-0.25299945,-0.28908157,-0.12965938,-0.61644244,-0.45457068,-0.14903851,0.45859784,0.39236596,0.14768331,0.46752346,0.39236596,0.14768331,0.46752346,-0.42192146,-0.9008961,0.5131178,0.39331788,0.15214366,0.45820233
1.25,24.4288,0.50553393,-0.10297645,-0.2525705,-0.28892446,-0.12984939,-0.6166743,-0.45425066,-0.14833957,0.45814753,0.5024483,-0.09229448,-0.26116636,-0.29160163,-0.1340182,-0.6152752,-0.45453116,-0.14802697,0.44886094,0.5080569,-0.10401829,-0.23876967,-0.27845463,-0.14587162,-0.6240362,-0.4366069,-0.11545964,0.42242867,0.5056914,-0.10350189,-0.2511181,-0.28823784,-0.13069677,-0.6173436,-0.4531633,-0.14610787,0.45642585,0.50546455,-0.10276171,-0.25299945,-0.28908157,-0.12965938,-0.61644244,-0.45457068,-0.14903851,0.45859784,0.39236596,0.14768331,0.46752346,0.39236596,0.14768331,0.46752346,-0.42192146,-0.9008961,0.5131178,0.39331788,0.15214366,0.45820233
2.5,22.9539,0.50553393,-0.10297645,-0.2525705,-0.28892446,-0.12984939,-0.6166743,-0.45425066,-0.14833957,0.45814753,0.5024483,-0.09229448,-0.26116636,-0.29160163,-0.1340182,-0.6152752,-0.45453116,-0.14802697,0.44886094,0.5080569,-0.10401829,-0.23876967,-0.27845463,-0.14587162,-0.6240362,-0.4366069,-0.11545964,0.42242867,0.5056914,-0.10350189,-0.2511181,-0.28823784,-0.13069677,-0.6173436,-0.4531633,-0.14610787,0.45642585,0.50546455,-0.10276171,-0.25299945,-0.28908157,-0.12965938,-0.61644244,-0.45457068,-0.14903851,0.45859784,0.39236596,0.14768331,0.46752346,0.39236596,0.14768331,0.46752346,-0.42192146,-0.9008961,0.5131178,0.39331788,0.15214366,0.45820233
5.0,24.5068,0.50553393,-0.10297645,-0.2525705,-0.28892446,-0.12984939,-0.6166743,-0.45425066,-0.14833957,0.45814753,0.5024483,-0.09229448,-0.26116636,-0.29160163,-0.1340182,-0.6152752,-0.45453116,-0.14802697,0.44886094,0.5080569,-0.10401829,-0.23876967,-0.27845463,-0.14587162,-0.6240362,-0.4366069,-0.11545964,0.42242867,0.5056914,-0.10350189,-0.2511181,-0.28823784,-0.13069677,-0.6173436,-0.4531633,-0.14610787,0.45642585,0.50546455,-0.10276171,-0.25299945,-0.28908157,-0.12965938,-0.61644244,-0.45457068,-0.14903851,0.45859784,0.39236596,0.14768331,0.46752346,0.39236596,0.14768331,0.46752346,-0.42192146,-0.9008961,0.5131178,0.39331788,0.15214366,0.45820233
10.0,26.5777,0.50553393,-0.10297645,-0.2525705,-0.28892446,-0.12984939,-0.6166743,-0.45425066,-0.14833957,0.45814753,0.5024483,-0.09229448,-0.26116636,-0.29160163,-0.1340182,-0.6152752,-0.45453116,-0.14802697,0.44886094,0.5080569,-0.10401829,-0.23876967,-0.27845463,-0.14587162,-0.6240362,-0.4366069,-0.11545964,0.42242867,0.5056914,-0.10350189,-0.2511181,-0.28823784,-0.13069677,-0.6173436,-0.4531633,-0.14610787,0.45642585,0.50546455,-0.10276171,-0.25299945,-0.28908157,-0.12965938,-0.61644244,-0.45457068,-0.14903851,0.45859784,0.39236596,0.14768331,0.46752346,0.39236596,0.14768331,0.46752346,-0.42192146,-0.9008961,0.5131178,0.39331788,0.15214366,0.45820233
25.0,32.1538,0.50553393,-0.10297645,-0.2525705,-0.28892446,-0.12984939,-0.6166743,-0.45425066,-0.14833957,0.45814753,0.5024483,-0.09229448,-0.26116636,-0.29160163,-0.1340182,-0.6152752,-0.45453116,-0.14802697,0.44886094,0.5080569,-0.10401829,-0.23876967,-0.27845463,-0.14587162,-0.6240362,-0.4366069,-0.11545964,0.42242867,0.5056914,-0.10350189,-0.2511181,-0.28823784,-0.13069677,-0.6173436,-0.4531633,-0.14610787,0.45642585,0.50546455,-0.10276171,-0.25299945,-0.28908157,-0.12965938,-0.61644244,-0.45457068,-0.14903851,0.45859784,0.39236596,0.14768331,0.46752346,0.39236596,0.14768331,0.46752346,-0.42192146,-0.9008961,0.5131178,0.39331788,0.15214366,0.45820233
1.25,22.8297,0.50553393,-0.10297645,-0.2525705,-0.28892446,-0.12984939,-0.6166743,-0.45425066,-0.14833957,0.45814753,0.5024483,-0.09229448,-0.26116636,-0.29160163,-0.1340182,-0.6152752,-0.45453116,-0.14802697,0.44886094,0.5080569,-0.10401829,-0.23876967,-0.27845463,-0.14587162,-0.6240362,-0.4366069,-0.11545964,0.42242867,0.50553393,-0.10297645,-0.2525705,-0.28892446,-0.12984939,-0.6166743,-0.45425066,-0.14833957,0.45814753,0.50546455,-0.10276171,-0.25299945,-0.28908157,-0.12965938,-0.61644244,-0.45457068,-0.14903851,0.45859784,0.39236596,0.14768331,0.46752346,0.39236596,0.14768331,0.46752346,-0.42192146,-0.9008961,0.5131178,0.39331788,0.15214366,0.45820233
2.5,23.7636,0.50553393,-0.10297645,-0.2525705,-0.28892446,-0.12984939,-0.6166743,-0.45425066,-0.14833957,0.45814753,0.5024483,-0.09229448,-0.26116636,-0.29160163,-0.1340182,-0.6152752,-0.45453116,-0.14802697,0.44886094,0.5080569,-0.10401829,-0.23876967,-0.27845463,-0.14587162,-0.6240362,-0.4366069,-0.11545964,0.42242867,0.50553393,-0.10297645,-0.2525705,-0.28892446,-0.12984939,-0.6166743,-0.45425066,-0.14833957,0.45814753,0.50546455,-0.10276171,-0.25299945,-0.28908157,-0.12965938,-0.61644244,-0.45457068,-0.14903851,0.45859784,0.39236596,0.14768331,0.46752346,0.39236596,0.14768331,0.46752346,-0.42192146,-0.9008961,0.5131178,0.39331788,0.15214366,0.45820233
5.0,25.2793,0.50553393,-0.10297645,-0.2525705,-0.28892446,-0.12984939,-0.6166743,-0.45425066,-0.14833957,0.45814753,0.5024483,-0.09229448,-0.26116636,-0.29160163,-0.1340182,-0.6152752,-0.45453116,-0.14802697,0.44886094,0.5080569,-0.10401829,-0.23876967,-0.27845463,-0.14587162,-0.6240362,-0.4366069,-0.11545964,0.42242867,0.50553393,-0.10297645,-0.2525705,-0.28892446,-0.12984939,-0.6166743,-0.45425066,-0.14833957,0.45814753,0.50546455,-0.10276171,-0.25299945,-0.28908157,-0.12965938,-0.61644244,-0.45457068,-0.14903851,0.45859784,0.39236596,0.14768331,0.46752346,0.39236596,0.14768331,0.46752346,-0.42192146,-0.9008961,0.5131178,0.39331788,0.15214366,0.45820233
10.0,26.1379,0.50553393,-0.10297645,-0.2525705,-0.28892446,-0.12984939,-0.6166743,-0.45425066,-0.14833957,0.45814753,0.5024483,-0.09229448,-0.26116636,-0.29160163,-0.1340182,-0.6152752,-0.45453116,-0.14802697,0.44886094,0.5080569,-0.10401829,-0.23876967,-0.27845463,-0.14587162,-0.6240362,-0.4366069,-0.11545964,0.42242867,0.50553393,-0.10297645,-0.2525705,-0.28892446,-0.12984939,-0.6166743,-0.45425066,-0.14833957,0.45814753,0.50546455,-0.10276171,-0.25299945,-0.28908157,-0.12965938,-0.61644244,-0.45457068,-0.14903851,0.45859784,0.39236596,0.14768331,0.46752346,0.39236596,0.14768331,0.46752346,-0.42192146,-0.9008961,0.5131178,0.39331788,0.15214366,0.45820233
25.0,31.4369,0.50553393,-0.10297645,-0.2525705,-0.28892446,-0.12984939,-0.6166743,-0.45425066,-0.14833957,0.45814753,0.5024483,-0.09229448,-0.26116636,-0.29160163,-0.1340182,-0.6152752,-0.45453116,-0.14802697,0.44886094,0.5080569,-0.10401829,-0.23876967,-0.27845463,-0.14587162,-0.6240362,-0.4366069,-0.11545964,0.42242867,0.50553393,-0.10297645,-0.2525705,-0.28892446,-0.12984939,-0.6166743,-0.45425066,-0.14833957,0.45814753,0.50546455,-0.10276171,-0.25299945,-0.28908157,-0.12965938,-0.61644244,-0.45457068,-0.14903851,0.45859784,0.39236596,0.14768331,0.46752346,0.39236596,0.14768331,0.46752346,-0.42192146,-0.9008961,0.5131178,0.39331788,0.15214366,0.45820233
1.0,23.5039,0.5073142,-0.10536224,-0.24489024,-0.28304064,-0.13724332,-0.6211857,-0.4448344,-0.13019781,0.44087687,0.5024483,-0.09229448,-0.26116636,-0.29160163,-0.1340182,-0.6152752,-0.45453116,-0.14802697,0.44886094,0.5080569,-0.10401829,-0.23876967,-0.27845463,-0.14587162,-0.6240362,-0.4366069,-0.11545964,0.42242867,0.50546455,-0.10276171,-0.25299945,-0.28908157,-0.12965938,-0.61644244,-0.45457068,-0.14903851,0.45859784,0.50546455,-0.10276171,-0.25299945,-0.28908157,-0.12965938,-0.61644244,-0.45457068,-0.14903851,0.45859784,0.39236596,0.14768331,0.46752346,0.39236596,0.14768331,0.46752346,-0.11670195,-0.35743687,0.5999963,0.37499225,0.11696413,0.473562
1.25,32.1994,0.5073142,-0.10536224,-0.24489024,-0.28304064,-0.13724332,-0.6211857,-0.4448344,-0.13019781,0.44087687,0.5024483,-0.09229448,-0.26116636,-0.29160163,-0.1340182,-0.6152752,-0.45453116,-0.14802697,0.44886094,0.5080569,-0.10401829,-0.23876967,-0.27845463,-0.14587162,-0.6240362,-0.4366069,-0.11545964,0.42242867,0.50546455,-0.10276171,-0.25299945,-0.28908157,-0.12965938,-0.61644244,-0.45457068,-0.14903851,0.45859784,0.50546455,-0.10276171,-0.25299945,-0.28908157,-0.12965938,-0.61644244,-0.45457068,-0.14903851,0.45859784,0.39236596,0.14768331,0.46752346,0.39236596,0.14768331,0.46752346,-0.11670195,-0.35743687,0.5999963,0.37499225,0.11696413,0.473562
2.5,32.4203,0.5073142,-0.10536224,-0.24489024,-0.28304064,-0.13724332,-0.6211857,-0.4448344,-0.13019781,0.44087687,0.5024483,-0.09229448,-0.26116636,-0.29160163,-0.1340182,-0.6152752,-0.45453116,-0.14802697,0.44886094,0.5080569,-0.10401829,-0.23876967,-0.27845463,-0.14587162,-0.6240362,-0.4366069,-0.11545964,0.42242867,0.50546455,-0.10276171,-0.25299945,-0.28908157,-0.12965938,-0.61644244,-0.45457068,-0.14903851,0.45859784,0.50546455,-0.10276171,-0.25299945,-0.28908157,-0.12965938,-0.61644244,-0.45457068,-0.14903851,0.45859784,0.39236596,0.14768331,0.46752346,0.39236596,0.14768331,0.46752346,-0.11670195,-0.35743687,0.5999963,0.37499225,0.11696413,0.473562
5.0,22.5675,0.5073142,-0.10536224,-0.24489024,-0.28304064,-0.13724332,-0.6211857,-0.4448344,-0.13019781,0.44087687,0.5024483,-0.09229448,-0.26116636,-0.29160163,-0.1340182,-0.6152752,-0.45453116,-0.14802697,0.44886094,0.5080569,-0.10401829,-0.23876967,-0.27845463,-0.14587162,-0.6240362,-0.4366069,-0.11545964,0.42242867,0.50546455,-0.10276171,-0.25299945,-0.28908157,-0.12965938,-0.61644244,-0.45457068,-0.14903851,0.45859784,0.50546455,-0.10276171,-0.25299945,-0.28908157,-0.12965938,-0.61644244,-0.45457068,-0.14903851,0.45859784,0.39236596,0.14768331,0.46752346,0.39236596,0.14768331,0.46752346,-0.11670195,-0.35743687,0.5999963,0.37499225,0.11696413,0.473562
10.0,35.6988,0.5073142,-0.10536224,-0.24489024,-0.28304064,-0.13724332,-0.6211857,-0.4448344,-0.13019781,0.44087687,0.5024483,-0.09229448,-0.26116636,-0.29160163,-0.1340182,-0.6152752,-0.45453116,-0.14802697,0.44886094,0.5080569,-0.10401829,-0.23876967,-0.27845463,-0.14587162,-0.6240362,-0.4366069,-0.11545964,0.42242867,0.50546455,-0.10276171,-0.25299945,-0.28908157,-0.12965938,-0.61644244,-0.45457068,-0.14903851,0.45859784,0.50546455,-0.10276171,-0.25299945,-0.28908157,-0.12965938,-0.61644244,-0.45457068,-0.14903851,0.45859784,0.39236596,0.14768331,0.46752346,0.39236596,0.14768331,0.46752346,-0.11670195,-0.35743687,0.5999963,0.37499225,0.11696413,0.473562
1.0,23.8778,0.5073142,-0.10536224,-0.24489024,-0.28304064,-0.13724332,-0.6211857,-0.4448344,-0.13019781,0.44087687,0.5053683,-0.102261566,-0.25376004,-0.28932565,-0.12956445,-0.6160867,-0.4549949,-0.14990255,0.4589394,0.5056773,-0.10341318,-0.25137252,-0.2883713,-0.13054083,-0.6172255,-0.4533734,-0.14653422,0.45676523,0.50546455,-0.10276171,-0.25299945,-0.28908157,-0.12965938,-0.61644244,-0.45457068,-0.14903851,0.45859784,0.50546455,-0.10276171,-0.25299945,-0.28908157,-0.12965938,-0.61644244,-0.45457068,-0.14903851,0.45859784,0.39236596,0.14768331,0.46752346,0.39236596,0.14768331,0.46752346,-0.11670195,-0.35743687,0.5999963,0.37499225,0.11696413,0.473562
1.25,22.547,0.5073142,-0.10536224,-0.24489024,-0.28304064,-0.13724332,-0.6211857,-0.4448344,-0.13019781,0.44087687,0.5053683,-0.102261566,-0.25376004,-0.28932565,-0.12956445,-0.6160867,-0.4549949,-0.14990255,0.4589394,0.5056773,-0.10341318,-0.25137252,-0.2883713,-0.13054083,-0.6172255,-0.4533734,-0.14653422,0.45676523,0.50546455,-0.10276171,-0.25299945,-0.28908157,-0.12965938,-0.61644244,-0.45457068,-0.14903851,0.45859784,0.50546455,-0.10276171,-0.25299945,-0.28908157,-0.12965938,-0.61644244,-0.45457068,-0.14903851,0.45859784,0.39236596,0.14768331,0.46752346,0.39236596,0.14768331,0.46752346,-0.11670195,-0.35743687,0.5999963,0.37499225,0.11696413,0.473562
2.5,22.6256,0.5073142,-0.10536224,-0.24489024,-0.28304064,-0.13724332,-0.6211857,-0.4448344,-0.13019781,0.44087687,0.5053683,-0.102261566,-0.25376004,-0.28932565,-0.12956445,-0.6160867,-0.4549949,-0.14990255,0.4589394,0.5056773,-0.10341318,-0.25137252,-0.2883713,-0.13054083,-0.6172255,-0.4533734,-0.14653422,0.45676523,0.50546455,-0.10276171,-0.25299945,-0.28908157,-0.12965938,-0.61644244,-0.45457068,-0.14903851,0.45859784,0.50546455,-0.10276171,-0.25299945,-0.28908157,-0.12965938,-0.61644244,-0.45457068,-0.14903851,0.45859784,0.39236596,0.14768331,0.46752346,0.39236596,0.14768331,0.46752346,-0.11670195,-0.35743687,0.5999963,0.37499225,0.11696413,0.473562
5.0,25.4372,0.5073142,-0.10536224,-0.24489024,-0.28304064,-0.13724332,-0.6211857,-0.4448344,-0.13019781,0.44087687,0.5053683,-0.102261566,-0.25376004,-0.28932565,-0.12956445,-0.6160867,-0.4549949,-0.14990255,0.4589394,0.5056773,-0.10341318,-0.25137252,-0.2883713,-0.13054083,-0.6172255,-0.4533734,-0.14653422,0.45676523,0.50546455,-0.10276171,-0.25299945,-0.28908157,-0.12965938,-0.61644244,-0.45457068,-0.14903851,0.45859784,0.50546455,-0.10276171,-0.25299945,-0.28908157,-0.12965938,-0.61644244,-0.45457068,-0.14903851,0.45859784,0.39236596,0.14768331,0.46752346,0.39236596,0.14768331,0.46752346,-0.11670195,-0.35743687,0.5999963,0.37499225,0.11696413,0.473562
10.0,23.5954,0.5073142,-0.10536224,-0.24489024,-0.28304064,-0.13724332,-0.6211857,-0.4448344,-0.13019781,0.44087687,0.5053683,-0.102261566,-0.25376004,-0.28932565,-0.12956445,-0.6160867,-0.4549949,-0.14990255,0.4589394,0.5056773,-0.10341318,-0.25137252,-0.2883713,-0.13054083,-0.6172255,-0.4533734,-0.14653422,0.45676523,0.50546455,-0.10276171,-0.25299945,-0.28908157,-0.12965938,-0.61644244,-0.45457068,-0.14903851,0.45859784,0.50546455,-0.10276171,-0.25299945,-0.28908157,-0.12965938,-0.61644244,-0.45457068,-0.14903851,0.45859784,0.39236596,0.14768331,0.46752346,0.39236596,0.14768331,0.46752346,-0.11670195,-0.35743687,0.5999963,0.37499225,0.11696413,0.473562
1.25,22.6453,0.5073142,-0.10536224,-0.24489024,-0.28304064,-0.13724332,-0.6211857,-0.4448344,-0.13019781,0.44087687,0.47798985,0.026587179,-0.31868207,-0.2989068,-0.21323088,-0.6155369,-0.42291144,-0.10968163,0.28238532,0.5243772,-0.07215376,-0.106413975,-0.17283925,-0.32917878,-0.6767798,-0.22848882,0.21313713,-0.0332115,0.50546455,-0.10276171,-0.25299945,-0.28908157,-0.12965938,-0.61644244,-0.45457068,-0.14903851,0.45859784,0.50546455,-0.10276171,-0.25299945,-0.28908157,-0.12965938,-0.61644244,-0.45457068,-0.14903851,0.45859784,0.39236596,0.14768331,0.46752346,0.39236596,0.14768331,0.46752346,-0.11670195,-0.35743687,0.5999963,0.37499225,0.11696413,0.473562
2.5,24.4235,0.5073142,-0.10536224,-0.24489024,-0.28304064,-0.13724332,-0.6211857,-0.4448344,-0.13019781,0.44087687,0.47798985,0.026587179,-0.31868207,-0.2989068,-0.21323088,-0.6155369,-0.42291144,-0.10968163,0.28238532,0.5243772,-0.07215376,-0.106413975,-0.17283925,-0.32917878,-0.6767798,-0.22848882,0.21313713,-0.0332115,0.50546455,-0.10276171,-0.25299945,-0.28908157,-0.12965938,-0.61644244,-0.45457068,-0.14903851,0.45859784,0.50546455,-0.10276171,-0.25299945,-0.28908157,-0.12965938,-0.61644244,-0.45457068,-0.14903851,0.45859784,0.39236596,0.14768331,0.46752346,0.39236596,0.14768331,0.46752346,-0.11670195,-0.35743687,0.5999963,0.37499225,0.11696413,0.473562
5.0,21.9805,0.5073142,-0.10536224,-0.24489024,-0.28304064,-0.13724332,-0.6211857,-0.4448344,-0.13019781,0.44087687,0.47798985,0.026587179,-0.31868207,-0.2989068,-0.21323088,-0.6155369,-0.42291144,-0.10968163,0.28238532,0.5243772,-0.07215376,-0.106413975,-0.17283925,-0.32917878,-0.6767798,-0.22848882,0.21313713,-0.0332115,0.50546455,-0.10276171,-0.25299945,-0.28908157,-0.12965938,-0.61644244,-0.45457068,-0.14903851,0.45859784,0.50546455,-0.10276171,-0.25299945,-0.28908157,-0.12965938,-0.61644244,-0.45457068,-0.14903851,0.45859784,0.39236596,0.14768331,0.46752346,0.39236596,0.14768331,0.46752346,-0.11670195,-0.35743687,0.5999963,0.37499225,0.11696413,0.473562
10.0,23.2729,0.5073142,-0.10536224,-0.24489024,-0.28304064,-0.13724332,-0.6211857,-0.4448344,-0.13019781,0.44087687,0.47798985,0.026587179,-0.31868207,-0.2989068,-0.21323088,-0.6155369,-0.42291144,-0.10968163,0.28238532,0.5243772,-0.07215376,-0.106413975,-0.17283925,-0.32917878,-0.6767798,-0.22848882,0.21313713,-0.0332115,0.50546455,-0.10276171,-0.25299945,-0.28908157,-0.12965938,-0.61644244,-0.45457068,-0.14903851,0.45859784,0.50546455,-0.10276171,-0.25299945,-0.28908157,-0.12965938,-0.61644244,-0.45457068,-0.14903851,0.45859784,0.39236596,0.14768331,0.46752346,0.39236596,0.14768331,0.46752346,-0.11670195,-0.35743687,0.5999963,0.37499225,0.11696413,0.473562
12.5,26.0891,0.5073142,-0.10536224,-0.24489024,-0.28304064,-0.13724332,-0.6211857,-0.4448344,-0.13019781,0.44087687,0.47798985,0.026587179,-0.31868207,-0.2989068,-0.21323088,-0.6155369,-0.42291144,-0.10968163,0.28238532,0.5243772,-0.07215376,-0.106413975,-0.17283925,-0.32917878,-0.6767798,-0.22848882,0.21313713,-0.0332115,0.50546455,-0.10276171,-0.25299945,-0.28908157,-0.12965938,-0.61644244,-0.45457068,-0.14903851,0.45859784,0.50546455,-0.10276171,-0.25299945,-0.28908157,-0.12965938,-0.61644244,-0.45457068,-0.14903851,0.45859784,0.39236596,0.14768331,0.46752346,0.39236596,0.14768331,0.46752346,-0.11670195,-0.35743687,0.5999963,0.37499225,0.11696413,0.473562
1.25,22.6612,0.5073142,-0.10536224,-0.24489024,-0.28304064,-0.13724332,-0.6211857,-0.4448344,-0.13019781,0.44087687,0.5054508,-0.102716595,-0.25308165,-0.28910893,-0.12962712,-0.61639535,-0.454633,-0.14917693,0.45868158,0.5054885,-0.10283986,-0.252857,-0.28903428,-0.12971535,-0.61652386,-0.45446283,-0.14879875,0.4584527,0.50546455,-0.10276171,-0.25299945,-0.28908157,-0.12965938,-0.61644244,-0.45457068,-0.14903851,0.45859784,0.50546455,-0.10276171,-0.25299945,-0.28908157,-0.12965938,-0.61644244,-0.45457068,-0.14903851,0.45859784,0.39236596,0.14768331,0.46752346,0.39236596,0.14768331,0.46752346,-0.11670195,-0.35743687,0.5999963,0.37499225,0.11696413,0.473562
2.5,22.1416,0.5073142,-0.10536224,-0.24489024,-0.28304064,-0.13724332,-0.6211857,-0.4448344,-0.13019781,0.44087687,0.5054508,-0.102716595,-0.25308165,-0.28910893,-0.12962712,-0.61639535,-0.454633,-0.14917693,0.45868158,0.5054885,-0.10283986,-0.252857,-0.28903428,-0.12971535,-0.61652386,-0.45446283,-0.14879875,0.4584527,0.50546455,-0.10276171,-0.25299945,-0.28908157,-0.12965938,-0.61644244,-0.45457068,-0.14903851,0.45859784,0.50546455,-0.10276171,-0.25299945,-0.28908157,-0.12965938,-0.61644244,-0.45457068,-0.14903851,0.45859784,0.39236596,0.14768331,0.46752346,0.39236596,0.14768331,0.46752346,-0.11670195,-0.35743687,0.5999963,0.37499225,0.11696413,0.473562
5.0,25.1412,0.5073142,-0.10536224,-0.24489024,-0.28304064,-0.13724332,-0.6211857,-0.4448344,-0.13019781,0.44087687,0.5054508,-0.102716595,-0.25308165,-0.28910893,-0.12962712,-0.61639535,-0.454633,-0.14917693,0.45868158,0.5054885,-0.10283986,-0.252857,-0.28903428,-0.12971535,-0.61652386,-0.45446283,-0.14879875,0.4584527,0.50546455,-0.10276171,-0.25299945,-0.28908157,-0.12965938,-0.61644244,-0.45457068,-0.14903851,0.45859784,0.50546455,-0.10276171,-0.25299945,-0.28908157,-0.12965938,-0.61644244,-0.45457068,-0.14903851,0.45859784,0.39236596,0.14768331,0.46752346,0.39236596,0.14768331,0.46752346,-0.11670195,-0.35743687,0.5999963,0.37499225,0.11696413,0.473562
10.0,26.9934,0.5073142,-0.10536224,-0.24489024,-0.28304064,-0.13724332,-0.6211857,-0.4448344,-0.13019781,0.44087687,0.5054508,-0.102716595,-0.25308165,-0.28910893,-0.12962712,-0.61639535,-0.454633,-0.14917693,0.45868158,0.5054885,-0.10283986,-0.252857,-0.28903428,-0.12971535,-0.61652386,-0.45446283,-0.14879875,0.4584527,0.50546455,-0.10276171,-0.25299945,-0.28908157,-0.12965938,-0.61644244,-0.45457068,-0.14903851,0.45859784,0.50546455,-0.10276171,-0.25299945,-0.28908157,-0.12965938,-0.61644244,-0.45457068,-0.14903851,0.45859784,0.39236596,0.14768331,0.46752346,0.39236596,0.14768331,0.46752346,-0.11670195,-0.35743687,0.5999963,0.37499225,0.11696413,0.473562
12.5,24.6315,0.5073142,-0.10536224,-0.24489024,-0.28304064,-0.13724332,-0.6211857,-0.4448344,-0.13019781,0.44087687,0.5054508,-0.102716595,-0.25308165,-0.28910893,-0.12962712,-0.61639535,-0.454633,-0.14917693,0.45868158,0.5054885,-0.10283986,-0.252857,-0.28903428,-0.12971535,-0.61652386,-0.45446283,-0.14879875,0.4584527,0.50546455,-0.10276171,-0.25299945,-0.28908157,-0.12965938,-0.61644244,-0.45457068,-0.14903851,0.45859784,0.50546455,-0.10276171,-0.25299945,-0.28908157,-0.12965938,-0.61644244,-0.45457068,-0.14903851,0.45859784,0.39236596,0.14768331,0.46752346,0.39236596,0.14768331,0.46752346,-0.11670195,-0.35743687,0.5999963,0.37499225,0.11696413,0.473562
1.0,22.3368,0.5073142,-0.10536224,-0.24489024,-0.28304064,-0.13724332,-0.6211857,-0.4448344,-0.13019781,0.44087687,0.5024483,-0.09229448,-0.26116636,-0.29160163,-0.1340182,-0.6152752,-0.45453116,-0.14802697,0.44886094,0.5080569,-0.10401829,-0.23876967,-0.27845463,-0.14587162,-0.6240362,-0.4366069,-0.11545964,0.42242867,0.5056914,-0.10350189,-0.2511181,-0.28823784,-0.13069677,-0.6173436,-0.4531633,-0.14610787,0.45642585,0.50546455,-0.10276171,-0.25299945,-0.28908157,-0.12965938,-0.61644244,-0.45457068,-0.14903851,0.45859784,0.39236596,0.14768331,0.46752346,0.39236596,0.14768331,0.46752346,-0.11670195,-0.35743687,0.5999963,0.37499225,0.11696413,0.473562
1.25,21.8845,0.5073142,-0.10536224,-0.24489024,-0.28304064,-0.13724332,-0.6211857,-0.4448344,-0.13019781,0.44087687,0.5024483,-0.09229448,-0.26116636,-0.29160163,-0.1340182,-0.6152752,-0.45453116,-0.14802697,0.44886094,0.5080569,-0.10401829,-0.23876967,-0.27845463,-0.14587162,-0.6240362,-0.4366069,-0.11545964,0.42242867,0.5056914,-0.10350189,-0.2511181,-0.28823784,-0.13069677,-0.6173436,-0.4531633,-0.14610787,0.45642585,0.50546455,-0.10276171,-0.25299945,-0.28908157,-0.12965938,-0.61644244,-0.45457068,-0.14903851,0.45859784,0.39236596,0.14768331,0.46752346,0.39236596,0.14768331,0.46752346,-0.11670195,-0.35743687,0.5999963,0.37499225,0.11696413,0.473562
2.5,22.8137,0.5073142,-0.10536224,-0.24489024,-0.28304064,-0.13724332,-0.6211857,-0.4448344,-0.13019781,0.44087687,0.5024483,-0.09229448,-0.26116636,-0.29160163,-0.1340182,-0.6152752,-0.45453116,-0.14802697,0.44886094,0.5080569,-0.10401829,-0.23876967,-0.27845463,-0.14587162,-0.6240362,-0.4366069,-0.11545964,0.42242867,0.5056914,-0.10350189,-0.2511181,-0.28823784,-0.13069677,-0.6173436,-0.4531633,-0.14610787,0.45642585,0.50546455,-0.10276171,-0.25299945,-0.28908157,-0.12965938,-0.61644244,-0.45457068,-0.14903851,0.45859784,0.39236596,0.14768331,0.46752346,0.39236596,0.14768331,0.46752346,-0.11670195,-0.35743687,0.5999963,0.37499225,0.11696413,0.473562
5.0,23.7974,0.5073142,-0.10536224,-0.24489024,-0.28304064,-0.13724332,-0.6211857,-0.4448344,-0.13019781,0.44087687,0.5024483,-0.09229448,-0.26116636,-0.29160163,-0.1340182,-0.6152752,-0.45453116,-0.14802697,0.44886094,0.5080569,-0.10401829,-0.23876967,-0.27845463,-0.14587162,-0.6240362,-0.4366069,-0.11545964,0.42242867,0.5056914,-0.10350189,-0.2511181,-0.28823784,-0.13069677,-0.6173436,-0.4531633,-0.14610787,0.45642585,0.50546455,-0.10276171,-0.25299945,-0.28908157,-0.12965938,-0.61644244,-0.45457068,-0.14903851,0.45859784,0.39236596,0.14768331,0.46752346,0.39236596,0.14768331,0.46752346,-0.11670195,-0.35743687,0.5999963,0.37499225,0.11696413,0.473562
10.0,23.1112,0.5073142,-0.10536224,-0.24489024,-0.28304064,-0.13724332,-0.6211857,-0.4448344,-0.13019781,0.44087687,0.5024483,-0.09229448,-0.26116636,-0.29160163,-0.1340182,-0.6152752,-0.45453116,-0.14802697,0.44886094,0.5080569,-0.10401829,-0.23876967,-0.27845463,-0.14587162,-0.6240362,-0.4366069,-0.11545964,0.42242867,0.5056914,-0.10350189,-0.2511181,-0.28823784,-0.13069677,-0.6173436,-0.4531633,-0.14610787,0.45642585,0.50546455,-0.10276171,-0.25299945,-0.28908157,-0.12965938,-0.61644244,-0.45457068,-0.14903851,0.45859784,0.39236596,0.14768331,0.46752346,0.39236596,0.14768331,0.46752346,-0.11670195,-0.35743687,0.5999963,0.37499225,0.11696413,0.473562
1.0,23.0767,0.5073142,-0.10536224,-0.24489024,-0.28304064,-0.13724332,-0.6211857,-0.4448344,-0.13019781,0.44087687,0.5024483,-0.09229448,-0.26116636,-0.29160163,-0.1340182,-0.6152752,-0.45453116,-0.14802697,0.44886094,0.5080569,-0.10401829,-0.23876967,-0.27845463,-0.14587162,-0.6240362,-0.4366069,-0.11545964,0.42242867,0.5073142,-0.10536224,-0.24489024,-0.28304064,-0.13724332,-0.6211857,-0.4448344,-0.13019781,0.44087687,0.50546455,-0.10276171,-0.25299945,-0.28908157,-0.12965938,-0.61644244,-0.45457068,-0.14903851,0.45859784,0.39236596,0.14768331,0.46752346,0.39236596,0.14768331,0.46752346,-0.11670195,-0.35743687,0.5999963,0.37499225,0.11696413,0.473562
1.25,24.4318,0.5073142,-0.10536224,-0.24489024,-0.28304064,-0.13724332,-0.6211857,-0.4448344,-0.13019781,0.44087687,0.5024483,-0.09229448,-0.26116636,-0.29160163,-0.1340182,-0.6152752,-0.45453116,-0.14802697,0.44886094,0.5080569,-0.10401829,-0.23876967,-0.27845463,-0.14587162,-0.6240362,-0.4366069,-0.11545964,0.42242867,0.5073142,-0.10536224,-0.24489024,-0.28304064,-0.13724332,-0.6211857,-0.4448344,-0.13019781,0.44087687,0.50546455,-0.10276171,-0.25299945,-0.28908157,-0.12965938,-0.61644244,-0.45457068,-0.14903851,0.45859784,0.39236596,0.14768331,0.46752346,0.39236596,0.14768331,0.46752346,-0.11670195,-0.35743687,0.5999963,0.37499225,0.11696413,0.473562
2.5,24.9766,0.5073142,-0.10536224,-0.24489024,-0.28304064,-0.13724332,-0.6211857,-0.4448344,-0.13019781,0.44087687,0.5024483,-0.09229448,-0.26116636,-0.29160163,-0.1340182,-0.6152752,-0.45453116,-0.14802697,0.44886094,0.5080569,-0.10401829,-0.23876967,-0.27845463,-0.14587162,-0.6240362,-0.4366069,-0.11545964,0.42242867,0.5073142,-0.10536224,-0.24489024,-0.28304064,-0.13724332,-0.6211857,-0.4448344,-0.13019781,0.44087687,0.50546455,-0.10276171,-0.25299945,-0.28908157,-0.12965938,-0.61644244,-0.45457068,-0.14903851,0.45859784,0.39236596,0.14768331,0.46752346,0.39236596,0.14768331,0.46752346,-0.11670195,-0.35743687,0.5999963,0.37499225,0.11696413,0.473562
5.0,22.4247,0.5073142,-0.10536224,-0.24489024,-0.28304064,-0.13724332,-0.6211857,-0.4448344,-0.13019781,0.44087687,0.5024483,-0.09229448,-0.26116636,-0.29160163,-0.1340182,-0.6152752,-0.45453116,-0.14802697,0.44886094,0.5080569,-0.10401829,-0.23876967,-0.27845463,-0.14587162,-0.6240362,-0.4366069,-0.11545964,0.42242867,0.5073142,-0.10536224,-0.24489024,-0.28304064,-0.13724332,-0.6211857,-0.4448344,-0.13019781,0.44087687,0.50546455,-0.10276171,-0.25299945,-0.28908157,-0.12965938,-0.61644244,-0.45457068,-0.14903851,0.45859784,0.39236596,0.14768331,0.46752346,0.39236596,0.14768331,0.46752346,-0.11670195,-0.35743687,0.5999963,0.37499225,0.11696413,0.473562
10.0,26.0939,0.5073142,-0.10536224,-0.24489024,-0.28304064,-0.13724332,-0.6211857,-0.4448344,-0.13019781,0.44087687,0.5024483,-0.09229448,-0.26116636,-0.29160163,-0.1340182,-0.6152752,-0.45453116,-0.14802697,0.44886094,0.5080569,-0.10401829,-0.23876967,-0.27845463,-0.14587162,-0.6240362,-0.4366069,-0.11545964,0.42242867,0.5073142,-0.10536224,-0.24489024,-0.28304064,-0.13724332,-0.6211857,-0.4448344,-0.13019781,0.44087687,0.50546455,-0.10276171,-0.25299945,-0.28908157,-0.12965938,-0.61644244,-0.45457068,-0.14903851,0.45859784,0.39236596,0.14768331,0.46752346,0.39236596,0.14768331,0.46752346,-0.11670195,-0.35743687,0.5999963,0.37499225,0.11696413,0.473562
5.0,17223.4,0.50546527,-0.10276396,-0.25299528,-0.28908026,-0.12966096,-0.6164447,-0.45456758,-0.1490316,0.4585936,0.5024483,-0.09229448,-0.26116636,-0.29160163,-0.1340182,-0.6152752,-0.45453116,-0.14802697,0.44886094,0.5080569,-0.10401829,-0.23876967,-0.27845463,-0.14587162,-0.6240362,-0.4366069,-0.11545964,0.42242867,0.50546455,-0.10276171,-0.25299945,-0.28908157,-0.12965938,-0.61644244,-0.45457068,-0.14903851,0.45859784,0.50546455,-0.10276171,-0.25299945,-0.28908157,-0.12965938,-0.61644244,-0.45457068,-0.14903851,0.45859784,0.39236596,0.14768331,0.46752346,0.28501844,0.042193457,0.43366468,0.39236596,0.14768331,0.46752346,0.39236596,0.14768331,0.46752346
10.0,16868.6,0.50546527,-0.10276396,-0.25299528,-0.28908026,-0.12966096,-0.6164447,-0.45456758,-0.1490316,0.4585936,0.5024483,-0.09229448,-0.26116636,-0.29160163,-0.1340182,-0.6152752,-0.45453116,-0.14802697,0.44886094,0.5080569,-0.10401829,-0.23876967,-0.27845463,-0.14587162,-0.6240362,-0.4366069,-0.11545964,0.42242867,0.50546455,-0.10276171,-0.25299945,-0.28908157,-0.12965938,-0.61644244,-0.45457068,-0.14903851,0.45859784,0.50546455,-0.10276171,-0.25299945,-0.28908157,-0.12965938,-0.61644244,-0.45457068,-0.14903851,0.45859784,0.39236596,0.14768331,0.46752346,0.28501844,0.042193457,0.43366468,0.39236596,0.14768331,0.46752346,0.39236596,0.14768331,0.46752346
20.0,16493.2,0.50546527,-0.10276396,-0.25299528,-0.28908026,-0.12966096,-0.6164447,-0.45456758,-0.1490316,0.4585936,0.5024483,-0.09229448,-0.26116636,-0.29160163,-0.1340182,-0.6152752,-0.45453116,-0.14802697,0.44886094,0.5080569,-0.10401829,-0.23876967,-0.27845463,-0.14587162,-0.6240362,-0.4366069,-0.11545964,0.42242867,0.50546455,-0.10276171,-0.25299945,-0.28908157,-0.12965938,-0.61644244,-0.45457068,-0.14903851,0.45859784,0.50546455,-0.10276171,-0.25299945,-0.28908157,-0.12965938,-0.61644244,-0.45457068,-0.14903851,0.45859784,0.39236596,0.14768331,0.46752346,0.28501844,0.042193457,0.43366468,0.39236596,0.14768331,0.46752346,0.39236596,0.14768331,0.46752346
50.0,15701.0,0.50546527,-0.10276396,-0.25299528,-0.28908026,-0.12966096,-0.6164447,-0.45456758,-0.1490316,0.4585936,0.5024483,-0.09229448,-0.26116636,-0.29160163,-0.1340182,-0.6152752,-0.45453116,-0.14802697,0.44886094,0.5080569,-0.10401829,-0.23876967,-0.27845463,-0.14587162,-0.6240362,-0.4366069,-0.11545964,0.42242867,0.50546455,-0.10276171,-0.25299945,-0.28908157,-0.12965938,-0.61644244,-0.45457068,-0.14903851,0.45859784,0.50546455,-0.10276171,-0.25299945,-0.28908157,-0.12965938,-0.61644244,-0.45457068,-0.14903851,0.45859784,0.39236596,0.14768331,0.46752346,0.28501844,0.042193457,0.43366468,0.39236596,0.14768331,0.46752346,0.39236596,0.14768331,0.46752346
100.0,15018.2,0.50546527,-0.10276396,-0.25299528,-0.28908026,-0.12966096,-0.6164447,-0.45456758,-0.1490316,0.4585936,0.5024483,-0.09229448,-0.26116636,-0.29160163,-0.1340182,-0.6152752,-0.45453116,-0.14802697,0.44886094,0.5080569,-0.10401829,-0.23876967,-0.27845463,-0.14587162,-0.6240362,-0.4366069,-0.11545964,0.42242867,0.50546455,-0.10276171,-0.25299945,-0.28908157,-0.12965938,-0.61644244,-0.45457068,-0.14903851,0.45859784,0.50546455,-0.10276171,-0.25299945,-0.28908157,-0.12965938,-0.61644244,-0.45457068,-0.14903851,0.45859784,0.39236596,0.14768331,0.46752346,0.28501844,0.042193457,0.43366468,0.39236596,0.14768331,0.46752346,0.39236596,0.14768331,0.46752346
2.5,60.2068,0.50546527,-0.10276396,-0.25299528,-0.28908026,-0.12966096,-0.6164447,-0.45456758,-0.1490316,0.4585936,0.5053683,-0.102261566,-0.25376004,-0.28932565,-0.12956445,-0.6160867,-0.4549949,-0.14990255,0.4589394,0.5056773,-0.10341318,-0.25137252,-0.2883713,-0.13054083,-0.6172255,-0.4533734,-0.14653422,0.45676523,0.50546455,-0.10276171,-0.25299945,-0.28908157,-0.12965938,-0.61644244,-0.45457068,-0.14903851,0.45859784,0.50546455,-0.10276171,-0.25299945,-0.28908157,-0.12965938,-0.61644244,-0.45457068,-0.14903851,0.45859784,0.39236596,0.14768331,0.46752346,0.28501844,0.042193457,0.43366468,0.39236596,0.14768331,0.46752346,0.39236596,0.14768331,0.46752346
5.0,62.7474,0.50546527,-0.10276396,-0.25299528,-0.28908026,-0.12966096,-0.6164447,-0.45456758,-0.1490316,0.4585936,0.5053683,-0.102261566,-0.25376004,-0.28932565,-0.12956445,-0.6160867,-0.4549949,-0.14990255,0.4589394,0.5056773,-0.10341318,-0.25137252,-0.2883713,-0.13054083,-0.6172255,-0.4533734,-0.14653422,0.45676523,0.50546455,-0.10276171,-0.25299945,-0.28908157,-0.12965938,-0.61644244,-0.45457068,-0.14903851,0.45859784,0.50546455,-0.10276171,-0.25299945,-0.28908157,-0.12965938,-0.61644244,-0.45457068,-0.14903851,0.45859784,0.39236596,0.14768331,0.46752346,0.28501844,0.042193457,0.43366468,0.39236596,0.14768331,0.46752346,0.39236596,0.14768331,0.46752346
10.0,65.0683,0.50546527,-0.10276396,-0.25299528,-0.28908026,-0.12966096,-0.6164447,-0.45456758,-0.1490316,0.4585936,0.5053683,-0.102261566,-0.25376004,-0.28932565,-0.12956445,-0.6160867,-0.4549949,-0.14990255,0.4589394,0.5056773,-0.10341318,-0.25137252,-0.2883713,-0.13054083,-0.6172255,-0.4533734,-0.14653422,0.45676523,0.50546455,-0.10276171,-0.25299945,-0.28908157,-0.12965938,-0.61644244,-0.45457068,-0.14903851,0.45859784,0.50546455,-0.10276171,-0.25299945,-0.28908157,-0.12965938,-0.61644244,-0.45457068,-0.14903851,0.45859784,0.39236596,0.14768331,0.46752346,0.28501844,0.042193457,0.43366468,0.39236596,0.14768331,0.46752346,0.39236596,0.14768331,0.46752346
17.5,65.1663,0.50546527,-0.10276396,-0.25299528,-0.28908026,-0.12966096,-0.6164447,-0.45456758,-0.1490316,0.4585936,0.5053683,-0.102261566,-0.25376004,-0.28932565,-0.12956445,-0.6160867,-0.4549949,-0.14990255,0.4589394,0.5056773,-0.10341318,-0.25137252,-0.2883713,-0.13054083,-0.6172255,-0.4533734,-0.14653422,0.45676523,0.50546455,-0.10276171,-0.25299945,-0.28908157,-0.12965938,-0.61644244,-0.45457068,-0.14903851,0.45859784,0.50546455,-0.10276171,-0.25299945,-0.28908157,-0.12965938,-0.61644244,-0.45457068,-0.14903851,0.45859784,0.39236596,0.14768331,0.46752346,0.28501844,0.042193457,0.43366468,0.39236596,0.14768331,0.46752346,0.39236596,0.14768331,0.46752346
25.0,60.8542,0.50546527,-0.10276396,-0.25299528,-0.28908026,-0.12966096,-0.6164447,-0.45456758,-0.1490316,0.4585936,0.5053683,-0.102261566,-0.25376004,-0.28932565,-0.12956445,-0.6160867,-0.4549949,-0.14990255,0.4589394,0.5056773,-0.10341318,-0.25137252,-0.2883713,-0.13054083,-0.6172255,-0.4533734,-0.14653422,0.45676523,0.50546455,-0.10276171,-0.25299945,-0.28908157,-0.12965938,-0.61644244,-0.45457068,-0.14903851,0.45859784,0.50546455,-0.10276171,-0.25299945,-0.28908157,-0.12965938,-0.61644244,-0.45457068,-0.14903851,0.45859784,0.39236596,0.14768331,0.46752346,0.28501844,0.042193457,0.43366468,0.39236596,0.14768331,0.46752346,0.39236596,0.14768331,0.46752346
2.5,67.998,0.50546527,-0.10276396,-0.25299528,-0.28908026,-0.12966096,-0.6164447,-0.45456758,-0.1490316,0.4585936,0.5054508,-0.102716595,-0.25308165,-0.28910893,-0.12962712,-0.61639535,-0.454633,-0.14917693,0.45868158,0.5054885,-0.10283986,-0.252857,-0.28903428,-0.12971535,-0.61652386,-0.45446283,-0.14879875,0.4584527,0.50546455,-0.10276171,-0.25299945,-0.28908157,-0.12965938,-0.61644244,-0.45457068,-0.14903851,0.45859784,0.50546455,-0.10276171,-0.25299945,-0.28908157,-0.12965938,-0.61644244,-0.45457068,-0.14903851,0.45859784,0.39236596,0.14768331,0.46752346,0.28501844,0.042193457,0.43366468,0.39236596,0.14768331,0.46752346,0.39236596,0.14768331,0.46752346
5.0,53.0973,0.50546527,-0.10276396,-0.25299528,-0.28908026,-0.12966096,-0.6164447,-0.45456758,-0.1490316,0.4585936,0.5054508,-0.102716595,-0.25308165,-0.28910893,-0.12962712,-0.61639535,-0.454633,-0.14917693,0.45868158,0.5054885,-0.10283986,-0.252857,-0.28903428,-0.12971535,-0.61652386,-0.45446283,-0.14879875,0.4584527,0.50546455,-0.10276171,-0.25299945,-0.28908157,-0.12965938,-0.61644244,-0.45457068,-0.14903851,0.45859784,0.50546455,-0.10276171,-0.25299945,-0.28908157,-0.12965938,-0.61644244,-0.45457068,-0.14903851,0.45859784,0.39236596,0.14768331,0.46752346,0.28501844,0.042193457,0.43366468,0.39236596,0.14768331,0.46752346,0.39236596,0.14768331,0.46752346
10.0,52.5231,0.50546527,-0.10276396,-0.25299528,-0.28908026,-0.12966096,-0.6164447,-0.45456758,-0.1490316,0.4585936,0.5054508,-0.102716595,-0.25308165,-0.28910893,-0.12962712,-0.61639535,-0.454633,-0.14917693,0.45868158,0.5054885,-0.10283986,-0.252857,-0.28903428,-0.12971535,-0.61652386,-0.45446283,-0.14879875,0.4584527,0.50546455,-0.10276171,-0.25299945,-0.28908157,-0.12965938,-0.61644244,-0.45457068,-0.14903851,0.45859784,0.50546455,-0.10276171,-0.25299945,-0.28908157,-0.12965938,-0.61644244,-0.45457068,-0.14903851,0.45859784,0.39236596,0.14768331,0.46752346,0.28501844,0.042193457,0.43366468,0.39236596,0.14768331,0.46752346,0.39236596,0.14768331,0.46752346
17.5,53.1633,0.50546527,-0.10276396,-0.25299528,-0.28908026,-0.12966096,-0.6164447,-0.45456758,-0.1490316,0.4585936,0.5054508,-0.102716595,-0.25308165,-0.28910893,-0.12962712,-0.61639535,-0.454633,-0.14917693,0.45868158,0.5054885,-0.10283986,-0.252857,-0.28903428,-0.12971535,-0.61652386,-0.45446283,-0.14879875,0.4584527,0.50546455,-0.10276171,-0.25299945,-0.28908157,-0.12965938,-0.61644244,-0.45457068,-0.14903851,0.45859784,0.50546455,-0.10276171,-0.25299945,-0.28908157,-0.12965938,-0.61644244,-0.45457068,-0.14903851,0.45859784,0.39236596,0.14768331,0.46752346,0.28501844,0.042193457,0.43366468,0.39236596,0.14768331,0.46752346,0.39236596,0.14768331,0.46752346
25.0,57.2205,0.50546527,-0.10276396,-0.25299528,-0.28908026,-0.12966096,-0.6164447,-0.45456758,-0.1490316,0.4585936,0.5054508,-0.102716595,-0.25308165,-0.28910893,-0.12962712,-0.61639535,-0.454633,-0.14917693,0.45868158,0.5054885,-0.10283986,-0.252857,-0.28903428,-0.12971535,-0.61652386,-0.45446283,-0.14879875,0.4584527,0.50546455,-0.10276171,-0.25299945,-0.28908157,-0.12965938,-0.61644244,-0.45457068,-0.14903851,0.45859784,0.50546455,-0.10276171,-0.25299945,-0.28908157,-0.12965938,-0.61644244,-0.45457068,-0.14903851,0.45859784,0.39236596,0.14768331,0.46752346,0.28501844,0.042193457,0.43366468,0.39236596,0.14768331,0.46752346,0.39236596,0.14768331,0.46752346
5.0,15505.2,0.50546527,-0.10276396,-0.25299528,-0.28908026,-0.12966096,-0.6164447,-0.45456758,-0.1490316,0.4585936,0.5024483,-0.09229448,-0.26116636,-0.29160163,-0.1340182,-0.6152752,-0.45453116,-0.14802697,0.44886094,0.5080569,-0.10401829,-0.23876967,-0.27845463,-0.14587162,-0.6240362,-0.4366069,-0.11545964,0.42242867,0.5056914,-0.10350189,-0.2511181,-0.28823784,-0.13069677,-0.6173436,-0.4531633,-0.14610787,0.45642585,0.50546455,-0.10276171,-0.25299945,-0.28908157,-0.12965938,-0.61644244,-0.45457068,-0.14903851,0.45859784,0.39236596,0.14768331,0.46752346,0.28501844,0.042193457,0.43366468,0.39236596,0.14768331,0.46752346,0.39236596,0.14768331,0.46752346
10.0,15159.9,0.50546527,-0.10276396,-0.25299528,-0.28908026,-0.12966096,-0.6164447,-0.45456758,-0.1490316,0.4585936,0.5024483,-0.09229448,-0.26116636,-0.29160163,-0.1340182,-0.6152752,-0.45453116,-0.14802697,0.44886094,0.5080569,-0.10401829,-0.23876967,-0.27845463,-0.14587162,-0.6240362,-0.4366069,-0.11545964,0.42242867,0.5056914,-0.10350189,-0.2511181,-0.28823784,-0.13069677,-0.6173436,-0.4531633,-0.14610787,0.45642585,0.50546455,-0.10276171,-0.25299945,-0.28908157,-0.12965938,-0.61644244,-0.45457068,-0.14903851,0.45859784,0.39236596,0.14768331,0.46752346,0.28501844,0.042193457,0.43366468,0.39236596,0.14768331,0.46752346,0.39236596,0.14768331,0.46752346
25.0,14527.5,0.50546527,-0.10276396,-0.25299528,-0.28908026,-0.12966096,-0.6164447,-0.45456758,-0.1490316,0.4585936,0.5024483,-0.09229448,-0.26116636,-0.29160163,-0.1340182,-0.6152752,-0.45453116,-0.14802697,0.44886094,0.5080569,-0.10401829,-0.23876967,-0.27845463,-0.14587162,-0.6240362,-0.4366069,-0.11545964,0.42242867,0.5056914,-0.10350189,-0.2511181,-0.28823784,-0.13069677,-0.6173436,-0.4531633,-0.14610787,0.45642585,0.50546455,-0.10276171,-0.25299945,-0.28908157,-0.12965938,-0.61644244,-0.45457068,-0.14903851,0.45859784,0.39236596,0.14768331,0.46752346,0.28501844,0.042193457,0.43366468,0.39236596,0.14768331,0.46752346,0.39236596,0.14768331,0.46752346
50.0,13976.7,0.50546527,-0.10276396,-0.25299528,-0.28908026,-0.12966096,-0.6164447,-0.45456758,-0.1490316,0.4585936,0.5024483,-0.09229448,-0.26116636,-0.29160163,-0.1340182,-0.6152752,-0.45453116,-0.14802697,0.44886094,0.5080569,-0.10401829,-0.23876967,-0.27845463,-0.14587162,-0.6240362,-0.4366069,-0.11545964,0.42242867,0.5056914,-0.10350189,-0.2511181,-0.28823784,-0.13069677,-0.6173436,-0.4531633,-0.14610787,0.45642585,0.50546455,-0.10276171,-0.25299945,-0.28908157,-0.12965938,-0.61644244,-0.45457068,-0.14903851,0.45859784,0.39236596,0.14768331,0.46752346,0.28501844,0.042193457,0.43366468,0.39236596,0.14768331,0.46752346,0.39236596,0.14768331,0.46752346
10.0,15159.9,0.50546527,-0.10276396,-0.25299528,-0.28908026,-0.12966096,-0.6164447,-0.45456758,-0.1490316,0.4585936,0.5024483,-0.09229448,-0.26116636,-0.29160163,-0.1340182,-0.6152752,-0.45453116,-0.14802697,0.44886094,0.5080569,-0.10401829,-0.23876967,-0.27845463,-0.14587162,-0.6240362,-0.4366069,-0.11545964,0.42242867,0.5056914,-0.10350189,-0.2511181,-0.28823784,-0.13069677,-0.6173436,-0.4531633,-0.14610787,0.45642585,0.50546455,-0.10276171,-0.25299945,-0.28908157,-0.12965938,-0.61644244,-0.45457068,-0.14903851,0.45859784,0.39236596,0.14768331,0.46752346,0.28501844,0.042193457,0.43366468,0.39236596,0.14768331,0.46752346,0.39236596,0.14768331,0.46752346
5.0,17316.4,0.50546527,-0.10276396,-0.25299528,-0.28908026,-0.12966096,-0.6164447,-0.45456758,-0.1490316,0.4585936,0.5024483,-0.09229448,-0.26116636,-0.29160163,-0.1340182,-0.6152752,-0.45453116,-0.14802697,0.44886094,0.5080569,-0.10401829,-0.23876967,-0.27845463,-0.14587162,-0.6240362,-0.4366069,-0.11545964,0.42242867,0.50546527,-0.10276396,-0.25299528,-0.28908026,-0.12966096,-0.6164447,-0.45456758,-0.1490316,0.4585936,0.50546455,-0.10276171,-0.25299945,-0.28908157,-0.12965938,-0.61644244,-0.45457068,-0.14903851,0.45859784,0.39236596,0.14768331,0.46752346,0.28501844,0.042193457,0.43366468,0.39236596,0.14768331,0.46752346,0.39236596,0.14768331,0.46752346
10.0,16933.0,0.50546527,-0.10276396,-0.25299528,-0.28908026,-0.12966096,-0.6164447,-0.45456758,-0.1490316,0.4585936,0.5024483,-0.09229448,-0.26116636,-0.29160163,-0.1340182,-0.6152752,-0.45453116,-0.14802697,0.44886094,0.5080569,-0.10401829,-0.23876967,-0.27845463,-0.14587162,-0.6240362,-0.4366069,-0.11545964,0.42242867,0.50546527,-0.10276396,-0.25299528,-0.28908026,-0.12966096,-0.6164447,-0.45456758,-0.1490316,0.4585936,0.50546455,-0.10276171,-0.25299945,-0.28908157,-0.12965938,-0.61644244,-0.45457068,-0.14903851,0.45859784,0.39236596,0.14768331,0.46752346,0.28501844,0.042193457,0.43366468,0.39236596,0.14768331,0.46752346,0.39236596,0.14768331,0.46752346
50.0,15743.1,0.50546527,-0.10276396,-0.25299528,-0.28908026,-0.12966096,-0.6164447,-0.45456758,-0.1490316,0.4585936,0.5024483,-0.09229448,-0.26116636,-0.29160163,-0.1340182,-0.6152752,-0.45453116,-0.14802697,0.44886094,0.5080569,-0.10401829,-0.23876967,-0.27845463,-0.14587162,-0.6240362,-0.4366069,-0.11545964,0.42242867,0.50546527,-0.10276396,-0.25299528,-0.28908026,-0.12966096,-0.6164447,-0.45456758,-0.1490316,0.4585936,0.50546455,-0.10276171,-0.25299945,-0.28908157,-0.12965938,-0.61644244,-0.45457068,-0.14903851,0.45859784,0.39236596,0.14768331,0.46752346,0.28501844,0.042193457,0.43366468,0.39236596,0.14768331,0.46752346,0.39236596,0.14768331,0.46752346
100.0,14706.3,0.50546527,-0.10276396,-0.25299528,-0.28908026,-0.12966096,-0.6164447,-0.45456758,-0.1490316,0.4585936,0.5024483,-0.09229448,-0.26116636,-0.29160163,-0.1340182,-0.6152752,-0.45453116,-0.14802697,0.44886094,0.5080569,-0.10401829,-0.23876967,-0.27845463,-0.14587162,-0.6240362,-0.4366069,-0.11545964,0.42242867,0.50546527,-0.10276396,-0.25299528,-0.28908026,-0.12966096,-0.6164447,-0.45456758,-0.1490316,0.4585936,0.50546455,-0.10276171,-0.25299945,-0.28908157,-0.12965938,-0.61644244,-0.45457068,-0.14903851,0.45859784,0.39236596,0.14768331,0.46752346,0.28501844,0.042193457,0.43366468,0.39236596,0.14768331,0.46752346,0.39236596,0.14768331,0.46752346
150.0,14378.8,0.50546527,-0.10276396,-0.25299528,-0.28908026,-0.12966096,-0.6164447,-0.45456758,-0.1490316,0.4585936,0.5024483,-0.09229448,-0.26116636,-0.29160163,-0.1340182,-0.6152752,-0.45453116,-0.14802697,0.44886094,0.5080569,-0.10401829,-0.23876967,-0.27845463,-0.14587162,-0.6240362,-0.4366069,-0.11545964,0.42242867,0.50546527,-0.10276396,-0.25299528,-0.28908026,-0.12966096,-0.6164447,-0.45456758,-0.1490316,0.4585936,0.50546455,-0.10276171,-0.25299945,-0.28908157,-0.12965938,-0.61644244,-0.45457068,-0.14903851,0.45859784,0.39236596,0.14768331,0.46752346,0.28501844,0.042193457,0.43366468,0.39236596,0.14768331,0.46752346,0.39236596,0.14768331,0.46752346
2.5,52.1185,0.50553393,-0.10297645,-0.2525705,-0.28892446,-0.12984939,-0.6166743,-0.45425066,-0.14833957,0.45814753,0.5024483,-0.09229448,-0.26116636,-0.29160163,-0.1340182,-0.6152752,-0.45453116,-0.14802697,0.44886094,0.5080569,-0.10401829,-0.23876967,-0.27845463,-0.14587162,-0.6240362,-0.4366069,-0.11545964,0.42242867,0.50546455,-0.10276171,-0.25299945,-0.28908157,-0.12965938,-0.61644244,-0.45457068,-0.14903851,0.45859784,0.50546455,-0.10276171,-0.25299945,-0.28908157,-0.12965938,-0.61644244,-0.45457068,-0.14903851,0.45859784,0.39236596,0.14768331,0.46752346,0.28501844,0.042193457,0.43366468,0.39236596,0.14768331,0.46752346,0.39236596,0.14768331,0.46752346
5.0,54.4589,0.50553393,-0.10297645,-0.2525705,-0.28892446,-0.12984939,-0.6166743,-0.45425066,-0.14833957,0.45814753,0.5024483,-0.09229448,-0.26116636,-0.29160163,-0.1340182,-0.6152752,-0.45453116,-0.14802697,0.44886094,0.5080569,-0.10401829,-0.23876967,-0.27845463,-0.14587162,-0.6240362,-0.4366069,-0.11545964,0.42242867,0.50546455,-0.10276171,-0.25299945,-0.28908157,-0.12965938,-0.61644244,-0.45457068,-0.14903851,0.45859784,0.50546455,-0.10276171,-0.25299945,-0.28908157,-0.12965938,-0.61644244,-0.45457068,-0.14903851,0.45859784,0.39236596,0.14768331,0.46752346,0.28501844,0.042193457,0.43366468,0.39236596,0.14768331,0.46752346,0.39236596,0.14768331,0.46752346
10.0,56.3424,0.50553393,-0.10297645,-0.2525705,-0.28892446,-0.12984939,-0.6166743,-0.45425066,-0.14833957,0.45814753,0.5024483,-0.09229448,-0.26116636,-0.29160163,-0.1340182,-0.6152752,-0.45453116,-0.14802697,0.44886094,0.5080569,-0.10401829,-0.23876967,-0.27845463,-0.14587162,-0.6240362,-0.4366069,-0.11545964,0.42242867,0.50546455,-0.10276171,-0.25299945,-0.28908157,-0.12965938,-0.61644244,-0.45457068,-0.14903851,0.45859784,0.50546455,-0.10276171,-0.25299945,-0.28908157,-0.12965938,-0.61644244,-0.45457068,-0.14903851,0.45859784,0.39236596,0.14768331,0.46752346,0.28501844,0.042193457,0.43366468,0.39236596,0.14768331,0.46752346,0.39236596,0.14768331,0.46752346
15.0,54.4714,0.50553393,-0.10297645,-0.2525705,-0.28892446,-0.12984939,-0.6166743,-0.45425066,-0.14833957,0.45814753,0.5024483,-0.09229448,-0.26116636,-0.29160163,-0.1340182,-0.6152752,-0.45453116,-0.14802697,0.44886094,0.5080569,-0.10401829,-0.23876967,-0.27845463,-0.14587162,-0.6240362,-0.4366069,-0.11545964,0.42242867,0.50546455,-0.10276171,-0.25299945,-0.28908157,-0.12965938,-0.61644244,-0.45457068,-0.14903851,0.45859784,0.50546455,-0.10276171,-0.25299945,-0.28908157,-0.12965938,-0.61644244,-0.45457068,-0.14903851,0.45859784,0.39236596,0.14768331,0.46752346,0.28501844,0.042193457,0.43366468,0.39236596,0.14768331,0.46752346,0.39236596,0.14768331,0.46752346
25.0,57.0711,0.50553393,-0.10297645,-0.2525705,-0.28892446,-0.12984939,-0.6166743,-0.45425066,-0.14833957,0.45814753,0.5024483,-0.09229448,-0.26116636,-0.29160163,-0.1340182,-0.6152752,-0.45453116,-0.14802697,0.44886094,0.5080569,-0.10401829,-0.23876967,-0.27845463,-0.14587162,-0.6240362,-0.4366069,-0.11545964,0.42242867,0.50546455,-0.10276171,-0.25299945,-0.28908157,-0.12965938,-0.61644244,-0.45457068,-0.14903851,0.45859784,0.50546455,-0.10276171,-0.25299945,-0.28908157,-0.12965938,-0.61644244,-0.45457068,-0.14903851,0.45859784,0.39236596,0.14768331,0.46752346,0.28501844,0.042193457,0.43366468,0.39236596,0.14768331,0.46752346,0.39236596,0.14768331,0.46752346
0.75,50.928,0.50553393,-0.10297645,-0.2525705,-0.28892446,-0.12984939,-0.6166743,-0.45425066,-0.14833957,0.45814753,0.5053683,-0.102261566,-0.25376004,-0.28932565,-0.12956445,-0.6160867,-0.4549949,-0.14990255,0.4589394,0.5056773,-0.10341318,-0.25137252,-0.2883713,-0.13054083,-0.6172255,-0.4533734,-0.14653422,0.45676523,0.50546455,-0.10276171,-0.25299945,-0.28908157,-0.12965938,-0.61644244,-0.45457068,-0.14903851,0.45859784,0.50546455,-0.10276171,-0.25299945,-0.28908157,-0.12965938,-0.61644244,-0.45457068,-0.14903851,0.45859784,0.39236596,0.14768331,0.46752346,0.28501844,0.042193457,0.43366468,0.39236596,0.14768331,0.46752346,0.39236596,0.14768331,0.46752346
1.0,55.7021,0.50553393,-0.10297645,-0.2525705,-0.28892446,-0.12984939,-0.6166743,-0.45425066,-0.14833957,0.45814753,0.5053683,-0.102261566,-0.25376004,-0.28932565,-0.12956445,-0.6160867,-0.4549949,-0.14990255,0.4589394,0.5056773,-0.10341318,-0.25137252,-0.2883713,-0.13054083,-0.6172255,-0.4533734,-0.14653422,0.45676523,0.50546455,-0.10276171,-0.25299945,-0.28908157,-0.12965938,-0.61644244,-0.45457068,-0.14903851,0.45859784,0.50546455,-0.10276171,-0.25299945,-0.28908157,-0.12965938,-0.61644244,-0.45457068,-0.14903851,0.45859784,0.39236596,0.14768331,0.46752346,0.28501844,0.042193457,0.43366468,0.39236596,0.14768331,0.46752346,0.39236596,0.14768331,0.46752346
2.5,60.5618,0.50553393,-0.10297645,-0.2525705,-0.28892446,-0.12984939,-0.6166743,-0.45425066,-0.14833957,0.45814753,0.5053683,-0.102261566,-0.25376004,-0.28932565,-0.12956445,-0.6160867,-0.4549949,-0.14990255,0.4589394,0.5056773,-0.10341318,-0.25137252,-0.2883713,-0.13054083,-0.6172255,-0.4533734,-0.14653422,0.45676523,0.50546455,-0.10276171,-0.25299945,-0.28908157,-0.12965938,-0.61644244,-0.45457068,-0.14903851,0.45859784,0.50546455,-0.10276171,-0.25299945,-0.28908157,-0.12965938,-0.61644244,-0.45457068,-0.14903851,0.45859784,0.39236596,0.14768331,0.46752346,0.28501844,0.042193457,0.43366468,0.39236596,0.14768331,0.46752346,0.39236596,0.14768331,0.46752346
5.0,50.4649,0.50553393,-0.10297645,-0.2525705,-0.28892446,-0.12984939,-0.6166743,-0.45425066,-0.14833957,0.45814753,0.5053683,-0.102261566,-0.25376004,-0.28932565,-0.12956445,-0.6160867,-0.4549949,-0.14990255,0.4589394,0.5056773,-0.10341318,-0.25137252,-0.2883713,-0.13054083,-0.6172255,-0.4533734,-0.14653422,0.45676523,0.50546455,-0.10276171,-0.25299945,-0.28908157,-0.12965938,-0.61644244,-0.45457068,-0.14903851,0.45859784,0.50546455,-0.10276171,-0.25299945,-0.28908157,-0.12965938,-0.61644244,-0.45457068,-0.14903851,0.45859784,0.39236596,0.14768331,0.46752346,0.28501844,0.042193457,0.43366468,0.39236596,0.14768331,0.46752346,0.39236596,0.14768331,0.46752346
10.0,49.3482,0.50553393,-0.10297645,-0.2525705,-0.28892446,-0.12984939,-0.6166743,-0.45425066,-0.14833957,0.45814753,0.5053683,-0.102261566,-0.25376004,-0.28932565,-0.12956445,-0.6160867,-0.4549949,-0.14990255,0.4589394,0.5056773,-0.10341318,-0.25137252,-0.2883713,-0.13054083,-0.6172255,-0.4533734,-0.14653422,0.45676523,0.50546455,-0.10276171,-0.25299945,-0.28908157,-0.12965938,-0.61644244,-0.45457068,-0.14903851,0.45859784,0.50546455,-0.10276171,-0.25299945,-0.28908157,-0.12965938,-0.61644244,-0.45457068,-0.14903851,0.45859784,0.39236596,0.14768331,0.46752346,0.28501844,0.042193457,0.43366468,0.39236596,0.14768331,0.46752346,0.39236596,0.14768331,0.46752346
2.5,64.3682,0.50553393,-0.10297645,-0.2525705,-0.28892446,-0.12984939,-0.6166743,-0.45425066,-0.14833957,0.45814753,0.47798985,0.026587179,-0.31868207,-0.2989068,-0.21323088,-0.6155369,-0.42291144,-0.10968163,0.28238532,0.5243772,-0.07215376,-0.106413975,-0.17283925,-0.32917878,-0.6767798,-0.22848882,0.21313713,-0.0332115,0.50546455,-0.10276171,-0.25299945,-0.28908157,-0.12965938,-0.61644244,-0.45457068,-0.14903851,0.45859784,0.50546455,-0.10276171,-0.25299945,-0.28908157,-0.12965938,-0.61644244,-0.45457068,-0.14903851,0.45859784,0.39236596,0.14768331,0.46752346,0.28501844,0.042193457,0.43366468,0.39236596,0.14768331,0.46752346,0.39236596,0.14768331,0.46752346
3.0,65.0503,0.50553393,-0.10297645,-0.2525705,-0.28892446,-0.12984939,-0.6166743,-0.45425066,-0.14833957,0.45814753,0.47798985,0.026587179,-0.31868207,-0.2989068,-0.21323088,-0.6155369,-0.42291144,-0.10968163,0.28238532,0.5243772,-0.07215376,-0.106413975,-0.17283925,-0.32917878,-0.6767798,-0.22848882,0.21313713,-0.0332115,0.50546455,-0.10276171,-0.25299945,-0.28908157,-0.12965938,-0.61644244,-0.45457068,-0.14903851,0.45859784,0.50546455,-0.10276171,-0.25299945,-0.28908157,-0.12965938,-0.61644244,-0.45457068,-0.14903851,0.45859784,0.39236596,0.14768331,0.46752346,0.28501844,0.042193457,0.43366468,0.39236596,0.14768331,0.46752346,0.39236596,0.14768331,0.46752346
5.0,70.758,0.50553393,-0.10297645,-0.2525705,-0.28892446,-0.12984939,-0.6166743,-0.45425066,-0.14833957,0.45814753,0.47798985,0.026587179,-0.31868207,-0.2989068,-0.21323088,-0.6155369,-0.42291144,-0.10968163,0.28238532,0.5243772,-0.07215376,-0.106413975,-0.17283925,-0.32917878,-0.6767798,-0.22848882,0.21313713,-0.0332115,0.50546455,-0.10276171,-0.25299945,-0.28908157,-0.12965938,-0.61644244,-0.45457068,-0.14903851,0.45859784,0.50546455,-0.10276171,-0.25299945,-0.28908157,-0.12965938,-0.61644244,-0.45457068,-0.14903851,0.45859784,0.39236596,0.14768331,0.46752346,0.28501844,0.042193457,0.43366468,0.39236596,0.14768331,0.46752346,0.39236596,0.14768331,0.46752346
10.0,73.8093,0.50553393,-0.10297645,-0.2525705,-0.28892446,-0.12984939,-0.6166743,-0.45425066,-0.14833957,0.45814753,0.47798985,0.026587179,-0.31868207,-0.2989068,-0.21323088,-0.6155369,-0.42291144,-0.10968163,0.28238532,0.5243772,-0.07215376,-0.106413975,-0.17283925,-0.32917878,-0.6767798,-0.22848882,0.21313713,-0.0332115,0.50546455,-0.10276171,-0.25299945,-0.28908157,-0.12965938,-0.61644244,-0.45457068,-0.14903851,0.45859784,0.50546455,-0.10276171,-0.25299945,-0.28908157,-0.12965938,-0.61644244,-0.45457068,-0.14903851,0.45859784,0.39236596,0.14768331,0.46752346,0.28501844,0.042193457,0.43366468,0.39236596,0.14768331,0.46752346,0.39236596,0.14768331,0.46752346
20.0,61.0526,0.50553393,-0.10297645,-0.2525705,-0.28892446,-0.12984939,-0.6166743,-0.45425066,-0.14833957,0.45814753,0.47798985,0.026587179,-0.31868207,-0.2989068,-0.21323088,-0.6155369,-0.42291144,-0.10968163,0.28238532,0.5243772,-0.07215376,-0.106413975,-0.17283925,-0.32917878,-0.6767798,-0.22848882,0.21313713,-0.0332115,0.50546455,-0.10276171,-0.25299945,-0.28908157,-0.12965938,-0.61644244,-0.45457068,-0.14903851,0.45859784,0.50546455,-0.10276171,-0.25299945,-0.28908157,-0.12965938,-0.61644244,-0.45457068,-0.14903851,0.45859784,0.39236596,0.14768331,0.46752346,0.28501844,0.042193457,0.43366468,0.39236596,0.14768331,0.46752346,0.39236596,0.14768331,0.46752346
0.75,51.5855,0.50553393,-0.10297645,-0.2525705,-0.28892446,-0.12984939,-0.6166743,-0.45425066,-0.14833957,0.45814753,0.5054508,-0.102716595,-0.25308165,-0.28910893,-0.12962712,-0.61639535,-0.454633,-0.14917693,0.45868158,0.5054885,-0.10283986,-0.252857,-0.28903428,-0.12971535,-0.61652386,-0.45446283,-0.14879875,0.4584527,0.50546455,-0.10276171,-0.25299945,-0.28908157,-0.12965938,-0.61644244,-0.45457068,-0.14903851,0.45859784,0.50546455,-0.10276171,-0.25299945,-0.28908157,-0.12965938,-0.61644244,-0.45457068,-0.14903851,0.45859784,0.39236596,0.14768331,0.46752346,0.28501844,0.042193457,0.43366468,0.39236596,0.14768331,0.46752346,0.39236596,0.14768331,0.46752346
1.0,60.4227,0.50553393,-0.10297645,-0.2525705,-0.28892446,-0.12984939,-0.6166743,-0.45425066,-0.14833957,0.45814753,0.5054508,-0.102716595,-0.25308165,-0.28910893,-0.12962712,-0.61639535,-0.454633,-0.14917693,0.45868158,0.5054885,-0.10283986,-0.252857,-0.28903428,-0.12971535,-0.61652386,-0.45446283,-0.14879875,0.4584527,0.50546455,-0.10276171,-0.25299945,-0.28908157,-0.12965938,-0.61644244,-0.45457068,-0.14903851,0.45859784,0.50546455,-0.10276171,-0.25299945,-0.28908157,-0.12965938,-0.61644244,-0.45457068,-0.14903851,0.45859784,0.39236596,0.14768331,0.46752346,0.28501844,0.042193457,0.43366468,0.39236596,0.14768331,0.46752346,0.39236596,0.14768331,0.46752346
2.5,50.0533,0.50553393,-0.10297645,-0.2525705,-0.28892446,-0.12984939,-0.6166743,-0.45425066,-0.14833957,0.45814753,0.5054508,-0.102716595,-0.25308165,-0.28910893,-0.12962712,-0.61639535,-0.454633,-0.14917693,0.45868158,0.5054885,-0.10283986,-0.252857,-0.28903428,-0.12971535,-0.61652386,-0.45446283,-0.14879875,0.4584527,0.50546455,-0.10276171,-0.25299945,-0.28908157,-0.12965938,-0.61644244,-0.45457068,-0.14903851,0.45859784,0.50546455,-0.10276171,-0.25299945,-0.28908157,-0.12965938,-0.61644244,-0.45457068,-0.14903851,0.45859784,0.39236596,0.14768331,0.46752346,0.28501844,0.042193457,0.43366468,0.39236596,0.14768331,0.46752346,0.39236596,0.14768331,0.46752346
5.0,53.6943,0.50553393,-0.10297645,-0.2525705,-0.28892446,-0.12984939,-0.6166743,-0.45425066,-0.14833957,0.45814753,0.5054508,-0.102716595,-0.25308165,-0.28910893,-0.12962712,-0.61639535,-0.454633,-0.14917693,0.45868158,0.5054885,-0.10283986,-0.252857,-0.28903428,-0.12971535,-0.61652386,-0.45446283,-0.14879875,0.4584527,0.50546455,-0.10276171,-0.25299945,-0.28908157,-0.12965938,-0.61644244,-0.45457068,-0.14903851,0.45859784,0.50546455,-0.10276171,-0.25299945,-0.28908157,-0.12965938,-0.61644244,-0.45457068,-0.14903851,0.45859784,0.39236596,0.14768331,0.46752346,0.28501844,0.042193457,0.43366468,0.39236596,0.14768331,0.46752346,0.39236596,0.14768331,0.46752346
10.0,55.9008,0.50553393,-0.10297645,-0.2525705,-0.28892446,-0.12984939,-0.6166743,-0.45425066,-0.14833957,0.45814753,0.5054508,-0.102716595,-0.25308165,-0.28910893,-0.12962712,-0.61639535,-0.454633,-0.14917693,0.45868158,0.5054885,-0.10283986,-0.252857,-0.28903428,-0.12971535,-0.61652386,-0.45446283,-0.14879875,0.4584527,0.50546455,-0.10276171,-0.25299945,-0.28908157,-0.12965938,-0.61644244,-0.45457068,-0.14903851,0.45859784,0.50546455,-0.10276171,-0.25299945,-0.28908157,-0.12965938,-0.61644244,-0.45457068,-0.14903851,0.45859784,0.39236596,0.14768331,0.46752346,0.28501844,0.042193457,0.43366468,0.39236596,0.14768331,0.46752346,0.39236596,0.14768331,0.46752346
1.75,47.5415,0.50553393,-0.10297645,-0.2525705,-0.28892446,-0.12984939,-0.6166743,-0.45425066,-0.14833957,0.45814753,0.5024483,-0.09229448,-0.26116636,-0.29160163,-0.1340182,-0.6152752,-0.45453116,-0.14802697,0.44886094,0.5080569,-0.10401829,-0.23876967,-0.27845463,-0.14587162,-0.6240362,-0.4366069,-0.11545964,0.42242867,0.5056914,-0.10350189,-0.2511181,-0.28823784,-0.13069677,-0.6173436,-0.4531633,-0.14610787,0.45642585,0.50546455,-0.10276171,-0.25299945,-0.28908157,-0.12965938,-0.61644244,-0.45457068,-0.14903851,0.45859784,0.39236596,0.14768331,0.46752346,0.28501844,0.042193457,0.43366468,0.39236596,0.14768331,0.46752346,0.39236596,0.14768331,0.46752346
2.5,49.1287,0.50553393,-0.10297645,-0.2525705,-0.28892446,-0.12984939,-0.6166743,-0.45425066,-0.14833957,0.45814753,0.5024483,-0.09229448,-0.26116636,-0.29160163,-0.1340182,-0.6152752,-0.45453116,-0.14802697,0.44886094,0.5080569,-0.10401829,-0.23876967,-0.27845463,-0.14587162,-0.6240362,-0.4366069,-0.11545964,0.42242867,0.5056914,-0.10350189,-0.2511181,-0.28823784,-0.13069677,-0.6173436,-0.4531633,-0.14610787,0.45642585,0.50546455,-0.10276171,-0.25299945,-0.28908157,-0.12965938,-0.61644244,-0.45457068,-0.14903851,0.45859784,0.39236596,0.14768331,0.46752346,0.28501844,0.042193457,0.43366468,0.39236596,0.14768331,0.46752346,0.39236596,0.14768331,0.46752346
5.0,49.5444,0.50553393,-0.10297645,-0.2525705,-0.28892446,-0.12984939,-0.6166743,-0.45425066,-0.14833957,0.45814753,0.5024483,-0.09229448,-0.26116636,-0.29160163,-0.1340182,-0.6152752,-0.45453116,-0.14802697,0.44886094,0.5080569,-0.10401829,-0.23876967,-0.27845463,-0.14587162,-0.6240362,-0.4366069,-0.11545964,0.42242867,0.5056914,-0.10350189,-0.2511181,-0.28823784,-0.13069677,-0.6173436,-0.4531633,-0.14610787,0.45642585,0.50546455,-0.10276171,-0.25299945,-0.28908157,-0.12965938,-0.61644244,-0.45457068,-0.14903851,0.45859784,0.39236596,0.14768331,0.46752346,0.28501844,0.042193457,0.43366468,0.39236596,0.14768331,0.46752346,0.39236596,0.14768331,0.46752346
10.0,52.1809,0.50553393,-0.10297645,-0.2525705,-0.28892446,-0.12984939,-0.6166743,-0.45425066,-0.14833957,0.45814753,0.5024483,-0.09229448,-0.26116636,-0.29160163,-0.1340182,-0.6152752,-0.45453116,-0.14802697,0.44886094,0.5080569,-0.10401829,-0.23876967,-0.27845463,-0.14587162,-0.6240362,-0.4366069,-0.11545964,0.42242867,0.5056914,-0.10350189,-0.2511181,-0.28823784,-0.13069677,-0.6173436,-0.4531633,-0.14610787,0.45642585,0.50546455,-0.10276171,-0.25299945,-0.28908157,-0.12965938,-0.61644244,-0.45457068,-0.14903851,0.45859784,0.39236596,0.14768331,0.46752346,0.28501844,0.042193457,0.43366468,0.39236596,0.14768331,0.46752346,0.39236596,0.14768331,0.46752346
25.0,71.5723,0.50553393,-0.10297645,-0.2525705,-0.28892446,-0.12984939,-0.6166743,-0.45425066,-0.14833957,0.45814753,0.5024483,-0.09229448,-0.26116636,-0.29160163,-0.1340182,-0.6152752,-0.45453116,-0.14802697,0.44886094,0.5080569,-0.10401829,-0.23876967,-0.27845463,-0.14587162,-0.6240362,-0.4366069,-0.11545964,0.42242867,0.5056914,-0.10350189,-0.2511181,-0.28823784,-0.13069677,-0.6173436,-0.4531633,-0.14610787,0.45642585,0.50546455,-0.10276171,-0.25299945,-0.28908157,-0.12965938,-0.61644244,-0.45457068,-0.14903851,0.45859784,0.39236596,0.14768331,0.46752346,0.28501844,0.042193457,0.43366468,0.39236596,0.14768331,0.46752346,0.39236596,0.14768331,0.46752346
1.75,53.2419,0.50553393,-0.10297645,-0.2525705,-0.28892446,-0.12984939,-0.6166743,-0.45425066,-0.14833957,0.45814753,0.5024483,-0.09229448,-0.26116636,-0.29160163,-0.1340182,-0.6152752,-0.45453116,-0.14802697,0.44886094,0.5080569,-0.10401829,-0.23876967,-0.27845463,-0.14587162,-0.6240362,-0.4366069,-0.11545964,0.42242867,0.50553393,-0.10297645,-0.2525705,-0.28892446,-0.12984939,-0.6166743,-0.45425066,-0.14833957,0.45814753,0.50546455,-0.10276171,-0.25299945,-0.28908157,-0.12965938,-0.61644244,-0.45457068,-0.14903851,0.45859784,0.39236596,0.14768331,0.46752346,0.28501844,0.042193457,0.43366468,0.39236596,0.14768331,0.46752346,0.39236596,0.14768331,0.46752346
2.5,60.9164,0.50553393,-0.10297645,-0.2525705,-0.28892446,-0.12984939,-0.6166743,-0.45425066,-0.14833957,0.45814753,0.5024483,-0.09229448,-0.26116636,-0.29160163,-0.1340182,-0.6152752,-0.45453116,-0.14802697,0.44886094,0.5080569,-0.10401829,-0.23876967,-0.27845463,-0.14587162,-0.6240362,-0.4366069,-0.11545964,0.42242867,0.50553393,-0.10297645,-0.2525705,-0.28892446,-0.12984939,-0.6166743,-0.45425066,-0.14833957,0.45814753,0.50546455,-0.10276171,-0.25299945,-0.28908157,-0.12965938,-0.61644244,-0.45457068,-0.14903851,0.45859784,0.39236596,0.14768331,0.46752346,0.28501844,0.042193457,0.43366468,0.39236596,0.14768331,0.46752346,0.39236596,0.14768331,0.46752346
5.0,56.8506,0.50553393,-0.10297645,-0.2525705,-0.28892446,-0.12984939,-0.6166743,-0.45425066,-0.14833957,0.45814753,0.5024483,-0.09229448,-0.26116636,-0.29160163,-0.1340182,-0.6152752,-0.45453116,-0.14802697,0.44886094,0.5080569,-0.10401829,-0.23876967,-0.27845463,-0.14587162,-0.6240362,-0.4366069,-0.11545964,0.42242867,0.50553393,-0.10297645,-0.2525705,-0.28892446,-0.12984939,-0.6166743,-0.45425066,-0.14833957,0.45814753,0.50546455,-0.10276171,-0.25299945,-0.28908157,-0.12965938,-0.61644244,-0.45457068,-0.14903851,0.45859784,0.39236596,0.14768331,0.46752346,0.28501844,0.042193457,0.43366468,0.39236596,0.14768331,0.46752346,0.39236596,0.14768331,0.46752346
10.0,52.1564,0.50553393,-0.10297645,-0.2525705,-0.28892446,-0.12984939,-0.6166743,-0.45425066,-0.14833957,0.45814753,0.5024483,-0.09229448,-0.26116636,-0.29160163,-0.1340182,-0.6152752,-0.45453116,-0.14802697,0.44886094,0.5080569,-0.10401829,-0.23876967,-0.27845463,-0.14587162,-0.6240362,-0.4366069,-0.11545964,0.42242867,0.50553393,-0.10297645,-0.2525705,-0.28892446,-0.12984939,-0.6166743,-0.45425066,-0.14833957,0.45814753,0.50546455,-0.10276171,-0.25299945,-0.28908157,-0.12965938,-0.61644244,-0.45457068,-0.14903851,0.45859784,0.39236596,0.14768331,0.46752346,0.28501844,0.042193457,0.43366468,0.39236596,0.14768331,0.46752346,0.39236596,0.14768331,0.46752346
25.0,58.6727,0.50553393,-0.10297645,-0.2525705,-0.28892446,-0.12984939,-0.6166743,-0.45425066,-0.14833957,0.45814753,0.5024483,-0.09229448,-0.26116636,-0.29160163,-0.1340182,-0.6152752,-0.45453116,-0.14802697,0.44886094,0.5080569,-0.10401829,-0.23876967,-0.27845463,-0.14587162,-0.6240362,-0.4366069,-0.11545964,0.42242867,0.50553393,-0.10297645,-0.2525705,-0.28892446,-0.12984939,-0.6166743,-0.45425066,-0.14833957,0.45814753,0.50546455,-0.10276171,-0.25299945,-0.28908157,-0.12965938,-0.61644244,-0.45457068,-0.14903851,0.45859784,0.39236596,0.14768331,0.46752346,0.28501844,0.042193457,0.43366468,0.39236596,0.14768331,0.46752346,0.39236596,0.14768331,0.46752346
1.25,48.8994,0.5073142,-0.10536224,-0.24489024,-0.28304064,-0.13724332,-0.6211857,-0.4448344,-0.13019781,0.44087687,0.5024483,-0.09229448,-0.26116636,-0.29160163,-0.1340182,-0.6152752,-0.45453116,-0.14802697,0.44886094,0.5080569,-0.10401829,-0.23876967,-0.27845463,-0.14587162,-0.6240362,-0.4366069,-0.11545964,0.42242867,0.50546455,-0.10276171,-0.25299945,-0.28908157,-0.12965938,-0.61644244,-0.45457068,-0.14903851,0.45859784,0.50546455,-0.10276171,-0.25299945,-0.28908157,-0.12965938,-0.61644244,-0.45457068,-0.14903851,0.45859784,0.39236596,0.14768331,0.46752346,0.28674817,0.043784756,0.43473968,0.39236596,0.14768331,0.46752346,0.39236596,0.14768331,0.46752346
2.5,53.9819,0.5073142,-0.10536224,-0.24489024,-0.28304064,-0.13724332,-0.6211857,-0.4448344,-0.13019781,0.44087687,0.5024483,-0.09229448,-0.26116636,-0.29160163,-0.1340182,-0.6152752,-0.45453116,-0.14802697,0.44886094,0.5080569,-0.10401829,-0.23876967,-0.27845463,-0.14587162,-0.6240362,-0.4366069,-0.11545964,0.42242867,0.50546455,-0.10276171,-0.25299945,-0.28908157,-0.12965938,-0.61644244,-0.45457068,-0.14903851,0.45859784,0.50546455,-0.10276171,-0.25299945,-0.28908157,-0.12965938,-0.61644244,-0.45457068,-0.14903851,0.45859784,0.39236596,0.14768331,0.46752346,0.28674817,0.043784756,0.43473968,0.39236596,0.14768331,0.46752346,0.39236596,0.14768331,0.46752346
5.0,48.9073,0.5073142,-0.10536224,-0.24489024,-0.28304064,-0.13724332,-0.6211857,-0.4448344,-0.13019781,0.44087687,0.5024483,-0.09229448,-0.26116636,-0.29160163,-0.1340182,-0.6152752,-0.45453116,-0.14802697,0.44886094,0.5080569,-0.10401829,-0.23876967,-0.27845463,-0.14587162,-0.6240362,-0.4366069,-0.11545964,0.42242867,0.50546455,-0.10276171,-0.25299945,-0.28908157,-0.12965938,-0.61644244,-0.45457068,-0.14903851,0.45859784,0.50546455,-0.10276171,-0.25299945,-0.28908157,-0.12965938,-0.61644244,-0.45457068,-0.14903851,0.45859784,0.39236596,0.14768331,0.46752346,0.28674817,0.043784756,0.43473968,0.39236596,0.14768331,0.46752346,0.39236596,0.14768331,0.46752346
10.0,51.5505,0.5073142,-0.10536224,-0.24489024,-0.28304064,-0.13724332,-0.6211857,-0.4448344,-0.13019781,0.44087687,0.5024483,-0.09229448,-0.26116636,-0.29160163,-0.1340182,-0.6152752,-0.45453116,-0.14802697,0.44886094,0.5080569,-0.10401829,-0.23876967,-0.27845463,-0.14587162,-0.6240362,-0.4366069,-0.11545964,0.42242867,0.50546455,-0.10276171,-0.25299945,-0.28908157,-0.12965938,-0.61644244,-0.45457068,-0.14903851,0.45859784,0.50546455,-0.10276171,-0.25299945,-0.28908157,-0.12965938,-0.61644244,-0.45457068,-0.14903851,0.45859784,0.39236596,0.14768331,0.46752346,0.28674817,0.043784756,0.43473968,0.39236596,0.14768331,0.46752346,0.39236596,0.14768331,0.46752346
15.0,53.7443,0.5073142,-0.10536224,-0.24489024,-0.28304064,-0.13724332,-0.6211857,-0.4448344,-0.13019781,0.44087687,0.5024483,-0.09229448,-0.26116636,-0.29160163,-0.1340182,-0.6152752,-0.45453116,-0.14802697,0.44886094,0.5080569,-0.10401829,-0.23876967,-0.27845463,-0.14587162,-0.6240362,-0.4366069,-0.11545964,0.42242867,0.50546455,-0.10276171,-0.25299945,-0.28908157,-0.12965938,-0.61644244,-0.45457068,-0.14903851,0.45859784,0.50546455,-0.10276171,-0.25299945,-0.28908157,-0.12965938,-0.61644244,-0.45457068,-0.14903851,0.45859784,0.39236596,0.14768331,0.46752346,0.28674817,0.043784756,0.43473968,0.39236596,0.14768331,0.46752346,0.39236596,0.14768331,0.46752346
1.25,51.7815,0.5073142,-0.10536224,-0.24489024,-0.28304064,-0.13724332,-0.6211857,-0.4448344,-0.13019781,0.44087687,0.5053683,-0.102261566,-0.25376004,-0.28932565,-0.12956445,-0.6160867,-0.4549949,-0.14990255,0.4589394,0.5056773,-0.10341318,-0.25137252,-0.2883713,-0.13054083,-0.6172255,-0.4533734,-0.14653422,0.45676523,0.50546455,-0.10276171,-0.25299945,-0.28908157,-0.12965938,-0.61644244,-0.45457068,-0.14903851,0.45859784,0.50546455,-0.10276171,-0.25299945,-0.28908157,-0.12965938,-0.61644244,-0.45457068,-0.14903851,0.45859784,0.39236596,0.14768331,0.46752346,0.28674817,0.043784756,0.43473968,0.39236596,0.14768331,0.46752346,0.39236596,0.14768331,0.46752346
2.5,55.4067,0.5073142,-0.10536224,-0.24489024,-0.28304064,-0.13724332,-0.6211857,-0.4448344,-0.13019781,0.44087687,0.5053683,-0.102261566,-0.25376004,-0.28932565,-0.12956445,-0.6160867,-0.4549949,-0.14990255,0.4589394,0.5056773,-0.10341318,-0.25137252,-0.2883713,-0.13054083,-0.6172255,-0.4533734,-0.14653422,0.45676523,0.50546455,-0.10276171,-0.25299945,-0.28908157,-0.12965938,-0.61644244,-0.45457068,-0.14903851,0.45859784,0.50546455,-0.10276171,-0.25299945,-0.28908157,-0.12965938,-0.61644244,-0.45457068,-0.14903851,0.45859784,0.39236596,0.14768331,0.46752346,0.28674817,0.043784756,0.43473968,0.39236596,0.14768331,0.46752346,0.39236596,0.14768331,0.46752346
5.0,52.0823,0.5073142,-0.10536224,-0.24489024,-0.28304064,-0.13724332,-0.6211857,-0.4448344,-0.13019781,0.44087687,0.5053683,-0.102261566,-0.25376004,-0.28932565,-0.12956445,-0.6160867,-0.4549949,-0.14990255,0.4589394,0.5056773,-0.10341318,-0.25137252,-0.2883713,-0.13054083,-0.6172255,-0.4533734,-0.14653422,0.45676523,0.50546455,-0.10276171,-0.25299945,-0.28908157,-0.12965938,-0.61644244,-0.45457068,-0.14903851,0.45859784,0.50546455,-0.10276171,-0.25299945,-0.28908157,-0.12965938,-0.61644244,-0.45457068,-0.14903851,0.45859784,0.39236596,0.14768331,0.46752346,0.28674817,0.043784756,0.43473968,0.39236596,0.14768331,0.46752346,0.39236596,0.14768331,0.46752346
10.0,52.0614,0.5073142,-0.10536224,-0.24489024,-0.28304064,-0.13724332,-0.6211857,-0.4448344,-0.13019781,0.44087687,0.5053683,-0.102261566,-0.25376004,-0.28932565,-0.12956445,-0.6160867,-0.4549949,-0.14990255,0.4589394,0.5056773,-0.10341318,-0.25137252,-0.2883713,-0.13054083,-0.6172255,-0.4533734,-0.14653422,0.45676523,0.50546455,-0.10276171,-0.25299945,-0.28908157,-0.12965938,-0.61644244,-0.45457068,-0.14903851,0.45859784,0.50546455,-0.10276171,-0.25299945,-0.28908157,-0.12965938,-0.61644244,-0.45457068,-0.14903851,0.45859784,0.39236596,0.14768331,0.46752346,0.28674817,0.043784756,0.43473968,0.39236596,0.14768331,0.46752346,0.39236596,0.14768331,0.46752346
15.0,54.3984,0.5073142,-0.10536224,-0.24489024,-0.28304064,-0.13724332,-0.6211857,-0.4448344,-0.13019781,0.44087687,0.5053683,-0.102261566,-0.25376004,-0.28932565,-0.12956445,-0.6160867,-0.4549949,-0.14990255,0.4589394,0.5056773,-0.10341318,-0.25137252,-0.2883713,-0.13054083,-0.6172255,-0.4533734,-0.14653422,0.45676523,0.50546455,-0.10276171,-0.25299945,-0.28908157,-0.12965938,-0.61644244,-0.45457068,-0.14903851,0.45859784,0.50546455,-0.10276171,-0.25299945,-0.28908157,-0.12965938,-0.61644244,-0.45457068,-0.14903851,0.45859784,0.39236596,0.14768331,0.46752346,0.28674817,0.043784756,0.43473968,0.39236596,0.14768331,0.46752346,0.39236596,0.14768331,0.46752346
1.25,48.5278,0.5073142,-0.10536224,-0.24489024,-0.28304064,-0.13724332,-0.6211857,-0.4448344,-0.13019781,0.44087687,0.47798985,0.026587179,-0.31868207,-0.2989068,-0.21323088,-0.6155369,-0.42291144,-0.10968163,0.28238532,0.5243772,-0.07215376,-0.106413975,-0.17283925,-0.32917878,-0.6767798,-0.22848882,0.21313713,-0.0332115,0.50546455,-0.10276171,-0.25299945,-0.28908157,-0.12965938,-0.61644244,-0.45457068,-0.14903851,0.45859784,0.50546455,-0.10276171,-0.25299945,-0.28908157,-0.12965938,-0.61644244,-0.45457068,-0.14903851,0.45859784,0.39236596,0.14768331,0.46752346,0.28674817,0.043784756,0.43473968,0.39236596,0.14768331,0.46752346,0.39236596,0.14768331,0.46752346
2.5,54.9491,0.5073142,-0.10536224,-0.24489024,-0.28304064,-0.13724332,-0.6211857,-0.4448344,-0.13019781,0.44087687,0.47798985,0.026587179,-0.31868207,-0.2989068,-0.21323088,-0.6155369,-0.42291144,-0.10968163,0.28238532,0.5243772,-0.07215376,-0.106413975,-0.17283925,-0.32917878,-0.6767798,-0.22848882,0.21313713,-0.0332115,0.50546455,-0.10276171,-0.25299945,-0.28908157,-0.12965938,-0.61644244,-0.45457068,-0.14903851,0.45859784,0.50546455,-0.10276171,-0.25299945,-0.28908157,-0.12965938,-0.61644244,-0.45457068,-0.14903851,0.45859784,0.39236596,0.14768331,0.46752346,0.28674817,0.043784756,0.43473968,0.39236596,0.14768331,0.46752346,0.39236596,0.14768331,0.46752346
5.0,47.6943,0.5073142,-0.10536224,-0.24489024,-0.28304064,-0.13724332,-0.6211857,-0.4448344,-0.13019781,0.44087687,0.47798985,0.026587179,-0.31868207,-0.2989068,-0.21323088,-0.6155369,-0.42291144,-0.10968163,0.28238532,0.5243772,-0.07215376,-0.106413975,-0.17283925,-0.32917878,-0.6767798,-0.22848882,0.21313713,-0.0332115,0.50546455,-0.10276171,-0.25299945,-0.28908157,-0.12965938,-0.61644244,-0.45457068,-0.14903851,0.45859784,0.50546455,-0.10276171,-0.25299945,-0.28908157,-0.12965938,-0.61644244,-0.45457068,-0.14903851,0.45859784,0.39236596,0.14768331,0.46752346,0.28674817,0.043784756,0.43473968,0.39236596,0.14768331,0.46752346,0.39236596,0.14768331,0.46752346
10.0,49.6047,0.5073142,-0.10536224,-0.24489024,-0.28304064,-0.13724332,-0.6211857,-0.4448344,-0.13019781,0.44087687,0.47798985,0.026587179,-0.31868207,-0.2989068,-0.21323088,-0.6155369,-0.42291144,-0.10968163,0.28238532,0.5243772,-0.07215376,-0.106413975,-0.17283925,-0.32917878,-0.6767798,-0.22848882,0.21313713,-0.0332115,0.50546455,-0.10276171,-0.25299945,-0.28908157,-0.12965938,-0.61644244,-0.45457068,-0.14903851,0.45859784,0.50546455,-0.10276171,-0.25299945,-0.28908157,-0.12965938,-0.61644244,-0.45457068,-0.14903851,0.45859784,0.39236596,0.14768331,0.46752346,0.28674817,0.043784756,0.43473968,0.39236596,0.14768331,0.46752346,0.39236596,0.14768331,0.46752346
25.0,53.6434,0.5073142,-0.10536224,-0.24489024,-0.28304064,-0.13724332,-0.6211857,-0.4448344,-0.13019781,0.44087687,0.47798985,0.026587179,-0.31868207,-0.2989068,-0.21323088,-0.6155369,-0.42291144,-0.10968163,0.28238532,0.5243772,-0.07215376,-0.106413975,-0.17283925,-0.32917878,-0.6767798,-0.22848882,0.21313713,-0.0332115,0.50546455,-0.10276171,-0.25299945,-0.28908157,-0.12965938,-0.61644244,-0.45457068,-0.14903851,0.45859784,0.50546455,-0.10276171,-0.25299945,-0.28908157,-0.12965938,-0.61644244,-0.45457068,-0.14903851,0.45859784,0.39236596,0.14768331,0.46752346,0.28674817,0.043784756,0.43473968,0.39236596,0.14768331,0.46752346,0.39236596,0.14768331,0.46752346
1.25,55.9785,0.5073142,-0.10536224,-0.24489024,-0.28304064,-0.13724332,-0.6211857,-0.4448344,-0.13019781,0.44087687,0.5054508,-0.102716595,-0.25308165,-0.28910893,-0.12962712,-0.61639535,-0.454633,-0.14917693,0.45868158,0.5054885,-0.10283986,-0.252857,-0.28903428,-0.12971535,-0.61652386,-0.45446283,-0.14879875,0.4584527,0.50546455,-0.10276171,-0.25299945,-0.28908157,-0.12965938,-0.61644244,-0.45457068,-0.14903851,0.45859784,0.50546455,-0.10276171,-0.25299945,-0.28908157,-0.12965938,-0.61644244,-0.45457068,-0.14903851,0.45859784,0.39236596,0.14768331,0.46752346,0.28674817,0.043784756,0.43473968,0.39236596,0.14768331,0.46752346,0.39236596,0.14768331,0.46752346
2.5,49.7988,0.5073142,-0.10536224,-0.24489024,-0.28304064,-0.13724332,-0.6211857,-0.4448344,-0.13019781,0.44087687,0.5054508,-0.102716595,-0.25308165,-0.28910893,-0.12962712,-0.61639535,-0.454633,-0.14917693,0.45868158,0.5054885,-0.10283986,-0.252857,-0.28903428,-0.12971535,-0.61652386,-0.45446283,-0.14879875,0.4584527,0.50546455,-0.10276171,-0.25299945,-0.28908157,-0.12965938,-0.61644244,-0.45457068,-0.14903851,0.45859784,0.50546455,-0.10276171,-0.25299945,-0.28908157,-0.12965938,-0.61644244,-0.45457068,-0.14903851,0.45859784,0.39236596,0.14768331,0.46752346,0.28674817,0.043784756,0.43473968,0.39236596,0.14768331,0.46752346,0.39236596,0.14768331,0.46752346
5.0,53.4361,0.5073142,-0.10536224,-0.24489024,-0.28304064,-0.13724332,-0.6211857,-0.4448344,-0.13019781,0.44087687,0.5054508,-0.102716595,-0.25308165,-0.28910893,-0.12962712,-0.61639535,-0.454633,-0.14917693,0.45868158,0.5054885,-0.10283986,-0.252857,-0.28903428,-0.12971535,-0.61652386,-0.45446283,-0.14879875,0.4584527,0.50546455,-0.10276171,-0.25299945,-0.28908157,-0.12965938,-0.61644244,-0.45457068,-0.14903851,0.45859784,0.50546455,-0.10276171,-0.25299945,-0.28908157,-0.12965938,-0.61644244,-0.45457068,-0.14903851,0.45859784,0.39236596,0.14768331,0.46752346,0.28674817,0.043784756,0.43473968,0.39236596,0.14768331,0.46752346,0.39236596,0.14768331,0.46752346
10.0,65.7465,0.5073142,-0.10536224,-0.24489024,-0.28304064,-0.13724332,-0.6211857,-0.4448344,-0.13019781,0.44087687,0.5054508,-0.102716595,-0.25308165,-0.28910893,-0.12962712,-0.61639535,-0.454633,-0.14917693,0.45868158,0.5054885,-0.10283986,-0.252857,-0.28903428,-0.12971535,-0.61652386,-0.45446283,-0.14879875,0.4584527,0.50546455,-0.10276171,-0.25299945,-0.28908157,-0.12965938,-0.61644244,-0.45457068,-0.14903851,0.45859784,0.50546455,-0.10276171,-0.25299945,-0.28908157,-0.12965938,-0.61644244,-0.45457068,-0.14903851,0.45859784,0.39236596,0.14768331,0.46752346,0.28674817,0.043784756,0.43473968,0.39236596,0.14768331,0.46752346,0.39236596,0.14768331,0.46752346
15.0,50.4314,0.5073142,-0.10536224,-0.24489024,-0.28304064,-0.13724332,-0.6211857,-0.4448344,-0.13019781,0.44087687,0.5054508,-0.102716595,-0.25308165,-0.28910893,-0.12962712,-0.61639535,-0.454633,-0.14917693,0.45868158,0.5054885,-0.10283986,-0.252857,-0.28903428,-0.12971535,-0.61652386,-0.45446283,-0.14879875,0.4584527,0.50546455,-0.10276171,-0.25299945,-0.28908157,-0.12965938,-0.61644244,-0.45457068,-0.14903851,0.45859784,0.50546455,-0.10276171,-0.25299945,-0.28908157,-0.12965938,-0.61644244,-0.45457068,-0.14903851,0.45859784,0.39236596,0.14768331,0.46752346,0.28674817,0.043784756,0.43473968,0.39236596,0.14768331,0.46752346,0.39236596,0.14768331,0.46752346
1.25,52.3037,0.5073142,-0.10536224,-0.24489024,-0.28304064,-0.13724332,-0.6211857,-0.4448344,-0.13019781,0.44087687,0.5024483,-0.09229448,-0.26116636,-0.29160163,-0.1340182,-0.6152752,-0.45453116,-0.14802697,0.44886094,0.5080569,-0.10401829,-0.23876967,-0.27845463,-0.14587162,-0.6240362,-0.4366069,-0.11545964,0.42242867,0.5056914,-0.10350189,-0.2511181,-0.28823784,-0.13069677,-0.6173436,-0.4531633,-0.14610787,0.45642585,0.50546455,-0.10276171,-0.25299945,-0.28908157,-0.12965938,-0.61644244,-0.45457068,-0.14903851,0.45859784,0.39236596,0.14768331,0.46752346,0.28674817,0.043784756,0.43473968,0.39236596,0.14768331,0.46752346,0.39236596,0.14768331,0.46752346
2.5,53.4636,0.5073142,-0.10536224,-0.24489024,-0.28304064,-0.13724332,-0.6211857,-0.4448344,-0.13019781,0.44087687,0.5024483,-0.09229448,-0.26116636,-0.29160163,-0.1340182,-0.6152752,-0.45453116,-0.14802697,0.44886094,0.5080569,-0.10401829,-0.23876967,-0.27845463,-0.14587162,-0.6240362,-0.4366069,-0.11545964,0.42242867,0.5056914,-0.10350189,-0.2511181,-0.28823784,-0.13069677,-0.6173436,-0.4531633,-0.14610787,0.45642585,0.50546455,-0.10276171,-0.25299945,-0.28908157,-0.12965938,-0.61644244,-0.45457068,-0.14903851,0.45859784,0.39236596,0.14768331,0.46752346,0.28674817,0.043784756,0.43473968,0.39236596,0.14768331,0.46752346,0.39236596,0.14768331,0.46752346
5.0,61.801,0.5073142,-0.10536224,-0.24489024,-0.28304064,-0.13724332,-0.6211857,-0.4448344,-0.13019781,0.44087687,0.5024483,-0.09229448,-0.26116636,-0.29160163,-0.1340182,-0.6152752,-0.45453116,-0.14802697,0.44886094,0.5080569,-0.10401829,-0.23876967,-0.27845463,-0.14587162,-0.6240362,-0.4366069,-0.11545964,0.42242867,0.5056914,-0.10350189,-0.2511181,-0.28823784,-0.13069677,-0.6173436,-0.4531633,-0.14610787,0.45642585,0.50546455,-0.10276171,-0.25299945,-0.28908157,-0.12965938,-0.61644244,-0.45457068,-0.14903851,0.45859784,0.39236596,0.14768331,0.46752346,0.28674817,0.043784756,0.43473968,0.39236596,0.14768331,0.46752346,0.39236596,0.14768331,0.46752346
10.0,48.2274,0.5073142,-0.10536224,-0.24489024,-0.28304064,-0.13724332,-0.6211857,-0.4448344,-0.13019781,0.44087687,0.5024483,-0.09229448,-0.26116636,-0.29160163,-0.1340182,-0.6152752,-0.45453116,-0.14802697,0.44886094,0.5080569,-0.10401829,-0.23876967,-0.27845463,-0.14587162,-0.6240362,-0.4366069,-0.11545964,0.42242867,0.5056914,-0.10350189,-0.2511181,-0.28823784,-0.13069677,-0.6173436,-0.4531633,-0.14610787,0.45642585,0.50546455,-0.10276171,-0.25299945,-0.28908157,-0.12965938,-0.61644244,-0.45457068,-0.14903851,0.45859784,0.39236596,0.14768331,0.46752346,0.28674817,0.043784756,0.43473968,0.39236596,0.14768331,0.46752346,0.39236596,0.14768331,0.46752346
15.0,55.4142,0.5073142,-0.10536224,-0.24489024,-0.28304064,-0.13724332,-0.6211857,-0.4448344,-0.13019781,0.44087687,0.5024483,-0.09229448,-0.26116636,-0.29160163,-0.1340182,-0.6152752,-0.45453116,-0.14802697,0.44886094,0.5080569,-0.10401829,-0.23876967,-0.27845463,-0.14587162,-0.6240362,-0.4366069,-0.11545964,0.42242867,0.5056914,-0.10350189,-0.2511181,-0.28823784,-0.13069677,-0.6173436,-0.4531633,-0.14610787,0.45642585,0.50546455,-0.10276171,-0.25299945,-0.28908157,-0.12965938,-0.61644244,-0.45457068,-0.14903851,0.45859784,0.39236596,0.14768331,0.46752346,0.28674817,0.043784756,0.43473968,0.39236596,0.14768331,0.46752346,0.39236596,0.14768331,0.46752346
1.25,49.8438,0.5073142,-0.10536224,-0.24489024,-0.28304064,-0.13724332,-0.6211857,-0.4448344,-0.13019781,0.44087687,0.5024483,-0.09229448,-0.26116636,-0.29160163,-0.1340182,-0.6152752,-0.45453116,-0.14802697,0.44886094,0.5080569,-0.10401829,-0.23876967,-0.27845463,-0.14587162,-0.6240362,-0.4366069,-0.11545964,0.42242867,0.5073142,-0.10536224,-0.24489024,-0.28304064,-0.13724332,-0.6211857,-0.4448344,-0.13019781,0.44087687,0.50546455,-0.10276171,-0.25299945,-0.28908157,-0.12965938,-0.61644244,-0.45457068,-0.14903851,0.45859784,0.39236596,0.14768331,0.46752346,0.28674817,0.043784756,0.43473968,0.39236596,0.14768331,0.46752346,0.39236596,0.14768331,0.46752346
2.5,52.949,0.5073142,-0.10536224,-0.24489024,-0.28304064,-0.13724332,-0.6211857,-0.4448344,-0.13019781,0.44087687,0.5024483,-0.09229448,-0.26116636,-0.29160163,-0.1340182,-0.6152752,-0.45453116,-0.14802697,0.44886094,0.5080569,-0.10401829,-0.23876967,-0.27845463,-0.14587162,-0.6240362,-0.4366069,-0.11545964,0.42242867,0.5073142,-0.10536224,-0.24489024,-0.28304064,-0.13724332,-0.6211857,-0.4448344,-0.13019781,0.44087687,0.50546455,-0.10276171,-0.25299945,-0.28908157,-0.12965938,-0.61644244,-0.45457068,-0.14903851,0.45859784,0.39236596,0.14768331,0.46752346,0.28674817,0.043784756,0.43473968,0.39236596,0.14768331,0.46752346,0.39236596,0.14768331,0.46752346
5.0,52.0014,0.5073142,-0.10536224,-0.24489024,-0.28304064,-0.13724332,-0.6211857,-0.4448344,-0.13019781,0.44087687,0.5024483,-0.09229448,-0.26116636,-0.29160163,-0.1340182,-0.6152752,-0.45453116,-0.14802697,0.44886094,0.5080569,-0.10401829,-0.23876967,-0.27845463,-0.14587162,-0.6240362,-0.4366069,-0.11545964,0.42242867,0.5073142,-0.10536224,-0.24489024,-0.28304064,-0.13724332,-0.6211857,-0.4448344,-0.13019781,0.44087687,0.50546455,-0.10276171,-0.25299945,-0.28908157,-0.12965938,-0.61644244,-0.45457068,-0.14903851,0.45859784,0.39236596,0.14768331,0.46752346,0.28674817,0.043784756,0.43473968,0.39236596,0.14768331,0.46752346,0.39236596,0.14768331,0.46752346
10.0,59.3264,0.5073142,-0.10536224,-0.24489024,-0.28304064,-0.13724332,-0.6211857,-0.4448344,-0.13019781,0.44087687,0.5024483,-0.09229448,-0.26116636,-0.29160163,-0.1340182,-0.6152752,-0.45453116,-0.14802697,0.44886094,0.5080569,-0.10401829,-0.23876967,-0.27845463,-0.14587162,-0.6240362,-0.4366069,-0.11545964,0.42242867,0.5073142,-0.10536224,-0.24489024,-0.28304064,-0.13724332,-0.6211857,-0.4448344,-0.13019781,0.44087687,0.50546455,-0.10276171,-0.25299945,-0.28908157,-0.12965938,-0.61644244,-0.45457068,-0.14903851,0.45859784,0.39236596,0.14768331,0.46752346,0.28674817,0.043784756,0.43473968,0.39236596,0.14768331,0.46752346,0.39236596,0.14768331,0.46752346
15.0,49.0742,0.5073142,-0.10536224,-0.24489024,-0.28304064,-0.13724332,-0.6211857,-0.4448344,-0.13019781,0.44087687,0.5024483,-0.09229448,-0.26116636,-0.29160163,-0.1340182,-0.6152752,-0.45453116,-0.14802697,0.44886094,0.5080569,-0.10401829,-0.23876967,-0.27845463,-0.14587162,-0.6240362,-0.4366069,-0.11545964,0.42242867,0.5073142,-0.10536224,-0.24489024,-0.28304064,-0.13724332,-0.6211857,-0.4448344,-0.13019781,0.44087687,0.50546455,-0.10276171,-0.25299945,-0.28908157,-0.12965938,-0.61644244,-0.45457068,-0.14903851,0.45859784,0.39236596,0.14768331,0.46752346,0.28674817,0.043784756,0.43473968,0.39236596,0.14768331,0.46752346,0.39236596,0.14768331,0.46752346
1.75,0.757777,0.50546527,-0.10276396,-0.25299528,-0.28908026,-0.12966096,-0.6164447,-0.45456758,-0.1490316,0.4585936,0.5059497,-0.10422211,-0.24929276,-0.28695437,-0.13205767,-0.6183781,-0.45110038,-0.1422232,0.453058,0.5056914,-0.10350189,-0.2511181,-0.28823784,-0.13069677,-0.6173436,-0.4531633,-0.14610787,0.45642585,0.50546455,-0.10276171,-0.25299945,-0.28908157,-0.12965938,-0.61644244,-0.45457068,-0.14903851,0.45859784,0.50546455,-0.10276171,-0.25299945,-0.28908157,-0.12965938,-0.61644244,-0.45457068,-0.14903851,0.45859784,0.39236596,0.14768331,0.46752346,0.39236596,0.14768331,0.46752346,0.38256818,0.13646759,0.46402225,0.38256818,0.13646759,0.46402225
2.0,0.746912,0.50546527,-0.10276396,-0.25299528,-0.28908026,-0.12966096,-0.6164447,-0.45456758,-0.1490316,0.4585936,0.5059497,-0.10422211,-0.24929276,-0.28695437,-0.13205767,-0.6183781,-0.45110038,-0.1422232,0.453058,0.5056914,-0.10350189,-0.2511181,-0.28823784,-0.13069677,-0.6173436,-0.4531633,-0.14610787,0.45642585,0.50546455,-0.10276171,-0.25299945,-0.28908157,-0.12965938,-0.61644244,-0.45457068,-0.14903851,0.45859784,0.50546455,-0.10276171,-0.25299945,-0.28908157,-0.12965938,-0.61644244,-0.45457068,-0.14903851,0.45859784,0.39236596,0.14768331,0.46752346,0.39236596,0.14768331,0.46752346,0.38256818,0.13646759,0.46402225,0.38256818,0.13646759,0.46402225
5.0,0.754981,0.50546527,-0.10276396,-0.25299528,-0.28908026,-0.12966096,-0.6164447,-0.45456758,-0.1490316,0.4585936,0.5059497,-0.10422211,-0.24929276,-0.28695437,-0.13205767,-0.6183781,-0.45110038,-0.1422232,0.453058,0.5056914,-0.10350189,-0.2511181,-0.28823784,-0.13069677,-0.6173436,-0.4531633,-0.14610787,0.45642585,0.50546455,-0.10276171,-0.25299945,-0.28908157,-0.12965938,-0.61644244,-0.45457068,-0.14903851,0.45859784,0.50546455,-0.10276171,-0.25299945,-0.28908157,-0.12965938,-0.61644244,-0.45457068,-0.14903851,0.45859784,0.39236596,0.14768331,0.46752346,0.39236596,0.14768331,0.46752346,0.38256818,0.13646759,0.46402225,0.38256818,0.13646759,0.46402225
10.0,1.3506,0.50546527,-0.10276396,-0.25299528,-0.28908026,-0.12966096,-0.6164447,-0.45456758,-0.1490316,0.4585936,0.5059497,-0.10422211,-0.24929276,-0.28695437,-0.13205767,-0.6183781,-0.45110038,-0.1422232,0.453058,0.5056914,-0.10350189,-0.2511181,-0.28823784,-0.13069677,-0.6173436,-0.4531633,-0.14610787,0.45642585,0.50546455,-0.10276171,-0.25299945,-0.28908157,-0.12965938,-0.61644244,-0.45457068,-0.14903851,0.45859784,0.50546455,-0.10276171,-0.25299945,-0.28908157,-0.12965938,-0.61644244,-0.45457068,-0.14903851,0.45859784,0.39236596,0.14768331,0.46752346,0.39236596,0.14768331,0.46752346,0.38256818,0.13646759,0.46402225,0.38256818,0.13646759,0.46402225
25.0,11.1689,0.50546527,-0.10276396,-0.25299528,-0.28908026,-0.12966096,-0.6164447,-0.45456758,-0.1490316,0.4585936,0.5059497,-0.10422211,-0.24929276,-0.28695437,-0.13205767,-0.6183781,-0.45110038,-0.1422232,0.453058,0.5056914,-0.10350189,-0.2511181,-0.28823784,-0.13069677,-0.6173436,-0.4531633,-0.14610787,0.45642585,0.50546455,-0.10276171,-0.25299945,-0.28908157,-0.12965938,-0.61644244,-0.45457068,-0.14903851,0.45859784,0.50546455,-0.10276171,-0.25299945,-0.28908157,-0.12965938,-0.61644244,-0.45457068,-0.14903851,0.45859784,0.39236596,0.14768331,0.46752346,0.39236596,0.14768331,0.46752346,0.38256818,0.13646759,0.46402225,0.38256818,0.13646759,0.46402225
3.5,88.1423,0.50546527,-0.10276396,-0.25299528,-0.28908026,-0.12966096,-0.6164447,-0.45456758,-0.1490316,0.4585936,0.5080569,-0.10401829,-0.23876967,-0.27845463,-0.14587162,-0.6240362,-0.4366069,-0.11545964,0.42242867,0.5073142,-0.10536224,-0.24489024,-0.28304064,-0.13724332,-0.6211857,-0.4448344,-0.13019781,0.44087687,0.50546455,-0.10276171,-0.25299945,-0.28908157,-0.12965938,-0.61644244,-0.45457068,-0.14903851,0.45859784,0.50546455,-0.10276171,-0.25299945,-0.28908157,-0.12965938,-0.61644244,-0.45457068,-0.14903851,0.45859784,0.39236596,0.14768331,0.46752346,0.39236596,0.14768331,0.46752346,0.38256818,0.13646759,0.46402225,0.38256818,0.13646759,0.46402225
3.75,90.3655,0.50546527,-0.10276396,-0.25299528,-0.28908026,-0.12966096,-0.6164447,-0.45456758,-0.1490316,0.4585936,0.5080569,-0.10401829,-0.23876967,-0.27845463,-0.14587162,-0.6240362,-0.4366069,-0.11545964,0.42242867,0.5073142,-0.10536224,-0.24489024,-0.28304064,-0.13724332,-0.6211857,-0.4448344,-0.13019781,0.44087687,0.50546455,-0.10276171,-0.25299945,-0.28908157,-0.12965938,-0.61644244,-0.45457068,-0.14903851,0.45859784,0.50546455,-0.10276171,-0.25299945,-0.28908157,-0.12965938,-0.61644244,-0.45457068,-0.14903851,0.45859784,0.39236596,0.14768331,0.46752346,0.39236596,0.14768331,0.46752346,0.38256818,0.13646759,0.46402225,0.38256818,0.13646759,0.46402225
4.0,90.242,0.50546527,-0.10276396,-0.25299528,-0.28908026,-0.12966096,-0.6164447,-0.45456758,-0.1490316,0.4585936,0.5080569,-0.10401829,-0.23876967,-0.27845463,-0.14587162,-0.6240362,-0.4366069,-0.11545964,0.42242867,0.5073142,-0.10536224,-0.24489024,-0.28304064,-0.13724332,-0.6211857,-0.4448344,-0.13019781,0.44087687,0.50546455,-0.10276171,-0.25299945,-0.28908157,-0.12965938,-0.61644244,-0.45457068,-0.14903851,0.45859784,0.50546455,-0.10276171,-0.25299945,-0.28908157,-0.12965938,-0.61644244,-0.45457068,-0.14903851,0.45859784,0.39236596,0.14768331,0.46752346,0.39236596,0.14768331,0.46752346,0.38256818,0.13646759,0.46402225,0.38256818,0.13646759,0.46402225
4.25,89.688,0.50546527,-0.10276396,-0.25299528,-0.28908026,-0.12966096,-0.6164447,-0.45456758,-0.1490316,0.4585936,0.5080569,-0.10401829,-0.23876967,-0.27845463,-0.14587162,-0.6240362,-0.4366069,-0.11545964,0.42242867,0.5073142,-0.10536224,-0.24489024,-0.28304064,-0.13724332,-0.6211857,-0.4448344,-0.13019781,0.44087687,0.50546455,-0.10276171,-0.25299945,-0.28908157,-0.12965938,-0.61644244,-0.45457068,-0.14903851,0.45859784,0.50546455,-0.10276171,-0.25299945,-0.28908157,-0.12965938,-0.61644244,-0.45457068,-0.14903851,0.45859784,0.39236596,0.14768331,0.46752346,0.39236596,0.14768331,0.46752346,0.38256818,0.13646759,0.46402225,0.38256818,0.13646759,0.46402225
4.5,89.8106,0.50546527,-0.10276396,-0.25299528,-0.28908026,-0.12966096,-0.6164447,-0.45456758,-0.1490316,0.4585936,0.5080569,-0.10401829,-0.23876967,-0.27845463,-0.14587162,-0.6240362,-0.4366069,-0.11545964,0.42242867,0.5073142,-0.10536224,-0.24489024,-0.28304064,-0.13724332,-0.6211857,-0.4448344,-0.13019781,0.44087687,0.50546455,-0.10276171,-0.25299945,-0.28908157,-0.12965938,-0.61644244,-0.45457068,-0.14903851,0.45859784,0.50546455,-0.10276171,-0.25299945,-0.28908157,-0.12965938,-0.61644244,-0.45457068,-0.14903851,0.45859784,0.39236596,0.14768331,0.46752346,0.39236596,0.14768331,0.46752346,0.38256818,0.13646759,0.46402225,0.38256818,0.13646759,0.46402225
1.2,1.75048,0.50546527,-0.10276396,-0.25299528,-0.28908026,-0.12966096,-0.6164447,-0.45456758,-0.1490316,0.4585936,0.5059497,-0.10422211,-0.24929276,-0.28695437,-0.13205767,-0.6183781,-0.45110038,-0.1422232,0.453058,0.5056914,-0.10350189,-0.2511181,-0.28823784,-0.13069677,-0.6173436,-0.4531633,-0.14610787,0.45642585,0.50546527,-0.10276396,-0.25299528,-0.28908026,-0.12966096,-0.6164447,-0.45456758,-0.1490316,0.4585936,0.50546455,-0.10276171,-0.25299945,-0.28908157,-0.12965938,-0.61644244,-0.45457068,-0.14903851,0.45859784,0.39236596,0.14768331,0.46752346,0.39236596,0.14768331,0.46752346,0.38256818,0.13646759,0.46402225,0.38256818,0.13646759,0.46402225
1.25,1.7516,0.50546527,-0.10276396,-0.25299528,-0.28908026,-0.12966096,-0.6164447,-0.45456758,-0.1490316,0.4585936,0.5059497,-0.10422211,-0.24929276,-0.28695437,-0.13205767,-0.6183781,-0.45110038,-0.1422232,0.453058,0.5056914,-0.10350189,-0.2511181,-0.28823784,-0.13069677,-0.6173436,-0.4531633,-0.14610787,0.45642585,0.50546527,-0.10276396,-0.25299528,-0.28908026,-0.12966096,-0.6164447,-0.45456758,-0.1490316,0.4585936,0.50546455,-0.10276171,-0.25299945,-0.28908157,-0.12965938,-0.61644244,-0.45457068,-0.14903851,0.45859784,0.39236596,0.14768331,0.46752346,0.39236596,0.14768331,0.46752346,0.38256818,0.13646759,0.46402225,0.38256818,0.13646759,0.46402225
1.3,1.71497,0.50546527,-0.10276396,-0.25299528,-0.28908026,-0.12966096,-0.6164447,-0.45456758,-0.1490316,0.4585936,0.5059497,-0.10422211,-0.24929276,-0.28695437,-0.13205767,-0.6183781,-0.45110038,-0.1422232,0.453058,0.5056914,-0.10350189,-0.2511181,-0.28823784,-0.13069677,-0.6173436,-0.4531633,-0.14610787,0.45642585,0.50546527,-0.10276396,-0.25299528,-0.28908026,-0.12966096,-0.6164447,-0.45456758,-0.1490316,0.4585936,0.50546455,-0.10276171,-0.25299945,-0.28908157,-0.12965938,-0.61644244,-0.45457068,-0.14903851,0.45859784,0.39236596,0.14768331,0.46752346,0.39236596,0.14768331,0.46752346,0.38256818,0.13646759,0.46402225,0.38256818,0.13646759,0.46402225
1.35,1.74832,0.50546527,-0.10276396,-0.25299528,-0.28908026,-0.12966096,-0.6164447,-0.45456758,-0.1490316,0.4585936,0.5059497,-0.10422211,-0.24929276,-0.28695437,-0.13205767,-0.6183781,-0.45110038,-0.1422232,0.453058,0.5056914,-0.10350189,-0.2511181,-0.28823784,-0.13069677,-0.6173436,-0.4531633,-0.14610787,0.45642585,0.50546527,-0.10276396,-0.25299528,-0.28908026,-0.12966096,-0.6164447,-0.45456758,-0.1490316,0.4585936,0.50546455,-0.10276171,-0.25299945,-0.28908157,-0.12965938,-0.61644244,-0.45457068,-0.14903851,0.45859784,0.39236596,0.14768331,0.46752346,0.39236596,0.14768331,0.46752346,0.38256818,0.13646759,0.46402225,0.38256818,0.13646759,0.46402225
1.4,1.74072,0.50546527,-0.10276396,-0.25299528,-0.28908026,-0.12966096,-0.6164447,-0.45456758,-0.1490316,0.4585936,0.5059497,-0.10422211,-0.24929276,-0.28695437,-0.13205767,-0.6183781,-0.45110038,-0.1422232,0.453058,0.5056914,-0.10350189,-0.2511181,-0.28823784,-0.13069677,-0.6173436,-0.4531633,-0.14610787,0.45642585,0.50546527,-0.10276396,-0.25299528,-0.28908026,-0.12966096,-0.6164447,-0.45456758,-0.1490316,0.4585936,0.50546455,-0.10276171,-0.25299945,-0.28908157,-0.12965938,-0.61644244,-0.45457068,-0.14903851,0.45859784,0.39236596,0.14768331,0.46752346,0.39236596,0.14768331,0.46752346,0.38256818,0.13646759,0.46402225,0.38256818,0.13646759,0.46402225
0.5,0.466199,0.50553393,-0.10297645,-0.2525705,-0.28892446,-0.12984939,-0.6166743,-0.45425066,-0.14833957,0.45814753,0.5107737,-0.09965105,-0.21722272,-0.26273304,-0.173173,-0.6329266,-0.40761793,-0.06816808,0.3602251,0.5083248,-0.10332047,-0.23639053,-0.27668452,-0.14917316,-0.6251193,-0.43329516,-0.1099979,0.41513953,0.50546455,-0.10276171,-0.25299945,-0.28908157,-0.12965938,-0.61644244,-0.45457068,-0.14903851,0.45859784,0.50546455,-0.10276171,-0.25299945,-0.28908157,-0.12965938,-0.61644244,-0.45457068,-0.14903851,0.45859784,0.39236596,0.14768331,0.46752346,0.39236596,0.14768331,0.46752346,0.38256818,0.13646759,0.46402225,0.38256818,0.13646759,0.46402225
0.75,0.481301,0.50553393,-0.10297645,-0.2525705,-0.28892446,-0.12984939,-0.6166743,-0.45425066,-0.14833957,0.45814753,0.5107737,-0.09965105,-0.21722272,-0.26273304,-0.173173,-0.6329266,-0.40761793,-0.06816808,0.3602251,0.5083248,-0.10332047,-0.23639053,-0.27668452,-0.14917316,-0.6251193,-0.43329516,-0.1099979,0.41513953,0.50546455,-0.10276171,-0.25299945,-0.28908157,-0.12965938,-0.61644244,-0.45457068,-0.14903851,0.45859784,0.50546455,-0.10276171,-0.25299945,-0.28908157,-0.12965938,-0.61644244,-0.45457068,-0.14903851,0.45859784,0.39236596,0.14768331,0.46752346,0.39236596,0.14768331,0.46752346,0.38256818,0.13646759,0.46402225,0.38256818,0.13646759,0.46402225
1.0,0.502678,0.50553393,-0.10297645,-0.2525705,-0.28892446,-0.12984939,-0.6166743,-0.45425066,-0.14833957,0.45814753,0.5107737,-0.09965105,-0.21722272,-0.26273304,-0.173173,-0.6329266,-0.40761793,-0.06816808,0.3602251,0.5083248,-0.10332047,-0.23639053,-0.27668452,-0.14917316,-0.6251193,-0.43329516,-0.1099979,0.41513953,0.50546455,-0.10276171,-0.25299945,-0.28908157,-0.12965938,-0.61644244,-0.45457068,-0.14903851,0.45859784,0.50546455,-0.10276171,-0.25299945,-0.28908157,-0.12965938,-0.61644244,-0.45457068,-0.14903851,0.45859784,0.39236596,0.14768331,0.46752346,0.39236596,0.14768331,0.46752346,0.38256818,0.13646759,0.46402225,0.38256818,0.13646759,0.46402225
1.25,0.511954,0.50553393,-0.10297645,-0.2525705,-0.28892446,-0.12984939,-0.6166743,-0.45425066,-0.14833957,0.45814753,0.5107737,-0.09965105,-0.21722272,-0.26273304,-0.173173,-0.6329266,-0.40761793,-0.06816808,0.3602251,0.5083248,-0.10332047,-0.23639053,-0.27668452,-0.14917316,-0.6251193,-0.43329516,-0.1099979,0.41513953,0.50546455,-0.10276171,-0.25299945,-0.28908157,-0.12965938,-0.61644244,-0.45457068,-0.14903851,0.45859784,0.50546455,-0.10276171,-0.25299945,-0.28908157,-0.12965938,-0.61644244,-0.45457068,-0.14903851,0.45859784,0.39236596,0.14768331,0.46752346,0.39236596,0.14768331,0.46752346,0.38256818,0.13646759,0.46402225,0.38256818,0.13646759,0.46402225
1.5,0.502873,0.50553393,-0.10297645,-0.2525705,-0.28892446,-0.12984939,-0.6166743,-0.45425066,-0.14833957,0.45814753,0.5107737,-0.09965105,-0.21722272,-0.26273304,-0.173173,-0.6329266,-0.40761793,-0.06816808,0.3602251,0.5083248,-0.10332047,-0.23639053,-0.27668452,-0.14917316,-0.6251193,-0.43329516,-0.1099979,0.41513953,0.50546455,-0.10276171,-0.25299945,-0.28908157,-0.12965938,-0.61644244,-0.45457068,-0.14903851,0.45859784,0.50546455,-0.10276171,-0.25299945,-0.28908157,-0.12965938,-0.61644244,-0.45457068,-0.14903851,0.45859784,0.39236596,0.14768331,0.46752346,0.39236596,0.14768331,0.46752346,0.38256818,0.13646759,0.46402225,0.38256818,0.13646759,0.46402225
1.0,0.715397,0.50553393,-0.10297645,-0.2525705,-0.28892446,-0.12984939,-0.6166743,-0.45425066,-0.14833957,0.45814753,0.54595864,-0.049401656,0.064158805,-0.029591978,-0.5660535,-0.7267151,0.02243342,0.6182231,-0.5805631,0.52573913,-0.067274235,-0.08532694,-0.15651877,-0.36126548,-0.6840855,-0.19531004,0.26819196,-0.11203807,0.50546455,-0.10276171,-0.25299945,-0.28908157,-0.12965938,-0.61644244,-0.45457068,-0.14903851,0.45859784,0.50546455,-0.10276171,-0.25299945,-0.28908157,-0.12965938,-0.61644244,-0.45457068,-0.14903851,0.45859784,0.39236596,0.14768331,0.46752346,0.39236596,0.14768331,0.46752346,0.38256818,0.13646759,0.46402225,0.38256818,0.13646759,0.46402225
5.0,0.775592,0.50553393,-0.10297645,-0.2525705,-0.28892446,-0.12984939,-0.6166743,-0.45425066,-0.14833957,0.45814753,0.54595864,-0.049401656,0.064158805,-0.029591978,-0.5660535,-0.7267151,0.02243342,0.6182231,-0.5805631,0.52573913,-0.067274235,-0.08532694,-0.15651877,-0.36126548,-0.6840855,-0.19531004,0.26819196,-0.11203807,0.50546455,-0.10276171,-0.25299945,-0.28908157,-0.12965938,-0.61644244,-0.45457068,-0.14903851,0.45859784,0.50546455,-0.10276171,-0.25299945,-0.28908157,-0.12965938,-0.61644244,-0.45457068,-0.14903851,0.45859784,0.39236596,0.14768331,0.46752346,0.39236596,0.14768331,0.46752346,0.38256818,0.13646759,0.46402225,0.38256818,0.13646759,0.46402225
7.5,0.92193,0.50553393,-0.10297645,-0.2525705,-0.28892446,-0.12984939,-0.6166743,-0.45425066,-0.14833957,0.45814753,0.54595864,-0.049401656,0.064158805,-0.029591978,-0.5660535,-0.7267151,0.02243342,0.6182231,-0.5805631,0.52573913,-0.067274235,-0.08532694,-0.15651877,-0.36126548,-0.6840855,-0.19531004,0.26819196,-0.11203807,0.50546455,-0.10276171,-0.25299945,-0.28908157,-0.12965938,-0.61644244,-0.45457068,-0.14903851,0.45859784,0.50546455,-0.10276171,-0.25299945,-0.28908157,-0.12965938,-0.61644244,-0.45457068,-0.14903851,0.45859784,0.39236596,0.14768331,0.46752346,0.39236596,0.14768331,0.46752346,0.38256818,0.13646759,0.46402225,0.38256818,0.13646759,0.46402225
10.0,1.34762,0.50553393,-0.10297645,-0.2525705,-0.28892446,-0.12984939,-0.6166743,-0.45425066,-0.14833957,0.45814753,0.54595864,-0.049401656,0.064158805,-0.029591978,-0.5660535,-0.7267151,0.02243342,0.6182231,-0.5805631,0.52573913,-0.067274235,-0.08532694,-0.15651877,-0.36126548,-0.6840855,-0.19531004,0.26819196,-0.11203807,0.50546455,-0.10276171,-0.25299945,-0.28908157,-0.12965938,-0.61644244,-0.45457068,-0.14903851,0.45859784,0.50546455,-0.10276171,-0.25299945,-0.28908157,-0.12965938,-0.61644244,-0.45457068,-0.14903851,0.45859784,0.39236596,0.14768331,0.46752346,0.39236596,0.14768331,0.46752346,0.38256818,0.13646759,0.46402225,0.38256818,0.13646759,0.46402225
15.0,3.15158,0.50553393,-0.10297645,-0.2525705,-0.28892446,-0.12984939,-0.6166743,-0.45425066,-0.14833957,0.45814753,0.54595864,-0.049401656,0.064158805,-0.029591978,-0.5660535,-0.7267151,0.02243342,0.6182231,-0.5805631,0.52573913,-0.067274235,-0.08532694,-0.15651877,-0.36126548,-0.6840855,-0.19531004,0.26819196,-0.11203807,0.50546455,-0.10276171,-0.25299945,-0.28908157,-0.12965938,-0.61644244,-0.45457068,-0.14903851,0.45859784,0.50546455,-0.10276171,-0.25299945,-0.28908157,-0.12965938,-0.61644244,-0.45457068,-0.14903851,0.45859784,0.39236596,0.14768331,0.46752346,0.39236596,0.14768331,0.46752346,0.38256818,0.13646759,0.46402225,0.38256818,0.13646759,0.46402225
0.1,0.468795,0.50553393,-0.10297645,-0.2525705,-0.28892446,-0.12984939,-0.6166743,-0.45425066,-0.14833957,0.45814753,0.5059497,-0.10422211,-0.24929276,-0.28695437,-0.13205767,-0.6183781,-0.45110038,-0.1422232,0.453058,0.5056914,-0.10350189,-0.2511181,-0.28823784,-0.13069677,-0.6173436,-0.4531633,-0.14610787,0.45642585,0.50546455,-0.10276171,-0.25299945,-0.28908157,-0.12965938,-0.61644244,-0.45457068,-0.14903851,0.45859784,0.50546455,-0.10276171,-0.25299945,-0.28908157,-0.12965938,-0.61644244,-0.45457068,-0.14903851,0.45859784,0.39236596,0.14768331,0.46752346,0.39236596,0.14768331,0.46752346,0.38256818,0.13646759,0.46402225,0.38256818,0.13646759,0.46402225
0.3,0.469909,0.50553393,-0.10297645,-0.2525705,-0.28892446,-0.12984939,-0.6166743,-0.45425066,-0.14833957,0.45814753,0.5059497,-0.10422211,-0.24929276,-0.28695437,-0.13205767,-0.6183781,-0.45110038,-0.1422232,0.453058,0.5056914,-0.10350189,-0.2511181,-0.28823784,-0.13069677,-0.6173436,-0.4531633,-0.14610787,0.45642585,0.50546455,-0.10276171,-0.25299945,-0.28908157,-0.12965938,-0.61644244,-0.45457068,-0.14903851,0.45859784,0.50546455,-0.10276171,-0.25299945,-0.28908157,-0.12965938,-0.61644244,-0.45457068,-0.14903851,0.45859784,0.39236596,0.14768331,0.46752346,0.39236596,0.14768331,0.46752346,0.38256818,0.13646759,0.46402225,0.38256818,0.13646759,0.46402225
0.5,0.485458,0.50553393,-0.10297645,-0.2525705,-0.28892446,-0.12984939,-0.6166743,-0.45425066,-0.14833957,0.45814753,0.5059497,-0.10422211,-0.24929276,-0.28695437,-0.13205767,-0.6183781,-0.45110038,-0.1422232,0.453058,0.5056914,-0.10350189,-0.2511181,-0.28823784,-0.13069677,-0.6173436,-0.4531633,-0.14610787,0.45642585,0.50546455,-0.10276171,-0.25299945,-0.28908157,-0.12965938,-0.61644244,-0.45457068,-0.14903851,0.45859784,0.50546455,-0.10276171,-0.25299945,-0.28908157,-0.12965938,-0.61644244,-0.45457068,-0.14903851,0.45859784,0.39236596,0.14768331,0.46752346,0.39236596,0.14768331,0.46752346,0.38256818,0.13646759,0.46402225,0.38256818,0.13646759,0.46402225
0.75,0.464514,0.50553393,-0.10297645,-0.2525705,-0.28892446,-0.12984939,-0.6166743,-0.45425066,-0.14833957,0.45814753,0.5059497,-0.10422211,-0.24929276,-0.28695437,-0.13205767,-0.6183781,-0.45110038,-0.1422232,0.453058,0.5056914,-0.10350189,-0.2511181,-0.28823784,-0.13069677,-0.6173436,-0.4531633,-0.14610787,0.45642585,0.50546455,-0.10276171,-0.25299945,-0.28908157,-0.12965938,-0.61644244,-0.45457068,-0.14903851,0.45859784,0.50546455,-0.10276171,-0.25299945,-0.28908157,-0.12965938,-0.61644244,-0.45457068,-0.14903851,0.45859784,0.39236596,0.14768331,0.46752346,0.39236596,0.14768331,0.46752346,0.38256818,0.13646759,0.46402225,0.38256818,0.13646759,0.46402225
1.0,0.51342,0.50553393,-0.10297645,-0.2525705,-0.28892446,-0.12984939,-0.6166743,-0.45425066,-0.14833957,0.45814753,0.5059497,-0.10422211,-0.24929276,-0.28695437,-0.13205767,-0.6183781,-0.45110038,-0.1422232,0.453058,0.5056914,-0.10350189,-0.2511181,-0.28823784,-0.13069677,-0.6173436,-0.4531633,-0.14610787,0.45642585,0.50546455,-0.10276171,-0.25299945,-0.28908157,-0.12965938,-0.61644244,-0.45457068,-0.14903851,0.45859784,0.50546455,-0.10276171,-0.25299945,-0.28908157,-0.12965938,-0.61644244,-0.45457068,-0.14903851,0.45859784,0.39236596,0.14768331,0.46752346,0.39236596,0.14768331,0.46752346,0.38256818,0.13646759,0.46402225,0.38256818,0.13646759,0.46402225
0.5,0.470059,0.50553393,-0.10297645,-0.2525705,-0.28892446,-0.12984939,-0.6166743,-0.45425066,-0.14833957,0.45814753,0.5107737,-0.09965105,-0.21722272,-0.26273304,-0.173173,-0.6329266,-0.40761793,-0.06816808,0.3602251,0.5083248,-0.10332047,-0.23639053,-0.27668452,-0.14917316,-0.6251193,-0.43329516,-0.1099979,0.41513953,0.50553393,-0.10297645,-0.2525705,-0.28892446,-0.12984939,-0.6166743,-0.45425066,-0.14833957,0.45814753,0.50546455,-0.10276171,-0.25299945,-0.28908157,-0.12965938,-0.61644244,-0.45457068,-0.14903851,0.45859784,0.39236596,0.14768331,0.46752346,0.39236596,0.14768331,0.46752346,0.38256818,0.13646759,0.46402225,0.38256818,0.13646759,0.46402225
0.75,0.486845,0.50553393,-0.10297645,-0.2525705,-0.28892446,-0.12984939,-0.6166743,-0.45425066,-0.14833957,0.45814753,0.5107737,-0.09965105,-0.21722272,-0.26273304,-0.173173,-0.6329266,-0.40761793,-0.06816808,0.3602251,0.5083248,-0.10332047,-0.23639053,-0.27668452,-0.14917316,-0.6251193,-0.43329516,-0.1099979,0.41513953,0.50553393,-0.10297645,-0.2525705,-0.28892446,-0.12984939,-0.6166743,-0.45425066,-0.14833957,0.45814753,0.50546455,-0.10276171,-0.25299945,-0.28908157,-0.12965938,-0.61644244,-0.45457068,-0.14903851,0.45859784,0.39236596,0.14768331,0.46752346,0.39236596,0.14768331,0.46752346,0.38256818,0.13646759,0.46402225,0.38256818,0.13646759,0.46402225
1.0,0.471225,0.50553393,-0.10297645,-0.2525705,-0.28892446,-0.12984939,-0.6166743,-0.45425066,-0.14833957,0.45814753,0.5107737,-0.09965105,-0.21722272,-0.26273304,-0.173173,-0.6329266,-0.40761793,-0.06816808,0.3602251,0.5083248,-0.10332047,-0.23639053,-0.27668452,-0.14917316,-0.6251193,-0.43329516,-0.1099979,0.41513953,0.50553393,-0.10297645,-0.2525705,-0.28892446,-0.12984939,-0.6166743,-0.45425066,-0.14833957,0.45814753,0.50546455,-0.10276171,-0.25299945,-0.28908157,-0.12965938,-0.61644244,-0.45457068,-0.14903851,0.45859784,0.39236596,0.14768331,0.46752346,0.39236596,0.14768331,0.46752346,0.38256818,0.13646759,0.46402225,0.38256818,0.13646759,0.46402225
1.25,0.474226,0.50553393,-0.10297645,-0.2525705,-0.28892446,-0.12984939,-0.6166743,-0.45425066,-0.14833957,0.45814753,0.5107737,-0.09965105,-0.21722272,-0.26273304,-0.173173,-0.6329266,-0.40761793,-0.06816808,0.3602251,0.5083248,-0.10332047,-0.23639053,-0.27668452,-0.14917316,-0.6251193,-0.43329516,-0.1099979,0.41513953,0.50553393,-0.10297645,-0.2525705,-0.28892446,-0.12984939,-0.6166743,-0.45425066,-0.14833957,0.45814753,0.50546455,-0.10276171,-0.25299945,-0.28908157,-0.12965938,-0.61644244,-0.45457068,-0.14903851,0.45859784,0.39236596,0.14768331,0.46752346,0.39236596,0.14768331,0.46752346,0.38256818,0.13646759,0.46402225,0.38256818,0.13646759,0.46402225
1.5,0.491476,0.50553393,-0.10297645,-0.2525705,-0.28892446,-0.12984939,-0.6166743,-0.45425066,-0.14833957,0.45814753,0.5107737,-0.09965105,-0.21722272,-0.26273304,-0.173173,-0.6329266,-0.40761793,-0.06816808,0.3602251,0.5083248,-0.10332047,-0.23639053,-0.27668452,-0.14917316,-0.6251193,-0.43329516,-0.1099979,0.41513953,0.50553393,-0.10297645,-0.2525705,-0.28892446,-0.12984939,-0.6166743,-0.45425066,-0.14833957,0.45814753,0.50546455,-0.10276171,-0.25299945,-0.28908157,-0.12965938,-0.61644244,-0.45457068,-0.14903851,0.45859784,0.39236596,0.14768331,0.46752346,0.39236596,0.14768331,0.46752346,0.38256818,0.13646759,0.46402225,0.38256818,0.13646759,0.46402225
0.5,0.473211,0.50553393,-0.10297645,-0.2525705,-0.28892446,-0.12984939,-0.6166743,-0.45425066,-0.14833957,0.45814753,0.5080569,-0.10401829,-0.23876967,-0.27845463,-0.14587162,-0.6240362,-0.4366069,-0.11545964,0.42242867,0.5073142,-0.10536224,-0.24489024,-0.28304064,-0.13724332,-0.6211857,-0.4448344,-0.13019781,0.44087687,0.50546455,-0.10276171,-0.25299945,-0.28908157,-0.12965938,-0.61644244,-0.45457068,-0.14903851,0.45859784,0.50546455,-0.10276171,-0.25299945,-0.28908157,-0.12965938,-0.61644244,-0.45457068,-0.14903851,0.45859784,0.39236596,0.14768331,0.46752346,0.39236596,0.14768331,0.46752346,0.38256818,0.13646759,0.46402225,0.38256818,0.13646759,0.46402225
0.75,0.483238,0.50553393,-0.10297645,-0.2525705,-0.28892446,-0.12984939,-0.6166743,-0.45425066,-0.14833957,0.45814753,0.5080569,-0.10401829,-0.23876967,-0.27845463,-0.14587162,-0.6240362,-0.4366069,-0.11545964,0.42242867,0.5073142,-0.10536224,-0.24489024,-0.28304064,-0.13724332,-0.6211857,-0.4448344,-0.13019781,0.44087687,0.50546455,-0.10276171,-0.25299945,-0.28908157,-0.12965938,-0.61644244,-0.45457068,-0.14903851,0.45859784,0.50546455,-0.10276171,-0.25299945,-0.28908157,-0.12965938,-0.61644244,-0.45457068,-0.14903851,0.45859784,0.39236596,0.14768331,0.46752346,0.39236596,0.14768331,0.46752346,0.38256818,0.13646759,0.46402225,0.38256818,0.13646759,0.46402225
1.0,0.467159,0.50553393,-0.10297645,-0.2525705,-0.28892446,-0.12984939,-0.6166743,-0.45425066,-0.14833957,0.45814753,0.5080569,-0.10401829,-0.23876967,-0.27845463,-0.14587162,-0.6240362,-0.4366069,-0.11545964,0.42242867,0.5073142,-0.10536224,-0.24489024,-0.28304064,-0.13724332,-0.6211857,-0.4448344,-0.13019781,0.44087687,0.50546455,-0.10276171,-0.25299945,-0.28908157,-0.12965938,-0.61644244,-0.45457068,-0.14903851,0.45859784,0.50546455,-0.10276171,-0.25299945,-0.28908157,-0.12965938,-0.61644244,-0.45457068,-0.14903851,0.45859784,0.39236596,0.14768331,0.46752346,0.39236596,0.14768331,0.46752346,0.38256818,0.13646759,0.46402225,0.38256818,0.13646759,0.46402225
1.25,0.468855,0.50553393,-0.10297645,-0.2525705,-0.28892446,-0.12984939,-0.6166743,-0.45425066,-0.14833957,0.45814753,0.5080569,-0.10401829,-0.23876967,-0.27845463,-0.14587162,-0.6240362,-0.4366069,-0.11545964,0.42242867,0.5073142,-0.10536224,-0.24489024,-0.28304064,-0.13724332,-0.6211857,-0.4448344,-0.13019781,0.44087687,0.50546455,-0.10276171,-0.25299945,-0.28908157,-0.12965938,-0.61644244,-0.45457068,-0.14903851,0.45859784,0.50546455,-0.10276171,-0.25299945,-0.28908157,-0.12965938,-0.61644244,-0.45457068,-0.14903851,0.45859784,0.39236596,0.14768331,0.46752346,0.39236596,0.14768331,0.46752346,0.38256818,0.13646759,0.46402225,0.38256818,0.13646759,0.46402225
1.5,0.482084,0.50553393,-0.10297645,-0.2525705,-0.28892446,-0.12984939,-0.6166743,-0.45425066,-0.14833957,0.45814753,0.5080569,-0.10401829,-0.23876967,-0.27845463,-0.14587162,-0.6240362,-0.4366069,-0.11545964,0.42242867,0.5073142,-0.10536224,-0.24489024,-0.28304064,-0.13724332,-0.6211857,-0.4448344,-0.13019781,0.44087687,0.50546455,-0.10276171,-0.25299945,-0.28908157,-0.12965938,-0.61644244,-0.45457068,-0.14903851,0.45859784,0.50546455,-0.10276171,-0.25299945,-0.28908157,-0.12965938,-0.61644244,-0.45457068,-0.14903851,0.45859784,0.39236596,0.14768331,0.46752346,0.39236596,0.14768331,0.46752346,0.38256818,0.13646759,0.46402225,0.38256818,0.13646759,0.46402225
0.5,0.493787,0.50553393,-0.10297645,-0.2525705,-0.28892446,-0.12984939,-0.6166743,-0.45425066,-0.14833957,0.45814753,0.5107737,-0.09965105,-0.21722272,-0.26273304,-0.173173,-0.6329266,-0.40761793,-0.06816808,0.3602251,0.5083248,-0.10332047,-0.23639053,-0.27668452,-0.14917316,-0.6251193,-0.43329516,-0.1099979,0.41513953,0.5056914,-0.10350189,-0.2511181,-0.28823784,-0.13069677,-0.6173436,-0.4531633,-0.14610787,0.45642585,0.50546455,-0.10276171,-0.25299945,-0.28908157,-0.12965938,-0.61644244,-0.45457068,-0.14903851,0.45859784,0.39236596,0.14768331,0.46752346,0.39236596,0.14768331,0.46752346,0.38256818,0.13646759,0.46402225,0.38256818,0.13646759,0.46402225
0.75,0.517832,0.50553393,-0.10297645,-0.2525705,-0.28892446,-0.12984939,-0.6166743,-0.45425066,-0.14833957,0.45814753,0.5107737,-0.09965105,-0.21722272,-0.26273304,-0.173173,-0.6329266,-0.40761793,-0.06816808,0.3602251,0.5083248,-0.10332047,-0.23639053,-0.27668452,-0.14917316,-0.6251193,-0.43329516,-0.1099979,0.41513953,0.5056914,-0.10350189,-0.2511181,-0.28823784,-0.13069677,-0.6173436,-0.4531633,-0.14610787,0.45642585,0.50546455,-0.10276171,-0.25299945,-0.28908157,-0.12965938,-0.61644244,-0.45457068,-0.14903851,0.45859784,0.39236596,0.14768331,0.46752346,0.39236596,0.14768331,0.46752346,0.38256818,0.13646759,0.46402225,0.38256818,0.13646759,0.46402225
1.0,0.474392,0.50553393,-0.10297645,-0.2525705,-0.28892446,-0.12984939,-0.6166743,-0.45425066,-0.14833957,0.45814753,0.5107737,-0.09965105,-0.21722272,-0.26273304,-0.173173,-0.6329266,-0.40761793,-0.06816808,0.3602251,0.5083248,-0.10332047,-0.23639053,-0.27668452,-0.14917316,-0.6251193,-0.43329516,-0.1099979,0.41513953,0.5056914,-0.10350189,-0.2511181,-0.28823784,-0.13069677,-0.6173436,-0.4531633,-0.14610787,0.45642585,0.50546455,-0.10276171,-0.25299945,-0.28908157,-0.12965938,-0.61644244,-0.45457068,-0.14903851,0.45859784,0.39236596,0.14768331,0.46752346,0.39236596,0.14768331,0.46752346,0.38256818,0.13646759,0.46402225,0.38256818,0.13646759,0.46402225
1.25,0.488889,0.50553393,-0.10297645,-0.2525705,-0.28892446,-0.12984939,-0.6166743,-0.45425066,-0.14833957,0.45814753,0.5107737,-0.09965105,-0.21722272,-0.26273304,-0.173173,-0.6329266,-0.40761793,-0.06816808,0.3602251,0.5083248,-0.10332047,-0.23639053,-0.27668452,-0.14917316,-0.6251193,-0.43329516,-0.1099979,0.41513953,0.5056914,-0.10350189,-0.2511181,-0.28823784,-0.13069677,-0.6173436,-0.4531633,-0.14610787,0.45642585,0.50546455,-0.10276171,-0.25299945,-0.28908157,-0.12965938,-0.61644244,-0.45457068,-0.14903851,0.45859784,0.39236596,0.14768331,0.46752346,0.39236596,0.14768331,0.46752346,0.38256818,0.13646759,0.46402225,0.38256818,0.13646759,0.46402225
1.5,0.483543,0.50553393,-0.10297645,-0.2525705,-0.28892446,-0.12984939,-0.6166743,-0.45425066,-0.14833957,0.45814753,0.5107737,-0.09965105,-0.21722272,-0.26273304,-0.173173,-0.6329266,-0.40761793,-0.06816808,0.3602251,0.5083248,-0.10332047,-0.23639053,-0.27668452,-0.14917316,-0.6251193,-0.43329516,-0.1099979,0.41513953,0.5056914,-0.10350189,-0.2511181,-0.28823784,-0.13069677,-0.6173436,-0.4531633,-0.14610787,0.45642585,0.50546455,-0.10276171,-0.25299945,-0.28908157,-0.12965938,-0.61644244,-0.45457068,-0.14903851,0.45859784,0.39236596,0.14768331,0.46752346,0.39236596,0.14768331,0.46752346,0.38256818,0.13646759,0.46402225,0.38256818,0.13646759,0.46402225
0.5,0.471937,0.50553393,-0.10297645,-0.2525705,-0.28892446,-0.12984939,-0.6166743,-0.45425066,-0.14833957,0.45814753,0.5059497,-0.10422211,-0.24929276,-0.28695437,-0.13205767,-0.6183781,-0.45110038,-0.1422232,0.453058,0.5056914,-0.10350189,-0.2511181,-0.28823784,-0.13069677,-0.6173436,-0.4531633,-0.14610787,0.45642585,0.50553393,-0.10297645,-0.2525705,-0.28892446,-0.12984939,-0.6166743,-0.45425066,-0.14833957,0.45814753,0.50546455,-0.10276171,-0.25299945,-0.28908157,-0.12965938,-0.61644244,-0.45457068,-0.14903851,0.45859784,0.39236596,0.14768331,0.46752346,0.39236596,0.14768331,0.46752346,0.38256818,0.13646759,0.46402225,0.38256818,0.13646759,0.46402225
0.75,0.472242,0.50553393,-0.10297645,-0.2525705,-0.28892446,-0.12984939,-0.6166743,-0.45425066,-0.14833957,0.45814753,0.5059497,-0.10422211,-0.24929276,-0.28695437,-0.13205767,-0.6183781,-0.45110038,-0.1422232,0.453058,0.5056914,-0.10350189,-0.2511181,-0.28823784,-0.13069677,-0.6173436,-0.4531633,-0.14610787,0.45642585,0.50553393,-0.10297645,-0.2525705,-0.28892446,-0.12984939,-0.6166743,-0.45425066,-0.14833957,0.45814753,0.50546455,-0.10276171,-0.25299945,-0.28908157,-0.12965938,-0.61644244,-0.45457068,-0.14903851,0.45859784,0.39236596,0.14768331,0.46752346,0.39236596,0.14768331,0.46752346,0.38256818,0.13646759,0.46402225,0.38256818,0.13646759,0.46402225
1.0,0.504938,0.50553393,-0.10297645,-0.2525705,-0.28892446,-0.12984939,-0.6166743,-0.45425066,-0.14833957,0.45814753,0.5059497,-0.10422211,-0.24929276,-0.28695437,-0.13205767,-0.6183781,-0.45110038,-0.1422232,0.453058,0.5056914,-0.10350189,-0.2511181,-0.28823784,-0.13069677,-0.6173436,-0.4531633,-0.14610787,0.45642585,0.50553393,-0.10297645,-0.2525705,-0.28892446,-0.12984939,-0.6166743,-0.45425066,-0.14833957,0.45814753,0.50546455,-0.10276171,-0.25299945,-0.28908157,-0.12965938,-0.61644244,-0.45457068,-0.14903851,0.45859784,0.39236596,0.14768331,0.46752346,0.39236596,0.14768331,0.46752346,0.38256818,0.13646759,0.46402225,0.38256818,0.13646759,0.46402225
1.25,0.497778,0.50553393,-0.10297645,-0.2525705,-0.28892446,-0.12984939,-0.6166743,-0.45425066,-0.14833957,0.45814753,0.5059497,-0.10422211,-0.24929276,-0.28695437,-0.13205767,-0.6183781,-0.45110038,-0.1422232,0.453058,0.5056914,-0.10350189,-0.2511181,-0.28823784,-0.13069677,-0.6173436,-0.4531633,-0.14610787,0.45642585,0.50553393,-0.10297645,-0.2525705,-0.28892446,-0.12984939,-0.6166743,-0.45425066,-0.14833957,0.45814753,0.50546455,-0.10276171,-0.25299945,-0.28908157,-0.12965938,-0.61644244,-0.45457068,-0.14903851,0.45859784,0.39236596,0.14768331,0.46752346,0.39236596,0.14768331,0.46752346,0.38256818,0.13646759,0.46402225,0.38256818,0.13646759,0.46402225
1.5,0.475707,0.50553393,-0.10297645,-0.2525705,-0.28892446,-0.12984939,-0.6166743,-0.45425066,-0.14833957,0.45814753,0.5059497,-0.10422211,-0.24929276,-0.28695437,-0.13205767,-0.6183781,-0.45110038,-0.1422232,0.453058,0.5056914,-0.10350189,-0.2511181,-0.28823784,-0.13069677,-0.6173436,-0.4531633,-0.14610787,0.45642585,0.50553393,-0.10297645,-0.2525705,-0.28892446,-0.12984939,-0.6166743,-0.45425066,-0.14833957,0.45814753,0.50546455,-0.10276171,-0.25299945,-0.28908157,-0.12965938,-0.61644244,-0.45457068,-0.14903851,0.45859784,0.39236596,0.14768331,0.46752346,0.39236596,0.14768331,0.46752346,0.38256818,0.13646759,0.46402225,0.38256818,0.13646759,0.46402225
0.1,0.478588,0.5073142,-0.10536224,-0.24489024,-0.28304064,-0.13724332,-0.6211857,-0.4448344,-0.13019781,0.44087687,0.5107737,-0.09965105,-0.21722272,-0.26273304,-0.173173,-0.6329266,-0.40761793,-0.06816808,0.3602251,0.5083248,-0.10332047,-0.23639053,-0.27668452,-0.14917316,-0.6251193,-0.43329516,-0.1099979,0.41513953,0.50546455,-0.10276171,-0.25299945,-0.28908157,-0.12965938,-0.61644244,-0.45457068,-0.14903851,0.45859784,0.50546455,-0.10276171,-0.25299945,-0.28908157,-0.12965938,-0.61644244,-0.45457068,-0.14903851,0.45859784,0.39236596,0.14768331,0.46752346,0.39236596,0.14768331,0.46752346,0.38256818,0.13646759,0.46402225,0.38256818,0.13646759,0.46402225
0.3,0.488229,0.5073142,-0.10536224,-0.24489024,-0.28304064,-0.13724332,-0.6211857,-0.4448344,-0.13019781,0.44087687,0.5107737,-0.09965105,-0.21722272,-0.26273304,-0.173173,-0.6329266,-0.40761793,-0.06816808,0.3602251,0.5083248,-0.10332047,-0.23639053,-0.27668452,-0.14917316,-0.6251193,-0.43329516,-0.1099979,0.41513953,0.50546455,-0.10276171,-0.25299945,-0.28908157,-0.12965938,-0.61644244,-0.45457068,-0.14903851,0.45859784,0.50546455,-0.10276171,-0.25299945,-0.28908157,-0.12965938,-0.61644244,-0.45457068,-0.14903851,0.45859784,0.39236596,0.14768331,0.46752346,0.39236596,0.14768331,0.46752346,0.38256818,0.13646759,0.46402225,0.38256818,0.13646759,0.46402225
0.5,0.468995,0.5073142,-0.10536224,-0.24489024,-0.28304064,-0.13724332,-0.6211857,-0.4448344,-0.13019781,0.44087687,0.5107737,-0.09965105,-0.21722272,-0.26273304,-0.173173,-0.6329266,-0.40761793,-0.06816808,0.3602251,0.5083248,-0.10332047,-0.23639053,-0.27668452,-0.14917316,-0.6251193,-0.43329516,-0.1099979,0.41513953,0.50546455,-0.10276171,-0.25299945,-0.28908157,-0.12965938,-0.61644244,-0.45457068,-0.14903851,0.45859784,0.50546455,-0.10276171,-0.25299945,-0.28908157,-0.12965938,-0.61644244,-0.45457068,-0.14903851,0.45859784,0.39236596,0.14768331,0.46752346,0.39236596,0.14768331,0.46752346,0.38256818,0.13646759,0.46402225,0.38256818,0.13646759,0.46402225
0.75,0.466547,0.5073142,-0.10536224,-0.24489024,-0.28304064,-0.13724332,-0.6211857,-0.4448344,-0.13019781,0.44087687,0.5107737,-0.09965105,-0.21722272,-0.26273304,-0.173173,-0.6329266,-0.40761793,-0.06816808,0.3602251,0.5083248,-0.10332047,-0.23639053,-0.27668452,-0.14917316,-0.6251193,-0.43329516,-0.1099979,0.41513953,0.50546455,-0.10276171,-0.25299945,-0.28908157,-0.12965938,-0.61644244,-0.45457068,-0.14903851,0.45859784,0.50546455,-0.10276171,-0.25299945,-0.28908157,-0.12965938,-0.61644244,-0.45457068,-0.14903851,0.45859784,0.39236596,0.14768331,0.46752346,0.39236596,0.14768331,0.46752346,0.38256818,0.13646759,0.46402225,0.38256818,0.13646759,0.46402225
1.0,0.470333,0.5073142,-0.10536224,-0.24489024,-0.28304064,-0.13724332,-0.6211857,-0.4448344,-0.13019781,0.44087687,0.5107737,-0.09965105,-0.21722272,-0.26273304,-0.173173,-0.6329266,-0.40761793,-0.06816808,0.3602251,0.5083248,-0.10332047,-0.23639053,-0.27668452,-0.14917316,-0.6251193,-0.43329516,-0.1099979,0.41513953,0.50546455,-0.10276171,-0.25299945,-0.28908157,-0.12965938,-0.61644244,-0.45457068,-0.14903851,0.45859784,0.50546455,-0.10276171,-0.25299945,-0.28908157,-0.12965938,-0.61644244,-0.45457068,-0.14903851,0.45859784,0.39236596,0.14768331,0.46752346,0.39236596,0.14768331,0.46752346,0.38256818,0.13646759,0.46402225,0.38256818,0.13646759,0.46402225
0.3,0.487501,0.5073142,-0.10536224,-0.24489024,-0.28304064,-0.13724332,-0.6211857,-0.4448344,-0.13019781,0.44087687,0.54595864,-0.049401656,0.064158805,-0.029591978,-0.5660535,-0.7267151,0.02243342,0.6182231,-0.5805631,0.52573913,-0.067274235,-0.08532694,-0.15651877,-0.36126548,-0.6840855,-0.19531004,0.26819196,-0.11203807,0.50546455,-0.10276171,-0.25299945,-0.28908157,-0.12965938,-0.61644244,-0.45457068,-0.14903851,0.45859784,0.50546455,-0.10276171,-0.25299945,-0.28908157,-0.12965938,-0.61644244,-0.45457068,-0.14903851,0.45859784,0.39236596,0.14768331,0.46752346,0.39236596,0.14768331,0.46752346,0.38256818,0.13646759,0.46402225,0.38256818,0.13646759,0.46402225
0.4,0.468428,0.5073142,-0.10536224,-0.24489024,-0.28304064,-0.13724332,-0.6211857,-0.4448344,-0.13019781,0.44087687,0.54595864,-0.049401656,0.064158805,-0.029591978,-0.5660535,-0.7267151,0.02243342,0.6182231,-0.5805631,0.52573913,-0.067274235,-0.08532694,-0.15651877,-0.36126548,-0.6840855,-0.19531004,0.26819196,-0.11203807,0.50546455,-0.10276171,-0.25299945,-0.28908157,-0.12965938,-0.61644244,-0.45457068,-0.14903851,0.45859784,0.50546455,-0.10276171,-0.25299945,-0.28908157,-0.12965938,-0.61644244,-0.45457068,-0.14903851,0.45859784,0.39236596,0.14768331,0.46752346,0.39236596,0.14768331,0.46752346,0.38256818,0.13646759,0.46402225,0.38256818,0.13646759,0.46402225
0.5,0.467027,0.5073142,-0.10536224,-0.24489024,-0.28304064,-0.13724332,-0.6211857,-0.4448344,-0.13019781,0.44087687,0.54595864,-0.049401656,0.064158805,-0.029591978,-0.5660535,-0.7267151,0.02243342,0.6182231,-0.5805631,0.52573913,-0.067274235,-0.08532694,-0.15651877,-0.36126548,-0.6840855,-0.19531004,0.26819196,-0.11203807,0.50546455,-0.10276171,-0.25299945,-0.28908157,-0.12965938,-0.61644244,-0.45457068,-0.14903851,0.45859784,0.50546455,-0.10276171,-0.25299945,-0.28908157,-0.12965938,-0.61644244,-0.45457068,-0.14903851,0.45859784,0.39236596,0.14768331,0.46752346,0.39236596,0.14768331,0.46752346,0.38256818,0.13646759,0.46402225,0.38256818,0.13646759,0.46402225
0.75,0.464982,0.5073142,-0.10536224,-0.24489024,-0.28304064,-0.13724332,-0.6211857,-0.4448344,-0.13019781,0.44087687,0.54595864,-0.049401656,0.064158805,-0.029591978,-0.5660535,-0.7267151,0.02243342,0.6182231,-0.5805631,0.52573913,-0.067274235,-0.08532694,-0.15651877,-0.36126548,-0.6840855,-0.19531004,0.26819196,-0.11203807,0.50546455,-0.10276171,-0.25299945,-0.28908157,-0.12965938,-0.61644244,-0.45457068,-0.14903851,0.45859784,0.50546455,-0.10276171,-0.25299945,-0.28908157,-0.12965938,-0.61644244,-0.45457068,-0.14903851,0.45859784,0.39236596,0.14768331,0.46752346,0.39236596,0.14768331,0.46752346,0.38256818,0.13646759,0.46402225,0.38256818,0.13646759,0.46402225
1.0,0.488627,0.5073142,-0.10536224,-0.24489024,-0.28304064,-0.13724332,-0.6211857,-0.4448344,-0.13019781,0.44087687,0.54595864,-0.049401656,0.064158805,-0.029591978,-0.5660535,-0.7267151,0.02243342,0.6182231,-0.5805631,0.52573913,-0.067274235,-0.08532694,-0.15651877,-0.36126548,-0.6840855,-0.19531004,0.26819196,-0.11203807,0.50546455,-0.10276171,-0.25299945,-0.28908157,-0.12965938,-0.61644244,-0.45457068,-0.14903851,0.45859784,0.50546455,-0.10276171,-0.25299945,-0.28908157,-0.12965938,-0.61644244,-0.45457068,-0.14903851,0.45859784,0.39236596,0.14768331,0.46752346,0.39236596,0.14768331,0.46752346,0.38256818,0.13646759,0.46402225,0.38256818,0.13646759,0.46402225
0.1,0.450049,0.5073142,-0.10536224,-0.24489024,-0.28304064,-0.13724332,-0.6211857,-0.4448344,-0.13019781,0.44087687,0.5059497,-0.10422211,-0.24929276,-0.28695437,-0.13205767,-0.6183781,-0.45110038,-0.1422232,0.453058,0.5056914,-0.10350189,-0.2511181,-0.28823784,-0.13069677,-0.6173436,-0.4531633,-0.14610787,0.45642585,0.50546455,-0.10276171,-0.25299945,-0.28908157,-0.12965938,-0.61644244,-0.45457068,-0.14903851,0.45859784,0.50546455,-0.10276171,-0.25299945,-0.28908157,-0.12965938,-0.61644244,-0.45457068,-0.14903851,0.45859784,0.39236596,0.14768331,0.46752346,0.39236596,0.14768331,0.46752346,0.38256818,0.13646759,0.46402225,0.38256818,0.13646759,0.46402225
0.3,0.473825,0.5073142,-0.10536224,-0.24489024,-0.28304064,-0.13724332,-0.6211857,-0.4448344,-0.13019781,0.44087687,0.5059497,-0.10422211,-0.24929276,-0.28695437,-0.13205767,-0.6183781,-0.45110038,-0.1422232,0.453058,0.5056914,-0.10350189,-0.2511181,-0.28823784,-0.13069677,-0.6173436,-0.4531633,-0.14610787,0.45642585,0.50546455,-0.10276171,-0.25299945,-0.28908157,-0.12965938,-0.61644244,-0.45457068,-0.14903851,0.45859784,0.50546455,-0.10276171,-0.25299945,-0.28908157,-0.12965938,-0.61644244,-0.45457068,-0.14903851,0.45859784,0.39236596,0.14768331,0.46752346,0.39236596,0.14768331,0.46752346,0.38256818,0.13646759,0.46402225,0.38256818,0.13646759,0.46402225
0.5,0.485996,0.5073142,-0.10536224,-0.24489024,-0.28304064,-0.13724332,-0.6211857,-0.4448344,-0.13019781,0.44087687,0.5059497,-0.10422211,-0.24929276,-0.28695437,-0.13205767,-0.6183781,-0.45110038,-0.1422232,0.453058,0.5056914,-0.10350189,-0.2511181,-0.28823784,-0.13069677,-0.6173436,-0.4531633,-0.14610787,0.45642585,0.50546455,-0.10276171,-0.25299945,-0.28908157,-0.12965938,-0.61644244,-0.45457068,-0.14903851,0.45859784,0.50546455,-0.10276171,-0.25299945,-0.28908157,-0.12965938,-0.61644244,-0.45457068,-0.14903851,0.45859784,0.39236596,0.14768331,0.46752346,0.39236596,0.14768331,0.46752346,0.38256818,0.13646759,0.46402225,0.38256818,0.13646759,0.46402225
0.75,0.456987,0.5073142,-0.10536224,-0.24489024,-0.28304064,-0.13724332,-0.6211857,-0.4448344,-0.13019781,0.44087687,0.5059497,-0.10422211,-0.24929276,-0.28695437,-0.13205767,-0.6183781,-0.45110038,-0.1422232,0.453058,0.5056914,-0.10350189,-0.2511181,-0.28823784,-0.13069677,-0.6173436,-0.4531633,-0.14610787,0.45642585,0.50546455,-0.10276171,-0.25299945,-0.28908157,-0.12965938,-0.61644244,-0.45457068,-0.14903851,0.45859784,0.50546455,-0.10276171,-0.25299945,-0.28908157,-0.12965938,-0.61644244,-0.45457068,-0.14903851,0.45859784,0.39236596,0.14768331,0.46752346,0.39236596,0.14768331,0.46752346,0.38256818,0.13646759,0.46402225,0.38256818,0.13646759,0.46402225
1.0,0.489566,0.5073142,-0.10536224,-0.24489024,-0.28304064,-0.13724332,-0.6211857,-0.4448344,-0.13019781,0.44087687,0.5059497,-0.10422211,-0.24929276,-0.28695437,-0.13205767,-0.6183781,-0.45110038,-0.1422232,0.453058,0.5056914,-0.10350189,-0.2511181,-0.28823784,-0.13069677,-0.6173436,-0.4531633,-0.14610787,0.45642585,0.50546455,-0.10276171,-0.25299945,-0.28908157,-0.12965938,-0.61644244,-0.45457068,-0.14903851,0.45859784,0.50546455,-0.10276171,-0.25299945,-0.28908157,-0.12965938,-0.61644244,-0.45457068,-0.14903851,0.45859784,0.39236596,0.14768331,0.46752346,0.39236596,0.14768331,0.46752346,0.38256818,0.13646759,0.46402225,0.38256818,0.13646759,0.46402225
0.1,0.475071,0.5073142,-0.10536224,-0.24489024,-0.28304064,-0.13724332,-0.6211857,-0.4448344,-0.13019781,0.44087687,0.5107737,-0.09965105,-0.21722272,-0.26273304,-0.173173,-0.6329266,-0.40761793,-0.06816808,0.3602251,0.5083248,-0.10332047,-0.23639053,-0.27668452,-0.14917316,-0.6251193,-0.43329516,-0.1099979,0.41513953,0.5073142,-0.10536224,-0.24489024,-0.28304064,-0.13724332,-0.6211857,-0.4448344,-0.13019781,0.44087687,0.50546455,-0.10276171,-0.25299945,-0.28908157,-0.12965938,-0.61644244,-0.45457068,-0.14903851,0.45859784,0.39236596,0.14768331,0.46752346,0.39236596,0.14768331,0.46752346,0.38256818,0.13646759,0.46402225,0.38256818,0.13646759,0.46402225
0.3,0.461232,0.5073142,-0.10536224,-0.24489024,-0.28304064,-0.13724332,-0.6211857,-0.4448344,-0.13019781,0.44087687,0.5107737,-0.09965105,-0.21722272,-0.26273304,-0.173173,-0.6329266,-0.40761793,-0.06816808,0.3602251,0.5083248,-0.10332047,-0.23639053,-0.27668452,-0.14917316,-0.6251193,-0.43329516,-0.1099979,0.41513953,0.5073142,-0.10536224,-0.24489024,-0.28304064,-0.13724332,-0.6211857,-0.4448344,-0.13019781,0.44087687,0.50546455,-0.10276171,-0.25299945,-0.28908157,-0.12965938,-0.61644244,-0.45457068,-0.14903851,0.45859784,0.39236596,0.14768331,0.46752346,0.39236596,0.14768331,0.46752346,0.38256818,0.13646759,0.46402225,0.38256818,0.13646759,0.46402225
0.5,0.485653,0.5073142,-0.10536224,-0.24489024,-0.28304064,-0.13724332,-0.6211857,-0.4448344,-0.13019781,0.44087687,0.5107737,-0.09965105,-0.21722272,-0.26273304,-0.173173,-0.6329266,-0.40761793,-0.06816808,0.3602251,0.5083248,-0.10332047,-0.23639053,-0.27668452,-0.14917316,-0.6251193,-0.43329516,-0.1099979,0.41513953,0.5073142,-0.10536224,-0.24489024,-0.28304064,-0.13724332,-0.6211857,-0.4448344,-0.13019781,0.44087687,0.50546455,-0.10276171,-0.25299945,-0.28908157,-0.12965938,-0.61644244,-0.45457068,-0.14903851,0.45859784,0.39236596,0.14768331,0.46752346,0.39236596,0.14768331,0.46752346,0.38256818,0.13646759,0.46402225,0.38256818,0.13646759,0.46402225
0.75,0.522747,0.5073142,-0.10536224,-0.24489024,-0.28304064,-0.13724332,-0.6211857,-0.4448344,-0.13019781,0.44087687,0.5107737,-0.09965105,-0.21722272,-0.26273304,-0.173173,-0.6329266,-0.40761793,-0.06816808,0.3602251,0.5083248,-0.10332047,-0.23639053,-0.27668452,-0.14917316,-0.6251193,-0.43329516,-0.1099979,0.41513953,0.5073142,-0.10536224,-0.24489024,-0.28304064,-0.13724332,-0.6211857,-0.4448344,-0.13019781,0.44087687,0.50546455,-0.10276171,-0.25299945,-0.28908157,-0.12965938,-0.61644244,-0.45457068,-0.14903851,0.45859784,0.39236596,0.14768331,0.46752346,0.39236596,0.14768331,0.46752346,0.38256818,0.13646759,0.46402225,0.38256818,0.13646759,0.46402225
1.0,0.47396,0.5073142,-0.10536224,-0.24489024,-0.28304064,-0.13724332,-0.6211857,-0.4448344,-0.13019781,0.44087687,0.5107737,-0.09965105,-0.21722272,-0.26273304,-0.173173,-0.6329266,-0.40761793,-0.06816808,0.3602251,0.5083248,-0.10332047,-0.23639053,-0.27668452,-0.14917316,-0.6251193,-0.43329516,-0.1099979,0.41513953,0.5073142,-0.10536224,-0.24489024,-0.28304064,-0.13724332,-0.6211857,-0.4448344,-0.13019781,0.44087687,0.50546455,-0.10276171,-0.25299945,-0.28908157,-0.12965938,-0.61644244,-0.45457068,-0.14903851,0.45859784,0.39236596,0.14768331,0.46752346,0.39236596,0.14768331,0.46752346,0.38256818,0.13646759,0.46402225,0.38256818,0.13646759,0.46402225
0.1,0.486604,0.5073142,-0.10536224,-0.24489024,-0.28304064,-0.13724332,-0.6211857,-0.4448344,-0.13019781,0.44087687,0.5080569,-0.10401829,-0.23876967,-0.27845463,-0.14587162,-0.6240362,-0.4366069,-0.11545964,0.42242867,0.5073142,-0.10536224,-0.24489024,-0.28304064,-0.13724332,-0.6211857,-0.4448344,-0.13019781,0.44087687,0.50546455,-0.10276171,-0.25299945,-0.28908157,-0.12965938,-0.61644244,-0.45457068,-0.14903851,0.45859784,0.50546455,-0.10276171,-0.25299945,-0.28908157,-0.12965938,-0.61644244,-0.45457068,-0.14903851,0.45859784,0.39236596,0.14768331,0.46752346,0.39236596,0.14768331,0.46752346,0.38256818,0.13646759,0.46402225,0.38256818,0.13646759,0.46402225
0.3,0.482554,0.5073142,-0.10536224,-0.24489024,-0.28304064,-0.13724332,-0.6211857,-0.4448344,-0.13019781,0.44087687,0.5080569,-0.10401829,-0.23876967,-0.27845463,-0.14587162,-0.6240362,-0.4366069,-0.11545964,0.42242867,0.5073142,-0.10536224,-0.24489024,-0.28304064,-0.13724332,-0.6211857,-0.4448344,-0.13019781,0.44087687,0.50546455,-0.10276171,-0.25299945,-0.28908157,-0.12965938,-0.61644244,-0.45457068,-0.14903851,0.45859784,0.50546455,-0.10276171,-0.25299945,-0.28908157,-0.12965938,-0.61644244,-0.45457068,-0.14903851,0.45859784,0.39236596,0.14768331,0.46752346,0.39236596,0.14768331,0.46752346,0.38256818,0.13646759,0.46402225,0.38256818,0.13646759,0.46402225
0.5,0.470916,0.5073142,-0.10536224,-0.24489024,-0.28304064,-0.13724332,-0.6211857,-0.4448344,-0.13019781,0.44087687,0.5080569,-0.10401829,-0.23876967,-0.27845463,-0.14587162,-0.6240362,-0.4366069,-0.11545964,0.42242867,0.5073142,-0.10536224,-0.24489024,-0.28304064,-0.13724332,-0.6211857,-0.4448344,-0.13019781,0.44087687,0.50546455,-0.10276171,-0.25299945,-0.28908157,-0.12965938,-0.61644244,-0.45457068,-0.14903851,0.45859784,0.50546455,-0.10276171,-0.25299945,-0.28908157,-0.12965938,-0.61644244,-0.45457068,-0.14903851,0.45859784,0.39236596,0.14768331,0.46752346,0.39236596,0.14768331,0.46752346,0.38256818,0.13646759,0.46402225,0.38256818,0.13646759,0.46402225
0.75,0.484108,0.5073142,-0.10536224,-0.24489024,-0.28304064,-0.13724332,-0.6211857,-0.4448344,-0.13019781,0.44087687,0.5080569,-0.10401829,-0.23876967,-0.27845463,-0.14587162,-0.6240362,-0.4366069,-0.11545964,0.42242867,0.5073142,-0.10536224,-0.24489024,-0.28304064,-0.13724332,-0.6211857,-0.4448344,-0.13019781,0.44087687,0.50546455,-0.10276171,-0.25299945,-0.28908157,-0.12965938,-0.61644244,-0.45457068,-0.14903851,0.45859784,0.50546455,-0.10276171,-0.25299945,-0.28908157,-0.12965938,-0.61644244,-0.45457068,-0.14903851,0.45859784,0.39236596,0.14768331,0.46752346,0.39236596,0.14768331,0.46752346,0.38256818,0.13646759,0.46402225,0.38256818,0.13646759,0.46402225
1.0,0.496002,0.5073142,-0.10536224,-0.24489024,-0.28304064,-0.13724332,-0.6211857,-0.4448344,-0.13019781,0.44087687,0.5080569,-0.10401829,-0.23876967,-0.27845463,-0.14587162,-0.6240362,-0.4366069,-0.11545964,0.42242867,0.5073142,-0.10536224,-0.24489024,-0.28304064,-0.13724332,-0.6211857,-0.4448344,-0.13019781,0.44087687,0.50546455,-0.10276171,-0.25299945,-0.28908157,-0.12965938,-0.61644244,-0.45457068,-0.14903851,0.45859784,0.50546455,-0.10276171,-0.25299945,-0.28908157,-0.12965938,-0.61644244,-0.45457068,-0.14903851,0.45859784,0.39236596,0.14768331,0.46752346,0.39236596,0.14768331,0.46752346,0.38256818,0.13646759,0.46402225,0.38256818,0.13646759,0.46402225
0.1,0.47969,0.5073142,-0.10536224,-0.24489024,-0.28304064,-0.13724332,-0.6211857,-0.4448344,-0.13019781,0.44087687,0.5107737,-0.09965105,-0.21722272,-0.26273304,-0.173173,-0.6329266,-0.40761793,-0.06816808,0.3602251,0.5083248,-0.10332047,-0.23639053,-0.27668452,-0.14917316,-0.6251193,-0.43329516,-0.1099979,0.41513953,0.5056914,-0.10350189,-0.2511181,-0.28823784,-0.13069677,-0.6173436,-0.4531633,-0.14610787,0.45642585,0.50546455,-0.10276171,-0.25299945,-0.28908157,-0.12965938,-0.61644244,-0.45457068,-0.14903851,0.45859784,0.39236596,0.14768331,0.46752346,0.39236596,0.14768331,0.46752346,0.38256818,0.13646759,0.46402225,0.38256818,0.13646759,0.46402225
0.3,0.501511,0.5073142,-0.10536224,-0.24489024,-0.28304064,-0.13724332,-0.6211857,-0.4448344,-0.13019781,0.44087687,0.5107737,-0.09965105,-0.21722272,-0.26273304,-0.173173,-0.6329266,-0.40761793,-0.06816808,0.3602251,0.5083248,-0.10332047,-0.23639053,-0.27668452,-0.14917316,-0.6251193,-0.43329516,-0.1099979,0.41513953,0.5056914,-0.10350189,-0.2511181,-0.28823784,-0.13069677,-0.6173436,-0.4531633,-0.14610787,0.45642585,0.50546455,-0.10276171,-0.25299945,-0.28908157,-0.12965938,-0.61644244,-0.45457068,-0.14903851,0.45859784,0.39236596,0.14768331,0.46752346,0.39236596,0.14768331,0.46752346,0.38256818,0.13646759,0.46402225,0.38256818,0.13646759,0.46402225
0.5,0.469296,0.5073142,-0.10536224,-0.24489024,-0.28304064,-0.13724332,-0.6211857,-0.4448344,-0.13019781,0.44087687,0.5107737,-0.09965105,-0.21722272,-0.26273304,-0.173173,-0.6329266,-0.40761793,-0.06816808,0.3602251,0.5083248,-0.10332047,-0.23639053,-0.27668452,-0.14917316,-0.6251193,-0.43329516,-0.1099979,0.41513953,0.5056914,-0.10350189,-0.2511181,-0.28823784,-0.13069677,-0.6173436,-0.4531633,-0.14610787,0.45642585,0.50546455,-0.10276171,-0.25299945,-0.28908157,-0.12965938,-0.61644244,-0.45457068,-0.14903851,0.45859784,0.39236596,0.14768331,0.46752346,0.39236596,0.14768331,0.46752346,0.38256818,0.13646759,0.46402225,0.38256818,0.13646759,0.46402225
0.75,0.46439,0.5073142,-0.10536224,-0.24489024,-0.28304064,-0.13724332,-0.6211857,-0.4448344,-0.13019781,0.44087687,0.5107737,-0.09965105,-0.21722272,-0.26273304,-0.173173,-0.6329266,-0.40761793,-0.06816808,0.3602251,0.5083248,-0.10332047,-0.23639053,-0.27668452,-0.14917316,-0.6251193,-0.43329516,-0.1099979,0.41513953,0.5056914,-0.10350189,-0.2511181,-0.28823784,-0.13069677,-0.6173436,-0.4531633,-0.14610787,0.45642585,0.50546455,-0.10276171,-0.25299945,-0.28908157,-0.12965938,-0.61644244,-0.45457068,-0.14903851,0.45859784,0.39236596,0.14768331,0.46752346,0.39236596,0.14768331,0.46752346,0.38256818,0.13646759,0.46402225,0.38256818,0.13646759,0.46402225
1.0,0.465616,0.5073142,-0.10536224,-0.24489024,-0.28304064,-0.13724332,-0.6211857,-0.4448344,-0.13019781,0.44087687,0.5107737,-0.09965105,-0.21722272,-0.26273304,-0.173173,-0.6329266,-0.40761793,-0.06816808,0.3602251,0.5083248,-0.10332047,-0.23639053,-0.27668452,-0.14917316,-0.6251193,-0.43329516,-0.1099979,0.41513953,0.5056914,-0.10350189,-0.2511181,-0.28823784,-0.13069677,-0.6173436,-0.4531633,-0.14610787,0.45642585,0.50546455,-0.10276171,-0.25299945,-0.28908157,-0.12965938,-0.61644244,-0.45457068,-0.14903851,0.45859784,0.39236596,0.14768331,0.46752346,0.39236596,0.14768331,0.46752346,0.38256818,0.13646759,0.46402225,0.38256818,0.13646759,0.46402225
0.1,0.519472,0.5073142,-0.10536224,-0.24489024,-0.28304064,-0.13724332,-0.6211857,-0.4448344,-0.13019781,0.44087687,0.5059497,-0.10422211,-0.24929276,-0.28695437,-0.13205767,-0.6183781,-0.45110038,-0.1422232,0.453058,0.5056914,-0.10350189,-0.2511181,-0.28823784,-0.13069677,-0.6173436,-0.4531633,-0.14610787,0.45642585,0.5073142,-0.10536224,-0.24489024,-0.28304064,-0.13724332,-0.6211857,-0.4448344,-0.13019781,0.44087687,0.50546455,-0.10276171,-0.25299945,-0.28908157,-0.12965938,-0.61644244,-0.45457068,-0.14903851,0.45859784,0.39236596,0.14768331,0.46752346,0.39236596,0.14768331,0.46752346,0.38256818,0.13646759,0.46402225,0.38256818,0.13646759,0.46402225
0.3,0.462985,0.5073142,-0.10536224,-0.24489024,-0.28304064,-0.13724332,-0.6211857,-0.4448344,-0.13019781,0.44087687,0.5059497,-0.10422211,-0.24929276,-0.28695437,-0.13205767,-0.6183781,-0.45110038,-0.1422232,0.453058,0.5056914,-0.10350189,-0.2511181,-0.28823784,-0.13069677,-0.6173436,-0.4531633,-0.14610787,0.45642585,0.5073142,-0.10536224,-0.24489024,-0.28304064,-0.13724332,-0.6211857,-0.4448344,-0.13019781,0.44087687,0.50546455,-0.10276171,-0.25299945,-0.28908157,-0.12965938,-0.61644244,-0.45457068,-0.14903851,0.45859784,0.39236596,0.14768331,0.46752346,0.39236596,0.14768331,0.46752346,0.38256818,0.13646759,0.46402225,0.38256818,0.13646759,0.46402225
0.5,0.49267,0.5073142,-0.10536224,-0.24489024,-0.28304064,-0.13724332,-0.6211857,-0.4448344,-0.13019781,0.44087687,0.5059497,-0.10422211,-0.24929276,-0.28695437,-0.13205767,-0.6183781,-0.45110038,-0.1422232,0.453058,0.5056914,-0.10350189,-0.2511181,-0.28823784,-0.13069677,-0.6173436,-0.4531633,-0.14610787,0.45642585,0.5073142,-0.10536224,-0.24489024,-0.28304064,-0.13724332,-0.6211857,-0.4448344,-0.13019781,0.44087687,0.50546455,-0.10276171,-0.25299945,-0.28908157,-0.12965938,-0.61644244,-0.45457068,-0.14903851,0.45859784,0.39236596,0.14768331,0.46752346,0.39236596,0.14768331,0.46752346,0.38256818,0.13646759,0.46402225,0.38256818,0.13646759,0.46402225
0.75,0.499202,0.5073142,-0.10536224,-0.24489024,-0.28304064,-0.13724332,-0.6211857,-0.4448344,-0.13019781,0.44087687,0.5059497,-0.10422211,-0.24929276,-0.28695437,-0.13205767,-0.6183781,-0.45110038,-0.1422232,0.453058,0.5056914,-0.10350189,-0.2511181,-0.28823784,-0.13069677,-0.6173436,-0.4531633,-0.14610787,0.45642585,0.5073142,-0.10536224,-0.24489024,-0.28304064,-0.13724332,-0.6211857,-0.4448344,-0.13019781,0.44087687,0.50546455,-0.10276171,-0.25299945,-0.28908157,-0.12965938,-0.61644244,-0.45457068,-0.14903851,0.45859784,0.39236596,0.14768331,0.46752346,0.39236596,0.14768331,0.46752346,0.38256818,0.13646759,0.46402225,0.38256818,0.13646759,0.46402225
1.0,0.479523,0.5073142,-0.10536224,-0.24489024,-0.28304064,-0.13724332,-0.6211857,-0.4448344,-0.13019781,0.44087687,0.5059497,-0.10422211,-0.24929276,-0.28695437,-0.13205767,-0.6183781,-0.45110038,-0.1422232,0.453058,0.5056914,-0.10350189,-0.2511181,-0.28823784,-0.13069677,-0.6173436,-0.4531633,-0.14610787,0.45642585,0.5073142,-0.10536224,-0.24489024,-0.28304064,-0.13724332,-0.6211857,-0.4448344,-0.13019781,0.44087687,0.50546455,-0.10276171,-0.25299945,-0.28908157,-0.12965938,-0.61644244,-0.45457068,-0.14903851,0.45859784,0.39236596,0.14768331,0.46752346,0.39236596,0.14768331,0.46752346,0.38256818,0.13646759,0.46402225,0.38256818,0.13646759,0.46402225
0.9375,308.192,0.50546527,-0.10276396,-0.25299528,-0.28908026,-0.12966096,-0.6164447,-0.45456758,-0.1490316,0.4585936,0.5107737,-0.09965105,-0.21722272,-0.26273304,-0.173173,-0.6329266,-0.40761793,-0.06816808,0.3602251,0.5083248,-0.10332047,-0.23639053,-0.27668452,-0.14917316,-0.6251193,-0.43329516,-0.1099979,0.41513953,0.50546455,-0.10276171,-0.25299945,-0.28908157,-0.12965938,-0.61644244,-0.45457068,-0.14903851,0.45859784,0.50546455,-0.10276171,-0.25299945,-0.28908157,-0.12965938,-0.61644244,-0.45457068,-0.14903851,0.45859784,0.38256818,0.13646759,0.46402225,0.38256818,0.13646759,0.46402225,0.39236596,0.14768331,0.46752346,0.39236596,0.14768331,0.46752346
0.95,309.508,0.50546527,-0.10276396,-0.25299528,-0.28908026,-0.12966096,-0.6164447,-0.45456758,-0.1490316,0.4585936,0.5107737,-0.09965105,-0.21722272,-0.26273304,-0.173173,-0.6329266,-0.40761793,-0.06816808,0.3602251,0.5083248,-0.10332047,-0.23639053,-0.27668452,-0.14917316,-0.6251193,-0.43329516,-0.1099979,0.41513953,0.50546455,-0.10276171,-0.25299945,-0.28908157,-0.12965938,-0.61644244,-0.45457068,-0.14903851,0.45859784,0.50546455,-0.10276171,-0.25299945,-0.28908157,-0.12965938,-0.61644244,-0.45457068,-0.14903851,0.45859784,0.38256818,0.13646759,0.46402225,0.38256818,0.13646759,0.46402225,0.39236596,0.14768331,0.46752346,0.39236596,0.14768331,0.46752346
1.0,308.548,0.50546527,-0.10276396,-0.25299528,-0.28908026,-0.12966096,-0.6164447,-0.45456758,-0.1490316,0.4585936,0.5107737,-0.09965105,-0.21722272,-0.26273304,-0.173173,-0.6329266,-0.40761793,-0.06816808,0.3602251,0.5083248,-0.10332047,-0.23639053,-0.27668452,-0.14917316,-0.6251193,-0.43329516,-0.1099979,0.41513953,0.50546455,-0.10276171,-0.25299945,-0.28908157,-0.12965938,-0.61644244,-0.45457068,-0.14903851,0.45859784,0.50546455,-0.10276171,-0.25299945,-0.28908157,-0.12965938,-0.61644244,-0.45457068,-0.14903851,0.45859784,0.38256818,0.13646759,0.46402225,0.38256818,0.13646759,0.46402225,0.39236596,0.14768331,0.46752346,0.39236596,0.14768331,0.46752346
1.025,309.66,0.50546527,-0.10276396,-0.25299528,-0.28908026,-0.12966096,-0.6164447,-0.45456758,-0.1490316,0.4585936,0.5107737,-0.09965105,-0.21722272,-0.26273304,-0.173173,-0.6329266,-0.40761793,-0.06816808,0.3602251,0.5083248,-0.10332047,-0.23639053,-0.27668452,-0.14917316,-0.6251193,-0.43329516,-0.1099979,0.41513953,0.50546455,-0.10276171,-0.25299945,-0.28908157,-0.12965938,-0.61644244,-0.45457068,-0.14903851,0.45859784,0.50546455,-0.10276171,-0.25299945,-0.28908157,-0.12965938,-0.61644244,-0.45457068,-0.14903851,0.45859784,0.38256818,0.13646759,0.46402225,0.38256818,0.13646759,0.46402225,0.39236596,0.14768331,0.46752346,0.39236596,0.14768331,0.46752346
1.05,307.277,0.50546527,-0.10276396,-0.25299528,-0.28908026,-0.12966096,-0.6164447,-0.45456758,-0.1490316,0.4585936,0.5107737,-0.09965105,-0.21722272,-0.26273304,-0.173173,-0.6329266,-0.40761793,-0.06816808,0.3602251,0.5083248,-0.10332047,-0.23639053,-0.27668452,-0.14917316,-0.6251193,-0.43329516,-0.1099979,0.41513953,0.50546455,-0.10276171,-0.25299945,-0.28908157,-0.12965938,-0.61644244,-0.45457068,-0.14903851,0.45859784,0.50546455,-0.10276171,-0.25299945,-0.28908157,-0.12965938,-0.61644244,-0.45457068,-0.14903851,0.45859784,0.38256818,0.13646759,0.46402225,0.38256818,0.13646759,0.46402225,0.39236596,0.14768331,0.46752346,0.39236596,0.14768331,0.46752346
415.0,21657.3,0.50546527,-0.10276396,-0.25299528,-0.28908026,-0.12966096,-0.6164447,-0.45456758,-0.1490316,0.4585936,0.54595864,-0.049401656,0.064158805,-0.029591978,-0.5660535,-0.7267151,0.02243342,0.6182231,-0.5805631,0.52573913,-0.067274235,-0.08532694,-0.15651877,-0.36126548,-0.6840855,-0.19531004,0.26819196,-0.11203807,0.50546455,-0.10276171,-0.25299945,-0.28908157,-0.12965938,-0.61644244,-0.45457068,-0.14903851,0.45859784,0.50546455,-0.10276171,-0.25299945,-0.28908157,-0.12965938,-0.61644244,-0.45457068,-0.14903851,0.45859784,0.38256818,0.13646759,0.46402225,0.38256818,0.13646759,0.46402225,0.39236596,0.14768331,0.46752346,0.39236596,0.14768331,0.46752346
425.0,21180.7,0.50546527,-0.10276396,-0.25299528,-0.28908026,-0.12966096,-0.6164447,-0.45456758,-0.1490316,0.4585936,0.54595864,-0.049401656,0.064158805,-0.029591978,-0.5660535,-0.7267151,0.02243342,0.6182231,-0.5805631,0.52573913,-0.067274235,-0.08532694,-0.15651877,-0.36126548,-0.6840855,-0.19531004,0.26819196,-0.11203807,0.50546455,-0.10276171,-0.25299945,-0.28908157,-0.12965938,-0.61644244,-0.45457068,-0.14903851,0.45859784,0.50546455,-0.10276171,-0.25299945,-0.28908157,-0.12965938,-0.61644244,-0.45457068,-0.14903851,0.45859784,0.38256818,0.13646759,0.46402225,0.38256818,0.13646759,0.46402225,0.39236596,0.14768331,0.46752346,0.39236596,0.14768331,0.46752346
475.0,22720.4,0.50546527,-0.10276396,-0.25299528,-0.28908026,-0.12966096,-0.6164447,-0.45456758,-0.1490316,0.4585936,0.54595864,-0.049401656,0.064158805,-0.029591978,-0.5660535,-0.7267151,0.02243342,0.6182231,-0.5805631,0.52573913,-0.067274235,-0.08532694,-0.15651877,-0.36126548,-0.6840855,-0.19531004,0.26819196,-0.11203807,0.50546455,-0.10276171,-0.25299945,-0.28908157,-0.12965938,-0.61644244,-0.45457068,-0.14903851,0.45859784,0.50546455,-0.10276171,-0.25299945,-0.28908157,-0.12965938,-0.61644244,-0.45457068,-0.14903851,0.45859784,0.38256818,0.13646759,0.46402225,0.38256818,0.13646759,0.46402225,0.39236596,0.14768331,0.46752346,0.39236596,0.14768331,0.46752346
500.0,15383.2,0.50546527,-0.10276396,-0.25299528,-0.28908026,-0.12966096,-0.6164447,-0.45456758,-0.1490316,0.4585936,0.54595864,-0.049401656,0.064158805,-0.029591978,-0.5660535,-0.7267151,0.02243342,0.6182231,-0.5805631,0.52573913,-0.067274235,-0.08532694,-0.15651877,-0.36126548,-0.6840855,-0.19531004,0.26819196,-0.11203807,0.50546455,-0.10276171,-0.25299945,-0.28908157,-0.12965938,-0.61644244,-0.45457068,-0.14903851,0.45859784,0.50546455,-0.10276171,-0.25299945,-0.28908157,-0.12965938,-0.61644244,-0.45457068,-0.14903851,0.45859784,0.38256818,0.13646759,0.46402225,0.38256818,0.13646759,0.46402225,0.39236596,0.14768331,0.46752346,0.39236596,0.14768331,0.46752346
550.0,18411.3,0.50546527,-0.10276396,-0.25299528,-0.28908026,-0.12966096,-0.6164447,-0.45456758,-0.1490316,0.4585936,0.54595864,-0.049401656,0.064158805,-0.029591978,-0.5660535,-0.7267151,0.02243342,0.6182231,-0.5805631,0.52573913,-0.067274235,-0.08532694,-0.15651877,-0.36126548,-0.6840855,-0.19531004,0.26819196,-0.11203807,0.50546455,-0.10276171,-0.25299945,-0.28908157,-0.12965938,-0.61644244,-0.45457068,-0.14903851,0.45859784,0.50546455,-0.10276171,-0.25299945,-0.28908157,-0.12965938,-0.61644244,-0.45457068,-0.14903851,0.45859784,0.38256818,0.13646759,0.46402225,0.38256818,0.13646759,0.46402225,0.39236596,0.14768331,0.46752346,0.39236596,0.14768331,0.46752346
1.75,0.718925,0.50546527,-0.10276396,-0.25299528,-0.28908026,-0.12966096,-0.6164447,-0.45456758,-0.1490316,0.4585936,0.5059497,-0.10422211,-0.24929276,-0.28695437,-0.13205767,-0.6183781,-0.45110038,-0.1422232,0.453058,0.5056914,-0.10350189,-0.2511181,-0.28823784,-0.13069677,-0.6173436,-0.4531633,-0.14610787,0.45642585,0.50546455,-0.10276171,-0.25299945,-0.28908157,-0.12965938,-0.61644244,-0.45457068,-0.14903851,0.45859784,0.50546455,-0.10276171,-0.25299945,-0.28908157,-0.12965938,-0.61644244,-0.45457068,-0.14903851,0.45859784,0.38256818,0.13646759,0.46402225,0.38256818,0.13646759,0.46402225,0.39236596,0.14768331,0.46752346,0.39236596,0.14768331,0.46752346
2.75,0.722334,0.50546527,-0.10276396,-0.25299528,-0.28908026,-0.12966096,-0.6164447,-0.45456758,-0.1490316,0.4585936,0.5059497,-0.10422211,-0.24929276,-0.28695437,-0.13205767,-0.6183781,-0.45110038,-0.1422232,0.453058,0.5056914,-0.10350189,-0.2511181,-0.28823784,-0.13069677,-0.6173436,-0.4531633,-0.14610787,0.45642585,0.50546455,-0.10276171,-0.25299945,-0.28908157,-0.12965938,-0.61644244,-0.45457068,-0.14903851,0.45859784,0.50546455,-0.10276171,-0.25299945,-0.28908157,-0.12965938,-0.61644244,-0.45457068,-0.14903851,0.45859784,0.38256818,0.13646759,0.46402225,0.38256818,0.13646759,0.46402225,0.39236596,0.14768331,0.46752346,0.39236596,0.14768331,0.46752346
5.0,0.775943,0.50546527,-0.10276396,-0.25299528,-0.28908026,-0.12966096,-0.6164447,-0.45456758,-0.1490316,0.4585936,0.5059497,-0.10422211,-0.24929276,-0.28695437,-0.13205767,-0.6183781,-0.45110038,-0.1422232,0.453058,0.5056914,-0.10350189,-0.2511181,-0.28823784,-0.13069677,-0.6173436,-0.4531633,-0.14610787,0.45642585,0.50546455,-0.10276171,-0.25299945,-0.28908157,-0.12965938,-0.61644244,-0.45457068,-0.14903851,0.45859784,0.50546455,-0.10276171,-0.25299945,-0.28908157,-0.12965938,-0.61644244,-0.45457068,-0.14903851,0.45859784,0.38256818,0.13646759,0.46402225,0.38256818,0.13646759,0.46402225,0.39236596,0.14768331,0.46752346,0.39236596,0.14768331,0.46752346
15.0,3.1108,0.50546527,-0.10276396,-0.25299528,-0.28908026,-0.12966096,-0.6164447,-0.45456758,-0.1490316,0.4585936,0.5059497,-0.10422211,-0.24929276,-0.28695437,-0.13205767,-0.6183781,-0.45110038,-0.1422232,0.453058,0.5056914,-0.10350189,-0.2511181,-0.28823784,-0.13069677,-0.6173436,-0.4531633,-0.14610787,0.45642585,0.50546455,-0.10276171,-0.25299945,-0.28908157,-0.12965938,-0.61644244,-0.45457068,-0.14903851,0.45859784,0.50546455,-0.10276171,-0.25299945,-0.28908157,-0.12965938,-0.61644244,-0.45457068,-0.14903851,0.45859784,0.38256818,0.13646759,0.46402225,0.38256818,0.13646759,0.46402225,0.39236596,0.14768331,0.46752346,0.39236596,0.14768331,0.46752346
25.0,11.3551,0.50546527,-0.10276396,-0.25299528,-0.28908026,-0.12966096,-0.6164447,-0.45456758,-0.1490316,0.4585936,0.5059497,-0.10422211,-0.24929276,-0.28695437,-0.13205767,-0.6183781,-0.45110038,-0.1422232,0.453058,0.5056914,-0.10350189,-0.2511181,-0.28823784,-0.13069677,-0.6173436,-0.4531633,-0.14610787,0.45642585,0.50546455,-0.10276171,-0.25299945,-0.28908157,-0.12965938,-0.61644244,-0.45457068,-0.14903851,0.45859784,0.50546455,-0.10276171,-0.25299945,-0.28908157,-0.12965938,-0.61644244,-0.45457068,-0.14903851,0.45859784,0.38256818,0.13646759,0.46402225,0.38256818,0.13646759,0.46402225,0.39236596,0.14768331,0.46752346,0.39236596,0.14768331,0.46752346
4.5,683.536,0.50546527,-0.10276396,-0.25299528,-0.28908026,-0.12966096,-0.6164447,-0.45456758,-0.1490316,0.4585936,0.5107737,-0.09965105,-0.21722272,-0.26273304,-0.173173,-0.6329266,-0.40761793,-0.06816808,0.3602251,0.5083248,-0.10332047,-0.23639053,-0.27668452,-0.14917316,-0.6251193,-0.43329516,-0.1099979,0.41513953,0.50546527,-0.10276396,-0.25299528,-0.28908026,-0.12966096,-0.6164447,-0.45456758,-0.1490316,0.4585936,0.50546455,-0.10276171,-0.25299945,-0.28908157,-0.12965938,-0.61644244,-0.45457068,-0.14903851,0.45859784,0.38256818,0.13646759,0.46402225,0.38256818,0.13646759,0.46402225,0.39236596,0.14768331,0.46752346,0.39236596,0.14768331,0.46752346
5.0,661.738,0.50546527,-0.10276396,-0.25299528,-0.28908026,-0.12966096,-0.6164447,-0.45456758,-0.1490316,0.4585936,0.5107737,-0.09965105,-0.21722272,-0.26273304,-0.173173,-0.6329266,-0.40761793,-0.06816808,0.3602251,0.5083248,-0.10332047,-0.23639053,-0.27668452,-0.14917316,-0.6251193,-0.43329516,-0.1099979,0.41513953,0.50546527,-0.10276396,-0.25299528,-0.28908026,-0.12966096,-0.6164447,-0.45456758,-0.1490316,0.4585936,0.50546455,-0.10276171,-0.25299945,-0.28908157,-0.12965938,-0.61644244,-0.45457068,-0.14903851,0.45859784,0.38256818,0.13646759,0.46402225,0.38256818,0.13646759,0.46402225,0.39236596,0.14768331,0.46752346,0.39236596,0.14768331,0.46752346
6.25,649.283,0.50546527,-0.10276396,-0.25299528,-0.28908026,-0.12966096,-0.6164447,-0.45456758,-0.1490316,0.4585936,0.5107737,-0.09965105,-0.21722272,-0.26273304,-0.173173,-0.6329266,-0.40761793,-0.06816808,0.3602251,0.5083248,-0.10332047,-0.23639053,-0.27668452,-0.14917316,-0.6251193,-0.43329516,-0.1099979,0.41513953,0.50546527,-0.10276396,-0.25299528,-0.28908026,-0.12966096,-0.6164447,-0.45456758,-0.1490316,0.4585936,0.50546455,-0.10276171,-0.25299945,-0.28908157,-0.12965938,-0.61644244,-0.45457068,-0.14903851,0.45859784,0.38256818,0.13646759,0.46402225,0.38256818,0.13646759,0.46402225,0.39236596,0.14768331,0.46752346,0.39236596,0.14768331,0.46752346
7.5,641.109,0.50546527,-0.10276396,-0.25299528,-0.28908026,-0.12966096,-0.6164447,-0.45456758,-0.1490316,0.4585936,0.5107737,-0.09965105,-0.21722272,-0.26273304,-0.173173,-0.6329266,-0.40761793,-0.06816808,0.3602251,0.5083248,-0.10332047,-0.23639053,-0.27668452,-0.14917316,-0.6251193,-0.43329516,-0.1099979,0.41513953,0.50546527,-0.10276396,-0.25299528,-0.28908026,-0.12966096,-0.6164447,-0.45456758,-0.1490316,0.4585936,0.50546455,-0.10276171,-0.25299945,-0.28908157,-0.12965938,-0.61644244,-0.45457068,-0.14903851,0.45859784,0.38256818,0.13646759,0.46402225,0.38256818,0.13646759,0.46402225,0.39236596,0.14768331,0.46752346,0.39236596,0.14768331,0.46752346
10.0,651.951,0.50546527,-0.10276396,-0.25299528,-0.28908026,-0.12966096,-0.6164447,-0.45456758,-0.1490316,0.4585936,0.5107737,-0.09965105,-0.21722272,-0.26273304,-0.173173,-0.6329266,-0.40761793,-0.06816808,0.3602251,0.5083248,-0.10332047,-0.23639053,-0.27668452,-0.14917316,-0.6251193,-0.43329516,-0.1099979,0.41513953,0.50546527,-0.10276396,-0.25299528,-0.28908026,-0.12966096,-0.6164447,-0.45456758,-0.1490316,0.4585936,0.50546455,-0.10276171,-0.25299945,-0.28908157,-0.12965938,-0.61644244,-0.45457068,-0.14903851,0.45859784,0.38256818,0.13646759,0.46402225,0.38256818,0.13646759,0.46402225,0.39236596,0.14768331,0.46752346,0.39236596,0.14768331,0.46752346
3.5,90.82,0.50546527,-0.10276396,-0.25299528,-0.28908026,-0.12966096,-0.6164447,-0.45456758,-0.1490316,0.4585936,0.5080569,-0.10401829,-0.23876967,-0.27845463,-0.14587162,-0.6240362,-0.4366069,-0.11545964,0.42242867,0.5073142,-0.10536224,-0.24489024,-0.28304064,-0.13724332,-0.6211857,-0.4448344,-0.13019781,0.44087687,0.50546455,-0.10276171,-0.25299945,-0.28908157,-0.12965938,-0.61644244,-0.45457068,-0.14903851,0.45859784,0.50546455,-0.10276171,-0.25299945,-0.28908157,-0.12965938,-0.61644244,-0.45457068,-0.14903851,0.45859784,0.38256818,0.13646759,0.46402225,0.38256818,0.13646759,0.46402225,0.39236596,0.14768331,0.46752346,0.39236596,0.14768331,0.46752346
3.75,88.8569,0.50546527,-0.10276396,-0.25299528,-0.28908026,-0.12966096,-0.6164447,-0.45456758,-0.1490316,0.4585936,0.5080569,-0.10401829,-0.23876967,-0.27845463,-0.14587162,-0.6240362,-0.4366069,-0.11545964,0.42242867,0.5073142,-0.10536224,-0.24489024,-0.28304064,-0.13724332,-0.6211857,-0.4448344,-0.13019781,0.44087687,0.50546455,-0.10276171,-0.25299945,-0.28908157,-0.12965938,-0.61644244,-0.45457068,-0.14903851,0.45859784,0.50546455,-0.10276171,-0.25299945,-0.28908157,-0.12965938,-0.61644244,-0.45457068,-0.14903851,0.45859784,0.38256818,0.13646759,0.46402225,0.38256818,0.13646759,0.46402225,0.39236596,0.14768331,0.46752346,0.39236596,0.14768331,0.46752346
4.0,88.1025,0.50546527,-0.10276396,-0.25299528,-0.28908026,-0.12966096,-0.6164447,-0.45456758,-0.1490316,0.4585936,0.5080569,-0.10401829,-0.23876967,-0.27845463,-0.14587162,-0.6240362,-0.4366069,-0.11545964,0.42242867,0.5073142,-0.10536224,-0.24489024,-0.28304064,-0.13724332,-0.6211857,-0.4448344,-0.13019781,0.44087687,0.50546455,-0.10276171,-0.25299945,-0.28908157,-0.12965938,-0.61644244,-0.45457068,-0.14903851,0.45859784,0.50546455,-0.10276171,-0.25299945,-0.28908157,-0.12965938,-0.61644244,-0.45457068,-0.14903851,0.45859784,0.38256818,0.13646759,0.46402225,0.38256818,0.13646759,0.46402225,0.39236596,0.14768331,0.46752346,0.39236596,0.14768331,0.46752346
4.25,90.3566,0.50546527,-0.10276396,-0.25299528,-0.28908026,-0.12966096,-0.6164447,-0.45456758,-0.1490316,0.4585936,0.5080569,-0.10401829,-0.23876967,-0.27845463,-0.14587162,-0.6240362,-0.4366069,-0.11545964,0.42242867,0.5073142,-0.10536224,-0.24489024,-0.28304064,-0.13724332,-0.6211857,-0.4448344,-0.13019781,0.44087687,0.50546455,-0.10276171,-0.25299945,-0.28908157,-0.12965938,-0.61644244,-0.45457068,-0.14903851,0.45859784,0.50546455,-0.10276171,-0.25299945,-0.28908157,-0.12965938,-0.61644244,-0.45457068,-0.14903851,0.45859784,0.38256818,0.13646759,0.46402225,0.38256818,0.13646759,0.46402225,0.39236596,0.14768331,0.46752346,0.39236596,0.14768331,0.46752346
4.5,90.9279,0.50546527,-0.10276396,-0.25299528,-0.28908026,-0.12966096,-0.6164447,-0.45456758,-0.1490316,0.4585936,0.5080569,-0.10401829,-0.23876967,-0.27845463,-0.14587162,-0.6240362,-0.4366069,-0.11545964,0.42242867,0.5073142,-0.10536224,-0.24489024,-0.28304064,-0.13724332,-0.6211857,-0.4448344,-0.13019781,0.44087687,0.50546455,-0.10276171,-0.25299945,-0.28908157,-0.12965938,-0.61644244,-0.45457068,-0.14903851,0.45859784,0.50546455,-0.10276171,-0.25299945,-0.28908157,-0.12965938,-0.61644244,-0.45457068,-0.14903851,0.45859784,0.38256818,0.13646759,0.46402225,0.38256818,0.13646759,0.46402225,0.39236596,0.14768331,0.46752346,0.39236596,0.14768331,0.46752346
1.2,1.73041,0.50546527,-0.10276396,-0.25299528,-0.28908026,-0.12966096,-0.6164447,-0.45456758,-0.1490316,0.4585936,0.5059497,-0.10422211,-0.24929276,-0.28695437,-0.13205767,-0.6183781,-0.45110038,-0.1422232,0.453058,0.5056914,-0.10350189,-0.2511181,-0.28823784,-0.13069677,-0.6173436,-0.4531633,-0.14610787,0.45642585,0.50546527,-0.10276396,-0.25299528,-0.28908026,-0.12966096,-0.6164447,-0.45456758,-0.1490316,0.4585936,0.50546455,-0.10276171,-0.25299945,-0.28908157,-0.12965938,-0.61644244,-0.45457068,-0.14903851,0.45859784,0.38256818,0.13646759,0.46402225,0.38256818,0.13646759,0.46402225,0.39236596,0.14768331,0.46752346,0.39236596,0.14768331,0.46752346
1.25,1.74669,0.50546527,-0.10276396,-0.25299528,-0.28908026,-0.12966096,-0.6164447,-0.45456758,-0.1490316,0.4585936,0.5059497,-0.10422211,-0.24929276,-0.28695437,-0.13205767,-0.6183781,-0.45110038,-0.1422232,0.453058,0.5056914,-0.10350189,-0.2511181,-0.28823784,-0.13069677,-0.6173436,-0.4531633,-0.14610787,0.45642585,0.50546527,-0.10276396,-0.25299528,-0.28908026,-0.12966096,-0.6164447,-0.45456758,-0.1490316,0.4585936,0.50546455,-0.10276171,-0.25299945,-0.28908157,-0.12965938,-0.61644244,-0.45457068,-0.14903851,0.45859784,0.38256818,0.13646759,0.46402225,0.38256818,0.13646759,0.46402225,0.39236596,0.14768331,0.46752346,0.39236596,0.14768331,0.46752346
1.3,1.74747,0.50546527,-0.10276396,-0.25299528,-0.28908026,-0.12966096,-0.6164447,-0.45456758,-0.1490316,0.4585936,0.5059497,-0.10422211,-0.24929276,-0.28695437,-0.13205767,-0.6183781,-0.45110038,-0.1422232,0.453058,0.5056914,-0.10350189,-0.2511181,-0.28823784,-0.13069677,-0.6173436,-0.4531633,-0.14610787,0.45642585,0.50546527,-0.10276396,-0.25299528,-0.28908026,-0.12966096,-0.6164447,-0.45456758,-0.1490316,0.4585936,0.50546455,-0.10276171,-0.25299945,-0.28908157,-0.12965938,-0.61644244,-0.45457068,-0.14903851,0.45859784,0.38256818,0.13646759,0.46402225,0.38256818,0.13646759,0.46402225,0.39236596,0.14768331,0.46752346,0.39236596,0.14768331,0.46752346
1.35,1.75783,0.50546527,-0.10276396,-0.25299528,-0.28908026,-0.12966096,-0.6164447,-0.45456758,-0.1490316,0.4585936,0.5059497,-0.10422211,-0.24929276,-0.28695437,-0.13205767,-0.6183781,-0.45110038,-0.1422232,0.453058,0.5056914,-0.10350189,-0.2511181,-0.28823784,-0.13069677,-0.6173436,-0.4531633,-0.14610787,0.45642585,0.50546527,-0.10276396,-0.25299528,-0.28908026,-0.12966096,-0.6164447,-0.45456758,-0.1490316,0.4585936,0.50546455,-0.10276171,-0.25299945,-0.28908157,-0.12965938,-0.61644244,-0.45457068,-0.14903851,0.45859784,0.38256818,0.13646759,0.46402225,0.38256818,0.13646759,0.46402225,0.39236596,0.14768331,0.46752346,0.39236596,0.14768331,0.46752346
1.4,1.75938,0.50546527,-0.10276396,-0.25299528,-0.28908026,-0.12966096,-0.6164447,-0.45456758,-0.1490316,0.4585936,0.5059497,-0.10422211,-0.24929276,-0.28695437,-0.13205767,-0.6183781,-0.45110038,-0.1422232,0.453058,0.5056914,-0.10350189,-0.2511181,-0.28823784,-0.13069677,-0.6173436,-0.4531633,-0.14610787,0.45642585,0.50546527,-0.10276396,-0.25299528,-0.28908026,-0.12966096,-0.6164447,-0.45456758,-0.1490316,0.4585936,0.50546455,-0.10276171,-0.25299945,-0.28908157,-0.12965938,-0.61644244,-0.45457068,-0.14903851,0.45859784,0.38256818,0.13646759,0.46402225,0.38256818,0.13646759,0.46402225,0.39236596,0.14768331,0.46752346,0.39236596,0.14768331,0.46752346
0.5,0.474024,0.50553393,-0.10297645,-0.2525705,-0.28892446,-0.12984939,-0.6166743,-0.45425066,-0.14833957,0.45814753,0.5107737,-0.09965105,-0.21722272,-0.26273304,-0.173173,-0.6329266,-0.40761793,-0.06816808,0.3602251,0.5083248,-0.10332047,-0.23639053,-0.27668452,-0.14917316,-0.6251193,-0.43329516,-0.1099979,0.41513953,0.50546455,-0.10276171,-0.25299945,-0.28908157,-0.12965938,-0.61644244,-0.45457068,-0.14903851,0.45859784,0.50546455,-0.10276171,-0.25299945,-0.28908157,-0.12965938,-0.61644244,-0.45457068,-0.14903851,0.45859784,0.38256818,0.13646759,0.46402225,0.38256818,0.13646759,0.46402225,0.39236596,0.14768331,0.46752346,0.39236596,0.14768331,0.46752346
0.75,0.473539,0.50553393,-0.10297645,-0.2525705,-0.28892446,-0.12984939,-0.6166743,-0.45425066,-0.14833957,0.45814753,0.5107737,-0.09965105,-0.21722272,-0.26273304,-0.173173,-0.6329266,-0.40761793,-0.06816808,0.3602251,0.5083248,-0.10332047,-0.23639053,-0.27668452,-0.14917316,-0.6251193,-0.43329516,-0.1099979,0.41513953,0.50546455,-0.10276171,-0.25299945,-0.28908157,-0.12965938,-0.61644244,-0.45457068,-0.14903851,0.45859784,0.50546455,-0.10276171,-0.25299945,-0.28908157,-0.12965938,-0.61644244,-0.45457068,-0.14903851,0.45859784,0.38256818,0.13646759,0.46402225,0.38256818,0.13646759,0.46402225,0.39236596,0.14768331,0.46752346,0.39236596,0.14768331,0.46752346
1.0,0.462623,0.50553393,-0.10297645,-0.2525705,-0.28892446,-0.12984939,-0.6166743,-0.45425066,-0.14833957,0.45814753,0.5107737,-0.09965105,-0.21722272,-0.26273304,-0.173173,-0.6329266,-0.40761793,-0.06816808,0.3602251,0.5083248,-0.10332047,-0.23639053,-0.27668452,-0.14917316,-0.6251193,-0.43329516,-0.1099979,0.41513953,0.50546455,-0.10276171,-0.25299945,-0.28908157,-0.12965938,-0.61644244,-0.45457068,-0.14903851,0.45859784,0.50546455,-0.10276171,-0.25299945,-0.28908157,-0.12965938,-0.61644244,-0.45457068,-0.14903851,0.45859784,0.38256818,0.13646759,0.46402225,0.38256818,0.13646759,0.46402225,0.39236596,0.14768331,0.46752346,0.39236596,0.14768331,0.46752346
1.25,0.459341,0.50553393,-0.10297645,-0.2525705,-0.28892446,-0.12984939,-0.6166743,-0.45425066,-0.14833957,0.45814753,0.5107737,-0.09965105,-0.21722272,-0.26273304,-0.173173,-0.6329266,-0.40761793,-0.06816808,0.3602251,0.5083248,-0.10332047,-0.23639053,-0.27668452,-0.14917316,-0.6251193,-0.43329516,-0.1099979,0.41513953,0.50546455,-0.10276171,-0.25299945,-0.28908157,-0.12965938,-0.61644244,-0.45457068,-0.14903851,0.45859784,0.50546455,-0.10276171,-0.25299945,-0.28908157,-0.12965938,-0.61644244,-0.45457068,-0.14903851,0.45859784,0.38256818,0.13646759,0.46402225,0.38256818,0.13646759,0.46402225,0.39236596,0.14768331,0.46752346,0.39236596,0.14768331,0.46752346
1.5,0.465843,0.50553393,-0.10297645,-0.2525705,-0.28892446,-0.12984939,-0.6166743,-0.45425066,-0.14833957,0.45814753,0.5107737,-0.09965105,-0.21722272,-0.26273304,-0.173173,-0.6329266,-0.40761793,-0.06816808,0.3602251,0.5083248,-0.10332047,-0.23639053,-0.27668452,-0.14917316,-0.6251193,-0.43329516,-0.1099979,0.41513953,0.50546455,-0.10276171,-0.25299945,-0.28908157,-0.12965938,-0.61644244,-0.45457068,-0.14903851,0.45859784,0.50546455,-0.10276171,-0.25299945,-0.28908157,-0.12965938,-0.61644244,-0.45457068,-0.14903851,0.45859784,0.38256818,0.13646759,0.46402225,0.38256818,0.13646759,0.46402225,0.39236596,0.14768331,0.46752346,0.39236596,0.14768331,0.46752346
4.5,0.797046,0.50553393,-0.10297645,-0.2525705,-0.28892446,-0.12984939,-0.6166743,-0.45425066,-0.14833957,0.45814753,0.54595864,-0.049401656,0.064158805,-0.029591978,-0.5660535,-0.7267151,0.02243342,0.6182231,-0.5805631,0.52573913,-0.067274235,-0.08532694,-0.15651877,-0.36126548,-0.6840855,-0.19531004,0.26819196,-0.11203807,0.50546455,-0.10276171,-0.25299945,-0.28908157,-0.12965938,-0.61644244,-0.45457068,-0.14903851,0.45859784,0.50546455,-0.10276171,-0.25299945,-0.28908157,-0.12965938,-0.61644244,-0.45457068,-0.14903851,0.45859784,0.38256818,0.13646759,0.46402225,0.38256818,0.13646759,0.46402225,0.39236596,0.14768331,0.46752346,0.39236596,0.14768331,0.46752346
5.0,0.766488,0.50553393,-0.10297645,-0.2525705,-0.28892446,-0.12984939,-0.6166743,-0.45425066,-0.14833957,0.45814753,0.54595864,-0.049401656,0.064158805,-0.029591978,-0.5660535,-0.7267151,0.02243342,0.6182231,-0.5805631,0.52573913,-0.067274235,-0.08532694,-0.15651877,-0.36126548,-0.6840855,-0.19531004,0.26819196,-0.11203807,0.50546455,-0.10276171,-0.25299945,-0.28908157,-0.12965938,-0.61644244,-0.45457068,-0.14903851,0.45859784,0.50546455,-0.10276171,-0.25299945,-0.28908157,-0.12965938,-0.61644244,-0.45457068,-0.14903851,0.45859784,0.38256818,0.13646759,0.46402225,0.38256818,0.13646759,0.46402225,0.39236596,0.14768331,0.46752346,0.39236596,0.14768331,0.46752346
7.5,0.904843,0.50553393,-0.10297645,-0.2525705,-0.28892446,-0.12984939,-0.6166743,-0.45425066,-0.14833957,0.45814753,0.54595864,-0.049401656,0.064158805,-0.029591978,-0.5660535,-0.7267151,0.02243342,0.6182231,-0.5805631,0.52573913,-0.067274235,-0.08532694,-0.15651877,-0.36126548,-0.6840855,-0.19531004,0.26819196,-0.11203807,0.50546455,-0.10276171,-0.25299945,-0.28908157,-0.12965938,-0.61644244,-0.45457068,-0.14903851,0.45859784,0.50546455,-0.10276171,-0.25299945,-0.28908157,-0.12965938,-0.61644244,-0.45457068,-0.14903851,0.45859784,0.38256818,0.13646759,0.46402225,0.38256818,0.13646759,0.46402225,0.39236596,0.14768331,0.46752346,0.39236596,0.14768331,0.46752346
10.0,1.34502,0.50553393,-0.10297645,-0.2525705,-0.28892446,-0.12984939,-0.6166743,-0.45425066,-0.14833957,0.45814753,0.54595864,-0.049401656,0.064158805,-0.029591978,-0.5660535,-0.7267151,0.02243342,0.6182231,-0.5805631,0.52573913,-0.067274235,-0.08532694,-0.15651877,-0.36126548,-0.6840855,-0.19531004,0.26819196,-0.11203807,0.50546455,-0.10276171,-0.25299945,-0.28908157,-0.12965938,-0.61644244,-0.45457068,-0.14903851,0.45859784,0.50546455,-0.10276171,-0.25299945,-0.28908157,-0.12965938,-0.61644244,-0.45457068,-0.14903851,0.45859784,0.38256818,0.13646759,0.46402225,0.38256818,0.13646759,0.46402225,0.39236596,0.14768331,0.46752346,0.39236596,0.14768331,0.46752346
15.0,3.13737,0.50553393,-0.10297645,-0.2525705,-0.28892446,-0.12984939,-0.6166743,-0.45425066,-0.14833957,0.45814753,0.54595864,-0.049401656,0.064158805,-0.029591978,-0.5660535,-0.7267151,0.02243342,0.6182231,-0.5805631,0.52573913,-0.067274235,-0.08532694,-0.15651877,-0.36126548,-0.6840855,-0.19531004,0.26819196,-0.11203807,0.50546455,-0.10276171,-0.25299945,-0.28908157,-0.12965938,-0.61644244,-0.45457068,-0.14903851,0.45859784,0.50546455,-0.10276171,-0.25299945,-0.28908157,-0.12965938,-0.61644244,-0.45457068,-0.14903851,0.45859784,0.38256818,0.13646759,0.46402225,0.38256818,0.13646759,0.46402225,0.39236596,0.14768331,0.46752346,0.39236596,0.14768331,0.46752346
0.1,0.517456,0.50553393,-0.10297645,-0.2525705,-0.28892446,-0.12984939,-0.6166743,-0.45425066,-0.14833957,0.45814753,0.5059497,-0.10422211,-0.24929276,-0.28695437,-0.13205767,-0.6183781,-0.45110038,-0.1422232,0.453058,0.5056914,-0.10350189,-0.2511181,-0.28823784,-0.13069677,-0.6173436,-0.4531633,-0.14610787,0.45642585,0.50546455,-0.10276171,-0.25299945,-0.28908157,-0.12965938,-0.61644244,-0.45457068,-0.14903851,0.45859784,0.50546455,-0.10276171,-0.25299945,-0.28908157,-0.12965938,-0.61644244,-0.45457068,-0.14903851,0.45859784,0.38256818,0.13646759,0.46402225,0.38256818,0.13646759,0.46402225,0.39236596,0.14768331,0.46752346,0.39236596,0.14768331,0.46752346
0.3,0.469625,0.50553393,-0.10297645,-0.2525705,-0.28892446,-0.12984939,-0.6166743,-0.45425066,-0.14833957,0.45814753,0.5059497,-0.10422211,-0.24929276,-0.28695437,-0.13205767,-0.6183781,-0.45110038,-0.1422232,0.453058,0.5056914,-0.10350189,-0.2511181,-0.28823784,-0.13069677,-0.6173436,-0.4531633,-0.14610787,0.45642585,0.50546455,-0.10276171,-0.25299945,-0.28908157,-0.12965938,-0.61644244,-0.45457068,-0.14903851,0.45859784,0.50546455,-0.10276171,-0.25299945,-0.28908157,-0.12965938,-0.61644244,-0.45457068,-0.14903851,0.45859784,0.38256818,0.13646759,0.46402225,0.38256818,0.13646759,0.46402225,0.39236596,0.14768331,0.46752346,0.39236596,0.14768331,0.46752346
0.5,0.498132,0.50553393,-0.10297645,-0.2525705,-0.28892446,-0.12984939,-0.6166743,-0.45425066,-0.14833957,0.45814753,0.5059497,-0.10422211,-0.24929276,-0.28695437,-0.13205767,-0.6183781,-0.45110038,-0.1422232,0.453058,0.5056914,-0.10350189,-0.2511181,-0.28823784,-0.13069677,-0.6173436,-0.4531633,-0.14610787,0.45642585,0.50546455,-0.10276171,-0.25299945,-0.28908157,-0.12965938,-0.61644244,-0.45457068,-0.14903851,0.45859784,0.50546455,-0.10276171,-0.25299945,-0.28908157,-0.12965938,-0.61644244,-0.45457068,-0.14903851,0.45859784,0.38256818,0.13646759,0.46402225,0.38256818,0.13646759,0.46402225,0.39236596,0.14768331,0.46752346,0.39236596,0.14768331,0.46752346
0.75,0.473461,0.50553393,-0.10297645,-0.2525705,-0.28892446,-0.12984939,-0.6166743,-0.45425066,-0.14833957,0.45814753,0.5059497,-0.10422211,-0.24929276,-0.28695437,-0.13205767,-0.6183781,-0.45110038,-0.1422232,0.453058,0.5056914,-0.10350189,-0.2511181,-0.28823784,-0.13069677,-0.6173436,-0.4531633,-0.14610787,0.45642585,0.50546455,-0.10276171,-0.25299945,-0.28908157,-0.12965938,-0.61644244,-0.45457068,-0.14903851,0.45859784,0.50546455,-0.10276171,-0.25299945,-0.28908157,-0.12965938,-0.61644244,-0.45457068,-0.14903851,0.45859784,0.38256818,0.13646759,0.46402225,0.38256818,0.13646759,0.46402225,0.39236596,0.14768331,0.46752346,0.39236596,0.14768331,0.46752346
1.0,0.467788,0.50553393,-0.10297645,-0.2525705,-0.28892446,-0.12984939,-0.6166743,-0.45425066,-0.14833957,0.45814753,0.5059497,-0.10422211,-0.24929276,-0.28695437,-0.13205767,-0.6183781,-0.45110038,-0.1422232,0.453058,0.5056914,-0.10350189,-0.2511181,-0.28823784,-0.13069677,-0.6173436,-0.4531633,-0.14610787,0.45642585,0.50546455,-0.10276171,-0.25299945,-0.28908157,-0.12965938,-0.61644244,-0.45457068,-0.14903851,0.45859784,0.50546455,-0.10276171,-0.25299945,-0.28908157,-0.12965938,-0.61644244,-0.45457068,-0.14903851,0.45859784,0.38256818,0.13646759,0.46402225,0.38256818,0.13646759,0.46402225,0.39236596,0.14768331,0.46752346,0.39236596,0.14768331,0.46752346
0.5,0.488163,0.50553393,-0.10297645,-0.2525705,-0.28892446,-0.12984939,-0.6166743,-0.45425066,-0.14833957,0.45814753,0.5107737,-0.09965105,-0.21722272,-0.26273304,-0.173173,-0.6329266,-0.40761793,-0.06816808,0.3602251,0.5083248,-0.10332047,-0.23639053,-0.27668452,-0.14917316,-0.6251193,-0.43329516,-0.1099979,0.41513953,0.50553393,-0.10297645,-0.2525705,-0.28892446,-0.12984939,-0.6166743,-0.45425066,-0.14833957,0.45814753,0.50546455,-0.10276171,-0.25299945,-0.28908157,-0.12965938,-0.61644244,-0.45457068,-0.14903851,0.45859784,0.38256818,0.13646759,0.46402225,0.38256818,0.13646759,0.46402225,0.39236596,0.14768331,0.46752346,0.39236596,0.14768331,0.46752346
0.75,0.473741,0.50553393,-0.10297645,-0.2525705,-0.28892446,-0.12984939,-0.6166743,-0.45425066,-0.14833957,0.45814753,0.5107737,-0.09965105,-0.21722272,-0.26273304,-0.173173,-0.6329266,-0.40761793,-0.06816808,0.3602251,0.5083248,-0.10332047,-0.23639053,-0.27668452,-0.14917316,-0.6251193,-0.43329516,-0.1099979,0.41513953,0.50553393,-0.10297645,-0.2525705,-0.28892446,-0.12984939,-0.6166743,-0.45425066,-0.14833957,0.45814753,0.50546455,-0.10276171,-0.25299945,-0.28908157,-0.12965938,-0.61644244,-0.45457068,-0.14903851,0.45859784,0.38256818,0.13646759,0.46402225,0.38256818,0.13646759,0.46402225,0.39236596,0.14768331,0.46752346,0.39236596,0.14768331,0.46752346
1.0,0.470433,0.50553393,-0.10297645,-0.2525705,-0.28892446,-0.12984939,-0.6166743,-0.45425066,-0.14833957,0.45814753,0.5107737,-0.09965105,-0.21722272,-0.26273304,-0.173173,-0.6329266,-0.40761793,-0.06816808,0.3602251,0.5083248,-0.10332047,-0.23639053,-0.27668452,-0.14917316,-0.6251193,-0.43329516,-0.1099979,0.41513953,0.50553393,-0.10297645,-0.2525705,-0.28892446,-0.12984939,-0.6166743,-0.45425066,-0.14833957,0.45814753,0.50546455,-0.10276171,-0.25299945,-0.28908157,-0.12965938,-0.61644244,-0.45457068,-0.14903851,0.45859784,0.38256818,0.13646759,0.46402225,0.38256818,0.13646759,0.46402225,0.39236596,0.14768331,0.46752346,0.39236596,0.14768331,0.46752346
1.25,0.520211,0.50553393,-0.10297645,-0.2525705,-0.28892446,-0.12984939,-0.6166743,-0.45425066,-0.14833957,0.45814753,0.5107737,-0.09965105,-0.21722272,-0.26273304,-0.173173,-0.6329266,-0.40761793,-0.06816808,0.3602251,0.5083248,-0.10332047,-0.23639053,-0.27668452,-0.14917316,-0.6251193,-0.43329516,-0.1099979,0.41513953,0.50553393,-0.10297645,-0.2525705,-0.28892446,-0.12984939,-0.6166743,-0.45425066,-0.14833957,0.45814753,0.50546455,-0.10276171,-0.25299945,-0.28908157,-0.12965938,-0.61644244,-0.45457068,-0.14903851,0.45859784,0.38256818,0.13646759,0.46402225,0.38256818,0.13646759,0.46402225,0.39236596,0.14768331,0.46752346,0.39236596,0.14768331,0.46752346
1.5,0.494702,0.50553393,-0.10297645,-0.2525705,-0.28892446,-0.12984939,-0.6166743,-0.45425066,-0.14833957,0.45814753,0.5107737,-0.09965105,-0.21722272,-0.26273304,-0.173173,-0.6329266,-0.40761793,-0.06816808,0.3602251,0.5083248,-0.10332047,-0.23639053,-0.27668452,-0.14917316,-0.6251193,-0.43329516,-0.1099979,0.41513953,0.50553393,-0.10297645,-0.2525705,-0.28892446,-0.12984939,-0.6166743,-0.45425066,-0.14833957,0.45814753,0.50546455,-0.10276171,-0.25299945,-0.28908157,-0.12965938,-0.61644244,-0.45457068,-0.14903851,0.45859784,0.38256818,0.13646759,0.46402225,0.38256818,0.13646759,0.46402225,0.39236596,0.14768331,0.46752346,0.39236596,0.14768331,0.46752346
0.5,0.4711,0.50553393,-0.10297645,-0.2525705,-0.28892446,-0.12984939,-0.6166743,-0.45425066,-0.14833957,0.45814753,0.5080569,-0.10401829,-0.23876967,-0.27845463,-0.14587162,-0.6240362,-0.4366069,-0.11545964,0.42242867,0.5073142,-0.10536224,-0.24489024,-0.28304064,-0.13724332,-0.6211857,-0.4448344,-0.13019781,0.44087687,0.50546455,-0.10276171,-0.25299945,-0.28908157,-0.12965938,-0.61644244,-0.45457068,-0.14903851,0.45859784,0.50546455,-0.10276171,-0.25299945,-0.28908157,-0.12965938,-0.61644244,-0.45457068,-0.14903851,0.45859784,0.38256818,0.13646759,0.46402225,0.38256818,0.13646759,0.46402225,0.39236596,0.14768331,0.46752346,0.39236596,0.14768331,0.46752346
0.75,0.467293,0.50553393,-0.10297645,-0.2525705,-0.28892446,-0.12984939,-0.6166743,-0.45425066,-0.14833957,0.45814753,0.5080569,-0.10401829,-0.23876967,-0.27845463,-0.14587162,-0.6240362,-0.4366069,-0.11545964,0.42242867,0.5073142,-0.10536224,-0.24489024,-0.28304064,-0.13724332,-0.6211857,-0.4448344,-0.13019781,0.44087687,0.50546455,-0.10276171,-0.25299945,-0.28908157,-0.12965938,-0.61644244,-0.45457068,-0.14903851,0.45859784,0.50546455,-0.10276171,-0.25299945,-0.28908157,-0.12965938,-0.61644244,-0.45457068,-0.14903851,0.45859784,0.38256818,0.13646759,0.46402225,0.38256818,0.13646759,0.46402225,0.39236596,0.14768331,0.46752346,0.39236596,0.14768331,0.46752346
1.0,0.506278,0.50553393,-0.10297645,-0.2525705,-0.28892446,-0.12984939,-0.6166743,-0.45425066,-0.14833957,0.45814753,0.5080569,-0.10401829,-0.23876967,-0.27845463,-0.14587162,-0.6240362,-0.4366069,-0.11545964,0.42242867,0.5073142,-0.10536224,-0.24489024,-0.28304064,-0.13724332,-0.6211857,-0.4448344,-0.13019781,0.44087687,0.50546455,-0.10276171,-0.25299945,-0.28908157,-0.12965938,-0.61644244,-0.45457068,-0.14903851,0.45859784,0.50546455,-0.10276171,-0.25299945,-0.28908157,-0.12965938,-0.61644244,-0.45457068,-0.14903851,0.45859784,0.38256818,0.13646759,0.46402225,0.38256818,0.13646759,0.46402225,0.39236596,0.14768331,0.46752346,0.39236596,0.14768331,0.46752346
1.25,0.475308,0.50553393,-0.10297645,-0.2525705,-0.28892446,-0.12984939,-0.6166743,-0.45425066,-0.14833957,0.45814753,0.5080569,-0.10401829,-0.23876967,-0.27845463,-0.14587162,-0.6240362,-0.4366069,-0.11545964,0.42242867,0.5073142,-0.10536224,-0.24489024,-0.28304064,-0.13724332,-0.6211857,-0.4448344,-0.13019781,0.44087687,0.50546455,-0.10276171,-0.25299945,-0.28908157,-0.12965938,-0.61644244,-0.45457068,-0.14903851,0.45859784,0.50546455,-0.10276171,-0.25299945,-0.28908157,-0.12965938,-0.61644244,-0.45457068,-0.14903851,0.45859784,0.38256818,0.13646759,0.46402225,0.38256818,0.13646759,0.46402225,0.39236596,0.14768331,0.46752346,0.39236596,0.14768331,0.46752346
1.5,0.482787,0.50553393,-0.10297645,-0.2525705,-0.28892446,-0.12984939,-0.6166743,-0.45425066,-0.14833957,0.45814753,0.5080569,-0.10401829,-0.23876967,-0.27845463,-0.14587162,-0.6240362,-0.4366069,-0.11545964,0.42242867,0.5073142,-0.10536224,-0.24489024,-0.28304064,-0.13724332,-0.6211857,-0.4448344,-0.13019781,0.44087687,0.50546455,-0.10276171,-0.25299945,-0.28908157,-0.12965938,-0.61644244,-0.45457068,-0.14903851,0.45859784,0.50546455,-0.10276171,-0.25299945,-0.28908157,-0.12965938,-0.61644244,-0.45457068,-0.14903851,0.45859784,0.38256818,0.13646759,0.46402225,0.38256818,0.13646759,0.46402225,0.39236596,0.14768331,0.46752346,0.39236596,0.14768331,0.46752346
0.5,0.478637,0.50553393,-0.10297645,-0.2525705,-0.28892446,-0.12984939,-0.6166743,-0.45425066,-0.14833957,0.45814753,0.5107737,-0.09965105,-0.21722272,-0.26273304,-0.173173,-0.6329266,-0.40761793,-0.06816808,0.3602251,0.5083248,-0.10332047,-0.23639053,-0.27668452,-0.14917316,-0.6251193,-0.43329516,-0.1099979,0.41513953,0.5056914,-0.10350189,-0.2511181,-0.28823784,-0.13069677,-0.6173436,-0.4531633,-0.14610787,0.45642585,0.50546455,-0.10276171,-0.25299945,-0.28908157,-0.12965938,-0.61644244,-0.45457068,-0.14903851,0.45859784,0.38256818,0.13646759,0.46402225,0.38256818,0.13646759,0.46402225,0.39236596,0.14768331,0.46752346,0.39236596,0.14768331,0.46752346
0.75,0.48902,0.50553393,-0.10297645,-0.2525705,-0.28892446,-0.12984939,-0.6166743,-0.45425066,-0.14833957,0.45814753,0.5107737,-0.09965105,-0.21722272,-0.26273304,-0.173173,-0.6329266,-0.40761793,-0.06816808,0.3602251,0.5083248,-0.10332047,-0.23639053,-0.27668452,-0.14917316,-0.6251193,-0.43329516,-0.1099979,0.41513953,0.5056914,-0.10350189,-0.2511181,-0.28823784,-0.13069677,-0.6173436,-0.4531633,-0.14610787,0.45642585,0.50546455,-0.10276171,-0.25299945,-0.28908157,-0.12965938,-0.61644244,-0.45457068,-0.14903851,0.45859784,0.38256818,0.13646759,0.46402225,0.38256818,0.13646759,0.46402225,0.39236596,0.14768331,0.46752346,0.39236596,0.14768331,0.46752346
1.0,0.502223,0.50553393,-0.10297645,-0.2525705,-0.28892446,-0.12984939,-0.6166743,-0.45425066,-0.14833957,0.45814753,0.5107737,-0.09965105,-0.21722272,-0.26273304,-0.173173,-0.6329266,-0.40761793,-0.06816808,0.3602251,0.5083248,-0.10332047,-0.23639053,-0.27668452,-0.14917316,-0.6251193,-0.43329516,-0.1099979,0.41513953,0.5056914,-0.10350189,-0.2511181,-0.28823784,-0.13069677,-0.6173436,-0.4531633,-0.14610787,0.45642585,0.50546455,-0.10276171,-0.25299945,-0.28908157,-0.12965938,-0.61644244,-0.45457068,-0.14903851,0.45859784,0.38256818,0.13646759,0.46402225,0.38256818,0.13646759,0.46402225,0.39236596,0.14768331,0.46752346,0.39236596,0.14768331,0.46752346
1.25,0.474778,0.50553393,-0.10297645,-0.2525705,-0.28892446,-0.12984939,-0.6166743,-0.45425066,-0.14833957,0.45814753,0.5107737,-0.09965105,-0.21722272,-0.26273304,-0.173173,-0.6329266,-0.40761793,-0.06816808,0.3602251,0.5083248,-0.10332047,-0.23639053,-0.27668452,-0.14917316,-0.6251193,-0.43329516,-0.1099979,0.41513953,0.5056914,-0.10350189,-0.2511181,-0.28823784,-0.13069677,-0.6173436,-0.4531633,-0.14610787,0.45642585,0.50546455,-0.10276171,-0.25299945,-0.28908157,-0.12965938,-0.61644244,-0.45457068,-0.14903851,0.45859784,0.38256818,0.13646759,0.46402225,0.38256818,0.13646759,0.46402225,0.39236596,0.14768331,0.46752346,0.39236596,0.14768331,0.46752346
1.5,0.487699,0.50553393,-0.10297645,-0.2525705,-0.28892446,-0.12984939,-0.6166743,-0.45425066,-0.14833957,0.45814753,0.5107737,-0.09965105,-0.21722272,-0.26273304,-0.173173,-0.6329266,-0.40761793,-0.06816808,0.3602251,0.5083248,-0.10332047,-0.23639053,-0.27668452,-0.14917316,-0.6251193,-0.43329516,-0.1099979,0.41513953,0.5056914,-0.10350189,-0.2511181,-0.28823784,-0.13069677,-0.6173436,-0.4531633,-0.14610787,0.45642585,0.50546455,-0.10276171,-0.25299945,-0.28908157,-0.12965938,-0.61644244,-0.45457068,-0.14903851,0.45859784,0.38256818,0.13646759,0.46402225,0.38256818,0.13646759,0.46402225,0.39236596,0.14768331,0.46752346,0.39236596,0.14768331,0.46752346
0.5,0.46962,0.50553393,-0.10297645,-0.2525705,-0.28892446,-0.12984939,-0.6166743,-0.45425066,-0.14833957,0.45814753,0.5059497,-0.10422211,-0.24929276,-0.28695437,-0.13205767,-0.6183781,-0.45110038,-0.1422232,0.453058,0.5056914,-0.10350189,-0.2511181,-0.28823784,-0.13069677,-0.6173436,-0.4531633,-0.14610787,0.45642585,0.50553393,-0.10297645,-0.2525705,-0.28892446,-0.12984939,-0.6166743,-0.45425066,-0.14833957,0.45814753,0.50546455,-0.10276171,-0.25299945,-0.28908157,-0.12965938,-0.61644244,-0.45457068,-0.14903851,0.45859784,0.38256818,0.13646759,0.46402225,0.38256818,0.13646759,0.46402225,0.39236596,0.14768331,0.46752346,0.39236596,0.14768331,0.46752346
0.75,0.504638,0.50553393,-0.10297645,-0.2525705,-0.28892446,-0.12984939,-0.6166743,-0.45425066,-0.14833957,0.45814753,0.5059497,-0.10422211,-0.24929276,-0.28695437,-0.13205767,-0.6183781,-0.45110038,-0.1422232,0.453058,0.5056914,-0.10350189,-0.2511181,-0.28823784,-0.13069677,-0.6173436,-0.4531633,-0.14610787,0.45642585,0.50553393,-0.10297645,-0.2525705,-0.28892446,-0.12984939,-0.6166743,-0.45425066,-0.14833957,0.45814753,0.50546455,-0.10276171,-0.25299945,-0.28908157,-0.12965938,-0.61644244,-0.45457068,-0.14903851,0.45859784,0.38256818,0.13646759,0.46402225,0.38256818,0.13646759,0.46402225,0.39236596,0.14768331,0.46752346,0.39236596,0.14768331,0.46752346
1.0,0.495386,0.50553393,-0.10297645,-0.2525705,-0.28892446,-0.12984939,-0.6166743,-0.45425066,-0.14833957,0.45814753,0.5059497,-0.10422211,-0.24929276,-0.28695437,-0.13205767,-0.6183781,-0.45110038,-0.1422232,0.453058,0.5056914,-0.10350189,-0.2511181,-0.28823784,-0.13069677,-0.6173436,-0.4531633,-0.14610787,0.45642585,0.50553393,-0.10297645,-0.2525705,-0.28892446,-0.12984939,-0.6166743,-0.45425066,-0.14833957,0.45814753,0.50546455,-0.10276171,-0.25299945,-0.28908157,-0.12965938,-0.61644244,-0.45457068,-0.14903851,0.45859784,0.38256818,0.13646759,0.46402225,0.38256818,0.13646759,0.46402225,0.39236596,0.14768331,0.46752346,0.39236596,0.14768331,0.46752346
1.25,0.487531,0.50553393,-0.10297645,-0.2525705,-0.28892446,-0.12984939,-0.6166743,-0.45425066,-0.14833957,0.45814753,0.5059497,-0.10422211,-0.24929276,-0.28695437,-0.13205767,-0.6183781,-0.45110038,-0.1422232,0.453058,0.5056914,-0.10350189,-0.2511181,-0.28823784,-0.13069677,-0.6173436,-0.4531633,-0.14610787,0.45642585,0.50553393,-0.10297645,-0.2525705,-0.28892446,-0.12984939,-0.6166743,-0.45425066,-0.14833957,0.45814753,0.50546455,-0.10276171,-0.25299945,-0.28908157,-0.12965938,-0.61644244,-0.45457068,-0.14903851,0.45859784,0.38256818,0.13646759,0.46402225,0.38256818,0.13646759,0.46402225,0.39236596,0.14768331,0.46752346,0.39236596,0.14768331,0.46752346
1.5,0.484076,0.50553393,-0.10297645,-0.2525705,-0.28892446,-0.12984939,-0.6166743,-0.45425066,-0.14833957,0.45814753,0.5059497,-0.10422211,-0.24929276,-0.28695437,-0.13205767,-0.6183781,-0.45110038,-0.1422232,0.453058,0.5056914,-0.10350189,-0.2511181,-0.28823784,-0.13069677,-0.6173436,-0.4531633,-0.14610787,0.45642585,0.50553393,-0.10297645,-0.2525705,-0.28892446,-0.12984939,-0.6166743,-0.45425066,-0.14833957,0.45814753,0.50546455,-0.10276171,-0.25299945,-0.28908157,-0.12965938,-0.61644244,-0.45457068,-0.14903851,0.45859784,0.38256818,0.13646759,0.46402225,0.38256818,0.13646759,0.46402225,0.39236596,0.14768331,0.46752346,0.39236596,0.14768331,0.46752346
0.1,0.459379,0.5073142,-0.10536224,-0.24489024,-0.28304064,-0.13724332,-0.6211857,-0.4448344,-0.13019781,0.44087687,0.5107737,-0.09965105,-0.21722272,-0.26273304,-0.173173,-0.6329266,-0.40761793,-0.06816808,0.3602251,0.5083248,-0.10332047,-0.23639053,-0.27668452,-0.14917316,-0.6251193,-0.43329516,-0.1099979,0.41513953,0.50546455,-0.10276171,-0.25299945,-0.28908157,-0.12965938,-0.61644244,-0.45457068,-0.14903851,0.45859784,0.50546455,-0.10276171,-0.25299945,-0.28908157,-0.12965938,-0.61644244,-0.45457068,-0.14903851,0.45859784,0.38256818,0.13646759,0.46402225,0.38256818,0.13646759,0.46402225,0.39236596,0.14768331,0.46752346,0.39236596,0.14768331,0.46752346
0.3,0.524538,0.5073142,-0.10536224,-0.24489024,-0.28304064,-0.13724332,-0.6211857,-0.4448344,-0.13019781,0.44087687,0.5107737,-0.09965105,-0.21722272,-0.26273304,-0.173173,-0.6329266,-0.40761793,-0.06816808,0.3602251,0.5083248,-0.10332047,-0.23639053,-0.27668452,-0.14917316,-0.6251193,-0.43329516,-0.1099979,0.41513953,0.50546455,-0.10276171,-0.25299945,-0.28908157,-0.12965938,-0.61644244,-0.45457068,-0.14903851,0.45859784,0.50546455,-0.10276171,-0.25299945,-0.28908157,-0.12965938,-0.61644244,-0.45457068,-0.14903851,0.45859784,0.38256818,0.13646759,0.46402225,0.38256818,0.13646759,0.46402225,0.39236596,0.14768331,0.46752346,0.39236596,0.14768331,0.46752346
0.5,0.465052,0.5073142,-0.10536224,-0.24489024,-0.28304064,-0.13724332,-0.6211857,-0.4448344,-0.13019781,0.44087687,0.5107737,-0.09965105,-0.21722272,-0.26273304,-0.173173,-0.6329266,-0.40761793,-0.06816808,0.3602251,0.5083248,-0.10332047,-0.23639053,-0.27668452,-0.14917316,-0.6251193,-0.43329516,-0.1099979,0.41513953,0.50546455,-0.10276171,-0.25299945,-0.28908157,-0.12965938,-0.61644244,-0.45457068,-0.14903851,0.45859784,0.50546455,-0.10276171,-0.25299945,-0.28908157,-0.12965938,-0.61644244,-0.45457068,-0.14903851,0.45859784,0.38256818,0.13646759,0.46402225,0.38256818,0.13646759,0.46402225,0.39236596,0.14768331,0.46752346,0.39236596,0.14768331,0.46752346
0.75,0.452334,0.5073142,-0.10536224,-0.24489024,-0.28304064,-0.13724332,-0.6211857,-0.4448344,-0.13019781,0.44087687,0.5107737,-0.09965105,-0.21722272,-0.26273304,-0.173173,-0.6329266,-0.40761793,-0.06816808,0.3602251,0.5083248,-0.10332047,-0.23639053,-0.27668452,-0.14917316,-0.6251193,-0.43329516,-0.1099979,0.41513953,0.50546455,-0.10276171,-0.25299945,-0.28908157,-0.12965938,-0.61644244,-0.45457068,-0.14903851,0.45859784,0.50546455,-0.10276171,-0.25299945,-0.28908157,-0.12965938,-0.61644244,-0.45457068,-0.14903851,0.45859784,0.38256818,0.13646759,0.46402225,0.38256818,0.13646759,0.46402225,0.39236596,0.14768331,0.46752346,0.39236596,0.14768331,0.46752346
1.0,0.490115,0.5073142,-0.10536224,-0.24489024,-0.28304064,-0.13724332,-0.6211857,-0.4448344,-0.13019781,0.44087687,0.5107737,-0.09965105,-0.21722272,-0.26273304,-0.173173,-0.6329266,-0.40761793,-0.06816808,0.3602251,0.5083248,-0.10332047,-0.23639053,-0.27668452,-0.14917316,-0.6251193,-0.43329516,-0.1099979,0.41513953,0.50546455,-0.10276171,-0.25299945,-0.28908157,-0.12965938,-0.61644244,-0.45457068,-0.14903851,0.45859784,0.50546455,-0.10276171,-0.25299945,-0.28908157,-0.12965938,-0.61644244,-0.45457068,-0.14903851,0.45859784,0.38256818,0.13646759,0.46402225,0.38256818,0.13646759,0.46402225,0.39236596,0.14768331,0.46752346,0.39236596,0.14768331,0.46752346
0.3,0.476351,0.5073142,-0.10536224,-0.24489024,-0.28304064,-0.13724332,-0.6211857,-0.4448344,-0.13019781,0.44087687,0.54595864,-0.049401656,0.064158805,-0.029591978,-0.5660535,-0.7267151,0.02243342,0.6182231,-0.5805631,0.52573913,-0.067274235,-0.08532694,-0.15651877,-0.36126548,-0.6840855,-0.19531004,0.26819196,-0.11203807,0.50546455,-0.10276171,-0.25299945,-0.28908157,-0.12965938,-0.61644244,-0.45457068,-0.14903851,0.45859784,0.50546455,-0.10276171,-0.25299945,-0.28908157,-0.12965938,-0.61644244,-0.45457068,-0.14903851,0.45859784,0.38256818,0.13646759,0.46402225,0.38256818,0.13646759,0.46402225,0.39236596,0.14768331,0.46752346,0.39236596,0.14768331,0.46752346
0.4,0.50807,0.5073142,-0.10536224,-0.24489024,-0.28304064,-0.13724332,-0.6211857,-0.4448344,-0.13019781,0.44087687,0.54595864,-0.049401656,0.064158805,-0.029591978,-0.5660535,-0.7267151,0.02243342,0.6182231,-0.5805631,0.52573913,-0.067274235,-0.08532694,-0.15651877,-0.36126548,-0.6840855,-0.19531004,0.26819196,-0.11203807,0.50546455,-0.10276171,-0.25299945,-0.28908157,-0.12965938,-0.61644244,-0.45457068,-0.14903851,0.45859784,0.50546455,-0.10276171,-0.25299945,-0.28908157,-0.12965938,-0.61644244,-0.45457068,-0.14903851,0.45859784,0.38256818,0.13646759,0.46402225,0.38256818,0.13646759,0.46402225,0.39236596,0.14768331,0.46752346,0.39236596,0.14768331,0.46752346
0.5,0.501306,0.5073142,-0.10536224,-0.24489024,-0.28304064,-0.13724332,-0.6211857,-0.4448344,-0.13019781,0.44087687,0.54595864,-0.049401656,0.064158805,-0.029591978,-0.5660535,-0.7267151,0.02243342,0.6182231,-0.5805631,0.52573913,-0.067274235,-0.08532694,-0.15651877,-0.36126548,-0.6840855,-0.19531004,0.26819196,-0.11203807,0.50546455,-0.10276171,-0.25299945,-0.28908157,-0.12965938,-0.61644244,-0.45457068,-0.14903851,0.45859784,0.50546455,-0.10276171,-0.25299945,-0.28908157,-0.12965938,-0.61644244,-0.45457068,-0.14903851,0.45859784,0.38256818,0.13646759,0.46402225,0.38256818,0.13646759,0.46402225,0.39236596,0.14768331,0.46752346,0.39236596,0.14768331,0.46752346
0.75,0.479005,0.5073142,-0.10536224,-0.24489024,-0.28304064,-0.13724332,-0.6211857,-0.4448344,-0.13019781,0.44087687,0.54595864,-0.049401656,0.064158805,-0.029591978,-0.5660535,-0.7267151,0.02243342,0.6182231,-0.5805631,0.52573913,-0.067274235,-0.08532694,-0.15651877,-0.36126548,-0.6840855,-0.19531004,0.26819196,-0.11203807,0.50546455,-0.10276171,-0.25299945,-0.28908157,-0.12965938,-0.61644244,-0.45457068,-0.14903851,0.45859784,0.50546455,-0.10276171,-0.25299945,-0.28908157,-0.12965938,-0.61644244,-0.45457068,-0.14903851,0.45859784,0.38256818,0.13646759,0.46402225,0.38256818,0.13646759,0.46402225,0.39236596,0.14768331,0.46752346,0.39236596,0.14768331,0.46752346
1.0,0.486204,0.5073142,-0.10536224,-0.24489024,-0.28304064,-0.13724332,-0.6211857,-0.4448344,-0.13019781,0.44087687,0.54595864,-0.049401656,0.064158805,-0.029591978,-0.5660535,-0.7267151,0.02243342,0.6182231,-0.5805631,0.52573913,-0.067274235,-0.08532694,-0.15651877,-0.36126548,-0.6840855,-0.19531004,0.26819196,-0.11203807,0.50546455,-0.10276171,-0.25299945,-0.28908157,-0.12965938,-0.61644244,-0.45457068,-0.14903851,0.45859784,0.50546455,-0.10276171,-0.25299945,-0.28908157,-0.12965938,-0.61644244,-0.45457068,-0.14903851,0.45859784,0.38256818,0.13646759,0.46402225,0.38256818,0.13646759,0.46402225,0.39236596,0.14768331,0.46752346,0.39236596,0.14768331,0.46752346
0.1,0.474688,0.5073142,-0.10536224,-0.24489024,-0.28304064,-0.13724332,-0.6211857,-0.4448344,-0.13019781,0.44087687,0.5059497,-0.10422211,-0.24929276,-0.28695437,-0.13205767,-0.6183781,-0.45110038,-0.1422232,0.453058,0.5056914,-0.10350189,-0.2511181,-0.28823784,-0.13069677,-0.6173436,-0.4531633,-0.14610787,0.45642585,0.50546455,-0.10276171,-0.25299945,-0.28908157,-0.12965938,-0.61644244,-0.45457068,-0.14903851,0.45859784,0.50546455,-0.10276171,-0.25299945,-0.28908157,-0.12965938,-0.61644244,-0.45457068,-0.14903851,0.45859784,0.38256818,0.13646759,0.46402225,0.38256818,0.13646759,0.46402225,0.39236596,0.14768331,0.46752346,0.39236596,0.14768331,0.46752346
0.3,0.500175,0.5073142,-0.10536224,-0.24489024,-0.28304064,-0.13724332,-0.6211857,-0.4448344,-0.13019781,0.44087687,0.5059497,-0.10422211,-0.24929276,-0.28695437,-0.13205767,-0.6183781,-0.45110038,-0.1422232,0.453058,0.5056914,-0.10350189,-0.2511181,-0.28823784,-0.13069677,-0.6173436,-0.4531633,-0.14610787,0.45642585,0.50546455,-0.10276171,-0.25299945,-0.28908157,-0.12965938,-0.61644244,-0.45457068,-0.14903851,0.45859784,0.50546455,-0.10276171,-0.25299945,-0.28908157,-0.12965938,-0.61644244,-0.45457068,-0.14903851,0.45859784,0.38256818,0.13646759,0.46402225,0.38256818,0.13646759,0.46402225,0.39236596,0.14768331,0.46752346,0.39236596,0.14768331,0.46752346
0.5,0.482886,0.5073142,-0.10536224,-0.24489024,-0.28304064,-0.13724332,-0.6211857,-0.4448344,-0.13019781,0.44087687,0.5059497,-0.10422211,-0.24929276,-0.28695437,-0.13205767,-0.6183781,-0.45110038,-0.1422232,0.453058,0.5056914,-0.10350189,-0.2511181,-0.28823784,-0.13069677,-0.6173436,-0.4531633,-0.14610787,0.45642585,0.50546455,-0.10276171,-0.25299945,-0.28908157,-0.12965938,-0.61644244,-0.45457068,-0.14903851,0.45859784,0.50546455,-0.10276171,-0.25299945,-0.28908157,-0.12965938,-0.61644244,-0.45457068,-0.14903851,0.45859784,0.38256818,0.13646759,0.46402225,0.38256818,0.13646759,0.46402225,0.39236596,0.14768331,0.46752346,0.39236596,0.14768331,0.46752346
0.75,0.464876,0.5073142,-0.10536224,-0.24489024,-0.28304064,-0.13724332,-0.6211857,-0.4448344,-0.13019781,0.44087687,0.5059497,-0.10422211,-0.24929276,-0.28695437,-0.13205767,-0.6183781,-0.45110038,-0.1422232,0.453058,0.5056914,-0.10350189,-0.2511181,-0.28823784,-0.13069677,-0.6173436,-0.4531633,-0.14610787,0.45642585,0.50546455,-0.10276171,-0.25299945,-0.28908157,-0.12965938,-0.61644244,-0.45457068,-0.14903851,0.45859784,0.50546455,-0.10276171,-0.25299945,-0.28908157,-0.12965938,-0.61644244,-0.45457068,-0.14903851,0.45859784,0.38256818,0.13646759,0.46402225,0.38256818,0.13646759,0.46402225,0.39236596,0.14768331,0.46752346,0.39236596,0.14768331,0.46752346
1.0,0.474897,0.5073142,-0.10536224,-0.24489024,-0.28304064,-0.13724332,-0.6211857,-0.4448344,-0.13019781,0.44087687,0.5059497,-0.10422211,-0.24929276,-0.28695437,-0.13205767,-0.6183781,-0.45110038,-0.1422232,0.453058,0.5056914,-0.10350189,-0.2511181,-0.28823784,-0.13069677,-0.6173436,-0.4531633,-0.14610787,0.45642585,0.50546455,-0.10276171,-0.25299945,-0.28908157,-0.12965938,-0.61644244,-0.45457068,-0.14903851,0.45859784,0.50546455,-0.10276171,-0.25299945,-0.28908157,-0.12965938,-0.61644244,-0.45457068,-0.14903851,0.45859784,0.38256818,0.13646759,0.46402225,0.38256818,0.13646759,0.46402225,0.39236596,0.14768331,0.46752346,0.39236596,0.14768331,0.46752346
0.1,0.511778,0.5073142,-0.10536224,-0.24489024,-0.28304064,-0.13724332,-0.6211857,-0.4448344,-0.13019781,0.44087687,0.5107737,-0.09965105,-0.21722272,-0.26273304,-0.173173,-0.6329266,-0.40761793,-0.06816808,0.3602251,0.5083248,-0.10332047,-0.23639053,-0.27668452,-0.14917316,-0.6251193,-0.43329516,-0.1099979,0.41513953,0.5073142,-0.10536224,-0.24489024,-0.28304064,-0.13724332,-0.6211857,-0.4448344,-0.13019781,0.44087687,0.50546455,-0.10276171,-0.25299945,-0.28908157,-0.12965938,-0.61644244,-0.45457068,-0.14903851,0.45859784,0.38256818,0.13646759,0.46402225,0.38256818,0.13646759,0.46402225,0.39236596,0.14768331,0.46752346,0.39236596,0.14768331,0.46752346
0.3,0.498943,0.5073142,-0.10536224,-0.24489024,-0.28304064,-0.13724332,-0.6211857,-0.4448344,-0.13019781,0.44087687,0.5107737,-0.09965105,-0.21722272,-0.26273304,-0.173173,-0.6329266,-0.40761793,-0.06816808,0.3602251,0.5083248,-0.10332047,-0.23639053,-0.27668452,-0.14917316,-0.6251193,-0.43329516,-0.1099979,0.41513953,0.5073142,-0.10536224,-0.24489024,-0.28304064,-0.13724332,-0.6211857,-0.4448344,-0.13019781,0.44087687,0.50546455,-0.10276171,-0.25299945,-0.28908157,-0.12965938,-0.61644244,-0.45457068,-0.14903851,0.45859784,0.38256818,0.13646759,0.46402225,0.38256818,0.13646759,0.46402225,0.39236596,0.14768331,0.46752346,0.39236596,0.14768331,0.46752346
0.5,0.475404,0.5073142,-0.10536224,-0.24489024,-0.28304064,-0.13724332,-0.6211857,-0.4448344,-0.13019781,0.44087687,0.5107737,-0.09965105,-0.21722272,-0.26273304,-0.173173,-0.6329266,-0.40761793,-0.06816808,0.3602251,0.5083248,-0.10332047,-0.23639053,-0.27668452,-0.14917316,-0.6251193,-0.43329516,-0.1099979,0.41513953,0.5073142,-0.10536224,-0.24489024,-0.28304064,-0.13724332,-0.6211857,-0.4448344,-0.13019781,0.44087687,0.50546455,-0.10276171,-0.25299945,-0.28908157,-0.12965938,-0.61644244,-0.45457068,-0.14903851,0.45859784,0.38256818,0.13646759,0.46402225,0.38256818,0.13646759,0.46402225,0.39236596,0.14768331,0.46752346,0.39236596,0.14768331,0.46752346
0.75,0.492146,0.5073142,-0.10536224,-0.24489024,-0.28304064,-0.13724332,-0.6211857,-0.4448344,-0.13019781,0.44087687,0.5107737,-0.09965105,-0.21722272,-0.26273304,-0.173173,-0.6329266,-0.40761793,-0.06816808,0.3602251,0.5083248,-0.10332047,-0.23639053,-0.27668452,-0.14917316,-0.6251193,-0.43329516,-0.1099979,0.41513953,0.5073142,-0.10536224,-0.24489024,-0.28304064,-0.13724332,-0.6211857,-0.4448344,-0.13019781,0.44087687,0.50546455,-0.10276171,-0.25299945,-0.28908157,-0.12965938,-0.61644244,-0.45457068,-0.14903851,0.45859784,0.38256818,0.13646759,0.46402225,0.38256818,0.13646759,0.46402225,0.39236596,0.14768331,0.46752346,0.39236596,0.14768331,0.46752346
1.0,0.466098,0.5073142,-0.10536224,-0.24489024,-0.28304064,-0.13724332,-0.6211857,-0.4448344,-0.13019781,0.44087687,0.5107737,-0.09965105,-0.21722272,-0.26273304,-0.173173,-0.6329266,-0.40761793,-0.06816808,0.3602251,0.5083248,-0.10332047,-0.23639053,-0.27668452,-0.14917316,-0.6251193,-0.43329516,-0.1099979,0.41513953,0.5073142,-0.10536224,-0.24489024,-0.28304064,-0.13724332,-0.6211857,-0.4448344,-0.13019781,0.44087687,0.50546455,-0.10276171,-0.25299945,-0.28908157,-0.12965938,-0.61644244,-0.45457068,-0.14903851,0.45859784,0.38256818,0.13646759,0.46402225,0.38256818,0.13646759,0.46402225,0.39236596,0.14768331,0.46752346,0.39236596,0.14768331,0.46752346
0.1,0.455174,0.5073142,-0.10536224,-0.24489024,-0.28304064,-0.13724332,-0.6211857,-0.4448344,-0.13019781,0.44087687,0.5080569,-0.10401829,-0.23876967,-0.27845463,-0.14587162,-0.6240362,-0.4366069,-0.11545964,0.42242867,0.5073142,-0.10536224,-0.24489024,-0.28304064,-0.13724332,-0.6211857,-0.4448344,-0.13019781,0.44087687,0.50546455,-0.10276171,-0.25299945,-0.28908157,-0.12965938,-0.61644244,-0.45457068,-0.14903851,0.45859784,0.50546455,-0.10276171,-0.25299945,-0.28908157,-0.12965938,-0.61644244,-0.45457068,-0.14903851,0.45859784,0.38256818,0.13646759,0.46402225,0.38256818,0.13646759,0.46402225,0.39236596,0.14768331,0.46752346,0.39236596,0.14768331,0.46752346
0.3,0.497671,0.5073142,-0.10536224,-0.24489024,-0.28304064,-0.13724332,-0.6211857,-0.4448344,-0.13019781,0.44087687,0.5080569,-0.10401829,-0.23876967,-0.27845463,-0.14587162,-0.6240362,-0.4366069,-0.11545964,0.42242867,0.5073142,-0.10536224,-0.24489024,-0.28304064,-0.13724332,-0.6211857,-0.4448344,-0.13019781,0.44087687,0.50546455,-0.10276171,-0.25299945,-0.28908157,-0.12965938,-0.61644244,-0.45457068,-0.14903851,0.45859784,0.50546455,-0.10276171,-0.25299945,-0.28908157,-0.12965938,-0.61644244,-0.45457068,-0.14903851,0.45859784,0.38256818,0.13646759,0.46402225,0.38256818,0.13646759,0.46402225,0.39236596,0.14768331,0.46752346,0.39236596,0.14768331,0.46752346
0.5,0.456465,0.5073142,-0.10536224,-0.24489024,-0.28304064,-0.13724332,-0.6211857,-0.4448344,-0.13019781,0.44087687,0.5080569,-0.10401829,-0.23876967,-0.27845463,-0.14587162,-0.6240362,-0.4366069,-0.11545964,0.42242867,0.5073142,-0.10536224,-0.24489024,-0.28304064,-0.13724332,-0.6211857,-0.4448344,-0.13019781,0.44087687,0.50546455,-0.10276171,-0.25299945,-0.28908157,-0.12965938,-0.61644244,-0.45457068,-0.14903851,0.45859784,0.50546455,-0.10276171,-0.25299945,-0.28908157,-0.12965938,-0.61644244,-0.45457068,-0.14903851,0.45859784,0.38256818,0.13646759,0.46402225,0.38256818,0.13646759,0.46402225,0.39236596,0.14768331,0.46752346,0.39236596,0.14768331,0.46752346
0.75,0.489235,0.5073142,-0.10536224,-0.24489024,-0.28304064,-0.13724332,-0.6211857,-0.4448344,-0.13019781,0.44087687,0.5080569,-0.10401829,-0.23876967,-0.27845463,-0.14587162,-0.6240362,-0.4366069,-0.11545964,0.42242867,0.5073142,-0.10536224,-0.24489024,-0.28304064,-0.13724332,-0.6211857,-0.4448344,-0.13019781,0.44087687,0.50546455,-0.10276171,-0.25299945,-0.28908157,-0.12965938,-0.61644244,-0.45457068,-0.14903851,0.45859784,0.50546455,-0.10276171,-0.25299945,-0.28908157,-0.12965938,-0.61644244,-0.45457068,-0.14903851,0.45859784,0.38256818,0.13646759,0.46402225,0.38256818,0.13646759,0.46402225,0.39236596,0.14768331,0.46752346,0.39236596,0.14768331,0.46752346
1.0,0.499502,0.5073142,-0.10536224,-0.24489024,-0.28304064,-0.13724332,-0.6211857,-0.4448344,-0.13019781,0.44087687,0.5080569,-0.10401829,-0.23876967,-0.27845463,-0.14587162,-0.6240362,-0.4366069,-0.11545964,0.42242867,0.5073142,-0.10536224,-0.24489024,-0.28304064,-0.13724332,-0.6211857,-0.4448344,-0.13019781,0.44087687,0.50546455,-0.10276171,-0.25299945,-0.28908157,-0.12965938,-0.61644244,-0.45457068,-0.14903851,0.45859784,0.50546455,-0.10276171,-0.25299945,-0.28908157,-0.12965938,-0.61644244,-0.45457068,-0.14903851,0.45859784,0.38256818,0.13646759,0.46402225,0.38256818,0.13646759,0.46402225,0.39236596,0.14768331,0.46752346,0.39236596,0.14768331,0.46752346
0.1,0.495391,0.5073142,-0.10536224,-0.24489024,-0.28304064,-0.13724332,-0.6211857,-0.4448344,-0.13019781,0.44087687,0.5107737,-0.09965105,-0.21722272,-0.26273304,-0.173173,-0.6329266,-0.40761793,-0.06816808,0.3602251,0.5083248,-0.10332047,-0.23639053,-0.27668452,-0.14917316,-0.6251193,-0.43329516,-0.1099979,0.41513953,0.5056914,-0.10350189,-0.2511181,-0.28823784,-0.13069677,-0.6173436,-0.4531633,-0.14610787,0.45642585,0.50546455,-0.10276171,-0.25299945,-0.28908157,-0.12965938,-0.61644244,-0.45457068,-0.14903851,0.45859784,0.38256818,0.13646759,0.46402225,0.38256818,0.13646759,0.46402225,0.39236596,0.14768331,0.46752346,0.39236596,0.14768331,0.46752346
0.3,0.491475,0.5073142,-0.10536224,-0.24489024,-0.28304064,-0.13724332,-0.6211857,-0.4448344,-0.13019781,0.44087687,0.5107737,-0.09965105,-0.21722272,-0.26273304,-0.173173,-0.6329266,-0.40761793,-0.06816808,0.3602251,0.5083248,-0.10332047,-0.23639053,-0.27668452,-0.14917316,-0.6251193,-0.43329516,-0.1099979,0.41513953,0.5056914,-0.10350189,-0.2511181,-0.28823784,-0.13069677,-0.6173436,-0.4531633,-0.14610787,0.45642585,0.50546455,-0.10276171,-0.25299945,-0.28908157,-0.12965938,-0.61644244,-0.45457068,-0.14903851,0.45859784,0.38256818,0.13646759,0.46402225,0.38256818,0.13646759,0.46402225,0.39236596,0.14768331,0.46752346,0.39236596,0.14768331,0.46752346
0.5,0.482664,0.5073142,-0.10536224,-0.24489024,-0.28304064,-0.13724332,-0.6211857,-0.4448344,-0.13019781,0.44087687,0.5107737,-0.09965105,-0.21722272,-0.26273304,-0.173173,-0.6329266,-0.40761793,-0.06816808,0.3602251,0.5083248,-0.10332047,-0.23639053,-0.27668452,-0.14917316,-0.6251193,-0.43329516,-0.1099979,0.41513953,0.5056914,-0.10350189,-0.2511181,-0.28823784,-0.13069677,-0.6173436,-0.4531633,-0.14610787,0.45642585,0.50546455,-0.10276171,-0.25299945,-0.28908157,-0.12965938,-0.61644244,-0.45457068,-0.14903851,0.45859784,0.38256818,0.13646759,0.46402225,0.38256818,0.13646759,0.46402225,0.39236596,0.14768331,0.46752346,0.39236596,0.14768331,0.46752346
0.75,0.474462,0.5073142,-0.10536224,-0.24489024,-0.28304064,-0.13724332,-0.6211857,-0.4448344,-0.13019781,0.44087687,0.5107737,-0.09965105,-0.21722272,-0.26273304,-0.173173,-0.6329266,-0.40761793,-0.06816808,0.3602251,0.5083248,-0.10332047,-0.23639053,-0.27668452,-0.14917316,-0.6251193,-0.43329516,-0.1099979,0.41513953,0.5056914,-0.10350189,-0.2511181,-0.28823784,-0.13069677,-0.6173436,-0.4531633,-0.14610787,0.45642585,0.50546455,-0.10276171,-0.25299945,-0.28908157,-0.12965938,-0.61644244,-0.45457068,-0.14903851,0.45859784,0.38256818,0.13646759,0.46402225,0.38256818,0.13646759,0.46402225,0.39236596,0.14768331,0.46752346,0.39236596,0.14768331,0.46752346
1.0,0.474633,0.5073142,-0.10536224,-0.24489024,-0.28304064,-0.13724332,-0.6211857,-0.4448344,-0.13019781,0.44087687,0.5107737,-0.09965105,-0.21722272,-0.26273304,-0.173173,-0.6329266,-0.40761793,-0.06816808,0.3602251,0.5083248,-0.10332047,-0.23639053,-0.27668452,-0.14917316,-0.6251193,-0.43329516,-0.1099979,0.41513953,0.5056914,-0.10350189,-0.2511181,-0.28823784,-0.13069677,-0.6173436,-0.4531633,-0.14610787,0.45642585,0.50546455,-0.10276171,-0.25299945,-0.28908157,-0.12965938,-0.61644244,-0.45457068,-0.14903851,0.45859784,0.38256818,0.13646759,0.46402225,0.38256818,0.13646759,0.46402225,0.39236596,0.14768331,0.46752346,0.39236596,0.14768331,0.46752346
0.1,0.472821,0.5073142,-0.10536224,-0.24489024,-0.28304064,-0.13724332,-0.6211857,-0.4448344,-0.13019781,0.44087687,0.5059497,-0.10422211,-0.24929276,-0.28695437,-0.13205767,-0.6183781,-0.45110038,-0.1422232,0.453058,0.5056914,-0.10350189,-0.2511181,-0.28823784,-0.13069677,-0.6173436,-0.4531633,-0.14610787,0.45642585,0.5073142,-0.10536224,-0.24489024,-0.28304064,-0.13724332,-0.6211857,-0.4448344,-0.13019781,0.44087687,0.50546455,-0.10276171,-0.25299945,-0.28908157,-0.12965938,-0.61644244,-0.45457068,-0.14903851,0.45859784,0.38256818,0.13646759,0.46402225,0.38256818,0.13646759,0.46402225,0.39236596,0.14768331,0.46752346,0.39236596,0.14768331,0.46752346
0.3,0.479146,0.5073142,-0.10536224,-0.24489024,-0.28304064,-0.13724332,-0.6211857,-0.4448344,-0.13019781,0.44087687,0.5059497,-0.10422211,-0.24929276,-0.28695437,-0.13205767,-0.6183781,-0.45110038,-0.1422232,0.453058,0.5056914,-0.10350189,-0.2511181,-0.28823784,-0.13069677,-0.6173436,-0.4531633,-0.14610787,0.45642585,0.5073142,-0.10536224,-0.24489024,-0.28304064,-0.13724332,-0.6211857,-0.4448344,-0.13019781,0.44087687,0.50546455,-0.10276171,-0.25299945,-0.28908157,-0.12965938,-0.61644244,-0.45457068,-0.14903851,0.45859784,0.38256818,0.13646759,0.46402225,0.38256818,0.13646759,0.46402225,0.39236596,0.14768331,0.46752346,0.39236596,0.14768331,0.46752346
0.5,0.473994,0.5073142,-0.10536224,-0.24489024,-0.28304064,-0.13724332,-0.6211857,-0.4448344,-0.13019781,0.44087687,0.5059497,-0.10422211,-0.24929276,-0.28695437,-0.13205767,-0.6183781,-0.45110038,-0.1422232,0.453058,0.5056914,-0.10350189,-0.2511181,-0.28823784,-0.13069677,-0.6173436,-0.4531633,-0.14610787,0.45642585,0.5073142,-0.10536224,-0.24489024,-0.28304064,-0.13724332,-0.6211857,-0.4448344,-0.13019781,0.44087687,0.50546455,-0.10276171,-0.25299945,-0.28908157,-0.12965938,-0.61644244,-0.45457068,-0.14903851,0.45859784,0.38256818,0.13646759,0.46402225,0.38256818,0.13646759,0.46402225,0.39236596,0.14768331,0.46752346,0.39236596,0.14768331,0.46752346
0.75,0.47241,0.5073142,-0.10536224,-0.24489024,-0.28304064,-0.13724332,-0.6211857,-0.4448344,-0.13019781,0.44087687,0.5059497,-0.10422211,-0.24929276,-0.28695437,-0.13205767,-0.6183781,-0.45110038,-0.1422232,0.453058,0.5056914,-0.10350189,-0.2511181,-0.28823784,-0.13069677,-0.6173436,-0.4531633,-0.14610787,0.45642585,0.5073142,-0.10536224,-0.24489024,-0.28304064,-0.13724332,-0.6211857,-0.4448344,-0.13019781,0.44087687,0.50546455,-0.10276171,-0.25299945,-0.28908157,-0.12965938,-0.61644244,-0.45457068,-0.14903851,0.45859784,0.38256818,0.13646759,0.46402225,0.38256818,0.13646759,0.46402225,0.39236596,0.14768331,0.46752346,0.39236596,0.14768331,0.46752346
0.875,0.473366,0.5073142,-0.10536224,-0.24489024,-0.28304064,-0.13724332,-0.6211857,-0.4448344,-0.13019781,0.44087687,0.5059497,-0.10422211,-0.24929276,-0.28695437,-0.13205767,-0.6183781,-0.45110038,-0.1422232,0.453058,0.5056914,-0.10350189,-0.2511181,-0.28823784,-0.13069677,-0.6173436,-0.4531633,-0.14610787,0.45642585,0.5073142,-0.10536224,-0.24489024,-0.28304064,-0.13724332,-0.6211857,-0.4448344,-0.13019781,0.44087687,0.50546455,-0.10276171,-0.25299945,-0.28908157,-0.12965938,-0.61644244,-0.45457068,-0.14903851,0.45859784,0.38256818,0.13646759,0.46402225,0.38256818,0.13646759,0.46402225,0.39236596,0.14768331,0.46752346,0.39236596,0.14768331,0.46752346
21.0,4.97887,0.50546527,-0.10276396,-0.25299528,-0.28908026,-0.12966096,-0.6164447,-0.45456758,-0.1490316,0.4585936,0.5059497,-0.10422211,-0.24929276,-0.28695437,-0.13205767,-0.6183781,-0.45110038,-0.1422232,0.453058,0.5056914,-0.10350189,-0.2511181,-0.28823784,-0.13069677,-0.6173436,-0.4531633,-0.14610787,0.45642585,0.50546455,-0.10276171,-0.25299945,-0.28908157,-0.12965938,-0.61644244,-0.45457068,-0.14903851,0.45859784,0.50546455,-0.10276171,-0.25299945,-0.28908157,-0.12965938,-0.61644244,-0.45457068,-0.14903851,0.45859784,0.39236596,0.14768331,0.46752346,0.38256818,0.13646759,0.46402225,0.38256818,0.13646759,0.46402225,0.39236596,0.14768331,0.46752346
22.25,2.73029,0.50546527,-0.10276396,-0.25299528,-0.28908026,-0.12966096,-0.6164447,-0.45456758,-0.1490316,0.4585936,0.5059497,-0.10422211,-0.24929276,-0.28695437,-0.13205767,-0.6183781,-0.45110038,-0.1422232,0.453058,0.5056914,-0.10350189,-0.2511181,-0.28823784,-0.13069677,-0.6173436,-0.4531633,-0.14610787,0.45642585,0.50546455,-0.10276171,-0.25299945,-0.28908157,-0.12965938,-0.61644244,-0.45457068,-0.14903851,0.45859784,0.50546455,-0.10276171,-0.25299945,-0.28908157,-0.12965938,-0.61644244,-0.45457068,-0.14903851,0.45859784,0.39236596,0.14768331,0.46752346,0.38256818,0.13646759,0.46402225,0.38256818,0.13646759,0.46402225,0.39236596,0.14768331,0.46752346
23.5,6.76661,0.50546527,-0.10276396,-0.25299528,-0.28908026,-0.12966096,-0.6164447,-0.45456758,-0.1490316,0.4585936,0.5059497,-0.10422211,-0.24929276,-0.28695437,-0.13205767,-0.6183781,-0.45110038,-0.1422232,0.453058,0.5056914,-0.10350189,-0.2511181,-0.28823784,-0.13069677,-0.6173436,-0.4531633,-0.14610787,0.45642585,0.50546455,-0.10276171,-0.25299945,-0.28908157,-0.12965938,-0.61644244,-0.45457068,-0.14903851,0.45859784,0.50546455,-0.10276171,-0.25299945,-0.28908157,-0.12965938,-0.61644244,-0.45457068,-0.14903851,0.45859784,0.39236596,0.14768331,0.46752346,0.38256818,0.13646759,0.46402225,0.38256818,0.13646759,0.46402225,0.39236596,0.14768331,0.46752346
24.0,7.1806,0.50546527,-0.10276396,-0.25299528,-0.28908026,-0.12966096,-0.6164447,-0.45456758,-0.1490316,0.4585936,0.5059497,-0.10422211,-0.24929276,-0.28695437,-0.13205767,-0.6183781,-0.45110038,-0.1422232,0.453058,0.5056914,-0.10350189,-0.2511181,-0.28823784,-0.13069677,-0.6173436,-0.4531633,-0.14610787,0.45642585,0.50546455,-0.10276171,-0.25299945,-0.28908157,-0.12965938,-0.61644244,-0.45457068,-0.14903851,0.45859784,0.50546455,-0.10276171,-0.25299945,-0.28908157,-0.12965938,-0.61644244,-0.45457068,-0.14903851,0.45859784,0.39236596,0.14768331,0.46752346,0.38256818,0.13646759,0.46402225,0.38256818,0.13646759,0.46402225,0.39236596,0.14768331,0.46752346
25.0,7.90761,0.50546527,-0.10276396,-0.25299528,-0.28908026,-0.12966096,-0.6164447,-0.45456758,-0.1490316,0.4585936,0.5059497,-0.10422211,-0.24929276,-0.28695437,-0.13205767,-0.6183781,-0.45110038,-0.1422232,0.453058,0.5056914,-0.10350189,-0.2511181,-0.28823784,-0.13069677,-0.6173436,-0.4531633,-0.14610787,0.45642585,0.50546455,-0.10276171,-0.25299945,-0.28908157,-0.12965938,-0.61644244,-0.45457068,-0.14903851,0.45859784,0.50546455,-0.10276171,-0.25299945,-0.28908157,-0.12965938,-0.61644244,-0.45457068,-0.14903851,0.45859784,0.39236596,0.14768331,0.46752346,0.38256818,0.13646759,0.46402225,0.38256818,0.13646759,0.46402225,0.39236596,0.14768331,0.46752346
3.5,277.493,0.50546527,-0.10276396,-0.25299528,-0.28908026,-0.12966096,-0.6164447,-0.45456758,-0.1490316,0.4585936,0.5080569,-0.10401829,-0.23876967,-0.27845463,-0.14587162,-0.6240362,-0.4366069,-0.11545964,0.42242867,0.5073142,-0.10536224,-0.24489024,-0.28304064,-0.13724332,-0.6211857,-0.4448344,-0.13019781,0.44087687,0.50546455,-0.10276171,-0.25299945,-0.28908157,-0.12965938,-0.61644244,-0.45457068,-0.14903851,0.45859784,0.50546455,-0.10276171,-0.25299945,-0.28908157,-0.12965938,-0.61644244,-0.45457068,-0.14903851,0.45859784,0.39236596,0.14768331,0.46752346,0.38256818,0.13646759,0.46402225,0.38256818,0.13646759,0.46402225,0.39236596,0.14768331,0.46752346
3.75,275.328,0.50546527,-0.10276396,-0.25299528,-0.28908026,-0.12966096,-0.6164447,-0.45456758,-0.1490316,0.4585936,0.5080569,-0.10401829,-0.23876967,-0.27845463,-0.14587162,-0.6240362,-0.4366069,-0.11545964,0.42242867,0.5073142,-0.10536224,-0.24489024,-0.28304064,-0.13724332,-0.6211857,-0.4448344,-0.13019781,0.44087687,0.50546455,-0.10276171,-0.25299945,-0.28908157,-0.12965938,-0.61644244,-0.45457068,-0.14903851,0.45859784,0.50546455,-0.10276171,-0.25299945,-0.28908157,-0.12965938,-0.61644244,-0.45457068,-0.14903851,0.45859784,0.39236596,0.14768331,0.46752346,0.38256818,0.13646759,0.46402225,0.38256818,0.13646759,0.46402225,0.39236596,0.14768331,0.46752346
4.0,273.617,0.50546527,-0.10276396,-0.25299528,-0.28908026,-0.12966096,-0.6164447,-0.45456758,-0.1490316,0.4585936,0.5080569,-0.10401829,-0.23876967,-0.27845463,-0.14587162,-0.6240362,-0.4366069,-0.11545964,0.42242867,0.5073142,-0.10536224,-0.24489024,-0.28304064,-0.13724332,-0.6211857,-0.4448344,-0.13019781,0.44087687,0.50546455,-0.10276171,-0.25299945,-0.28908157,-0.12965938,-0.61644244,-0.45457068,-0.14903851,0.45859784,0.50546455,-0.10276171,-0.25299945,-0.28908157,-0.12965938,-0.61644244,-0.45457068,-0.14903851,0.45859784,0.39236596,0.14768331,0.46752346,0.38256818,0.13646759,0.46402225,0.38256818,0.13646759,0.46402225,0.39236596,0.14768331,0.46752346
4.25,282.652,0.50546527,-0.10276396,-0.25299528,-0.28908026,-0.12966096,-0.6164447,-0.45456758,-0.1490316,0.4585936,0.5080569,-0.10401829,-0.23876967,-0.27845463,-0.14587162,-0.6240362,-0.4366069,-0.11545964,0.42242867,0.5073142,-0.10536224,-0.24489024,-0.28304064,-0.13724332,-0.6211857,-0.4448344,-0.13019781,0.44087687,0.50546455,-0.10276171,-0.25299945,-0.28908157,-0.12965938,-0.61644244,-0.45457068,-0.14903851,0.45859784,0.50546455,-0.10276171,-0.25299945,-0.28908157,-0.12965938,-0.61644244,-0.45457068,-0.14903851,0.45859784,0.39236596,0.14768331,0.46752346,0.38256818,0.13646759,0.46402225,0.38256818,0.13646759,0.46402225,0.39236596,0.14768331,0.46752346
4.5,273.599,0.50546527,-0.10276396,-0.25299528,-0.28908026,-0.12966096,-0.6164447,-0.45456758,-0.1490316,0.4585936,0.5080569,-0.10401829,-0.23876967,-0.27845463,-0.14587162,-0.6240362,-0.4366069,-0.11545964,0.42242867,0.5073142,-0.10536224,-0.24489024,-0.28304064,-0.13724332,-0.6211857,-0.4448344,-0.13019781,0.44087687,0.50546455,-0.10276171,-0.25299945,-0.28908157,-0.12965938,-0.61644244,-0.45457068,-0.14903851,0.45859784,0.50546455,-0.10276171,-0.25299945,-0.28908157,-0.12965938,-0.61644244,-0.45457068,-0.14903851,0.45859784,0.39236596,0.14768331,0.46752346,0.38256818,0.13646759,0.46402225,0.38256818,0.13646759,0.46402225,0.39236596,0.14768331,0.46752346
25.0,4.68517,0.50546527,-0.10276396,-0.25299528,-0.28908026,-0.12966096,-0.6164447,-0.45456758,-0.1490316,0.4585936,0.5059497,-0.10422211,-0.24929276,-0.28695437,-0.13205767,-0.6183781,-0.45110038,-0.1422232,0.453058,0.5056914,-0.10350189,-0.2511181,-0.28823784,-0.13069677,-0.6173436,-0.4531633,-0.14610787,0.45642585,0.50546527,-0.10276396,-0.25299528,-0.28908026,-0.12966096,-0.6164447,-0.45456758,-0.1490316,0.4585936,0.50546455,-0.10276171,-0.25299945,-0.28908157,-0.12965938,-0.61644244,-0.45457068,-0.14903851,0.45859784,0.39236596,0.14768331,0.46752346,0.38256818,0.13646759,0.46402225,0.38256818,0.13646759,0.46402225,0.39236596,0.14768331,0.46752346
35.0,18.7144,0.50546527,-0.10276396,-0.25299528,-0.28908026,-0.12966096,-0.6164447,-0.45456758,-0.1490316,0.4585936,0.5059497,-0.10422211,-0.24929276,-0.28695437,-0.13205767,-0.6183781,-0.45110038,-0.1422232,0.453058,0.5056914,-0.10350189,-0.2511181,-0.28823784,-0.13069677,-0.6173436,-0.4531633,-0.14610787,0.45642585,0.50546527,-0.10276396,-0.25299528,-0.28908026,-0.12966096,-0.6164447,-0.45456758,-0.1490316,0.4585936,0.50546455,-0.10276171,-0.25299945,-0.28908157,-0.12965938,-0.61644244,-0.45457068,-0.14903851,0.45859784,0.39236596,0.14768331,0.46752346,0.38256818,0.13646759,0.46402225,0.38256818,0.13646759,0.46402225,0.39236596,0.14768331,0.46752346
42.5,30.8028,0.50546527,-0.10276396,-0.25299528,-0.28908026,-0.12966096,-0.6164447,-0.45456758,-0.1490316,0.4585936,0.5059497,-0.10422211,-0.24929276,-0.28695437,-0.13205767,-0.6183781,-0.45110038,-0.1422232,0.453058,0.5056914,-0.10350189,-0.2511181,-0.28823784,-0.13069677,-0.6173436,-0.4531633,-0.14610787,0.45642585,0.50546527,-0.10276396,-0.25299528,-0.28908026,-0.12966096,-0.6164447,-0.45456758,-0.1490316,0.4585936,0.50546455,-0.10276171,-0.25299945,-0.28908157,-0.12965938,-0.61644244,-0.45457068,-0.14903851,0.45859784,0.39236596,0.14768331,0.46752346,0.38256818,0.13646759,0.46402225,0.38256818,0.13646759,0.46402225,0.39236596,0.14768331,0.46752346
50.0,47.9141,0.50546527,-0.10276396,-0.25299528,-0.28908026,-0.12966096,-0.6164447,-0.45456758,-0.1490316,0.4585936,0.5059497,-0.10422211,-0.24929276,-0.28695437,-0.13205767,-0.6183781,-0.45110038,-0.1422232,0.453058,0.5056914,-0.10350189,-0.2511181,-0.28823784,-0.13069677,-0.6173436,-0.4531633,-0.14610787,0.45642585,0.50546527,-0.10276396,-0.25299528,-0.28908026,-0.12966096,-0.6164447,-0.45456758,-0.1490316,0.4585936,0.50546455,-0.10276171,-0.25299945,-0.28908157,-0.12965938,-0.61644244,-0.45457068,-0.14903851,0.45859784,0.39236596,0.14768331,0.46752346,0.38256818,0.13646759,0.46402225,0.38256818,0.13646759,0.46402225,0.39236596,0.14768331,0.46752346
62.5,110.806,0.50546527,-0.10276396,-0.25299528,-0.28908026,-0.12966096,-0.6164447,-0.45456758,-0.1490316,0.4585936,0.5059497,-0.10422211,-0.24929276,-0.28695437,-0.13205767,-0.6183781,-0.45110038,-0.1422232,0.453058,0.5056914,-0.10350189,-0.2511181,-0.28823784,-0.13069677,-0.6173436,-0.4531633,-0.14610787,0.45642585,0.50546527,-0.10276396,-0.25299528,-0.28908026,-0.12966096,-0.6164447,-0.45456758,-0.1490316,0.4585936,0.50546455,-0.10276171,-0.25299945,-0.28908157,-0.12965938,-0.61644244,-0.45457068,-0.14903851,0.45859784,0.39236596,0.14768331,0.46752346,0.38256818,0.13646759,0.46402225,0.38256818,0.13646759,0.46402225,0.39236596,0.14768331,0.46752346
1.0,0.477784,0.50553393,-0.10297645,-0.2525705,-0.28892446,-0.12984939,-0.6166743,-0.45425066,-0.14833957,0.45814753,0.5107737,-0.09965105,-0.21722272,-0.26273304,-0.173173,-0.6329266,-0.40761793,-0.06816808,0.3602251,0.5083248,-0.10332047,-0.23639053,-0.27668452,-0.14917316,-0.6251193,-0.43329516,-0.1099979,0.41513953,0.50546455,-0.10276171,-0.25299945,-0.28908157,-0.12965938,-0.61644244,-0.45457068,-0.14903851,0.45859784,0.50546455,-0.10276171,-0.25299945,-0.28908157,-0.12965938,-0.61644244,-0.45457068,-0.14903851,0.45859784,0.39236596,0.14768331,0.46752346,0.38256818,0.13646759,0.46402225,0.38256818,0.13646759,0.46402225,0.39236596,0.14768331,0.46752346
1.5,0.480215,0.50553393,-0.10297645,-0.2525705,-0.28892446,-0.12984939,-0.6166743,-0.45425066,-0.14833957,0.45814753,0.5107737,-0.09965105,-0.21722272,-0.26273304,-0.173173,-0.6329266,-0.40761793,-0.06816808,0.3602251,0.5083248,-0.10332047,-0.23639053,-0.27668452,-0.14917316,-0.6251193,-0.43329516,-0.1099979,0.41513953,0.50546455,-0.10276171,-0.25299945,-0.28908157,-0.12965938,-0.61644244,-0.45457068,-0.14903851,0.45859784,0.50546455,-0.10276171,-0.25299945,-0.28908157,-0.12965938,-0.61644244,-0.45457068,-0.14903851,0.45859784,0.39236596,0.14768331,0.46752346,0.38256818,0.13646759,0.46402225,0.38256818,0.13646759,0.46402225,0.39236596,0.14768331,0.46752346
2.5,0.500797,0.50553393,-0.10297645,-0.2525705,-0.28892446,-0.12984939,-0.6166743,-0.45425066,-0.14833957,0.45814753,0.5107737,-0.09965105,-0.21722272,-0.26273304,-0.173173,-0.6329266,-0.40761793,-0.06816808,0.3602251,0.5083248,-0.10332047,-0.23639053,-0.27668452,-0.14917316,-0.6251193,-0.43329516,-0.1099979,0.41513953,0.50546455,-0.10276171,-0.25299945,-0.28908157,-0.12965938,-0.61644244,-0.45457068,-0.14903851,0.45859784,0.50546455,-0.10276171,-0.25299945,-0.28908157,-0.12965938,-0.61644244,-0.45457068,-0.14903851,0.45859784,0.39236596,0.14768331,0.46752346,0.38256818,0.13646759,0.46402225,0.38256818,0.13646759,0.46402225,0.39236596,0.14768331,0.46752346
5.0,0.653571,0.50553393,-0.10297645,-0.2525705,-0.28892446,-0.12984939,-0.6166743,-0.45425066,-0.14833957,0.45814753,0.5107737,-0.09965105,-0.21722272,-0.26273304,-0.173173,-0.6329266,-0.40761793,-0.06816808,0.3602251,0.5083248,-0.10332047,-0.23639053,-0.27668452,-0.14917316,-0.6251193,-0.43329516,-0.1099979,0.41513953,0.50546455,-0.10276171,-0.25299945,-0.28908157,-0.12965938,-0.61644244,-0.45457068,-0.14903851,0.45859784,0.50546455,-0.10276171,-0.25299945,-0.28908157,-0.12965938,-0.61644244,-0.45457068,-0.14903851,0.45859784,0.39236596,0.14768331,0.46752346,0.38256818,0.13646759,0.46402225,0.38256818,0.13646759,0.46402225,0.39236596,0.14768331,0.46752346
10.0,1.90618,0.50553393,-0.10297645,-0.2525705,-0.28892446,-0.12984939,-0.6166743,-0.45425066,-0.14833957,0.45814753,0.5107737,-0.09965105,-0.21722272,-0.26273304,-0.173173,-0.6329266,-0.40761793,-0.06816808,0.3602251,0.5083248,-0.10332047,-0.23639053,-0.27668452,-0.14917316,-0.6251193,-0.43329516,-0.1099979,0.41513953,0.50546455,-0.10276171,-0.25299945,-0.28908157,-0.12965938,-0.61644244,-0.45457068,-0.14903851,0.45859784,0.50546455,-0.10276171,-0.25299945,-0.28908157,-0.12965938,-0.61644244,-0.45457068,-0.14903851,0.45859784,0.39236596,0.14768331,0.46752346,0.38256818,0.13646759,0.46402225,0.38256818,0.13646759,0.46402225,0.39236596,0.14768331,0.46752346
20.0,2.1939,0.50553393,-0.10297645,-0.2525705,-0.28892446,-0.12984939,-0.6166743,-0.45425066,-0.14833957,0.45814753,0.54595864,-0.049401656,0.064158805,-0.029591978,-0.5660535,-0.7267151,0.02243342,0.6182231,-0.5805631,0.52573913,-0.067274235,-0.08532694,-0.15651877,-0.36126548,-0.6840855,-0.19531004,0.26819196,-0.11203807,0.50546455,-0.10276171,-0.25299945,-0.28908157,-0.12965938,-0.61644244,-0.45457068,-0.14903851,0.45859784,0.50546455,-0.10276171,-0.25299945,-0.28908157,-0.12965938,-0.61644244,-0.45457068,-0.14903851,0.45859784,0.39236596,0.14768331,0.46752346,0.38256818,0.13646759,0.46402225,0.38256818,0.13646759,0.46402225,0.39236596,0.14768331,0.46752346
22.5,3.53374,0.50553393,-0.10297645,-0.2525705,-0.28892446,-0.12984939,-0.6166743,-0.45425066,-0.14833957,0.45814753,0.54595864,-0.049401656,0.064158805,-0.029591978,-0.5660535,-0.7267151,0.02243342,0.6182231,-0.5805631,0.52573913,-0.067274235,-0.08532694,-0.15651877,-0.36126548,-0.6840855,-0.19531004,0.26819196,-0.11203807,0.50546455,-0.10276171,-0.25299945,-0.28908157,-0.12965938,-0.61644244,-0.45457068,-0.14903851,0.45859784,0.50546455,-0.10276171,-0.25299945,-0.28908157,-0.12965938,-0.61644244,-0.45457068,-0.14903851,0.45859784,0.39236596,0.14768331,0.46752346,0.38256818,0.13646759,0.46402225,0.38256818,0.13646759,0.46402225,0.39236596,0.14768331,0.46752346
25.0,8.00807,0.50553393,-0.10297645,-0.2525705,-0.28892446,-0.12984939,-0.6166743,-0.45425066,-0.14833957,0.45814753,0.54595864,-0.049401656,0.064158805,-0.029591978,-0.5660535,-0.7267151,0.02243342,0.6182231,-0.5805631,0.52573913,-0.067274235,-0.08532694,-0.15651877,-0.36126548,-0.6840855,-0.19531004,0.26819196,-0.11203807,0.50546455,-0.10276171,-0.25299945,-0.28908157,-0.12965938,-0.61644244,-0.45457068,-0.14903851,0.45859784,0.50546455,-0.10276171,-0.25299945,-0.28908157,-0.12965938,-0.61644244,-0.45457068,-0.14903851,0.45859784,0.39236596,0.14768331,0.46752346,0.38256818,0.13646759,0.46402225,0.38256818,0.13646759,0.46402225,0.39236596,0.14768331,0.46752346
27.5,10.0589,0.50553393,-0.10297645,-0.2525705,-0.28892446,-0.12984939,-0.6166743,-0.45425066,-0.14833957,0.45814753,0.54595864,-0.049401656,0.064158805,-0.029591978,-0.5660535,-0.7267151,0.02243342,0.6182231,-0.5805631,0.52573913,-0.067274235,-0.08532694,-0.15651877,-0.36126548,-0.6840855,-0.19531004,0.26819196,-0.11203807,0.50546455,-0.10276171,-0.25299945,-0.28908157,-0.12965938,-0.61644244,-0.45457068,-0.14903851,0.45859784,0.50546455,-0.10276171,-0.25299945,-0.28908157,-0.12965938,-0.61644244,-0.45457068,-0.14903851,0.45859784,0.39236596,0.14768331,0.46752346,0.38256818,0.13646759,0.46402225,0.38256818,0.13646759,0.46402225,0.39236596,0.14768331,0.46752346
30.0,12.5607,0.50553393,-0.10297645,-0.2525705,-0.28892446,-0.12984939,-0.6166743,-0.45425066,-0.14833957,0.45814753,0.54595864,-0.049401656,0.064158805,-0.029591978,-0.5660535,-0.7267151,0.02243342,0.6182231,-0.5805631,0.52573913,-0.067274235,-0.08532694,-0.15651877,-0.36126548,-0.6840855,-0.19531004,0.26819196,-0.11203807,0.50546455,-0.10276171,-0.25299945,-0.28908157,-0.12965938,-0.61644244,-0.45457068,-0.14903851,0.45859784,0.50546455,-0.10276171,-0.25299945,-0.28908157,-0.12965938,-0.61644244,-0.45457068,-0.14903851,0.45859784,0.39236596,0.14768331,0.46752346,0.38256818,0.13646759,0.46402225,0.38256818,0.13646759,0.46402225,0.39236596,0.14768331,0.46752346
0.2,0.465533,0.50553393,-0.10297645,-0.2525705,-0.28892446,-0.12984939,-0.6166743,-0.45425066,-0.14833957,0.45814753,0.5059497,-0.10422211,-0.24929276,-0.28695437,-0.13205767,-0.6183781,-0.45110038,-0.1422232,0.453058,0.5056914,-0.10350189,-0.2511181,-0.28823784,-0.13069677,-0.6173436,-0.4531633,-0.14610787,0.45642585,0.50546455,-0.10276171,-0.25299945,-0.28908157,-0.12965938,-0.61644244,-0.45457068,-0.14903851,0.45859784,0.50546455,-0.10276171,-0.25299945,-0.28908157,-0.12965938,-0.61644244,-0.45457068,-0.14903851,0.45859784,0.39236596,0.14768331,0.46752346,0.38256818,0.13646759,0.46402225,0.38256818,0.13646759,0.46402225,0.39236596,0.14768331,0.46752346
0.3,0.463173,0.50553393,-0.10297645,-0.2525705,-0.28892446,-0.12984939,-0.6166743,-0.45425066,-0.14833957,0.45814753,0.5059497,-0.10422211,-0.24929276,-0.28695437,-0.13205767,-0.6183781,-0.45110038,-0.1422232,0.453058,0.5056914,-0.10350189,-0.2511181,-0.28823784,-0.13069677,-0.6173436,-0.4531633,-0.14610787,0.45642585,0.50546455,-0.10276171,-0.25299945,-0.28908157,-0.12965938,-0.61644244,-0.45457068,-0.14903851,0.45859784,0.50546455,-0.10276171,-0.25299945,-0.28908157,-0.12965938,-0.61644244,-0.45457068,-0.14903851,0.45859784,0.39236596,0.14768331,0.46752346,0.38256818,0.13646759,0.46402225,0.38256818,0.13646759,0.46402225,0.39236596,0.14768331,0.46752346
0.5,0.481495,0.50553393,-0.10297645,-0.2525705,-0.28892446,-0.12984939,-0.6166743,-0.45425066,-0.14833957,0.45814753,0.5059497,-0.10422211,-0.24929276,-0.28695437,-0.13205767,-0.6183781,-0.45110038,-0.1422232,0.453058,0.5056914,-0.10350189,-0.2511181,-0.28823784,-0.13069677,-0.6173436,-0.4531633,-0.14610787,0.45642585,0.50546455,-0.10276171,-0.25299945,-0.28908157,-0.12965938,-0.61644244,-0.45457068,-0.14903851,0.45859784,0.50546455,-0.10276171,-0.25299945,-0.28908157,-0.12965938,-0.61644244,-0.45457068,-0.14903851,0.45859784,0.39236596,0.14768331,0.46752346,0.38256818,0.13646759,0.46402225,0.38256818,0.13646759,0.46402225,0.39236596,0.14768331,0.46752346
0.75,0.473102,0.50553393,-0.10297645,-0.2525705,-0.28892446,-0.12984939,-0.6166743,-0.45425066,-0.14833957,0.45814753,0.5059497,-0.10422211,-0.24929276,-0.28695437,-0.13205767,-0.6183781,-0.45110038,-0.1422232,0.453058,0.5056914,-0.10350189,-0.2511181,-0.28823784,-0.13069677,-0.6173436,-0.4531633,-0.14610787,0.45642585,0.50546455,-0.10276171,-0.25299945,-0.28908157,-0.12965938,-0.61644244,-0.45457068,-0.14903851,0.45859784,0.50546455,-0.10276171,-0.25299945,-0.28908157,-0.12965938,-0.61644244,-0.45457068,-0.14903851,0.45859784,0.39236596,0.14768331,0.46752346,0.38256818,0.13646759,0.46402225,0.38256818,0.13646759,0.46402225,0.39236596,0.14768331,0.46752346
1.0,0.496125,0.50553393,-0.10297645,-0.2525705,-0.28892446,-0.12984939,-0.6166743,-0.45425066,-0.14833957,0.45814753,0.5059497,-0.10422211,-0.24929276,-0.28695437,-0.13205767,-0.6183781,-0.45110038,-0.1422232,0.453058,0.5056914,-0.10350189,-0.2511181,-0.28823784,-0.13069677,-0.6173436,-0.4531633,-0.14610787,0.45642585,0.50546455,-0.10276171,-0.25299945,-0.28908157,-0.12965938,-0.61644244,-0.45457068,-0.14903851,0.45859784,0.50546455,-0.10276171,-0.25299945,-0.28908157,-0.12965938,-0.61644244,-0.45457068,-0.14903851,0.45859784,0.39236596,0.14768331,0.46752346,0.38256818,0.13646759,0.46402225,0.38256818,0.13646759,0.46402225,0.39236596,0.14768331,0.46752346
1.0,0.474663,0.50553393,-0.10297645,-0.2525705,-0.28892446,-0.12984939,-0.6166743,-0.45425066,-0.14833957,0.45814753,0.5107737,-0.09965105,-0.21722272,-0.26273304,-0.173173,-0.6329266,-0.40761793,-0.06816808,0.3602251,0.5083248,-0.10332047,-0.23639053,-0.27668452,-0.14917316,-0.6251193,-0.43329516,-0.1099979,0.41513953,0.50553393,-0.10297645,-0.2525705,-0.28892446,-0.12984939,-0.6166743,-0.45425066,-0.14833957,0.45814753,0.50546455,-0.10276171,-0.25299945,-0.28908157,-0.12965938,-0.61644244,-0.45457068,-0.14903851,0.45859784,0.39236596,0.14768331,0.46752346,0.38256818,0.13646759,0.46402225,0.38256818,0.13646759,0.46402225,0.39236596,0.14768331,0.46752346
1.5,0.458128,0.50553393,-0.10297645,-0.2525705,-0.28892446,-0.12984939,-0.6166743,-0.45425066,-0.14833957,0.45814753,0.5107737,-0.09965105,-0.21722272,-0.26273304,-0.173173,-0.6329266,-0.40761793,-0.06816808,0.3602251,0.5083248,-0.10332047,-0.23639053,-0.27668452,-0.14917316,-0.6251193,-0.43329516,-0.1099979,0.41513953,0.50553393,-0.10297645,-0.2525705,-0.28892446,-0.12984939,-0.6166743,-0.45425066,-0.14833957,0.45814753,0.50546455,-0.10276171,-0.25299945,-0.28908157,-0.12965938,-0.61644244,-0.45457068,-0.14903851,0.45859784,0.39236596,0.14768331,0.46752346,0.38256818,0.13646759,0.46402225,0.38256818,0.13646759,0.46402225,0.39236596,0.14768331,0.46752346
2.0,0.474554,0.50553393,-0.10297645,-0.2525705,-0.28892446,-0.12984939,-0.6166743,-0.45425066,-0.14833957,0.45814753,0.5107737,-0.09965105,-0.21722272,-0.26273304,-0.173173,-0.6329266,-0.40761793,-0.06816808,0.3602251,0.5083248,-0.10332047,-0.23639053,-0.27668452,-0.14917316,-0.6251193,-0.43329516,-0.1099979,0.41513953,0.50553393,-0.10297645,-0.2525705,-0.28892446,-0.12984939,-0.6166743,-0.45425066,-0.14833957,0.45814753,0.50546455,-0.10276171,-0.25299945,-0.28908157,-0.12965938,-0.61644244,-0.45457068,-0.14903851,0.45859784,0.39236596,0.14768331,0.46752346,0.38256818,0.13646759,0.46402225,0.38256818,0.13646759,0.46402225,0.39236596,0.14768331,0.46752346
5.0,0.678068,0.50553393,-0.10297645,-0.2525705,-0.28892446,-0.12984939,-0.6166743,-0.45425066,-0.14833957,0.45814753,0.5107737,-0.09965105,-0.21722272,-0.26273304,-0.173173,-0.6329266,-0.40761793,-0.06816808,0.3602251,0.5083248,-0.10332047,-0.23639053,-0.27668452,-0.14917316,-0.6251193,-0.43329516,-0.1099979,0.41513953,0.50553393,-0.10297645,-0.2525705,-0.28892446,-0.12984939,-0.6166743,-0.45425066,-0.14833957,0.45814753,0.50546455,-0.10276171,-0.25299945,-0.28908157,-0.12965938,-0.61644244,-0.45457068,-0.14903851,0.45859784,0.39236596,0.14768331,0.46752346,0.38256818,0.13646759,0.46402225,0.38256818,0.13646759,0.46402225,0.39236596,0.14768331,0.46752346
10.0,1.91118,0.50553393,-0.10297645,-0.2525705,-0.28892446,-0.12984939,-0.6166743,-0.45425066,-0.14833957,0.45814753,0.5107737,-0.09965105,-0.21722272,-0.26273304,-0.173173,-0.6329266,-0.40761793,-0.06816808,0.3602251,0.5083248,-0.10332047,-0.23639053,-0.27668452,-0.14917316,-0.6251193,-0.43329516,-0.1099979,0.41513953,0.50553393,-0.10297645,-0.2525705,-0.28892446,-0.12984939,-0.6166743,-0.45425066,-0.14833957,0.45814753,0.50546455,-0.10276171,-0.25299945,-0.28908157,-0.12965938,-0.61644244,-0.45457068,-0.14903851,0.45859784,0.39236596,0.14768331,0.46752346,0.38256818,0.13646759,0.46402225,0.38256818,0.13646759,0.46402225,0.39236596,0.14768331,0.46752346
0.5,0.473436,0.50553393,-0.10297645,-0.2525705,-0.28892446,-0.12984939,-0.6166743,-0.45425066,-0.14833957,0.45814753,0.5080569,-0.10401829,-0.23876967,-0.27845463,-0.14587162,-0.6240362,-0.4366069,-0.11545964,0.42242867,0.5073142,-0.10536224,-0.24489024,-0.28304064,-0.13724332,-0.6211857,-0.4448344,-0.13019781,0.44087687,0.50546455,-0.10276171,-0.25299945,-0.28908157,-0.12965938,-0.61644244,-0.45457068,-0.14903851,0.45859784,0.50546455,-0.10276171,-0.25299945,-0.28908157,-0.12965938,-0.61644244,-0.45457068,-0.14903851,0.45859784,0.39236596,0.14768331,0.46752346,0.38256818,0.13646759,0.46402225,0.38256818,0.13646759,0.46402225,0.39236596,0.14768331,0.46752346
0.75,0.465534,0.50553393,-0.10297645,-0.2525705,-0.28892446,-0.12984939,-0.6166743,-0.45425066,-0.14833957,0.45814753,0.5080569,-0.10401829,-0.23876967,-0.27845463,-0.14587162,-0.6240362,-0.4366069,-0.11545964,0.42242867,0.5073142,-0.10536224,-0.24489024,-0.28304064,-0.13724332,-0.6211857,-0.4448344,-0.13019781,0.44087687,0.50546455,-0.10276171,-0.25299945,-0.28908157,-0.12965938,-0.61644244,-0.45457068,-0.14903851,0.45859784,0.50546455,-0.10276171,-0.25299945,-0.28908157,-0.12965938,-0.61644244,-0.45457068,-0.14903851,0.45859784,0.39236596,0.14768331,0.46752346,0.38256818,0.13646759,0.46402225,0.38256818,0.13646759,0.46402225,0.39236596,0.14768331,0.46752346
1.0,0.469154,0.50553393,-0.10297645,-0.2525705,-0.28892446,-0.12984939,-0.6166743,-0.45425066,-0.14833957,0.45814753,0.5080569,-0.10401829,-0.23876967,-0.27845463,-0.14587162,-0.6240362,-0.4366069,-0.11545964,0.42242867,0.5073142,-0.10536224,-0.24489024,-0.28304064,-0.13724332,-0.6211857,-0.4448344,-0.13019781,0.44087687,0.50546455,-0.10276171,-0.25299945,-0.28908157,-0.12965938,-0.61644244,-0.45457068,-0.14903851,0.45859784,0.50546455,-0.10276171,-0.25299945,-0.28908157,-0.12965938,-0.61644244,-0.45457068,-0.14903851,0.45859784,0.39236596,0.14768331,0.46752346,0.38256818,0.13646759,0.46402225,0.38256818,0.13646759,0.46402225,0.39236596,0.14768331,0.46752346
1.25,0.480752,0.50553393,-0.10297645,-0.2525705,-0.28892446,-0.12984939,-0.6166743,-0.45425066,-0.14833957,0.45814753,0.5080569,-0.10401829,-0.23876967,-0.27845463,-0.14587162,-0.6240362,-0.4366069,-0.11545964,0.42242867,0.5073142,-0.10536224,-0.24489024,-0.28304064,-0.13724332,-0.6211857,-0.4448344,-0.13019781,0.44087687,0.50546455,-0.10276171,-0.25299945,-0.28908157,-0.12965938,-0.61644244,-0.45457068,-0.14903851,0.45859784,0.50546455,-0.10276171,-0.25299945,-0.28908157,-0.12965938,-0.61644244,-0.45457068,-0.14903851,0.45859784,0.39236596,0.14768331,0.46752346,0.38256818,0.13646759,0.46402225,0.38256818,0.13646759,0.46402225,0.39236596,0.14768331,0.46752346
1.5,0.474043,0.50553393,-0.10297645,-0.2525705,-0.28892446,-0.12984939,-0.6166743,-0.45425066,-0.14833957,0.45814753,0.5080569,-0.10401829,-0.23876967,-0.27845463,-0.14587162,-0.6240362,-0.4366069,-0.11545964,0.42242867,0.5073142,-0.10536224,-0.24489024,-0.28304064,-0.13724332,-0.6211857,-0.4448344,-0.13019781,0.44087687,0.50546455,-0.10276171,-0.25299945,-0.28908157,-0.12965938,-0.61644244,-0.45457068,-0.14903851,0.45859784,0.50546455,-0.10276171,-0.25299945,-0.28908157,-0.12965938,-0.61644244,-0.45457068,-0.14903851,0.45859784,0.39236596,0.14768331,0.46752346,0.38256818,0.13646759,0.46402225,0.38256818,0.13646759,0.46402225,0.39236596,0.14768331,0.46752346
1.0,0.466552,0.50553393,-0.10297645,-0.2525705,-0.28892446,-0.12984939,-0.6166743,-0.45425066,-0.14833957,0.45814753,0.5107737,-0.09965105,-0.21722272,-0.26273304,-0.173173,-0.6329266,-0.40761793,-0.06816808,0.3602251,0.5083248,-0.10332047,-0.23639053,-0.27668452,-0.14917316,-0.6251193,-0.43329516,-0.1099979,0.41513953,0.5056914,-0.10350189,-0.2511181,-0.28823784,-0.13069677,-0.6173436,-0.4531633,-0.14610787,0.45642585,0.50546455,-0.10276171,-0.25299945,-0.28908157,-0.12965938,-0.61644244,-0.45457068,-0.14903851,0.45859784,0.39236596,0.14768331,0.46752346,0.38256818,0.13646759,0.46402225,0.38256818,0.13646759,0.46402225,0.39236596,0.14768331,0.46752346
1.5,0.47912,0.50553393,-0.10297645,-0.2525705,-0.28892446,-0.12984939,-0.6166743,-0.45425066,-0.14833957,0.45814753,0.5107737,-0.09965105,-0.21722272,-0.26273304,-0.173173,-0.6329266,-0.40761793,-0.06816808,0.3602251,0.5083248,-0.10332047,-0.23639053,-0.27668452,-0.14917316,-0.6251193,-0.43329516,-0.1099979,0.41513953,0.5056914,-0.10350189,-0.2511181,-0.28823784,-0.13069677,-0.6173436,-0.4531633,-0.14610787,0.45642585,0.50546455,-0.10276171,-0.25299945,-0.28908157,-0.12965938,-0.61644244,-0.45457068,-0.14903851,0.45859784,0.39236596,0.14768331,0.46752346,0.38256818,0.13646759,0.46402225,0.38256818,0.13646759,0.46402225,0.39236596,0.14768331,0.46752346
2.0,0.491397,0.50553393,-0.10297645,-0.2525705,-0.28892446,-0.12984939,-0.6166743,-0.45425066,-0.14833957,0.45814753,0.5107737,-0.09965105,-0.21722272,-0.26273304,-0.173173,-0.6329266,-0.40761793,-0.06816808,0.3602251,0.5083248,-0.10332047,-0.23639053,-0.27668452,-0.14917316,-0.6251193,-0.43329516,-0.1099979,0.41513953,0.5056914,-0.10350189,-0.2511181,-0.28823784,-0.13069677,-0.6173436,-0.4531633,-0.14610787,0.45642585,0.50546455,-0.10276171,-0.25299945,-0.28908157,-0.12965938,-0.61644244,-0.45457068,-0.14903851,0.45859784,0.39236596,0.14768331,0.46752346,0.38256818,0.13646759,0.46402225,0.38256818,0.13646759,0.46402225,0.39236596,0.14768331,0.46752346
5.0,0.676195,0.50553393,-0.10297645,-0.2525705,-0.28892446,-0.12984939,-0.6166743,-0.45425066,-0.14833957,0.45814753,0.5107737,-0.09965105,-0.21722272,-0.26273304,-0.173173,-0.6329266,-0.40761793,-0.06816808,0.3602251,0.5083248,-0.10332047,-0.23639053,-0.27668452,-0.14917316,-0.6251193,-0.43329516,-0.1099979,0.41513953,0.5056914,-0.10350189,-0.2511181,-0.28823784,-0.13069677,-0.6173436,-0.4531633,-0.14610787,0.45642585,0.50546455,-0.10276171,-0.25299945,-0.28908157,-0.12965938,-0.61644244,-0.45457068,-0.14903851,0.45859784,0.39236596,0.14768331,0.46752346,0.38256818,0.13646759,0.46402225,0.38256818,0.13646759,0.46402225,0.39236596,0.14768331,0.46752346
10.0,1.90359,0.50553393,-0.10297645,-0.2525705,-0.28892446,-0.12984939,-0.6166743,-0.45425066,-0.14833957,0.45814753,0.5107737,-0.09965105,-0.21722272,-0.26273304,-0.173173,-0.6329266,-0.40761793,-0.06816808,0.3602251,0.5083248,-0.10332047,-0.23639053,-0.27668452,-0.14917316,-0.6251193,-0.43329516,-0.1099979,0.41513953,0.5056914,-0.10350189,-0.2511181,-0.28823784,-0.13069677,-0.6173436,-0.4531633,-0.14610787,0.45642585,0.50546455,-0.10276171,-0.25299945,-0.28908157,-0.12965938,-0.61644244,-0.45457068,-0.14903851,0.45859784,0.39236596,0.14768331,0.46752346,0.38256818,0.13646759,0.46402225,0.38256818,0.13646759,0.46402225,0.39236596,0.14768331,0.46752346
0.5,0.470792,0.50553393,-0.10297645,-0.2525705,-0.28892446,-0.12984939,-0.6166743,-0.45425066,-0.14833957,0.45814753,0.5059497,-0.10422211,-0.24929276,-0.28695437,-0.13205767,-0.6183781,-0.45110038,-0.1422232,0.453058,0.5056914,-0.10350189,-0.2511181,-0.28823784,-0.13069677,-0.6173436,-0.4531633,-0.14610787,0.45642585,0.50553393,-0.10297645,-0.2525705,-0.28892446,-0.12984939,-0.6166743,-0.45425066,-0.14833957,0.45814753,0.50546455,-0.10276171,-0.25299945,-0.28908157,-0.12965938,-0.61644244,-0.45457068,-0.14903851,0.45859784,0.39236596,0.14768331,0.46752346,0.38256818,0.13646759,0.46402225,0.38256818,0.13646759,0.46402225,0.39236596,0.14768331,0.46752346
0.75,0.479232,0.50553393,-0.10297645,-0.2525705,-0.28892446,-0.12984939,-0.6166743,-0.45425066,-0.14833957,0.45814753,0.5059497,-0.10422211,-0.24929276,-0.28695437,-0.13205767,-0.6183781,-0.45110038,-0.1422232,0.453058,0.5056914,-0.10350189,-0.2511181,-0.28823784,-0.13069677,-0.6173436,-0.4531633,-0.14610787,0.45642585,0.50553393,-0.10297645,-0.2525705,-0.28892446,-0.12984939,-0.6166743,-0.45425066,-0.14833957,0.45814753,0.50546455,-0.10276171,-0.25299945,-0.28908157,-0.12965938,-0.61644244,-0.45457068,-0.14903851,0.45859784,0.39236596,0.14768331,0.46752346,0.38256818,0.13646759,0.46402225,0.38256818,0.13646759,0.46402225,0.39236596,0.14768331,0.46752346
1.0,0.473108,0.50553393,-0.10297645,-0.2525705,-0.28892446,-0.12984939,-0.6166743,-0.45425066,-0.14833957,0.45814753,0.5059497,-0.10422211,-0.24929276,-0.28695437,-0.13205767,-0.6183781,-0.45110038,-0.1422232,0.453058,0.5056914,-0.10350189,-0.2511181,-0.28823784,-0.13069677,-0.6173436,-0.4531633,-0.14610787,0.45642585,0.50553393,-0.10297645,-0.2525705,-0.28892446,-0.12984939,-0.6166743,-0.45425066,-0.14833957,0.45814753,0.50546455,-0.10276171,-0.25299945,-0.28908157,-0.12965938,-0.61644244,-0.45457068,-0.14903851,0.45859784,0.39236596,0.14768331,0.46752346,0.38256818,0.13646759,0.46402225,0.38256818,0.13646759,0.46402225,0.39236596,0.14768331,0.46752346
1.25,0.483482,0.50553393,-0.10297645,-0.2525705,-0.28892446,-0.12984939,-0.6166743,-0.45425066,-0.14833957,0.45814753,0.5059497,-0.10422211,-0.24929276,-0.28695437,-0.13205767,-0.6183781,-0.45110038,-0.1422232,0.453058,0.5056914,-0.10350189,-0.2511181,-0.28823784,-0.13069677,-0.6173436,-0.4531633,-0.14610787,0.45642585,0.50553393,-0.10297645,-0.2525705,-0.28892446,-0.12984939,-0.6166743,-0.45425066,-0.14833957,0.45814753,0.50546455,-0.10276171,-0.25299945,-0.28908157,-0.12965938,-0.61644244,-0.45457068,-0.14903851,0.45859784,0.39236596,0.14768331,0.46752346,0.38256818,0.13646759,0.46402225,0.38256818,0.13646759,0.46402225,0.39236596,0.14768331,0.46752346
1.5,0.487408,0.50553393,-0.10297645,-0.2525705,-0.28892446,-0.12984939,-0.6166743,-0.45425066,-0.14833957,0.45814753,0.5059497,-0.10422211,-0.24929276,-0.28695437,-0.13205767,-0.6183781,-0.45110038,-0.1422232,0.453058,0.5056914,-0.10350189,-0.2511181,-0.28823784,-0.13069677,-0.6173436,-0.4531633,-0.14610787,0.45642585,0.50553393,-0.10297645,-0.2525705,-0.28892446,-0.12984939,-0.6166743,-0.45425066,-0.14833957,0.45814753,0.50546455,-0.10276171,-0.25299945,-0.28908157,-0.12965938,-0.61644244,-0.45457068,-0.14903851,0.45859784,0.39236596,0.14768331,0.46752346,0.38256818,0.13646759,0.46402225,0.38256818,0.13646759,0.46402225,0.39236596,0.14768331,0.46752346
0.1,0.45651,0.5073142,-0.10536224,-0.24489024,-0.28304064,-0.13724332,-0.6211857,-0.4448344,-0.13019781,0.44087687,0.5107737,-0.09965105,-0.21722272,-0.26273304,-0.173173,-0.6329266,-0.40761793,-0.06816808,0.3602251,0.5083248,-0.10332047,-0.23639053,-0.27668452,-0.14917316,-0.6251193,-0.43329516,-0.1099979,0.41513953,0.50546455,-0.10276171,-0.25299945,-0.28908157,-0.12965938,-0.61644244,-0.45457068,-0.14903851,0.45859784,0.50546455,-0.10276171,-0.25299945,-0.28908157,-0.12965938,-0.61644244,-0.45457068,-0.14903851,0.45859784,0.39236596,0.14768331,0.46752346,0.38256818,0.13646759,0.46402225,0.38256818,0.13646759,0.46402225,0.39236596,0.14768331,0.46752346
0.3,0.472547,0.5073142,-0.10536224,-0.24489024,-0.28304064,-0.13724332,-0.6211857,-0.4448344,-0.13019781,0.44087687,0.5107737,-0.09965105,-0.21722272,-0.26273304,-0.173173,-0.6329266,-0.40761793,-0.06816808,0.3602251,0.5083248,-0.10332047,-0.23639053,-0.27668452,-0.14917316,-0.6251193,-0.43329516,-0.1099979,0.41513953,0.50546455,-0.10276171,-0.25299945,-0.28908157,-0.12965938,-0.61644244,-0.45457068,-0.14903851,0.45859784,0.50546455,-0.10276171,-0.25299945,-0.28908157,-0.12965938,-0.61644244,-0.45457068,-0.14903851,0.45859784,0.39236596,0.14768331,0.46752346,0.38256818,0.13646759,0.46402225,0.38256818,0.13646759,0.46402225,0.39236596,0.14768331,0.46752346
0.5,0.475639,0.5073142,-0.10536224,-0.24489024,-0.28304064,-0.13724332,-0.6211857,-0.4448344,-0.13019781,0.44087687,0.5107737,-0.09965105,-0.21722272,-0.26273304,-0.173173,-0.6329266,-0.40761793,-0.06816808,0.3602251,0.5083248,-0.10332047,-0.23639053,-0.27668452,-0.14917316,-0.6251193,-0.43329516,-0.1099979,0.41513953,0.50546455,-0.10276171,-0.25299945,-0.28908157,-0.12965938,-0.61644244,-0.45457068,-0.14903851,0.45859784,0.50546455,-0.10276171,-0.25299945,-0.28908157,-0.12965938,-0.61644244,-0.45457068,-0.14903851,0.45859784,0.39236596,0.14768331,0.46752346,0.38256818,0.13646759,0.46402225,0.38256818,0.13646759,0.46402225,0.39236596,0.14768331,0.46752346
0.75,0.455769,0.5073142,-0.10536224,-0.24489024,-0.28304064,-0.13724332,-0.6211857,-0.4448344,-0.13019781,0.44087687,0.5107737,-0.09965105,-0.21722272,-0.26273304,-0.173173,-0.6329266,-0.40761793,-0.06816808,0.3602251,0.5083248,-0.10332047,-0.23639053,-0.27668452,-0.14917316,-0.6251193,-0.43329516,-0.1099979,0.41513953,0.50546455,-0.10276171,-0.25299945,-0.28908157,-0.12965938,-0.61644244,-0.45457068,-0.14903851,0.45859784,0.50546455,-0.10276171,-0.25299945,-0.28908157,-0.12965938,-0.61644244,-0.45457068,-0.14903851,0.45859784,0.39236596,0.14768331,0.46752346,0.38256818,0.13646759,0.46402225,0.38256818,0.13646759,0.46402225,0.39236596,0.14768331,0.46752346
1.0,0.470813,0.5073142,-0.10536224,-0.24489024,-0.28304064,-0.13724332,-0.6211857,-0.4448344,-0.13019781,0.44087687,0.5107737,-0.09965105,-0.21722272,-0.26273304,-0.173173,-0.6329266,-0.40761793,-0.06816808,0.3602251,0.5083248,-0.10332047,-0.23639053,-0.27668452,-0.14917316,-0.6251193,-0.43329516,-0.1099979,0.41513953,0.50546455,-0.10276171,-0.25299945,-0.28908157,-0.12965938,-0.61644244,-0.45457068,-0.14903851,0.45859784,0.50546455,-0.10276171,-0.25299945,-0.28908157,-0.12965938,-0.61644244,-0.45457068,-0.14903851,0.45859784,0.39236596,0.14768331,0.46752346,0.38256818,0.13646759,0.46402225,0.38256818,0.13646759,0.46402225,0.39236596,0.14768331,0.46752346
0.4,0.45878,0.5073142,-0.10536224,-0.24489024,-0.28304064,-0.13724332,-0.6211857,-0.4448344,-0.13019781,0.44087687,0.54595864,-0.049401656,0.064158805,-0.029591978,-0.5660535,-0.7267151,0.02243342,0.6182231,-0.5805631,0.52573913,-0.067274235,-0.08532694,-0.15651877,-0.36126548,-0.6840855,-0.19531004,0.26819196,-0.11203807,0.50546455,-0.10276171,-0.25299945,-0.28908157,-0.12965938,-0.61644244,-0.45457068,-0.14903851,0.45859784,0.50546455,-0.10276171,-0.25299945,-0.28908157,-0.12965938,-0.61644244,-0.45457068,-0.14903851,0.45859784,0.39236596,0.14768331,0.46752346,0.38256818,0.13646759,0.46402225,0.38256818,0.13646759,0.46402225,0.39236596,0.14768331,0.46752346
0.5,0.452048,0.5073142,-0.10536224,-0.24489024,-0.28304064,-0.13724332,-0.6211857,-0.4448344,-0.13019781,0.44087687,0.54595864,-0.049401656,0.064158805,-0.029591978,-0.5660535,-0.7267151,0.02243342,0.6182231,-0.5805631,0.52573913,-0.067274235,-0.08532694,-0.15651877,-0.36126548,-0.6840855,-0.19531004,0.26819196,-0.11203807,0.50546455,-0.10276171,-0.25299945,-0.28908157,-0.12965938,-0.61644244,-0.45457068,-0.14903851,0.45859784,0.50546455,-0.10276171,-0.25299945,-0.28908157,-0.12965938,-0.61644244,-0.45457068,-0.14903851,0.45859784,0.39236596,0.14768331,0.46752346,0.38256818,0.13646759,0.46402225,0.38256818,0.13646759,0.46402225,0.39236596,0.14768331,0.46752346
0.75,0.481509,0.5073142,-0.10536224,-0.24489024,-0.28304064,-0.13724332,-0.6211857,-0.4448344,-0.13019781,0.44087687,0.54595864,-0.049401656,0.064158805,-0.029591978,-0.5660535,-0.7267151,0.02243342,0.6182231,-0.5805631,0.52573913,-0.067274235,-0.08532694,-0.15651877,-0.36126548,-0.6840855,-0.19531004,0.26819196,-0.11203807,0.50546455,-0.10276171,-0.25299945,-0.28908157,-0.12965938,-0.61644244,-0.45457068,-0.14903851,0.45859784,0.50546455,-0.10276171,-0.25299945,-0.28908157,-0.12965938,-0.61644244,-0.45457068,-0.14903851,0.45859784,0.39236596,0.14768331,0.46752346,0.38256818,0.13646759,0.46402225,0.38256818,0.13646759,0.46402225,0.39236596,0.14768331,0.46752346
1.0,0.476104,0.5073142,-0.10536224,-0.24489024,-0.28304064,-0.13724332,-0.6211857,-0.4448344,-0.13019781,0.44087687,0.54595864,-0.049401656,0.064158805,-0.029591978,-0.5660535,-0.7267151,0.02243342,0.6182231,-0.5805631,0.52573913,-0.067274235,-0.08532694,-0.15651877,-0.36126548,-0.6840855,-0.19531004,0.26819196,-0.11203807,0.50546455,-0.10276171,-0.25299945,-0.28908157,-0.12965938,-0.61644244,-0.45457068,-0.14903851,0.45859784,0.50546455,-0.10276171,-0.25299945,-0.28908157,-0.12965938,-0.61644244,-0.45457068,-0.14903851,0.45859784,0.39236596,0.14768331,0.46752346,0.38256818,0.13646759,0.46402225,0.38256818,0.13646759,0.46402225,0.39236596,0.14768331,0.46752346
1.5,0.486814,0.5073142,-0.10536224,-0.24489024,-0.28304064,-0.13724332,-0.6211857,-0.4448344,-0.13019781,0.44087687,0.54595864,-0.049401656,0.064158805,-0.029591978,-0.5660535,-0.7267151,0.02243342,0.6182231,-0.5805631,0.52573913,-0.067274235,-0.08532694,-0.15651877,-0.36126548,-0.6840855,-0.19531004,0.26819196,-0.11203807,0.50546455,-0.10276171,-0.25299945,-0.28908157,-0.12965938,-0.61644244,-0.45457068,-0.14903851,0.45859784,0.50546455,-0.10276171,-0.25299945,-0.28908157,-0.12965938,-0.61644244,-0.45457068,-0.14903851,0.45859784,0.39236596,0.14768331,0.46752346,0.38256818,0.13646759,0.46402225,0.38256818,0.13646759,0.46402225,0.39236596,0.14768331,0.46752346
0.1,0.459645,0.5073142,-0.10536224,-0.24489024,-0.28304064,-0.13724332,-0.6211857,-0.4448344,-0.13019781,0.44087687,0.5059497,-0.10422211,-0.24929276,-0.28695437,-0.13205767,-0.6183781,-0.45110038,-0.1422232,0.453058,0.5056914,-0.10350189,-0.2511181,-0.28823784,-0.13069677,-0.6173436,-0.4531633,-0.14610787,0.45642585,0.50546455,-0.10276171,-0.25299945,-0.28908157,-0.12965938,-0.61644244,-0.45457068,-0.14903851,0.45859784,0.50546455,-0.10276171,-0.25299945,-0.28908157,-0.12965938,-0.61644244,-0.45457068,-0.14903851,0.45859784,0.39236596,0.14768331,0.46752346,0.38256818,0.13646759,0.46402225,0.38256818,0.13646759,0.46402225,0.39236596,0.14768331,0.46752346
0.3,0.464275,0.5073142,-0.10536224,-0.24489024,-0.28304064,-0.13724332,-0.6211857,-0.4448344,-0.13019781,0.44087687,0.5059497,-0.10422211,-0.24929276,-0.28695437,-0.13205767,-0.6183781,-0.45110038,-0.1422232,0.453058,0.5056914,-0.10350189,-0.2511181,-0.28823784,-0.13069677,-0.6173436,-0.4531633,-0.14610787,0.45642585,0.50546455,-0.10276171,-0.25299945,-0.28908157,-0.12965938,-0.61644244,-0.45457068,-0.14903851,0.45859784,0.50546455,-0.10276171,-0.25299945,-0.28908157,-0.12965938,-0.61644244,-0.45457068,-0.14903851,0.45859784,0.39236596,0.14768331,0.46752346,0.38256818,0.13646759,0.46402225,0.38256818,0.13646759,0.46402225,0.39236596,0.14768331,0.46752346
0.5,0.473129,0.5073142,-0.10536224,-0.24489024,-0.28304064,-0.13724332,-0.6211857,-0.4448344,-0.13019781,0.44087687,0.5059497,-0.10422211,-0.24929276,-0.28695437,-0.13205767,-0.6183781,-0.45110038,-0.1422232,0.453058,0.5056914,-0.10350189,-0.2511181,-0.28823784,-0.13069677,-0.6173436,-0.4531633,-0.14610787,0.45642585,0.50546455,-0.10276171,-0.25299945,-0.28908157,-0.12965938,-0.61644244,-0.45457068,-0.14903851,0.45859784,0.50546455,-0.10276171,-0.25299945,-0.28908157,-0.12965938,-0.61644244,-0.45457068,-0.14903851,0.45859784,0.39236596,0.14768331,0.46752346,0.38256818,0.13646759,0.46402225,0.38256818,0.13646759,0.46402225,0.39236596,0.14768331,0.46752346
0.75,0.462243,0.5073142,-0.10536224,-0.24489024,-0.28304064,-0.13724332,-0.6211857,-0.4448344,-0.13019781,0.44087687,0.5059497,-0.10422211,-0.24929276,-0.28695437,-0.13205767,-0.6183781,-0.45110038,-0.1422232,0.453058,0.5056914,-0.10350189,-0.2511181,-0.28823784,-0.13069677,-0.6173436,-0.4531633,-0.14610787,0.45642585,0.50546455,-0.10276171,-0.25299945,-0.28908157,-0.12965938,-0.61644244,-0.45457068,-0.14903851,0.45859784,0.50546455,-0.10276171,-0.25299945,-0.28908157,-0.12965938,-0.61644244,-0.45457068,-0.14903851,0.45859784,0.39236596,0.14768331,0.46752346,0.38256818,0.13646759,0.46402225,0.38256818,0.13646759,0.46402225,0.39236596,0.14768331,0.46752346
1.0,0.472135,0.5073142,-0.10536224,-0.24489024,-0.28304064,-0.13724332,-0.6211857,-0.4448344,-0.13019781,0.44087687,0.5059497,-0.10422211,-0.24929276,-0.28695437,-0.13205767,-0.6183781,-0.45110038,-0.1422232,0.453058,0.5056914,-0.10350189,-0.2511181,-0.28823784,-0.13069677,-0.6173436,-0.4531633,-0.14610787,0.45642585,0.50546455,-0.10276171,-0.25299945,-0.28908157,-0.12965938,-0.61644244,-0.45457068,-0.14903851,0.45859784,0.50546455,-0.10276171,-0.25299945,-0.28908157,-0.12965938,-0.61644244,-0.45457068,-0.14903851,0.45859784,0.39236596,0.14768331,0.46752346,0.38256818,0.13646759,0.46402225,0.38256818,0.13646759,0.46402225,0.39236596,0.14768331,0.46752346
0.1,0.500778,0.5073142,-0.10536224,-0.24489024,-0.28304064,-0.13724332,-0.6211857,-0.4448344,-0.13019781,0.44087687,0.5107737,-0.09965105,-0.21722272,-0.26273304,-0.173173,-0.6329266,-0.40761793,-0.06816808,0.3602251,0.5083248,-0.10332047,-0.23639053,-0.27668452,-0.14917316,-0.6251193,-0.43329516,-0.1099979,0.41513953,0.5073142,-0.10536224,-0.24489024,-0.28304064,-0.13724332,-0.6211857,-0.4448344,-0.13019781,0.44087687,0.50546455,-0.10276171,-0.25299945,-0.28908157,-0.12965938,-0.61644244,-0.45457068,-0.14903851,0.45859784,0.39236596,0.14768331,0.46752346,0.38256818,0.13646759,0.46402225,0.38256818,0.13646759,0.46402225,0.39236596,0.14768331,0.46752346
0.3,0.470437,0.5073142,-0.10536224,-0.24489024,-0.28304064,-0.13724332,-0.6211857,-0.4448344,-0.13019781,0.44087687,0.5107737,-0.09965105,-0.21722272,-0.26273304,-0.173173,-0.6329266,-0.40761793,-0.06816808,0.3602251,0.5083248,-0.10332047,-0.23639053,-0.27668452,-0.14917316,-0.6251193,-0.43329516,-0.1099979,0.41513953,0.5073142,-0.10536224,-0.24489024,-0.28304064,-0.13724332,-0.6211857,-0.4448344,-0.13019781,0.44087687,0.50546455,-0.10276171,-0.25299945,-0.28908157,-0.12965938,-0.61644244,-0.45457068,-0.14903851,0.45859784,0.39236596,0.14768331,0.46752346,0.38256818,0.13646759,0.46402225,0.38256818,0.13646759,0.46402225,0.39236596,0.14768331,0.46752346
0.5,0.466932,0.5073142,-0.10536224,-0.24489024,-0.28304064,-0.13724332,-0.6211857,-0.4448344,-0.13019781,0.44087687,0.5107737,-0.09965105,-0.21722272,-0.26273304,-0.173173,-0.6329266,-0.40761793,-0.06816808,0.3602251,0.5083248,-0.10332047,-0.23639053,-0.27668452,-0.14917316,-0.6251193,-0.43329516,-0.1099979,0.41513953,0.5073142,-0.10536224,-0.24489024,-0.28304064,-0.13724332,-0.6211857,-0.4448344,-0.13019781,0.44087687,0.50546455,-0.10276171,-0.25299945,-0.28908157,-0.12965938,-0.61644244,-0.45457068,-0.14903851,0.45859784,0.39236596,0.14768331,0.46752346,0.38256818,0.13646759,0.46402225,0.38256818,0.13646759,0.46402225,0.39236596,0.14768331,0.46752346
0.75,0.472216,0.5073142,-0.10536224,-0.24489024,-0.28304064,-0.13724332,-0.6211857,-0.4448344,-0.13019781,0.44087687,0.5107737,-0.09965105,-0.21722272,-0.26273304,-0.173173,-0.6329266,-0.40761793,-0.06816808,0.3602251,0.5083248,-0.10332047,-0.23639053,-0.27668452,-0.14917316,-0.6251193,-0.43329516,-0.1099979,0.41513953,0.5073142,-0.10536224,-0.24489024,-0.28304064,-0.13724332,-0.6211857,-0.4448344,-0.13019781,0.44087687,0.50546455,-0.10276171,-0.25299945,-0.28908157,-0.12965938,-0.61644244,-0.45457068,-0.14903851,0.45859784,0.39236596,0.14768331,0.46752346,0.38256818,0.13646759,0.46402225,0.38256818,0.13646759,0.46402225,0.39236596,0.14768331,0.46752346
1.0,0.473503,0.5073142,-0.10536224,-0.24489024,-0.28304064,-0.13724332,-0.6211857,-0.4448344,-0.13019781,0.44087687,0.5107737,-0.09965105,-0.21722272,-0.26273304,-0.173173,-0.6329266,-0.40761793,-0.06816808,0.3602251,0.5083248,-0.10332047,-0.23639053,-0.27668452,-0.14917316,-0.6251193,-0.43329516,-0.1099979,0.41513953,0.5073142,-0.10536224,-0.24489024,-0.28304064,-0.13724332,-0.6211857,-0.4448344,-0.13019781,0.44087687,0.50546455,-0.10276171,-0.25299945,-0.28908157,-0.12965938,-0.61644244,-0.45457068,-0.14903851,0.45859784,0.39236596,0.14768331,0.46752346,0.38256818,0.13646759,0.46402225,0.38256818,0.13646759,0.46402225,0.39236596,0.14768331,0.46752346
0.1,0.479282,0.5073142,-0.10536224,-0.24489024,-0.28304064,-0.13724332,-0.6211857,-0.4448344,-0.13019781,0.44087687,0.5080569,-0.10401829,-0.23876967,-0.27845463,-0.14587162,-0.6240362,-0.4366069,-0.11545964,0.42242867,0.5073142,-0.10536224,-0.24489024,-0.28304064,-0.13724332,-0.6211857,-0.4448344,-0.13019781,0.44087687,0.50546455,-0.10276171,-0.25299945,-0.28908157,-0.12965938,-0.61644244,-0.45457068,-0.14903851,0.45859784,0.50546455,-0.10276171,-0.25299945,-0.28908157,-0.12965938,-0.61644244,-0.45457068,-0.14903851,0.45859784,0.39236596,0.14768331,0.46752346,0.38256818,0.13646759,0.46402225,0.38256818,0.13646759,0.46402225,0.39236596,0.14768331,0.46752346
0.3,0.462802,0.5073142,-0.10536224,-0.24489024,-0.28304064,-0.13724332,-0.6211857,-0.4448344,-0.13019781,0.44087687,0.5080569,-0.10401829,-0.23876967,-0.27845463,-0.14587162,-0.6240362,-0.4366069,-0.11545964,0.42242867,0.5073142,-0.10536224,-0.24489024,-0.28304064,-0.13724332,-0.6211857,-0.4448344,-0.13019781,0.44087687,0.50546455,-0.10276171,-0.25299945,-0.28908157,-0.12965938,-0.61644244,-0.45457068,-0.14903851,0.45859784,0.50546455,-0.10276171,-0.25299945,-0.28908157,-0.12965938,-0.61644244,-0.45457068,-0.14903851,0.45859784,0.39236596,0.14768331,0.46752346,0.38256818,0.13646759,0.46402225,0.38256818,0.13646759,0.46402225,0.39236596,0.14768331,0.46752346
0.5,0.466887,0.5073142,-0.10536224,-0.24489024,-0.28304064,-0.13724332,-0.6211857,-0.4448344,-0.13019781,0.44087687,0.5080569,-0.10401829,-0.23876967,-0.27845463,-0.14587162,-0.6240362,-0.4366069,-0.11545964,0.42242867,0.5073142,-0.10536224,-0.24489024,-0.28304064,-0.13724332,-0.6211857,-0.4448344,-0.13019781,0.44087687,0.50546455,-0.10276171,-0.25299945,-0.28908157,-0.12965938,-0.61644244,-0.45457068,-0.14903851,0.45859784,0.50546455,-0.10276171,-0.25299945,-0.28908157,-0.12965938,-0.61644244,-0.45457068,-0.14903851,0.45859784,0.39236596,0.14768331,0.46752346,0.38256818,0.13646759,0.46402225,0.38256818,0.13646759,0.46402225,0.39236596,0.14768331,0.46752346
0.75,0.486879,0.5073142,-0.10536224,-0.24489024,-0.28304064,-0.13724332,-0.6211857,-0.4448344,-0.13019781,0.44087687,0.5080569,-0.10401829,-0.23876967,-0.27845463,-0.14587162,-0.6240362,-0.4366069,-0.11545964,0.42242867,0.5073142,-0.10536224,-0.24489024,-0.28304064,-0.13724332,-0.6211857,-0.4448344,-0.13019781,0.44087687,0.50546455,-0.10276171,-0.25299945,-0.28908157,-0.12965938,-0.61644244,-0.45457068,-0.14903851,0.45859784,0.50546455,-0.10276171,-0.25299945,-0.28908157,-0.12965938,-0.61644244,-0.45457068,-0.14903851,0.45859784,0.39236596,0.14768331,0.46752346,0.38256818,0.13646759,0.46402225,0.38256818,0.13646759,0.46402225,0.39236596,0.14768331,0.46752346
1.0,0.48856,0.5073142,-0.10536224,-0.24489024,-0.28304064,-0.13724332,-0.6211857,-0.4448344,-0.13019781,0.44087687,0.5080569,-0.10401829,-0.23876967,-0.27845463,-0.14587162,-0.6240362,-0.4366069,-0.11545964,0.42242867,0.5073142,-0.10536224,-0.24489024,-0.28304064,-0.13724332,-0.6211857,-0.4448344,-0.13019781,0.44087687,0.50546455,-0.10276171,-0.25299945,-0.28908157,-0.12965938,-0.61644244,-0.45457068,-0.14903851,0.45859784,0.50546455,-0.10276171,-0.25299945,-0.28908157,-0.12965938,-0.61644244,-0.45457068,-0.14903851,0.45859784,0.39236596,0.14768331,0.46752346,0.38256818,0.13646759,0.46402225,0.38256818,0.13646759,0.46402225,0.39236596,0.14768331,0.46752346
0.1,0.45381,0.5073142,-0.10536224,-0.24489024,-0.28304064,-0.13724332,-0.6211857,-0.4448344,-0.13019781,0.44087687,0.5107737,-0.09965105,-0.21722272,-0.26273304,-0.173173,-0.6329266,-0.40761793,-0.06816808,0.3602251,0.5083248,-0.10332047,-0.23639053,-0.27668452,-0.14917316,-0.6251193,-0.43329516,-0.1099979,0.41513953,0.5056914,-0.10350189,-0.2511181,-0.28823784,-0.13069677,-0.6173436,-0.4531633,-0.14610787,0.45642585,0.50546455,-0.10276171,-0.25299945,-0.28908157,-0.12965938,-0.61644244,-0.45457068,-0.14903851,0.45859784,0.39236596,0.14768331,0.46752346,0.38256818,0.13646759,0.46402225,0.38256818,0.13646759,0.46402225,0.39236596,0.14768331,0.46752346
0.3,0.479031,0.5073142,-0.10536224,-0.24489024,-0.28304064,-0.13724332,-0.6211857,-0.4448344,-0.13019781,0.44087687,0.5107737,-0.09965105,-0.21722272,-0.26273304,-0.173173,-0.6329266,-0.40761793,-0.06816808,0.3602251,0.5083248,-0.10332047,-0.23639053,-0.27668452,-0.14917316,-0.6251193,-0.43329516,-0.1099979,0.41513953,0.5056914,-0.10350189,-0.2511181,-0.28823784,-0.13069677,-0.6173436,-0.4531633,-0.14610787,0.45642585,0.50546455,-0.10276171,-0.25299945,-0.28908157,-0.12965938,-0.61644244,-0.45457068,-0.14903851,0.45859784,0.39236596,0.14768331,0.46752346,0.38256818,0.13646759,0.46402225,0.38256818,0.13646759,0.46402225,0.39236596,0.14768331,0.46752346
0.5,0.463628,0.5073142,-0.10536224,-0.24489024,-0.28304064,-0.13724332,-0.6211857,-0.4448344,-0.13019781,0.44087687,0.5107737,-0.09965105,-0.21722272,-0.26273304,-0.173173,-0.6329266,-0.40761793,-0.06816808,0.3602251,0.5083248,-0.10332047,-0.23639053,-0.27668452,-0.14917316,-0.6251193,-0.43329516,-0.1099979,0.41513953,0.5056914,-0.10350189,-0.2511181,-0.28823784,-0.13069677,-0.6173436,-0.4531633,-0.14610787,0.45642585,0.50546455,-0.10276171,-0.25299945,-0.28908157,-0.12965938,-0.61644244,-0.45457068,-0.14903851,0.45859784,0.39236596,0.14768331,0.46752346,0.38256818,0.13646759,0.46402225,0.38256818,0.13646759,0.46402225,0.39236596,0.14768331,0.46752346
0.75,0.467149,0.5073142,-0.10536224,-0.24489024,-0.28304064,-0.13724332,-0.6211857,-0.4448344,-0.13019781,0.44087687,0.5107737,-0.09965105,-0.21722272,-0.26273304,-0.173173,-0.6329266,-0.40761793,-0.06816808,0.3602251,0.5083248,-0.10332047,-0.23639053,-0.27668452,-0.14917316,-0.6251193,-0.43329516,-0.1099979,0.41513953,0.5056914,-0.10350189,-0.2511181,-0.28823784,-0.13069677,-0.6173436,-0.4531633,-0.14610787,0.45642585,0.50546455,-0.10276171,-0.25299945,-0.28908157,-0.12965938,-0.61644244,-0.45457068,-0.14903851,0.45859784,0.39236596,0.14768331,0.46752346,0.38256818,0.13646759,0.46402225,0.38256818,0.13646759,0.46402225,0.39236596,0.14768331,0.46752346
1.0,0.47398,0.5073142,-0.10536224,-0.24489024,-0.28304064,-0.13724332,-0.6211857,-0.4448344,-0.13019781,0.44087687,0.5107737,-0.09965105,-0.21722272,-0.26273304,-0.173173,-0.6329266,-0.40761793,-0.06816808,0.3602251,0.5083248,-0.10332047,-0.23639053,-0.27668452,-0.14917316,-0.6251193,-0.43329516,-0.1099979,0.41513953,0.5056914,-0.10350189,-0.2511181,-0.28823784,-0.13069677,-0.6173436,-0.4531633,-0.14610787,0.45642585,0.50546455,-0.10276171,-0.25299945,-0.28908157,-0.12965938,-0.61644244,-0.45457068,-0.14903851,0.45859784,0.39236596,0.14768331,0.46752346,0.38256818,0.13646759,0.46402225,0.38256818,0.13646759,0.46402225,0.39236596,0.14768331,0.46752346
0.1,0.480274,0.5073142,-0.10536224,-0.24489024,-0.28304064,-0.13724332,-0.6211857,-0.4448344,-0.13019781,0.44087687,0.5059497,-0.10422211,-0.24929276,-0.28695437,-0.13205767,-0.6183781,-0.45110038,-0.1422232,0.453058,0.5056914,-0.10350189,-0.2511181,-0.28823784,-0.13069677,-0.6173436,-0.4531633,-0.14610787,0.45642585,0.5073142,-0.10536224,-0.24489024,-0.28304064,-0.13724332,-0.6211857,-0.4448344,-0.13019781,0.44087687,0.50546455,-0.10276171,-0.25299945,-0.28908157,-0.12965938,-0.61644244,-0.45457068,-0.14903851,0.45859784,0.39236596,0.14768331,0.46752346,0.38256818,0.13646759,0.46402225,0.38256818,0.13646759,0.46402225,0.39236596,0.14768331,0.46752346
0.3,0.477657,0.5073142,-0.10536224,-0.24489024,-0.28304064,-0.13724332,-0.6211857,-0.4448344,-0.13019781,0.44087687,0.5059497,-0.10422211,-0.24929276,-0.28695437,-0.13205767,-0.6183781,-0.45110038,-0.1422232,0.453058,0.5056914,-0.10350189,-0.2511181,-0.28823784,-0.13069677,-0.6173436,-0.4531633,-0.14610787,0.45642585,0.5073142,-0.10536224,-0.24489024,-0.28304064,-0.13724332,-0.6211857,-0.4448344,-0.13019781,0.44087687,0.50546455,-0.10276171,-0.25299945,-0.28908157,-0.12965938,-0.61644244,-0.45457068,-0.14903851,0.45859784,0.39236596,0.14768331,0.46752346,0.38256818,0.13646759,0.46402225,0.38256818,0.13646759,0.46402225,0.39236596,0.14768331,0.46752346
0.5,0.466814,0.5073142,-0.10536224,-0.24489024,-0.28304064,-0.13724332,-0.6211857,-0.4448344,-0.13019781,0.44087687,0.5059497,-0.10422211,-0.24929276,-0.28695437,-0.13205767,-0.6183781,-0.45110038,-0.1422232,0.453058,0.5056914,-0.10350189,-0.2511181,-0.28823784,-0.13069677,-0.6173436,-0.4531633,-0.14610787,0.45642585,0.5073142,-0.10536224,-0.24489024,-0.28304064,-0.13724332,-0.6211857,-0.4448344,-0.13019781,0.44087687,0.50546455,-0.10276171,-0.25299945,-0.28908157,-0.12965938,-0.61644244,-0.45457068,-0.14903851,0.45859784,0.39236596,0.14768331,0.46752346,0.38256818,0.13646759,0.46402225,0.38256818,0.13646759,0.46402225,0.39236596,0.14768331,0.46752346
0.75,0.474686,0.5073142,-0.10536224,-0.24489024,-0.28304064,-0.13724332,-0.6211857,-0.4448344,-0.13019781,0.44087687,0.5059497,-0.10422211,-0.24929276,-0.28695437,-0.13205767,-0.6183781,-0.45110038,-0.1422232,0.453058,0.5056914,-0.10350189,-0.2511181,-0.28823784,-0.13069677,-0.6173436,-0.4531633,-0.14610787,0.45642585,0.5073142,-0.10536224,-0.24489024,-0.28304064,-0.13724332,-0.6211857,-0.4448344,-0.13019781,0.44087687,0.50546455,-0.10276171,-0.25299945,-0.28908157,-0.12965938,-0.61644244,-0.45457068,-0.14903851,0.45859784,0.39236596,0.14768331,0.46752346,0.38256818,0.13646759,0.46402225,0.38256818,0.13646759,0.46402225,0.39236596,0.14768331,0.46752346
1.0,0.473661,0.5073142,-0.10536224,-0.24489024,-0.28304064,-0.13724332,-0.6211857,-0.4448344,-0.13019781,0.44087687,0.5059497,-0.10422211,-0.24929276,-0.28695437,-0.13205767,-0.6183781,-0.45110038,-0.1422232,0.453058,0.5056914,-0.10350189,-0.2511181,-0.28823784,-0.13069677,-0.6173436,-0.4531633,-0.14610787,0.45642585,0.5073142,-0.10536224,-0.24489024,-0.28304064,-0.13724332,-0.6211857,-0.4448344,-0.13019781,0.44087687,0.50546455,-0.10276171,-0.25299945,-0.28908157,-0.12965938,-0.61644244,-0.45457068,-0.14903851,0.45859784,0.39236596,0.14768331,0.46752346,0.38256818,0.13646759,0.46402225,0.38256818,0.13646759,0.46402225,0.39236596,0.14768331,0.46752346
21.0,4.9887,0.50546527,-0.10276396,-0.25299528,-0.28908026,-0.12966096,-0.6164447,-0.45456758,-0.1490316,0.4585936,0.5059497,-0.10422211,-0.24929276,-0.28695437,-0.13205767,-0.6183781,-0.45110038,-0.1422232,0.453058,0.5056914,-0.10350189,-0.2511181,-0.28823784,-0.13069677,-0.6173436,-0.4531633,-0.14610787,0.45642585,0.50546455,-0.10276171,-0.25299945,-0.28908157,-0.12965938,-0.61644244,-0.45457068,-0.14903851,0.45859784,0.50546455,-0.10276171,-0.25299945,-0.28908157,-0.12965938,-0.61644244,-0.45457068,-0.14903851,0.45859784,0.38256818,0.13646759,0.46402225,0.39236596,0.14768331,0.46752346,0.39236596,0.14768331,0.46752346,0.38256818,0.13646759,0.46402225
23.0,6.42828,0.50546527,-0.10276396,-0.25299528,-0.28908026,-0.12966096,-0.6164447,-0.45456758,-0.1490316,0.4585936,0.5059497,-0.10422211,-0.24929276,-0.28695437,-0.13205767,-0.6183781,-0.45110038,-0.1422232,0.453058,0.5056914,-0.10350189,-0.2511181,-0.28823784,-0.13069677,-0.6173436,-0.4531633,-0.14610787,0.45642585,0.50546455,-0.10276171,-0.25299945,-0.28908157,-0.12965938,-0.61644244,-0.45457068,-0.14903851,0.45859784,0.50546455,-0.10276171,-0.25299945,-0.28908157,-0.12965938,-0.61644244,-0.45457068,-0.14903851,0.45859784,0.38256818,0.13646759,0.46402225,0.39236596,0.14768331,0.46752346,0.39236596,0.14768331,0.46752346,0.38256818,0.13646759,0.46402225
25.0,7.92102,0.50546527,-0.10276396,-0.25299528,-0.28908026,-0.12966096,-0.6164447,-0.45456758,-0.1490316,0.4585936,0.5059497,-0.10422211,-0.24929276,-0.28695437,-0.13205767,-0.6183781,-0.45110038,-0.1422232,0.453058,0.5056914,-0.10350189,-0.2511181,-0.28823784,-0.13069677,-0.6173436,-0.4531633,-0.14610787,0.45642585,0.50546455,-0.10276171,-0.25299945,-0.28908157,-0.12965938,-0.61644244,-0.45457068,-0.14903851,0.45859784,0.50546455,-0.10276171,-0.25299945,-0.28908157,-0.12965938,-0.61644244,-0.45457068,-0.14903851,0.45859784,0.38256818,0.13646759,0.46402225,0.39236596,0.14768331,0.46752346,0.39236596,0.14768331,0.46752346,0.38256818,0.13646759,0.46402225
30.0,12.717,0.50546527,-0.10276396,-0.25299528,-0.28908026,-0.12966096,-0.6164447,-0.45456758,-0.1490316,0.4585936,0.5059497,-0.10422211,-0.24929276,-0.28695437,-0.13205767,-0.6183781,-0.45110038,-0.1422232,0.453058,0.5056914,-0.10350189,-0.2511181,-0.28823784,-0.13069677,-0.6173436,-0.4531633,-0.14610787,0.45642585,0.50546455,-0.10276171,-0.25299945,-0.28908157,-0.12965938,-0.61644244,-0.45457068,-0.14903851,0.45859784,0.50546455,-0.10276171,-0.25299945,-0.28908157,-0.12965938,-0.61644244,-0.45457068,-0.14903851,0.45859784,0.38256818,0.13646759,0.46402225,0.39236596,0.14768331,0.46752346,0.39236596,0.14768331,0.46752346,0.38256818,0.13646759,0.46402225
35.0,18.7053,0.50546527,-0.10276396,-0.25299528,-0.28908026,-0.12966096,-0.6164447,-0.45456758,-0.1490316,0.4585936,0.5059497,-0.10422211,-0.24929276,-0.28695437,-0.13205767,-0.6183781,-0.45110038,-0.1422232,0.453058,0.5056914,-0.10350189,-0.2511181,-0.28823784,-0.13069677,-0.6173436,-0.4531633,-0.14610787,0.45642585,0.50546455,-0.10276171,-0.25299945,-0.28908157,-0.12965938,-0.61644244,-0.45457068,-0.14903851,0.45859784,0.50546455,-0.10276171,-0.25299945,-0.28908157,-0.12965938,-0.61644244,-0.45457068,-0.14903851,0.45859784,0.38256818,0.13646759,0.46402225,0.39236596,0.14768331,0.46752346,0.39236596,0.14768331,0.46752346,0.38256818,0.13646759,0.46402225
3.5,285.871,0.50546527,-0.10276396,-0.25299528,-0.28908026,-0.12966096,-0.6164447,-0.45456758,-0.1490316,0.4585936,0.5080569,-0.10401829,-0.23876967,-0.27845463,-0.14587162,-0.6240362,-0.4366069,-0.11545964,0.42242867,0.5073142,-0.10536224,-0.24489024,-0.28304064,-0.13724332,-0.6211857,-0.4448344,-0.13019781,0.44087687,0.50546455,-0.10276171,-0.25299945,-0.28908157,-0.12965938,-0.61644244,-0.45457068,-0.14903851,0.45859784,0.50546455,-0.10276171,-0.25299945,-0.28908157,-0.12965938,-0.61644244,-0.45457068,-0.14903851,0.45859784,0.38256818,0.13646759,0.46402225,0.39236596,0.14768331,0.46752346,0.39236596,0.14768331,0.46752346,0.38256818,0.13646759,0.46402225
3.75,275.745,0.50546527,-0.10276396,-0.25299528,-0.28908026,-0.12966096,-0.6164447,-0.45456758,-0.1490316,0.4585936,0.5080569,-0.10401829,-0.23876967,-0.27845463,-0.14587162,-0.6240362,-0.4366069,-0.11545964,0.42242867,0.5073142,-0.10536224,-0.24489024,-0.28304064,-0.13724332,-0.6211857,-0.4448344,-0.13019781,0.44087687,0.50546455,-0.10276171,-0.25299945,-0.28908157,-0.12965938,-0.61644244,-0.45457068,-0.14903851,0.45859784,0.50546455,-0.10276171,-0.25299945,-0.28908157,-0.12965938,-0.61644244,-0.45457068,-0.14903851,0.45859784,0.38256818,0.13646759,0.46402225,0.39236596,0.14768331,0.46752346,0.39236596,0.14768331,0.46752346,0.38256818,0.13646759,0.46402225
4.0,277.452,0.50546527,-0.10276396,-0.25299528,-0.28908026,-0.12966096,-0.6164447,-0.45456758,-0.1490316,0.4585936,0.5080569,-0.10401829,-0.23876967,-0.27845463,-0.14587162,-0.6240362,-0.4366069,-0.11545964,0.42242867,0.5073142,-0.10536224,-0.24489024,-0.28304064,-0.13724332,-0.6211857,-0.4448344,-0.13019781,0.44087687,0.50546455,-0.10276171,-0.25299945,-0.28908157,-0.12965938,-0.61644244,-0.45457068,-0.14903851,0.45859784,0.50546455,-0.10276171,-0.25299945,-0.28908157,-0.12965938,-0.61644244,-0.45457068,-0.14903851,0.45859784,0.38256818,0.13646759,0.46402225,0.39236596,0.14768331,0.46752346,0.39236596,0.14768331,0.46752346,0.38256818,0.13646759,0.46402225
4.25,276.056,0.50546527,-0.10276396,-0.25299528,-0.28908026,-0.12966096,-0.6164447,-0.45456758,-0.1490316,0.4585936,0.5080569,-0.10401829,-0.23876967,-0.27845463,-0.14587162,-0.6240362,-0.4366069,-0.11545964,0.42242867,0.5073142,-0.10536224,-0.24489024,-0.28304064,-0.13724332,-0.6211857,-0.4448344,-0.13019781,0.44087687,0.50546455,-0.10276171,-0.25299945,-0.28908157,-0.12965938,-0.61644244,-0.45457068,-0.14903851,0.45859784,0.50546455,-0.10276171,-0.25299945,-0.28908157,-0.12965938,-0.61644244,-0.45457068,-0.14903851,0.45859784,0.38256818,0.13646759,0.46402225,0.39236596,0.14768331,0.46752346,0.39236596,0.14768331,0.46752346,0.38256818,0.13646759,0.46402225
4.5,274.062,0.50546527,-0.10276396,-0.25299528,-0.28908026,-0.12966096,-0.6164447,-0.45456758,-0.1490316,0.4585936,0.5080569,-0.10401829,-0.23876967,-0.27845463,-0.14587162,-0.6240362,-0.4366069,-0.11545964,0.42242867,0.5073142,-0.10536224,-0.24489024,-0.28304064,-0.13724332,-0.6211857,-0.4448344,-0.13019781,0.44087687,0.50546455,-0.10276171,-0.25299945,-0.28908157,-0.12965938,-0.61644244,-0.45457068,-0.14903851,0.45859784,0.50546455,-0.10276171,-0.25299945,-0.28908157,-0.12965938,-0.61644244,-0.45457068,-0.14903851,0.45859784,0.38256818,0.13646759,0.46402225,0.39236596,0.14768331,0.46752346,0.39236596,0.14768331,0.46752346,0.38256818,0.13646759,0.46402225
32.5,1495.05,0.50546527,-0.10276396,-0.25299528,-0.28908026,-0.12966096,-0.6164447,-0.45456758,-0.1490316,0.4585936,0.5107737,-0.09965105,-0.21722272,-0.26273304,-0.173173,-0.6329266,-0.40761793,-0.06816808,0.3602251,0.5083248,-0.10332047,-0.23639053,-0.27668452,-0.14917316,-0.6251193,-0.43329516,-0.1099979,0.41513953,0.5056914,-0.10350189,-0.2511181,-0.28823784,-0.13069677,-0.6173436,-0.4531633,-0.14610787,0.45642585,0.50546455,-0.10276171,-0.25299945,-0.28908157,-0.12965938,-0.61644244,-0.45457068,-0.14903851,0.45859784,0.38256818,0.13646759,0.46402225,0.39236596,0.14768331,0.46752346,0.39236596,0.14768331,0.46752346,0.38256818,0.13646759,0.46402225
37.5,1641.65,0.50546527,-0.10276396,-0.25299528,-0.28908026,-0.12966096,-0.6164447,-0.45456758,-0.1490316,0.4585936,0.5107737,-0.09965105,-0.21722272,-0.26273304,-0.173173,-0.6329266,-0.40761793,-0.06816808,0.3602251,0.5083248,-0.10332047,-0.23639053,-0.27668452,-0.14917316,-0.6251193,-0.43329516,-0.1099979,0.41513953,0.5056914,-0.10350189,-0.2511181,-0.28823784,-0.13069677,-0.6173436,-0.4531633,-0.14610787,0.45642585,0.50546455,-0.10276171,-0.25299945,-0.28908157,-0.12965938,-0.61644244,-0.45457068,-0.14903851,0.45859784,0.38256818,0.13646759,0.46402225,0.39236596,0.14768331,0.46752346,0.39236596,0.14768331,0.46752346,0.38256818,0.13646759,0.46402225
45.0,1545.45,0.50546527,-0.10276396,-0.25299528,-0.28908026,-0.12966096,-0.6164447,-0.45456758,-0.1490316,0.4585936,0.5107737,-0.09965105,-0.21722272,-0.26273304,-0.173173,-0.6329266,-0.40761793,-0.06816808,0.3602251,0.5083248,-0.10332047,-0.23639053,-0.27668452,-0.14917316,-0.6251193,-0.43329516,-0.1099979,0.41513953,0.5056914,-0.10350189,-0.2511181,-0.28823784,-0.13069677,-0.6173436,-0.4531633,-0.14610787,0.45642585,0.50546455,-0.10276171,-0.25299945,-0.28908157,-0.12965938,-0.61644244,-0.45457068,-0.14903851,0.45859784,0.38256818,0.13646759,0.46402225,0.39236596,0.14768331,0.46752346,0.39236596,0.14768331,0.46752346,0.38256818,0.13646759,0.46402225
52.5,1431.5,0.50546527,-0.10276396,-0.25299528,-0.28908026,-0.12966096,-0.6164447,-0.45456758,-0.1490316,0.4585936,0.5107737,-0.09965105,-0.21722272,-0.26273304,-0.173173,-0.6329266,-0.40761793,-0.06816808,0.3602251,0.5083248,-0.10332047,-0.23639053,-0.27668452,-0.14917316,-0.6251193,-0.43329516,-0.1099979,0.41513953,0.5056914,-0.10350189,-0.2511181,-0.28823784,-0.13069677,-0.6173436,-0.4531633,-0.14610787,0.45642585,0.50546455,-0.10276171,-0.25299945,-0.28908157,-0.12965938,-0.61644244,-0.45457068,-0.14903851,0.45859784,0.38256818,0.13646759,0.46402225,0.39236596,0.14768331,0.46752346,0.39236596,0.14768331,0.46752346,0.38256818,0.13646759,0.46402225
60.0,1451.2,0.50546527,-0.10276396,-0.25299528,-0.28908026,-0.12966096,-0.6164447,-0.45456758,-0.1490316,0.4585936,0.5107737,-0.09965105,-0.21722272,-0.26273304,-0.173173,-0.6329266,-0.40761793,-0.06816808,0.3602251,0.5083248,-0.10332047,-0.23639053,-0.27668452,-0.14917316,-0.6251193,-0.43329516,-0.1099979,0.41513953,0.5056914,-0.10350189,-0.2511181,-0.28823784,-0.13069677,-0.6173436,-0.4531633,-0.14610787,0.45642585,0.50546455,-0.10276171,-0.25299945,-0.28908157,-0.12965938,-0.61644244,-0.45457068,-0.14903851,0.45859784,0.38256818,0.13646759,0.46402225,0.39236596,0.14768331,0.46752346,0.39236596,0.14768331,0.46752346,0.38256818,0.13646759,0.46402225
26.5,9.22904,0.50546527,-0.10276396,-0.25299528,-0.28908026,-0.12966096,-0.6164447,-0.45456758,-0.1490316,0.4585936,0.5059497,-0.10422211,-0.24929276,-0.28695437,-0.13205767,-0.6183781,-0.45110038,-0.1422232,0.453058,0.5056914,-0.10350189,-0.2511181,-0.28823784,-0.13069677,-0.6173436,-0.4531633,-0.14610787,0.45642585,0.50546527,-0.10276396,-0.25299528,-0.28908026,-0.12966096,-0.6164447,-0.45456758,-0.1490316,0.4585936,0.50546455,-0.10276171,-0.25299945,-0.28908157,-0.12965938,-0.61644244,-0.45457068,-0.14903851,0.45859784,0.38256818,0.13646759,0.46402225,0.39236596,0.14768331,0.46752346,0.39236596,0.14768331,0.46752346,0.38256818,0.13646759,0.46402225
27.5,10.2316,0.50546527,-0.10276396,-0.25299528,-0.28908026,-0.12966096,-0.6164447,-0.45456758,-0.1490316,0.4585936,0.5059497,-0.10422211,-0.24929276,-0.28695437,-0.13205767,-0.6183781,-0.45110038,-0.1422232,0.453058,0.5056914,-0.10350189,-0.2511181,-0.28823784,-0.13069677,-0.6173436,-0.4531633,-0.14610787,0.45642585,0.50546527,-0.10276396,-0.25299528,-0.28908026,-0.12966096,-0.6164447,-0.45456758,-0.1490316,0.4585936,0.50546455,-0.10276171,-0.25299945,-0.28908157,-0.12965938,-0.61644244,-0.45457068,-0.14903851,0.45859784,0.38256818,0.13646759,0.46402225,0.39236596,0.14768331,0.46752346,0.39236596,0.14768331,0.46752346,0.38256818,0.13646759,0.46402225
30.0,12.8031,0.50546527,-0.10276396,-0.25299528,-0.28908026,-0.12966096,-0.6164447,-0.45456758,-0.1490316,0.4585936,0.5059497,-0.10422211,-0.24929276,-0.28695437,-0.13205767,-0.6183781,-0.45110038,-0.1422232,0.453058,0.5056914,-0.10350189,-0.2511181,-0.28823784,-0.13069677,-0.6173436,-0.4531633,-0.14610787,0.45642585,0.50546527,-0.10276396,-0.25299528,-0.28908026,-0.12966096,-0.6164447,-0.45456758,-0.1490316,0.4585936,0.50546455,-0.10276171,-0.25299945,-0.28908157,-0.12965938,-0.61644244,-0.45457068,-0.14903851,0.45859784,0.38256818,0.13646759,0.46402225,0.39236596,0.14768331,0.46752346,0.39236596,0.14768331,0.46752346,0.38256818,0.13646759,0.46402225
40.0,26.1007,0.50546527,-0.10276396,-0.25299528,-0.28908026,-0.12966096,-0.6164447,-0.45456758,-0.1490316,0.4585936,0.5059497,-0.10422211,-0.24929276,-0.28695437,-0.13205767,-0.6183781,-0.45110038,-0.1422232,0.453058,0.5056914,-0.10350189,-0.2511181,-0.28823784,-0.13069677,-0.6173436,-0.4531633,-0.14610787,0.45642585,0.50546527,-0.10276396,-0.25299528,-0.28908026,-0.12966096,-0.6164447,-0.45456758,-0.1490316,0.4585936,0.50546455,-0.10276171,-0.25299945,-0.28908157,-0.12965938,-0.61644244,-0.45457068,-0.14903851,0.45859784,0.38256818,0.13646759,0.46402225,0.39236596,0.14768331,0.46752346,0.39236596,0.14768331,0.46752346,0.38256818,0.13646759,0.46402225
50.0,50.8939,0.50546527,-0.10276396,-0.25299528,-0.28908026,-0.12966096,-0.6164447,-0.45456758,-0.1490316,0.4585936,0.5059497,-0.10422211,-0.24929276,-0.28695437,-0.13205767,-0.6183781,-0.45110038,-0.1422232,0.453058,0.5056914,-0.10350189,-0.2511181,-0.28823784,-0.13069677,-0.6173436,-0.4531633,-0.14610787,0.45642585,0.50546527,-0.10276396,-0.25299528,-0.28908026,-0.12966096,-0.6164447,-0.45456758,-0.1490316,0.4585936,0.50546455,-0.10276171,-0.25299945,-0.28908157,-0.12965938,-0.61644244,-0.45457068,-0.14903851,0.45859784,0.38256818,0.13646759,0.46402225,0.39236596,0.14768331,0.46752346,0.39236596,0.14768331,0.46752346,0.38256818,0.13646759,0.46402225
1.0,0.467769,0.50553393,-0.10297645,-0.2525705,-0.28892446,-0.12984939,-0.6166743,-0.45425066,-0.14833957,0.45814753,0.5107737,-0.09965105,-0.21722272,-0.26273304,-0.173173,-0.6329266,-0.40761793,-0.06816808,0.3602251,0.5083248,-0.10332047,-0.23639053,-0.27668452,-0.14917316,-0.6251193,-0.43329516,-0.1099979,0.41513953,0.50546455,-0.10276171,-0.25299945,-0.28908157,-0.12965938,-0.61644244,-0.45457068,-0.14903851,0.45859784,0.50546455,-0.10276171,-0.25299945,-0.28908157,-0.12965938,-0.61644244,-0.45457068,-0.14903851,0.45859784,0.38256818,0.13646759,0.46402225,0.39236596,0.14768331,0.46752346,0.39236596,0.14768331,0.46752346,0.38256818,0.13646759,0.46402225
1.25,0.485249,0.50553393,-0.10297645,-0.2525705,-0.28892446,-0.12984939,-0.6166743,-0.45425066,-0.14833957,0.45814753,0.5107737,-0.09965105,-0.21722272,-0.26273304,-0.173173,-0.6329266,-0.40761793,-0.06816808,0.3602251,0.5083248,-0.10332047,-0.23639053,-0.27668452,-0.14917316,-0.6251193,-0.43329516,-0.1099979,0.41513953,0.50546455,-0.10276171,-0.25299945,-0.28908157,-0.12965938,-0.61644244,-0.45457068,-0.14903851,0.45859784,0.50546455,-0.10276171,-0.25299945,-0.28908157,-0.12965938,-0.61644244,-0.45457068,-0.14903851,0.45859784,0.38256818,0.13646759,0.46402225,0.39236596,0.14768331,0.46752346,0.39236596,0.14768331,0.46752346,0.38256818,0.13646759,0.46402225
1.5,0.483474,0.50553393,-0.10297645,-0.2525705,-0.28892446,-0.12984939,-0.6166743,-0.45425066,-0.14833957,0.45814753,0.5107737,-0.09965105,-0.21722272,-0.26273304,-0.173173,-0.6329266,-0.40761793,-0.06816808,0.3602251,0.5083248,-0.10332047,-0.23639053,-0.27668452,-0.14917316,-0.6251193,-0.43329516,-0.1099979,0.41513953,0.50546455,-0.10276171,-0.25299945,-0.28908157,-0.12965938,-0.61644244,-0.45457068,-0.14903851,0.45859784,0.50546455,-0.10276171,-0.25299945,-0.28908157,-0.12965938,-0.61644244,-0.45457068,-0.14903851,0.45859784,0.38256818,0.13646759,0.46402225,0.39236596,0.14768331,0.46752346,0.39236596,0.14768331,0.46752346,0.38256818,0.13646759,0.46402225
2.0,0.477197,0.50553393,-0.10297645,-0.2525705,-0.28892446,-0.12984939,-0.6166743,-0.45425066,-0.14833957,0.45814753,0.5107737,-0.09965105,-0.21722272,-0.26273304,-0.173173,-0.6329266,-0.40761793,-0.06816808,0.3602251,0.5083248,-0.10332047,-0.23639053,-0.27668452,-0.14917316,-0.6251193,-0.43329516,-0.1099979,0.41513953,0.50546455,-0.10276171,-0.25299945,-0.28908157,-0.12965938,-0.61644244,-0.45457068,-0.14903851,0.45859784,0.50546455,-0.10276171,-0.25299945,-0.28908157,-0.12965938,-0.61644244,-0.45457068,-0.14903851,0.45859784,0.38256818,0.13646759,0.46402225,0.39236596,0.14768331,0.46752346,0.39236596,0.14768331,0.46752346,0.38256818,0.13646759,0.46402225
5.0,0.66876,0.50553393,-0.10297645,-0.2525705,-0.28892446,-0.12984939,-0.6166743,-0.45425066,-0.14833957,0.45814753,0.5107737,-0.09965105,-0.21722272,-0.26273304,-0.173173,-0.6329266,-0.40761793,-0.06816808,0.3602251,0.5083248,-0.10332047,-0.23639053,-0.27668452,-0.14917316,-0.6251193,-0.43329516,-0.1099979,0.41513953,0.50546455,-0.10276171,-0.25299945,-0.28908157,-0.12965938,-0.61644244,-0.45457068,-0.14903851,0.45859784,0.50546455,-0.10276171,-0.25299945,-0.28908157,-0.12965938,-0.61644244,-0.45457068,-0.14903851,0.45859784,0.38256818,0.13646759,0.46402225,0.39236596,0.14768331,0.46752346,0.39236596,0.14768331,0.46752346,0.38256818,0.13646759,0.46402225
0.2,0.46634,0.50553393,-0.10297645,-0.2525705,-0.28892446,-0.12984939,-0.6166743,-0.45425066,-0.14833957,0.45814753,0.5059497,-0.10422211,-0.24929276,-0.28695437,-0.13205767,-0.6183781,-0.45110038,-0.1422232,0.453058,0.5056914,-0.10350189,-0.2511181,-0.28823784,-0.13069677,-0.6173436,-0.4531633,-0.14610787,0.45642585,0.50546455,-0.10276171,-0.25299945,-0.28908157,-0.12965938,-0.61644244,-0.45457068,-0.14903851,0.45859784,0.50546455,-0.10276171,-0.25299945,-0.28908157,-0.12965938,-0.61644244,-0.45457068,-0.14903851,0.45859784,0.38256818,0.13646759,0.46402225,0.39236596,0.14768331,0.46752346,0.39236596,0.14768331,0.46752346,0.38256818,0.13646759,0.46402225
0.3,0.476979,0.50553393,-0.10297645,-0.2525705,-0.28892446,-0.12984939,-0.6166743,-0.45425066,-0.14833957,0.45814753,0.5059497,-0.10422211,-0.24929276,-0.28695437,-0.13205767,-0.6183781,-0.45110038,-0.1422232,0.453058,0.5056914,-0.10350189,-0.2511181,-0.28823784,-0.13069677,-0.6173436,-0.4531633,-0.14610787,0.45642585,0.50546455,-0.10276171,-0.25299945,-0.28908157,-0.12965938,-0.61644244,-0.45457068,-0.14903851,0.45859784,0.50546455,-0.10276171,-0.25299945,-0.28908157,-0.12965938,-0.61644244,-0.45457068,-0.14903851,0.45859784,0.38256818,0.13646759,0.46402225,0.39236596,0.14768331,0.46752346,0.39236596,0.14768331,0.46752346,0.38256818,0.13646759,0.46402225
0.5,0.467454,0.50553393,-0.10297645,-0.2525705,-0.28892446,-0.12984939,-0.6166743,-0.45425066,-0.14833957,0.45814753,0.5059497,-0.10422211,-0.24929276,-0.28695437,-0.13205767,-0.6183781,-0.45110038,-0.1422232,0.453058,0.5056914,-0.10350189,-0.2511181,-0.28823784,-0.13069677,-0.6173436,-0.4531633,-0.14610787,0.45642585,0.50546455,-0.10276171,-0.25299945,-0.28908157,-0.12965938,-0.61644244,-0.45457068,-0.14903851,0.45859784,0.50546455,-0.10276171,-0.25299945,-0.28908157,-0.12965938,-0.61644244,-0.45457068,-0.14903851,0.45859784,0.38256818,0.13646759,0.46402225,0.39236596,0.14768331,0.46752346,0.39236596,0.14768331,0.46752346,0.38256818,0.13646759,0.46402225
0.75,0.483379,0.50553393,-0.10297645,-0.2525705,-0.28892446,-0.12984939,-0.6166743,-0.45425066,-0.14833957,0.45814753,0.5059497,-0.10422211,-0.24929276,-0.28695437,-0.13205767,-0.6183781,-0.45110038,-0.1422232,0.453058,0.5056914,-0.10350189,-0.2511181,-0.28823784,-0.13069677,-0.6173436,-0.4531633,-0.14610787,0.45642585,0.50546455,-0.10276171,-0.25299945,-0.28908157,-0.12965938,-0.61644244,-0.45457068,-0.14903851,0.45859784,0.50546455,-0.10276171,-0.25299945,-0.28908157,-0.12965938,-0.61644244,-0.45457068,-0.14903851,0.45859784,0.38256818,0.13646759,0.46402225,0.39236596,0.14768331,0.46752346,0.39236596,0.14768331,0.46752346,0.38256818,0.13646759,0.46402225
1.0,0.474191,0.50553393,-0.10297645,-0.2525705,-0.28892446,-0.12984939,-0.6166743,-0.45425066,-0.14833957,0.45814753,0.5059497,-0.10422211,-0.24929276,-0.28695437,-0.13205767,-0.6183781,-0.45110038,-0.1422232,0.453058,0.5056914,-0.10350189,-0.2511181,-0.28823784,-0.13069677,-0.6173436,-0.4531633,-0.14610787,0.45642585,0.50546455,-0.10276171,-0.25299945,-0.28908157,-0.12965938,-0.61644244,-0.45457068,-0.14903851,0.45859784,0.50546455,-0.10276171,-0.25299945,-0.28908157,-0.12965938,-0.61644244,-0.45457068,-0.14903851,0.45859784,0.38256818,0.13646759,0.46402225,0.39236596,0.14768331,0.46752346,0.39236596,0.14768331,0.46752346,0.38256818,0.13646759,0.46402225
1.0,0.463077,0.50553393,-0.10297645,-0.2525705,-0.28892446,-0.12984939,-0.6166743,-0.45425066,-0.14833957,0.45814753,0.5107737,-0.09965105,-0.21722272,-0.26273304,-0.173173,-0.6329266,-0.40761793,-0.06816808,0.3602251,0.5083248,-0.10332047,-0.23639053,-0.27668452,-0.14917316,-0.6251193,-0.43329516,-0.1099979,0.41513953,0.50553393,-0.10297645,-0.2525705,-0.28892446,-0.12984939,-0.6166743,-0.45425066,-0.14833957,0.45814753,0.50546455,-0.10276171,-0.25299945,-0.28908157,-0.12965938,-0.61644244,-0.45457068,-0.14903851,0.45859784,0.38256818,0.13646759,0.46402225,0.39236596,0.14768331,0.46752346,0.39236596,0.14768331,0.46752346,0.38256818,0.13646759,0.46402225
1.25,0.47862,0.50553393,-0.10297645,-0.2525705,-0.28892446,-0.12984939,-0.6166743,-0.45425066,-0.14833957,0.45814753,0.5107737,-0.09965105,-0.21722272,-0.26273304,-0.173173,-0.6329266,-0.40761793,-0.06816808,0.3602251,0.5083248,-0.10332047,-0.23639053,-0.27668452,-0.14917316,-0.6251193,-0.43329516,-0.1099979,0.41513953,0.50553393,-0.10297645,-0.2525705,-0.28892446,-0.12984939,-0.6166743,-0.45425066,-0.14833957,0.45814753,0.50546455,-0.10276171,-0.25299945,-0.28908157,-0.12965938,-0.61644244,-0.45457068,-0.14903851,0.45859784,0.38256818,0.13646759,0.46402225,0.39236596,0.14768331,0.46752346,0.39236596,0.14768331,0.46752346,0.38256818,0.13646759,0.46402225
1.5,0.480336,0.50553393,-0.10297645,-0.2525705,-0.28892446,-0.12984939,-0.6166743,-0.45425066,-0.14833957,0.45814753,0.5107737,-0.09965105,-0.21722272,-0.26273304,-0.173173,-0.6329266,-0.40761793,-0.06816808,0.3602251,0.5083248,-0.10332047,-0.23639053,-0.27668452,-0.14917316,-0.6251193,-0.43329516,-0.1099979,0.41513953,0.50553393,-0.10297645,-0.2525705,-0.28892446,-0.12984939,-0.6166743,-0.45425066,-0.14833957,0.45814753,0.50546455,-0.10276171,-0.25299945,-0.28908157,-0.12965938,-0.61644244,-0.45457068,-0.14903851,0.45859784,0.38256818,0.13646759,0.46402225,0.39236596,0.14768331,0.46752346,0.39236596,0.14768331,0.46752346,0.38256818,0.13646759,0.46402225
1.75,0.482822,0.50553393,-0.10297645,-0.2525705,-0.28892446,-0.12984939,-0.6166743,-0.45425066,-0.14833957,0.45814753,0.5107737,-0.09965105,-0.21722272,-0.26273304,-0.173173,-0.6329266,-0.40761793,-0.06816808,0.3602251,0.5083248,-0.10332047,-0.23639053,-0.27668452,-0.14917316,-0.6251193,-0.43329516,-0.1099979,0.41513953,0.50553393,-0.10297645,-0.2525705,-0.28892446,-0.12984939,-0.6166743,-0.45425066,-0.14833957,0.45814753,0.50546455,-0.10276171,-0.25299945,-0.28908157,-0.12965938,-0.61644244,-0.45457068,-0.14903851,0.45859784,0.38256818,0.13646759,0.46402225,0.39236596,0.14768331,0.46752346,0.39236596,0.14768331,0.46752346,0.38256818,0.13646759,0.46402225
2.0,0.491212,0.50553393,-0.10297645,-0.2525705,-0.28892446,-0.12984939,-0.6166743,-0.45425066,-0.14833957,0.45814753,0.5107737,-0.09965105,-0.21722272,-0.26273304,-0.173173,-0.6329266,-0.40761793,-0.06816808,0.3602251,0.5083248,-0.10332047,-0.23639053,-0.27668452,-0.14917316,-0.6251193,-0.43329516,-0.1099979,0.41513953,0.50553393,-0.10297645,-0.2525705,-0.28892446,-0.12984939,-0.6166743,-0.45425066,-0.14833957,0.45814753,0.50546455,-0.10276171,-0.25299945,-0.28908157,-0.12965938,-0.61644244,-0.45457068,-0.14903851,0.45859784,0.38256818,0.13646759,0.46402225,0.39236596,0.14768331,0.46752346,0.39236596,0.14768331,0.46752346,0.38256818,0.13646759,0.46402225
0.5,0.471466,0.50553393,-0.10297645,-0.2525705,-0.28892446,-0.12984939,-0.6166743,-0.45425066,-0.14833957,0.45814753,0.5080569,-0.10401829,-0.23876967,-0.27845463,-0.14587162,-0.6240362,-0.4366069,-0.11545964,0.42242867,0.5073142,-0.10536224,-0.24489024,-0.28304064,-0.13724332,-0.6211857,-0.4448344,-0.13019781,0.44087687,0.50546455,-0.10276171,-0.25299945,-0.28908157,-0.12965938,-0.61644244,-0.45457068,-0.14903851,0.45859784,0.50546455,-0.10276171,-0.25299945,-0.28908157,-0.12965938,-0.61644244,-0.45457068,-0.14903851,0.45859784,0.38256818,0.13646759,0.46402225,0.39236596,0.14768331,0.46752346,0.39236596,0.14768331,0.46752346,0.38256818,0.13646759,0.46402225
0.75,0.458139,0.50553393,-0.10297645,-0.2525705,-0.28892446,-0.12984939,-0.6166743,-0.45425066,-0.14833957,0.45814753,0.5080569,-0.10401829,-0.23876967,-0.27845463,-0.14587162,-0.6240362,-0.4366069,-0.11545964,0.42242867,0.5073142,-0.10536224,-0.24489024,-0.28304064,-0.13724332,-0.6211857,-0.4448344,-0.13019781,0.44087687,0.50546455,-0.10276171,-0.25299945,-0.28908157,-0.12965938,-0.61644244,-0.45457068,-0.14903851,0.45859784,0.50546455,-0.10276171,-0.25299945,-0.28908157,-0.12965938,-0.61644244,-0.45457068,-0.14903851,0.45859784,0.38256818,0.13646759,0.46402225,0.39236596,0.14768331,0.46752346,0.39236596,0.14768331,0.46752346,0.38256818,0.13646759,0.46402225
1.0,0.474325,0.50553393,-0.10297645,-0.2525705,-0.28892446,-0.12984939,-0.6166743,-0.45425066,-0.14833957,0.45814753,0.5080569,-0.10401829,-0.23876967,-0.27845463,-0.14587162,-0.6240362,-0.4366069,-0.11545964,0.42242867,0.5073142,-0.10536224,-0.24489024,-0.28304064,-0.13724332,-0.6211857,-0.4448344,-0.13019781,0.44087687,0.50546455,-0.10276171,-0.25299945,-0.28908157,-0.12965938,-0.61644244,-0.45457068,-0.14903851,0.45859784,0.50546455,-0.10276171,-0.25299945,-0.28908157,-0.12965938,-0.61644244,-0.45457068,-0.14903851,0.45859784,0.38256818,0.13646759,0.46402225,0.39236596,0.14768331,0.46752346,0.39236596,0.14768331,0.46752346,0.38256818,0.13646759,0.46402225
1.25,0.46199,0.50553393,-0.10297645,-0.2525705,-0.28892446,-0.12984939,-0.6166743,-0.45425066,-0.14833957,0.45814753,0.5080569,-0.10401829,-0.23876967,-0.27845463,-0.14587162,-0.6240362,-0.4366069,-0.11545964,0.42242867,0.5073142,-0.10536224,-0.24489024,-0.28304064,-0.13724332,-0.6211857,-0.4448344,-0.13019781,0.44087687,0.50546455,-0.10276171,-0.25299945,-0.28908157,-0.12965938,-0.61644244,-0.45457068,-0.14903851,0.45859784,0.50546455,-0.10276171,-0.25299945,-0.28908157,-0.12965938,-0.61644244,-0.45457068,-0.14903851,0.45859784,0.38256818,0.13646759,0.46402225,0.39236596,0.14768331,0.46752346,0.39236596,0.14768331,0.46752346,0.38256818,0.13646759,0.46402225
1.5,0.490825,0.50553393,-0.10297645,-0.2525705,-0.28892446,-0.12984939,-0.6166743,-0.45425066,-0.14833957,0.45814753,0.5080569,-0.10401829,-0.23876967,-0.27845463,-0.14587162,-0.6240362,-0.4366069,-0.11545964,0.42242867,0.5073142,-0.10536224,-0.24489024,-0.28304064,-0.13724332,-0.6211857,-0.4448344,-0.13019781,0.44087687,0.50546455,-0.10276171,-0.25299945,-0.28908157,-0.12965938,-0.61644244,-0.45457068,-0.14903851,0.45859784,0.50546455,-0.10276171,-0.25299945,-0.28908157,-0.12965938,-0.61644244,-0.45457068,-0.14903851,0.45859784,0.38256818,0.13646759,0.46402225,0.39236596,0.14768331,0.46752346,0.39236596,0.14768331,0.46752346,0.38256818,0.13646759,0.46402225
1.0,0.474797,0.50553393,-0.10297645,-0.2525705,-0.28892446,-0.12984939,-0.6166743,-0.45425066,-0.14833957,0.45814753,0.5107737,-0.09965105,-0.21722272,-0.26273304,-0.173173,-0.6329266,-0.40761793,-0.06816808,0.3602251,0.5083248,-0.10332047,-0.23639053,-0.27668452,-0.14917316,-0.6251193,-0.43329516,-0.1099979,0.41513953,0.5056914,-0.10350189,-0.2511181,-0.28823784,-0.13069677,-0.6173436,-0.4531633,-0.14610787,0.45642585,0.50546455,-0.10276171,-0.25299945,-0.28908157,-0.12965938,-0.61644244,-0.45457068,-0.14903851,0.45859784,0.38256818,0.13646759,0.46402225,0.39236596,0.14768331,0.46752346,0.39236596,0.14768331,0.46752346,0.38256818,0.13646759,0.46402225
1.125,0.465019,0.50553393,-0.10297645,-0.2525705,-0.28892446,-0.12984939,-0.6166743,-0.45425066,-0.14833957,0.45814753,0.5107737,-0.09965105,-0.21722272,-0.26273304,-0.173173,-0.6329266,-0.40761793,-0.06816808,0.3602251,0.5083248,-0.10332047,-0.23639053,-0.27668452,-0.14917316,-0.6251193,-0.43329516,-0.1099979,0.41513953,0.5056914,-0.10350189,-0.2511181,-0.28823784,-0.13069677,-0.6173436,-0.4531633,-0.14610787,0.45642585,0.50546455,-0.10276171,-0.25299945,-0.28908157,-0.12965938,-0.61644244,-0.45457068,-0.14903851,0.45859784,0.38256818,0.13646759,0.46402225,0.39236596,0.14768331,0.46752346,0.39236596,0.14768331,0.46752346,0.38256818,0.13646759,0.46402225
1.25,0.481409,0.50553393,-0.10297645,-0.2525705,-0.28892446,-0.12984939,-0.6166743,-0.45425066,-0.14833957,0.45814753,0.5107737,-0.09965105,-0.21722272,-0.26273304,-0.173173,-0.6329266,-0.40761793,-0.06816808,0.3602251,0.5083248,-0.10332047,-0.23639053,-0.27668452,-0.14917316,-0.6251193,-0.43329516,-0.1099979,0.41513953,0.5056914,-0.10350189,-0.2511181,-0.28823784,-0.13069677,-0.6173436,-0.4531633,-0.14610787,0.45642585,0.50546455,-0.10276171,-0.25299945,-0.28908157,-0.12965938,-0.61644244,-0.45457068,-0.14903851,0.45859784,0.38256818,0.13646759,0.46402225,0.39236596,0.14768331,0.46752346,0.39236596,0.14768331,0.46752346,0.38256818,0.13646759,0.46402225
1.375,0.495661,0.50553393,-0.10297645,-0.2525705,-0.28892446,-0.12984939,-0.6166743,-0.45425066,-0.14833957,0.45814753,0.5107737,-0.09965105,-0.21722272,-0.26273304,-0.173173,-0.6329266,-0.40761793,-0.06816808,0.3602251,0.5083248,-0.10332047,-0.23639053,-0.27668452,-0.14917316,-0.6251193,-0.43329516,-0.1099979,0.41513953,0.5056914,-0.10350189,-0.2511181,-0.28823784,-0.13069677,-0.6173436,-0.4531633,-0.14610787,0.45642585,0.50546455,-0.10276171,-0.25299945,-0.28908157,-0.12965938,-0.61644244,-0.45457068,-0.14903851,0.45859784,0.38256818,0.13646759,0.46402225,0.39236596,0.14768331,0.46752346,0.39236596,0.14768331,0.46752346,0.38256818,0.13646759,0.46402225
1.5,0.475269,0.50553393,-0.10297645,-0.2525705,-0.28892446,-0.12984939,-0.6166743,-0.45425066,-0.14833957,0.45814753,0.5107737,-0.09965105,-0.21722272,-0.26273304,-0.173173,-0.6329266,-0.40761793,-0.06816808,0.3602251,0.5083248,-0.10332047,-0.23639053,-0.27668452,-0.14917316,-0.6251193,-0.43329516,-0.1099979,0.41513953,0.5056914,-0.10350189,-0.2511181,-0.28823784,-0.13069677,-0.6173436,-0.4531633,-0.14610787,0.45642585,0.50546455,-0.10276171,-0.25299945,-0.28908157,-0.12965938,-0.61644244,-0.45457068,-0.14903851,0.45859784,0.38256818,0.13646759,0.46402225,0.39236596,0.14768331,0.46752346,0.39236596,0.14768331,0.46752346,0.38256818,0.13646759,0.46402225
0.5,0.464589,0.50553393,-0.10297645,-0.2525705,-0.28892446,-0.12984939,-0.6166743,-0.45425066,-0.14833957,0.45814753,0.5059497,-0.10422211,-0.24929276,-0.28695437,-0.13205767,-0.6183781,-0.45110038,-0.1422232,0.453058,0.5056914,-0.10350189,-0.2511181,-0.28823784,-0.13069677,-0.6173436,-0.4531633,-0.14610787,0.45642585,0.50553393,-0.10297645,-0.2525705,-0.28892446,-0.12984939,-0.6166743,-0.45425066,-0.14833957,0.45814753,0.50546455,-0.10276171,-0.25299945,-0.28908157,-0.12965938,-0.61644244,-0.45457068,-0.14903851,0.45859784,0.38256818,0.13646759,0.46402225,0.39236596,0.14768331,0.46752346,0.39236596,0.14768331,0.46752346,0.38256818,0.13646759,0.46402225
0.75,0.47633,0.50553393,-0.10297645,-0.2525705,-0.28892446,-0.12984939,-0.6166743,-0.45425066,-0.14833957,0.45814753,0.5059497,-0.10422211,-0.24929276,-0.28695437,-0.13205767,-0.6183781,-0.45110038,-0.1422232,0.453058,0.5056914,-0.10350189,-0.2511181,-0.28823784,-0.13069677,-0.6173436,-0.4531633,-0.14610787,0.45642585,0.50553393,-0.10297645,-0.2525705,-0.28892446,-0.12984939,-0.6166743,-0.45425066,-0.14833957,0.45814753,0.50546455,-0.10276171,-0.25299945,-0.28908157,-0.12965938,-0.61644244,-0.45457068,-0.14903851,0.45859784,0.38256818,0.13646759,0.46402225,0.39236596,0.14768331,0.46752346,0.39236596,0.14768331,0.46752346,0.38256818,0.13646759,0.46402225
1.0,0.474008,0.50553393,-0.10297645,-0.2525705,-0.28892446,-0.12984939,-0.6166743,-0.45425066,-0.14833957,0.45814753,0.5059497,-0.10422211,-0.24929276,-0.28695437,-0.13205767,-0.6183781,-0.45110038,-0.1422232,0.453058,0.5056914,-0.10350189,-0.2511181,-0.28823784,-0.13069677,-0.6173436,-0.4531633,-0.14610787,0.45642585,0.50553393,-0.10297645,-0.2525705,-0.28892446,-0.12984939,-0.6166743,-0.45425066,-0.14833957,0.45814753,0.50546455,-0.10276171,-0.25299945,-0.28908157,-0.12965938,-0.61644244,-0.45457068,-0.14903851,0.45859784,0.38256818,0.13646759,0.46402225,0.39236596,0.14768331,0.46752346,0.39236596,0.14768331,0.46752346,0.38256818,0.13646759,0.46402225
1.25,0.480789,0.50553393,-0.10297645,-0.2525705,-0.28892446,-0.12984939,-0.6166743,-0.45425066,-0.14833957,0.45814753,0.5059497,-0.10422211,-0.24929276,-0.28695437,-0.13205767,-0.6183781,-0.45110038,-0.1422232,0.453058,0.5056914,-0.10350189,-0.2511181,-0.28823784,-0.13069677,-0.6173436,-0.4531633,-0.14610787,0.45642585,0.50553393,-0.10297645,-0.2525705,-0.28892446,-0.12984939,-0.6166743,-0.45425066,-0.14833957,0.45814753,0.50546455,-0.10276171,-0.25299945,-0.28908157,-0.12965938,-0.61644244,-0.45457068,-0.14903851,0.45859784,0.38256818,0.13646759,0.46402225,0.39236596,0.14768331,0.46752346,0.39236596,0.14768331,0.46752346,0.38256818,0.13646759,0.46402225
1.5,0.483764,0.50553393,-0.10297645,-0.2525705,-0.28892446,-0.12984939,-0.6166743,-0.45425066,-0.14833957,0.45814753,0.5059497,-0.10422211,-0.24929276,-0.28695437,-0.13205767,-0.6183781,-0.45110038,-0.1422232,0.453058,0.5056914,-0.10350189,-0.2511181,-0.28823784,-0.13069677,-0.6173436,-0.4531633,-0.14610787,0.45642585,0.50553393,-0.10297645,-0.2525705,-0.28892446,-0.12984939,-0.6166743,-0.45425066,-0.14833957,0.45814753,0.50546455,-0.10276171,-0.25299945,-0.28908157,-0.12965938,-0.61644244,-0.45457068,-0.14903851,0.45859784,0.38256818,0.13646759,0.46402225,0.39236596,0.14768331,0.46752346,0.39236596,0.14768331,0.46752346,0.38256818,0.13646759,0.46402225
0.1,0.459375,0.5073142,-0.10536224,-0.24489024,-0.28304064,-0.13724332,-0.6211857,-0.4448344,-0.13019781,0.44087687,0.5107737,-0.09965105,-0.21722272,-0.26273304,-0.173173,-0.6329266,-0.40761793,-0.06816808,0.3602251,0.5083248,-0.10332047,-0.23639053,-0.27668452,-0.14917316,-0.6251193,-0.43329516,-0.1099979,0.41513953,0.50546455,-0.10276171,-0.25299945,-0.28908157,-0.12965938,-0.61644244,-0.45457068,-0.14903851,0.45859784,0.50546455,-0.10276171,-0.25299945,-0.28908157,-0.12965938,-0.61644244,-0.45457068,-0.14903851,0.45859784,0.38256818,0.13646759,0.46402225,0.39236596,0.14768331,0.46752346,0.39236596,0.14768331,0.46752346,0.38256818,0.13646759,0.46402225
0.3,0.482347,0.5073142,-0.10536224,-0.24489024,-0.28304064,-0.13724332,-0.6211857,-0.4448344,-0.13019781,0.44087687,0.5107737,-0.09965105,-0.21722272,-0.26273304,-0.173173,-0.6329266,-0.40761793,-0.06816808,0.3602251,0.5083248,-0.10332047,-0.23639053,-0.27668452,-0.14917316,-0.6251193,-0.43329516,-0.1099979,0.41513953,0.50546455,-0.10276171,-0.25299945,-0.28908157,-0.12965938,-0.61644244,-0.45457068,-0.14903851,0.45859784,0.50546455,-0.10276171,-0.25299945,-0.28908157,-0.12965938,-0.61644244,-0.45457068,-0.14903851,0.45859784,0.38256818,0.13646759,0.46402225,0.39236596,0.14768331,0.46752346,0.39236596,0.14768331,0.46752346,0.38256818,0.13646759,0.46402225
0.5,0.471081,0.5073142,-0.10536224,-0.24489024,-0.28304064,-0.13724332,-0.6211857,-0.4448344,-0.13019781,0.44087687,0.5107737,-0.09965105,-0.21722272,-0.26273304,-0.173173,-0.6329266,-0.40761793,-0.06816808,0.3602251,0.5083248,-0.10332047,-0.23639053,-0.27668452,-0.14917316,-0.6251193,-0.43329516,-0.1099979,0.41513953,0.50546455,-0.10276171,-0.25299945,-0.28908157,-0.12965938,-0.61644244,-0.45457068,-0.14903851,0.45859784,0.50546455,-0.10276171,-0.25299945,-0.28908157,-0.12965938,-0.61644244,-0.45457068,-0.14903851,0.45859784,0.38256818,0.13646759,0.46402225,0.39236596,0.14768331,0.46752346,0.39236596,0.14768331,0.46752346,0.38256818,0.13646759,0.46402225
0.75,0.463309,0.5073142,-0.10536224,-0.24489024,-0.28304064,-0.13724332,-0.6211857,-0.4448344,-0.13019781,0.44087687,0.5107737,-0.09965105,-0.21722272,-0.26273304,-0.173173,-0.6329266,-0.40761793,-0.06816808,0.3602251,0.5083248,-0.10332047,-0.23639053,-0.27668452,-0.14917316,-0.6251193,-0.43329516,-0.1099979,0.41513953,0.50546455,-0.10276171,-0.25299945,-0.28908157,-0.12965938,-0.61644244,-0.45457068,-0.14903851,0.45859784,0.50546455,-0.10276171,-0.25299945,-0.28908157,-0.12965938,-0.61644244,-0.45457068,-0.14903851,0.45859784,0.38256818,0.13646759,0.46402225,0.39236596,0.14768331,0.46752346,0.39236596,0.14768331,0.46752346,0.38256818,0.13646759,0.46402225
1.0,0.479968,0.5073142,-0.10536224,-0.24489024,-0.28304064,-0.13724332,-0.6211857,-0.4448344,-0.13019781,0.44087687,0.5107737,-0.09965105,-0.21722272,-0.26273304,-0.173173,-0.6329266,-0.40761793,-0.06816808,0.3602251,0.5083248,-0.10332047,-0.23639053,-0.27668452,-0.14917316,-0.6251193,-0.43329516,-0.1099979,0.41513953,0.50546455,-0.10276171,-0.25299945,-0.28908157,-0.12965938,-0.61644244,-0.45457068,-0.14903851,0.45859784,0.50546455,-0.10276171,-0.25299945,-0.28908157,-0.12965938,-0.61644244,-0.45457068,-0.14903851,0.45859784,0.38256818,0.13646759,0.46402225,0.39236596,0.14768331,0.46752346,0.39236596,0.14768331,0.46752346,0.38256818,0.13646759,0.46402225
0.4,0.460264,0.5073142,-0.10536224,-0.24489024,-0.28304064,-0.13724332,-0.6211857,-0.4448344,-0.13019781,0.44087687,0.54595864,-0.049401656,0.064158805,-0.029591978,-0.5660535,-0.7267151,0.02243342,0.6182231,-0.5805631,0.52573913,-0.067274235,-0.08532694,-0.15651877,-0.36126548,-0.6840855,-0.19531004,0.26819196,-0.11203807,0.50546455,-0.10276171,-0.25299945,-0.28908157,-0.12965938,-0.61644244,-0.45457068,-0.14903851,0.45859784,0.50546455,-0.10276171,-0.25299945,-0.28908157,-0.12965938,-0.61644244,-0.45457068,-0.14903851,0.45859784,0.38256818,0.13646759,0.46402225,0.39236596,0.14768331,0.46752346,0.39236596,0.14768331,0.46752346,0.38256818,0.13646759,0.46402225
0.5,0.449978,0.5073142,-0.10536224,-0.24489024,-0.28304064,-0.13724332,-0.6211857,-0.4448344,-0.13019781,0.44087687,0.54595864,-0.049401656,0.064158805,-0.029591978,-0.5660535,-0.7267151,0.02243342,0.6182231,-0.5805631,0.52573913,-0.067274235,-0.08532694,-0.15651877,-0.36126548,-0.6840855,-0.19531004,0.26819196,-0.11203807,0.50546455,-0.10276171,-0.25299945,-0.28908157,-0.12965938,-0.61644244,-0.45457068,-0.14903851,0.45859784,0.50546455,-0.10276171,-0.25299945,-0.28908157,-0.12965938,-0.61644244,-0.45457068,-0.14903851,0.45859784,0.38256818,0.13646759,0.46402225,0.39236596,0.14768331,0.46752346,0.39236596,0.14768331,0.46752346,0.38256818,0.13646759,0.46402225
0.75,0.476455,0.5073142,-0.10536224,-0.24489024,-0.28304064,-0.13724332,-0.6211857,-0.4448344,-0.13019781,0.44087687,0.54595864,-0.049401656,0.064158805,-0.029591978,-0.5660535,-0.7267151,0.02243342,0.6182231,-0.5805631,0.52573913,-0.067274235,-0.08532694,-0.15651877,-0.36126548,-0.6840855,-0.19531004,0.26819196,-0.11203807,0.50546455,-0.10276171,-0.25299945,-0.28908157,-0.12965938,-0.61644244,-0.45457068,-0.14903851,0.45859784,0.50546455,-0.10276171,-0.25299945,-0.28908157,-0.12965938,-0.61644244,-0.45457068,-0.14903851,0.45859784,0.38256818,0.13646759,0.46402225,0.39236596,0.14768331,0.46752346,0.39236596,0.14768331,0.46752346,0.38256818,0.13646759,0.46402225
1.0,0.478039,0.5073142,-0.10536224,-0.24489024,-0.28304064,-0.13724332,-0.6211857,-0.4448344,-0.13019781,0.44087687,0.54595864,-0.049401656,0.064158805,-0.029591978,-0.5660535,-0.7267151,0.02243342,0.6182231,-0.5805631,0.52573913,-0.067274235,-0.08532694,-0.15651877,-0.36126548,-0.6840855,-0.19531004,0.26819196,-0.11203807,0.50546455,-0.10276171,-0.25299945,-0.28908157,-0.12965938,-0.61644244,-0.45457068,-0.14903851,0.45859784,0.50546455,-0.10276171,-0.25299945,-0.28908157,-0.12965938,-0.61644244,-0.45457068,-0.14903851,0.45859784,0.38256818,0.13646759,0.46402225,0.39236596,0.14768331,0.46752346,0.39236596,0.14768331,0.46752346,0.38256818,0.13646759,0.46402225
1.25,0.477409,0.5073142,-0.10536224,-0.24489024,-0.28304064,-0.13724332,-0.6211857,-0.4448344,-0.13019781,0.44087687,0.54595864,-0.049401656,0.064158805,-0.029591978,-0.5660535,-0.7267151,0.02243342,0.6182231,-0.5805631,0.52573913,-0.067274235,-0.08532694,-0.15651877,-0.36126548,-0.6840855,-0.19531004,0.26819196,-0.11203807,0.50546455,-0.10276171,-0.25299945,-0.28908157,-0.12965938,-0.61644244,-0.45457068,-0.14903851,0.45859784,0.50546455,-0.10276171,-0.25299945,-0.28908157,-0.12965938,-0.61644244,-0.45457068,-0.14903851,0.45859784,0.38256818,0.13646759,0.46402225,0.39236596,0.14768331,0.46752346,0.39236596,0.14768331,0.46752346,0.38256818,0.13646759,0.46402225
0.1,0.469834,0.5073142,-0.10536224,-0.24489024,-0.28304064,-0.13724332,-0.6211857,-0.4448344,-0.13019781,0.44087687,0.5059497,-0.10422211,-0.24929276,-0.28695437,-0.13205767,-0.6183781,-0.45110038,-0.1422232,0.453058,0.5056914,-0.10350189,-0.2511181,-0.28823784,-0.13069677,-0.6173436,-0.4531633,-0.14610787,0.45642585,0.50546455,-0.10276171,-0.25299945,-0.28908157,-0.12965938,-0.61644244,-0.45457068,-0.14903851,0.45859784,0.50546455,-0.10276171,-0.25299945,-0.28908157,-0.12965938,-0.61644244,-0.45457068,-0.14903851,0.45859784,0.38256818,0.13646759,0.46402225,0.39236596,0.14768331,0.46752346,0.39236596,0.14768331,0.46752346,0.38256818,0.13646759,0.46402225
0.3,0.465105,0.5073142,-0.10536224,-0.24489024,-0.28304064,-0.13724332,-0.6211857,-0.4448344,-0.13019781,0.44087687,0.5059497,-0.10422211,-0.24929276,-0.28695437,-0.13205767,-0.6183781,-0.45110038,-0.1422232,0.453058,0.5056914,-0.10350189,-0.2511181,-0.28823784,-0.13069677,-0.6173436,-0.4531633,-0.14610787,0.45642585,0.50546455,-0.10276171,-0.25299945,-0.28908157,-0.12965938,-0.61644244,-0.45457068,-0.14903851,0.45859784,0.50546455,-0.10276171,-0.25299945,-0.28908157,-0.12965938,-0.61644244,-0.45457068,-0.14903851,0.45859784,0.38256818,0.13646759,0.46402225,0.39236596,0.14768331,0.46752346,0.39236596,0.14768331,0.46752346,0.38256818,0.13646759,0.46402225
0.5,0.466709,0.5073142,-0.10536224,-0.24489024,-0.28304064,-0.13724332,-0.6211857,-0.4448344,-0.13019781,0.44087687,0.5059497,-0.10422211,-0.24929276,-0.28695437,-0.13205767,-0.6183781,-0.45110038,-0.1422232,0.453058,0.5056914,-0.10350189,-0.2511181,-0.28823784,-0.13069677,-0.6173436,-0.4531633,-0.14610787,0.45642585,0.50546455,-0.10276171,-0.25299945,-0.28908157,-0.12965938,-0.61644244,-0.45457068,-0.14903851,0.45859784,0.50546455,-0.10276171,-0.25299945,-0.28908157,-0.12965938,-0.61644244,-0.45457068,-0.14903851,0.45859784,0.38256818,0.13646759,0.46402225,0.39236596,0.14768331,0.46752346,0.39236596,0.14768331,0.46752346,0.38256818,0.13646759,0.46402225
0.75,0.464921,0.5073142,-0.10536224,-0.24489024,-0.28304064,-0.13724332,-0.6211857,-0.4448344,-0.13019781,0.44087687,0.5059497,-0.10422211,-0.24929276,-0.28695437,-0.13205767,-0.6183781,-0.45110038,-0.1422232,0.453058,0.5056914,-0.10350189,-0.2511181,-0.28823784,-0.13069677,-0.6173436,-0.4531633,-0.14610787,0.45642585,0.50546455,-0.10276171,-0.25299945,-0.28908157,-0.12965938,-0.61644244,-0.45457068,-0.14903851,0.45859784,0.50546455,-0.10276171,-0.25299945,-0.28908157,-0.12965938,-0.61644244,-0.45457068,-0.14903851,0.45859784,0.38256818,0.13646759,0.46402225,0.39236596,0.14768331,0.46752346,0.39236596,0.14768331,0.46752346,0.38256818,0.13646759,0.46402225
1.0,0.462907,0.5073142,-0.10536224,-0.24489024,-0.28304064,-0.13724332,-0.6211857,-0.4448344,-0.13019781,0.44087687,0.5059497,-0.10422211,-0.24929276,-0.28695437,-0.13205767,-0.6183781,-0.45110038,-0.1422232,0.453058,0.5056914,-0.10350189,-0.2511181,-0.28823784,-0.13069677,-0.6173436,-0.4531633,-0.14610787,0.45642585,0.50546455,-0.10276171,-0.25299945,-0.28908157,-0.12965938,-0.61644244,-0.45457068,-0.14903851,0.45859784,0.50546455,-0.10276171,-0.25299945,-0.28908157,-0.12965938,-0.61644244,-0.45457068,-0.14903851,0.45859784,0.38256818,0.13646759,0.46402225,0.39236596,0.14768331,0.46752346,0.39236596,0.14768331,0.46752346,0.38256818,0.13646759,0.46402225
0.1,0.461998,0.5073142,-0.10536224,-0.24489024,-0.28304064,-0.13724332,-0.6211857,-0.4448344,-0.13019781,0.44087687,0.5107737,-0.09965105,-0.21722272,-0.26273304,-0.173173,-0.6329266,-0.40761793,-0.06816808,0.3602251,0.5083248,-0.10332047,-0.23639053,-0.27668452,-0.14917316,-0.6251193,-0.43329516,-0.1099979,0.41513953,0.5073142,-0.10536224,-0.24489024,-0.28304064,-0.13724332,-0.6211857,-0.4448344,-0.13019781,0.44087687,0.50546455,-0.10276171,-0.25299945,-0.28908157,-0.12965938,-0.61644244,-0.45457068,-0.14903851,0.45859784,0.38256818,0.13646759,0.46402225,0.39236596,0.14768331,0.46752346,0.39236596,0.14768331,0.46752346,0.38256818,0.13646759,0.46402225
0.3,0.470657,0.5073142,-0.10536224,-0.24489024,-0.28304064,-0.13724332,-0.6211857,-0.4448344,-0.13019781,0.44087687,0.5107737,-0.09965105,-0.21722272,-0.26273304,-0.173173,-0.6329266,-0.40761793,-0.06816808,0.3602251,0.5083248,-0.10332047,-0.23639053,-0.27668452,-0.14917316,-0.6251193,-0.43329516,-0.1099979,0.41513953,0.5073142,-0.10536224,-0.24489024,-0.28304064,-0.13724332,-0.6211857,-0.4448344,-0.13019781,0.44087687,0.50546455,-0.10276171,-0.25299945,-0.28908157,-0.12965938,-0.61644244,-0.45457068,-0.14903851,0.45859784,0.38256818,0.13646759,0.46402225,0.39236596,0.14768331,0.46752346,0.39236596,0.14768331,0.46752346,0.38256818,0.13646759,0.46402225
0.5,0.466273,0.5073142,-0.10536224,-0.24489024,-0.28304064,-0.13724332,-0.6211857,-0.4448344,-0.13019781,0.44087687,0.5107737,-0.09965105,-0.21722272,-0.26273304,-0.173173,-0.6329266,-0.40761793,-0.06816808,0.3602251,0.5083248,-0.10332047,-0.23639053,-0.27668452,-0.14917316,-0.6251193,-0.43329516,-0.1099979,0.41513953,0.5073142,-0.10536224,-0.24489024,-0.28304064,-0.13724332,-0.6211857,-0.4448344,-0.13019781,0.44087687,0.50546455,-0.10276171,-0.25299945,-0.28908157,-0.12965938,-0.61644244,-0.45457068,-0.14903851,0.45859784,0.38256818,0.13646759,0.46402225,0.39236596,0.14768331,0.46752346,0.39236596,0.14768331,0.46752346,0.38256818,0.13646759,0.46402225
0.75,0.474452,0.5073142,-0.10536224,-0.24489024,-0.28304064,-0.13724332,-0.6211857,-0.4448344,-0.13019781,0.44087687,0.5107737,-0.09965105,-0.21722272,-0.26273304,-0.173173,-0.6329266,-0.40761793,-0.06816808,0.3602251,0.5083248,-0.10332047,-0.23639053,-0.27668452,-0.14917316,-0.6251193,-0.43329516,-0.1099979,0.41513953,0.5073142,-0.10536224,-0.24489024,-0.28304064,-0.13724332,-0.6211857,-0.4448344,-0.13019781,0.44087687,0.50546455,-0.10276171,-0.25299945,-0.28908157,-0.12965938,-0.61644244,-0.45457068,-0.14903851,0.45859784,0.38256818,0.13646759,0.46402225,0.39236596,0.14768331,0.46752346,0.39236596,0.14768331,0.46752346,0.38256818,0.13646759,0.46402225
1.0,0.491713,0.5073142,-0.10536224,-0.24489024,-0.28304064,-0.13724332,-0.6211857,-0.4448344,-0.13019781,0.44087687,0.5107737,-0.09965105,-0.21722272,-0.26273304,-0.173173,-0.6329266,-0.40761793,-0.06816808,0.3602251,0.5083248,-0.10332047,-0.23639053,-0.27668452,-0.14917316,-0.6251193,-0.43329516,-0.1099979,0.41513953,0.5073142,-0.10536224,-0.24489024,-0.28304064,-0.13724332,-0.6211857,-0.4448344,-0.13019781,0.44087687,0.50546455,-0.10276171,-0.25299945,-0.28908157,-0.12965938,-0.61644244,-0.45457068,-0.14903851,0.45859784,0.38256818,0.13646759,0.46402225,0.39236596,0.14768331,0.46752346,0.39236596,0.14768331,0.46752346,0.38256818,0.13646759,0.46402225
0.1,0.475869,0.5073142,-0.10536224,-0.24489024,-0.28304064,-0.13724332,-0.6211857,-0.4448344,-0.13019781,0.44087687,0.5080569,-0.10401829,-0.23876967,-0.27845463,-0.14587162,-0.6240362,-0.4366069,-0.11545964,0.42242867,0.5073142,-0.10536224,-0.24489024,-0.28304064,-0.13724332,-0.6211857,-0.4448344,-0.13019781,0.44087687,0.50546455,-0.10276171,-0.25299945,-0.28908157,-0.12965938,-0.61644244,-0.45457068,-0.14903851,0.45859784,0.50546455,-0.10276171,-0.25299945,-0.28908157,-0.12965938,-0.61644244,-0.45457068,-0.14903851,0.45859784,0.38256818,0.13646759,0.46402225,0.39236596,0.14768331,0.46752346,0.39236596,0.14768331,0.46752346,0.38256818,0.13646759,0.46402225
0.3,0.462,0.5073142,-0.10536224,-0.24489024,-0.28304064,-0.13724332,-0.6211857,-0.4448344,-0.13019781,0.44087687,0.5080569,-0.10401829,-0.23876967,-0.27845463,-0.14587162,-0.6240362,-0.4366069,-0.11545964,0.42242867,0.5073142,-0.10536224,-0.24489024,-0.28304064,-0.13724332,-0.6211857,-0.4448344,-0.13019781,0.44087687,0.50546455,-0.10276171,-0.25299945,-0.28908157,-0.12965938,-0.61644244,-0.45457068,-0.14903851,0.45859784,0.50546455,-0.10276171,-0.25299945,-0.28908157,-0.12965938,-0.61644244,-0.45457068,-0.14903851,0.45859784,0.38256818,0.13646759,0.46402225,0.39236596,0.14768331,0.46752346,0.39236596,0.14768331,0.46752346,0.38256818,0.13646759,0.46402225
0.5,0.468505,0.5073142,-0.10536224,-0.24489024,-0.28304064,-0.13724332,-0.6211857,-0.4448344,-0.13019781,0.44087687,0.5080569,-0.10401829,-0.23876967,-0.27845463,-0.14587162,-0.6240362,-0.4366069,-0.11545964,0.42242867,0.5073142,-0.10536224,-0.24489024,-0.28304064,-0.13724332,-0.6211857,-0.4448344,-0.13019781,0.44087687,0.50546455,-0.10276171,-0.25299945,-0.28908157,-0.12965938,-0.61644244,-0.45457068,-0.14903851,0.45859784,0.50546455,-0.10276171,-0.25299945,-0.28908157,-0.12965938,-0.61644244,-0.45457068,-0.14903851,0.45859784,0.38256818,0.13646759,0.46402225,0.39236596,0.14768331,0.46752346,0.39236596,0.14768331,0.46752346,0.38256818,0.13646759,0.46402225
0.75,0.47509,0.5073142,-0.10536224,-0.24489024,-0.28304064,-0.13724332,-0.6211857,-0.4448344,-0.13019781,0.44087687,0.5080569,-0.10401829,-0.23876967,-0.27845463,-0.14587162,-0.6240362,-0.4366069,-0.11545964,0.42242867,0.5073142,-0.10536224,-0.24489024,-0.28304064,-0.13724332,-0.6211857,-0.4448344,-0.13019781,0.44087687,0.50546455,-0.10276171,-0.25299945,-0.28908157,-0.12965938,-0.61644244,-0.45457068,-0.14903851,0.45859784,0.50546455,-0.10276171,-0.25299945,-0.28908157,-0.12965938,-0.61644244,-0.45457068,-0.14903851,0.45859784,0.38256818,0.13646759,0.46402225,0.39236596,0.14768331,0.46752346,0.39236596,0.14768331,0.46752346,0.38256818,0.13646759,0.46402225
1.0,0.475296,0.5073142,-0.10536224,-0.24489024,-0.28304064,-0.13724332,-0.6211857,-0.4448344,-0.13019781,0.44087687,0.5080569,-0.10401829,-0.23876967,-0.27845463,-0.14587162,-0.6240362,-0.4366069,-0.11545964,0.42242867,0.5073142,-0.10536224,-0.24489024,-0.28304064,-0.13724332,-0.6211857,-0.4448344,-0.13019781,0.44087687,0.50546455,-0.10276171,-0.25299945,-0.28908157,-0.12965938,-0.61644244,-0.45457068,-0.14903851,0.45859784,0.50546455,-0.10276171,-0.25299945,-0.28908157,-0.12965938,-0.61644244,-0.45457068,-0.14903851,0.45859784,0.38256818,0.13646759,0.46402225,0.39236596,0.14768331,0.46752346,0.39236596,0.14768331,0.46752346,0.38256818,0.13646759,0.46402225
0.1,0.470739,0.5073142,-0.10536224,-0.24489024,-0.28304064,-0.13724332,-0.6211857,-0.4448344,-0.13019781,0.44087687,0.5107737,-0.09965105,-0.21722272,-0.26273304,-0.173173,-0.6329266,-0.40761793,-0.06816808,0.3602251,0.5083248,-0.10332047,-0.23639053,-0.27668452,-0.14917316,-0.6251193,-0.43329516,-0.1099979,0.41513953,0.5056914,-0.10350189,-0.2511181,-0.28823784,-0.13069677,-0.6173436,-0.4531633,-0.14610787,0.45642585,0.50546455,-0.10276171,-0.25299945,-0.28908157,-0.12965938,-0.61644244,-0.45457068,-0.14903851,0.45859784,0.38256818,0.13646759,0.46402225,0.39236596,0.14768331,0.46752346,0.39236596,0.14768331,0.46752346,0.38256818,0.13646759,0.46402225
0.3,0.471201,0.5073142,-0.10536224,-0.24489024,-0.28304064,-0.13724332,-0.6211857,-0.4448344,-0.13019781,0.44087687,0.5107737,-0.09965105,-0.21722272,-0.26273304,-0.173173,-0.6329266,-0.40761793,-0.06816808,0.3602251,0.5083248,-0.10332047,-0.23639053,-0.27668452,-0.14917316,-0.6251193,-0.43329516,-0.1099979,0.41513953,0.5056914,-0.10350189,-0.2511181,-0.28823784,-0.13069677,-0.6173436,-0.4531633,-0.14610787,0.45642585,0.50546455,-0.10276171,-0.25299945,-0.28908157,-0.12965938,-0.61644244,-0.45457068,-0.14903851,0.45859784,0.38256818,0.13646759,0.46402225,0.39236596,0.14768331,0.46752346,0.39236596,0.14768331,0.46752346,0.38256818,0.13646759,0.46402225
0.5,0.466638,0.5073142,-0.10536224,-0.24489024,-0.28304064,-0.13724332,-0.6211857,-0.4448344,-0.13019781,0.44087687,0.5107737,-0.09965105,-0.21722272,-0.26273304,-0.173173,-0.6329266,-0.40761793,-0.06816808,0.3602251,0.5083248,-0.10332047,-0.23639053,-0.27668452,-0.14917316,-0.6251193,-0.43329516,-0.1099979,0.41513953,0.5056914,-0.10350189,-0.2511181,-0.28823784,-0.13069677,-0.6173436,-0.4531633,-0.14610787,0.45642585,0.50546455,-0.10276171,-0.25299945,-0.28908157,-0.12965938,-0.61644244,-0.45457068,-0.14903851,0.45859784,0.38256818,0.13646759,0.46402225,0.39236596,0.14768331,0.46752346,0.39236596,0.14768331,0.46752346,0.38256818,0.13646759,0.46402225
0.75,0.505392,0.5073142,-0.10536224,-0.24489024,-0.28304064,-0.13724332,-0.6211857,-0.4448344,-0.13019781,0.44087687,0.5107737,-0.09965105,-0.21722272,-0.26273304,-0.173173,-0.6329266,-0.40761793,-0.06816808,0.3602251,0.5083248,-0.10332047,-0.23639053,-0.27668452,-0.14917316,-0.6251193,-0.43329516,-0.1099979,0.41513953,0.5056914,-0.10350189,-0.2511181,-0.28823784,-0.13069677,-0.6173436,-0.4531633,-0.14610787,0.45642585,0.50546455,-0.10276171,-0.25299945,-0.28908157,-0.12965938,-0.61644244,-0.45457068,-0.14903851,0.45859784,0.38256818,0.13646759,0.46402225,0.39236596,0.14768331,0.46752346,0.39236596,0.14768331,0.46752346,0.38256818,0.13646759,0.46402225
1.0,0.472395,0.5073142,-0.10536224,-0.24489024,-0.28304064,-0.13724332,-0.6211857,-0.4448344,-0.13019781,0.44087687,0.5107737,-0.09965105,-0.21722272,-0.26273304,-0.173173,-0.6329266,-0.40761793,-0.06816808,0.3602251,0.5083248,-0.10332047,-0.23639053,-0.27668452,-0.14917316,-0.6251193,-0.43329516,-0.1099979,0.41513953,0.5056914,-0.10350189,-0.2511181,-0.28823784,-0.13069677,-0.6173436,-0.4531633,-0.14610787,0.45642585,0.50546455,-0.10276171,-0.25299945,-0.28908157,-0.12965938,-0.61644244,-0.45457068,-0.14903851,0.45859784,0.38256818,0.13646759,0.46402225,0.39236596,0.14768331,0.46752346,0.39236596,0.14768331,0.46752346,0.38256818,0.13646759,0.46402225
0.1,0.457356,0.5073142,-0.10536224,-0.24489024,-0.28304064,-0.13724332,-0.6211857,-0.4448344,-0.13019781,0.44087687,0.5059497,-0.10422211,-0.24929276,-0.28695437,-0.13205767,-0.6183781,-0.45110038,-0.1422232,0.453058,0.5056914,-0.10350189,-0.2511181,-0.28823784,-0.13069677,-0.6173436,-0.4531633,-0.14610787,0.45642585,0.5073142,-0.10536224,-0.24489024,-0.28304064,-0.13724332,-0.6211857,-0.4448344,-0.13019781,0.44087687,0.50546455,-0.10276171,-0.25299945,-0.28908157,-0.12965938,-0.61644244,-0.45457068,-0.14903851,0.45859784,0.38256818,0.13646759,0.46402225,0.39236596,0.14768331,0.46752346,0.39236596,0.14768331,0.46752346,0.38256818,0.13646759,0.46402225
0.3,0.480202,0.5073142,-0.10536224,-0.24489024,-0.28304064,-0.13724332,-0.6211857,-0.4448344,-0.13019781,0.44087687,0.5059497,-0.10422211,-0.24929276,-0.28695437,-0.13205767,-0.6183781,-0.45110038,-0.1422232,0.453058,0.5056914,-0.10350189,-0.2511181,-0.28823784,-0.13069677,-0.6173436,-0.4531633,-0.14610787,0.45642585,0.5073142,-0.10536224,-0.24489024,-0.28304064,-0.13724332,-0.6211857,-0.4448344,-0.13019781,0.44087687,0.50546455,-0.10276171,-0.25299945,-0.28908157,-0.12965938,-0.61644244,-0.45457068,-0.14903851,0.45859784,0.38256818,0.13646759,0.46402225,0.39236596,0.14768331,0.46752346,0.39236596,0.14768331,0.46752346,0.38256818,0.13646759,0.46402225
0.5,0.45961,0.5073142,-0.10536224,-0.24489024,-0.28304064,-0.13724332,-0.6211857,-0.4448344,-0.13019781,0.44087687,0.5059497,-0.10422211,-0.24929276,-0.28695437,-0.13205767,-0.6183781,-0.45110038,-0.1422232,0.453058,0.5056914,-0.10350189,-0.2511181,-0.28823784,-0.13069677,-0.6173436,-0.4531633,-0.14610787,0.45642585,0.5073142,-0.10536224,-0.24489024,-0.28304064,-0.13724332,-0.6211857,-0.4448344,-0.13019781,0.44087687,0.50546455,-0.10276171,-0.25299945,-0.28908157,-0.12965938,-0.61644244,-0.45457068,-0.14903851,0.45859784,0.38256818,0.13646759,0.46402225,0.39236596,0.14768331,0.46752346,0.39236596,0.14768331,0.46752346,0.38256818,0.13646759,0.46402225
0.75,0.474019,0.5073142,-0.10536224,-0.24489024,-0.28304064,-0.13724332,-0.6211857,-0.4448344,-0.13019781,0.44087687,0.5059497,-0.10422211,-0.24929276,-0.28695437,-0.13205767,-0.6183781,-0.45110038,-0.1422232,0.453058,0.5056914,-0.10350189,-0.2511181,-0.28823784,-0.13069677,-0.6173436,-0.4531633,-0.14610787,0.45642585,0.5073142,-0.10536224,-0.24489024,-0.28304064,-0.13724332,-0.6211857,-0.4448344,-0.13019781,0.44087687,0.50546455,-0.10276171,-0.25299945,-0.28908157,-0.12965938,-0.61644244,-0.45457068,-0.14903851,0.45859784,0.38256818,0.13646759,0.46402225,0.39236596,0.14768331,0.46752346,0.39236596,0.14768331,0.46752346,0.38256818,0.13646759,0.46402225
1.0,0.48168,0.5073142,-0.10536224,-0.24489024,-0.28304064,-0.13724332,-0.6211857,-0.4448344,-0.13019781,0.44087687,0.5059497,-0.10422211,-0.24929276,-0.28695437,-0.13205767,-0.6183781,-0.45110038,-0.1422232,0.453058,0.5056914,-0.10350189,-0.2511181,-0.28823784,-0.13069677,-0.6173436,-0.4531633,-0.14610787,0.45642585,0.5073142,-0.10536224,-0.24489024,-0.28304064,-0.13724332,-0.6211857,-0.4448344,-0.13019781,0.44087687,0.50546455,-0.10276171,-0.25299945,-0.28908157,-0.12965938,-0.61644244,-0.45457068,-0.14903851,0.45859784,0.38256818,0.13646759,0.46402225,0.39236596,0.14768331,0.46752346,0.39236596,0.14768331,0.46752346,0.38256818,0.13646759,0.46402225
