sample_id,iteration,#elem,H_min,H_max,nvx,var(eta_k),error
5,0,20000,0.01,0.0141421,10201,0,0.276916,
5,1,22571,0.00164163,0.0413659,11471,3.14644e-07,0.151489,
5,2,14421,0.0034788,0.0320275,7358,2.53874e-07,0.174475,
5,3,11156,0.00363612,0.0479416,5702,4.02427e-07,0.212263,
5,4,10790,0.00379857,0.044371,5511,5.3296e-07,0.214776,
5,5,10649,0.00395401,0.0431755,5440,5.68098e-07,0.215282,
5,6,10602,0.00392255,0.0461142,5416,5.86673e-07,0.215009,
4,0,20000,0.01,0.0141421,10201,0,0.276916,
4,1,57675,0.000962242,0.0342504,29117,1.13272e-07,0.0754232,
4,2,52099,0.00188657,0.0216702,26310,3.60356e-08,0.056539,
4,3,34382,0.00170443,0.0242703,17414,4.00466e-08,0.0724525,
4,4,30048,0.00209273,0.0246713,15221,6.41381e-08,0.0798389,
4,5,29593,0.00205996,0.0266692,14990,7.37111e-08,0.0796465,
4,6,29414,0.00214512,0.0272969,14901,7.58109e-08,0.0796687,
3,0,20000,0.01,0.0141421,10201,0,0.276916,
3,1,79461,0.00083853,0.0315565,40058,7.86609e-08,0.0561429,
3,2,76466,0.00171165,0.0148034,38548,1.89286e-08,0.0406432,
3,3,51695,0.00133729,0.0206108,26116,1.86772e-08,0.048916,
3,4,45000,0.00164717,0.0212722,22741,2.80821e-08,0.0535408,
3,5,43822,0.0016869,0.0232235,22147,3.26924e-08,0.0538592,
3,6,43464,0.00162646,0.022501,21967,3.49191e-08,0.0537917,
9,0,20000,0.01,0.0141421,10201,0,0.27692,
9,1,57635,0.000976663,0.0346478,29097,1.13272e-07,0.0754531,
9,2,52371,0.00184274,0.0205285,26446,3.589e-08,0.0558955,
9,3,34182,0.00167036,0.0259134,17314,3.95041e-08,0.0727807,
9,4,30168,0.00210562,0.0263932,15282,6.38848e-08,0.0795444,
9,5,29673,0.00210792,0.0262372,15030,7.24324e-08,0.0794896,
9,6,29453,0.00201902,0.0264403,14921,7.47836e-08,0.0796318,
8,0,20000,0.01,0.0141421,10201,0,0.27692,
8,1,79479,0.000836425,0.0315751,40067,7.86611e-08,0.0559101,
8,2,76373,0.00173586,0.0157017,38501,1.91138e-08,0.0405888,
8,3,51653,0.00136686,0.0210725,26093,1.84611e-08,0.0488936,
8,4,45057,0.00165593,0.0214499,22770,2.83114e-08,0.0535396,
8,5,43940,0.00171045,0.0221137,22205,3.31029e-08,0.0537571,
8,6,43574,0.00173503,0.0224344,22022,3.45703e-08,0.0538014,
2,0,20000,0.01,0.0141421,10201,0,0.276916,
2,1,113296,0.000747813,0.0219226,57049,5.02693e-08,0.0384357,
2,2,116576,0.00134765,0.0126401,58678,9.19677e-09,0.0272314,
2,3,81302,0.000996353,0.0158204,40983,8.24061e-09,0.0312697,
2,4,68842,0.00128621,0.017478,34725,1.18071e-08,0.0352316,
2,5,67511,0.00131718,0.0178053,34048,1.4333e-08,0.0351517,
2,6,67005,0.00128882,0.0182282,33796,1.49348e-08,0.0352157,
10,0,20000,0.01,0.0141421,10201,0,0.27692,
10,1,22617,0.0016284,0.0413655,11494,3.14644e-07,0.150115,
10,2,14410,0.00345327,0.0314916,7352,2.53096e-07,0.173833,
10,3,11260,0.0033994,0.0441296,5753,4.05115e-07,0.209686,
10,4,10788,0.00359789,0.0417741,5510,5.25795e-07,0.213792,
10,5,10682,0.00354745,0.0455696,5456,5.65995e-07,0.214429,
7,0,20000,0.01,0.0141421,10201,0,0.27692,
7,1,113258,0.000759544,0.0225669,57030,5.02694e-08,0.0384513,
7,2,116457,0.00137506,0.0138885,58619,9.16191e-09,0.0273314,
7,3,81467,0.00102289,0.0152903,41069,8.18171e-09,0.0313306,
7,4,68867,0.001325,0.0173458,34737,1.18011e-08,0.0351499,
7,5,67150,0.00133439,0.0184862,33867,1.41968e-08,0.0352655,
7,6,66660,0.00128911,0.0177454,33622,1.49795e-08,0.0352711,
14,0,20000,0.01,0.0141421,10201,0,0.28059,
14,1,58655,0.000971467,0.0329106,29612,1.13466e-07,0.0719601,
14,2,51580,0.00204457,0.0176943,26052,3.57276e-08,0.0558523,
14,3,33842,0.00159037,0.024397,17143,3.97549e-08,0.072888,
14,4,29631,0.00210402,0.0265431,15013,6.55134e-08,0.0801553,
14,5,29101,0.00211138,0.0267649,14743,7.59832e-08,0.0803507,
14,6,28936,0.0020287,0.0295445,14662,7.74416e-08,0.0801762,
15,0,20000,0.01,0.0141421,10201,0,0.28059,
15,1,22857,0.00167457,0.0412093,11617,3.15183e-07,0.150515,
15,2,14714,0.00344369,0.0322176,7505,2.42726e-07,0.171306,
15,3,11293,0.00346399,0.0433394,5771,4.14135e-07,0.210926,
15,4,10816,0.00364028,0.0407132,5524,5.59902e-07,0.214758,
15,5,10686,0.00377752,0.0452856,5459,5.95928e-07,0.214957,
15,6,10643,0.00377483,0.0428042,5437,6.17914e-07,0.215154,
13,0,20000,0.01,0.0141421,10201,0,0.28059,
13,1,80010,0.000829678,0.0315698,40339,7.87958e-08,0.0561268,
13,2,77202,0.00176207,0.0149251,38916,1.89159e-08,0.0402984,
13,3,51744,0.0012825,0.0201845,26142,1.84472e-08,0.0488261,
13,4,45346,0.00164474,0.0214774,22914,2.80385e-08,0.0532855,
13,5,44239,0.00170379,0.0234095,22354,3.25798e-08,0.0535549,
13,6,43811,0.00176957,0.0238173,22141,3.40159e-08,0.0536279,
6,0,20000,0.01,0.0141421,10201,0,0.27692,
6,1,169719,0.000710936,0.0183339,85374,2.74658e-08,0.0226267,
6,2,176305,0.00097132,0.00915364,88663,4.15889e-09,0.0170991,
6,3,135230,0.00081813,0.0126971,68034,3.04633e-09,0.0191867,
6,4,118748,0.00101795,0.0140286,59779,4.02133e-09,0.0206608,
6,5,116464,0.000954428,0.0131253,58620,4.74814e-09,0.0206002,
6,6,115775,0.000935462,0.0142451,58278,4.92088e-09,0.0205586,
1,0,20000,0.01,0.0141421,10201,0,0.276916,
1,1,169609,0.000715781,0.0183338,85319,2.74658e-08,0.0226299,
1,2,176061,0.00093007,0.0089944,88541,4.09764e-09,0.0171035,
1,3,135438,0.000822063,0.0130442,68139,3.07287e-09,0.0191645,
1,4,118730,0.000991208,0.0136412,59770,4.04255e-09,0.0206447,
1,5,116659,0.0010089,0.0144827,58718,4.68679e-09,0.0205306,
1,6,115896,0.00103483,0.0144359,58339,4.87877e-09,0.0205218,
12,0,20000,0.01,0.0141421,10201,0,0.28059,
12,1,113948,0.000719871,0.0297177,57383,5.0309e-08,0.038351,
12,2,116959,0.0012626,0.0135806,58871,9.52266e-09,0.0271066,
12,3,80999,0.000909763,0.0162312,40835,8.22407e-09,0.0313838,
12,4,68478,0.00126896,0.0183576,34543,1.20267e-08,0.035202,
12,5,67048,0.00136057,0.0190477,33815,1.4737e-08,0.0352611,
12,6,66616,0.00134122,0.0183923,33602,1.54752e-08,0.0352468,
20,0,20000,0.01,0.0141421,10201,0,0.276482,
20,1,22553,0.00162308,0.0414019,11462,3.14621e-07,0.15083,
20,2,14340,0.00345068,0.0323881,7317,2.55548e-07,0.175688,
20,3,11177,0.00322444,0.0447952,5712,4.11283e-07,0.212196,
20,4,10784,0.00376093,0.0429196,5508,5.35799e-07,0.214205,
20,5,10642,0.00384925,0.0438837,5437,5.71776e-07,0.215654,
20,6,10591,0.00384944,0.0445456,5410,5.89552e-07,0.215845,
19,0,20000,0.01,0.0141421,10201,0,0.276482,
19,1,57406,0.000987361,0.0316965,28982,1.13264e-07,0.0788786,
19,2,53796,0.0020435,0.0188906,27157,3.53919e-08,0.0551826,
19,3,34673,0.0015686,0.0246942,17561,4.12247e-08,0.0719219,
19,4,29911,0.00199705,0.0257322,15152,6.48098e-08,0.0795792,
19,5,29228,0.00207986,0.0259501,14807,7.57885e-08,0.080251,
19,6,29078,0.00210322,0.0254771,14732,7.78813e-08,0.0802089,
18,0,20000,0.01,0.0141421,10201,0,0.276482,
18,1,79477,0.000834686,0.0336191,40066,7.86553e-08,0.0560931,
18,2,76527,0.00158329,0.0169938,38577,1.8998e-08,0.0404722,
18,3,51266,0.00128465,0.0198384,25902,1.87257e-08,0.0492841,
18,4,45120,0.0015794,0.0224897,22801,2.80313e-08,0.0535547,
18,5,44007,0.00160591,0.0246825,22240,3.31293e-08,0.0537805,
18,6,43639,0.00159147,0.0216771,22054,3.49761e-08,0.0539484,
17,0,20000,0.01,0.0141421,10201,0,0.276482,
17,1,113211,0.000783765,0.0217165,57006,5.02676e-08,0.0384778,
17,2,116534,0.00129597,0.0127367,58657,9.23231e-09,0.027264,
17,3,81303,0.00107027,0.0153753,40984,8.1845e-09,0.0313819,
17,4,68935,0.00127542,0.0168257,34771,1.1822e-08,0.0351154,
17,5,67432,0.00134717,0.0182671,34006,1.43528e-08,0.0351825,
17,6,66912,0.00133131,0.0173178,33750,1.49415e-08,0.0352007,
11,0,20000,0.01,0.0141421,10201,0,0.28059,
11,1,170195,0.000699329,0.0183337,85619,2.74541e-08,0.022613,
11,2,176471,0.000798322,0.00939016,88746,4.09335e-09,0.0171119,
11,3,135336,0.000842178,0.0129932,68090,3.06665e-09,0.0191591,
11,4,118542,0.000985854,0.0132991,59675,4.0277e-09,0.020635,
11,5,116457,0.000995254,0.0141477,58618,4.71378e-09,0.020561,
11,6,115755,0.00102914,0.0140708,58269,4.89214e-09,0.020532,
24,0,20000,0.01,0.0141421,10201,0,0.276933,
24,1,57711,0.000979599,0.0342243,29135,1.13265e-07,0.0751107,
24,2,52131,0.00200025,0.0195927,26326,3.64036e-08,0.0563884,
24,3,34359,0.00165254,0.0250182,17402,3.96063e-08,0.0726714,
24,4,30268,0.00214008,0.0267791,15332,6.35294e-08,0.0787838,
24,5,29692,0.00210065,0.0278432,15040,7.26455e-08,0.0790463,
24,6,29478,0.00203469,0.0289155,14933,7.49605e-08,0.0790559,
25,0,20000,0.01,0.0141421,10201,0,0.276933,
25,1,22535,0.00160369,0.0413819,11453,3.14624e-07,0.152574,
25,2,14564,0.00339381,0.0307432,7429,2.48868e-07,0.174256,
25,3,11169,0.00332367,0.0423226,5709,4.07559e-07,0.2121,
25,4,10683,0.00386491,0.0407303,5458,5.60163e-07,0.216257,
25,5,10575,0.00383107,0.0410413,5403,5.81594e-07,0.216935,
25,6,10513,0.00377692,0.0413978,5372,5.95408e-07,0.217339,
23,0,20000,0.01,0.0141421,10201,0,0.276933,
23,1,79579,0.000908835,0.0315156,40117,7.86559e-08,0.0560021,
23,2,76553,0.00162376,0.0151558,38591,1.91622e-08,0.0405075,
23,3,51758,0.00128038,0.020812,26147,1.8518e-08,0.048974,
23,4,45126,0.00165428,0.0203371,22805,2.80003e-08,0.0536066,
23,5,43948,0.00173729,0.0217739,22209,3.35054e-08,0.0539262,
23,6,43548,0.00171368,0.0220615,22009,3.54476e-08,0.0540857,
22,0,20000,0.01,0.0141421,10201,0,0.276933,
22,1,113318,0.000725393,0.0217159,57060,5.02661e-08,0.0384982,
22,2,116636,0.00131272,0.0126748,58708,9.3317e-09,0.027262,
22,3,81493,0.00104996,0.0168471,41081,8.13639e-09,0.0313418,
22,4,68843,0.0012616,0.0166508,34724,1.17151e-08,0.0351843,
22,5,67275,0.00129297,0.0179284,33929,1.42406e-08,0.0352294,
22,6,66740,0.00135701,0.0180644,33662,1.48751e-08,0.035266,
16,0,20000,0.01,0.0141421,10201,0,0.276482,
16,1,169493,0.000712116,0.0183338,85261,2.74695e-08,0.0226501,
16,2,175788,0.00090365,0.00928894,88404,4.08879e-09,0.0171486,
16,3,135292,0.000825374,0.0125749,68066,3.05676e-09,0.0191652,
16,4,118859,0.00100953,0.0134723,59835,4.00127e-09,0.0206068,
16,5,116555,0.00103963,0.0142888,58668,4.67296e-09,0.0205482,
16,6,115742,0.00106746,0.0135882,58262,4.86712e-09,0.020533,
29,0,20000,0.01,0.0141421,10201,0,0.276757,
29,1,57733,0.000985231,0.0342777,29146,1.13273e-07,0.0754973,
29,2,52409,0.00182126,0.0210563,26465,3.55141e-08,0.0558736,
29,3,34160,0.00158062,0.0242678,17303,3.94983e-08,0.0727126,
29,4,30077,0.00202858,0.0265378,15236,6.34124e-08,0.0794687,
29,5,29595,0.00188879,0.0282213,14992,7.04229e-08,0.0792522,
29,6,29385,0.00201878,0.0277211,14887,7.32156e-08,0.0793486,
28,0,20000,0.01,0.0141421,10201,0,0.276757,
28,1,79549,0.000908165,0.031524,40102,7.86619e-08,0.056064,
28,2,76527,0.00173145,0.0149926,38578,1.9195e-08,0.0406571,
28,3,51683,0.00127251,0.0203146,26112,1.85418e-08,0.0489973,
28,4,45019,0.00155389,0.0216122,22750,2.81646e-08,0.053804,
28,5,43779,0.00164251,0.0212691,22125,3.27754e-08,0.0542123,
28,6,43437,0.00169371,0.0229829,21954,3.47243e-08,0.0542555,
30,0,20000,0.01,0.0141421,10201,0,0.276757,
30,1,22557,0.00161942,0.0413639,11464,3.14648e-07,0.151555,
30,2,14528,0.00318843,0.0325329,7411,2.52142e-07,0.173194,
30,3,11156,0.0032631,0.0422387,5703,4.07966e-07,0.2117,
30,4,10712,0.00370355,0.0435609,5472,5.40963e-07,0.216209,
30,5,10613,0.00354025,0.0428463,5423,5.7198e-07,0.216326,
27,0,20000,0.01,0.0141421,10201,0,0.276757,
27,1,113364,0.000702611,0.0230279,57083,5.02708e-08,0.0385078,
27,2,116797,0.00130835,0.0139031,58789,8.99128e-09,0.0271771,
27,3,81308,0.00106586,0.0162458,40987,8.19107e-09,0.0312757,
27,4,69009,0.00138511,0.0169252,34808,1.19094e-08,0.0350025,
27,5,67462,0.0013627,0.0187771,34023,1.42901e-08,0.0350679,
27,6,66995,0.00138073,0.0183973,33791,1.4977e-08,0.0350371,
21,0,20000,0.01,0.0141421,10201,0,0.276933,
21,1,169663,0.00072246,0.0183343,85346,2.74638e-08,0.0226955,
21,2,176363,0.000961917,0.00946225,88693,4.08004e-09,0.017129,
21,3,135689,0.000853743,0.0127391,68263,3.07424e-09,0.0191414,
21,4,118833,0.00095692,0.0132294,59821,4.05603e-09,0.0206079,
21,5,116492,0.000953374,0.0134121,58634,4.71307e-09,0.0205507,
21,6,115711,0.00095513,0.0132413,58246,4.90347e-09,0.0205332,
35,0,20000,0.01,0.0141421,10201,0,0.276668,
35,1,22563,0.0016168,0.0413897,11467,3.14588e-07,0.150975,
35,2,14485,0.00352712,0.0314211,7389,2.54433e-07,0.174154,
35,3,11205,0.00365547,0.0440782,5727,4.197e-07,0.210143,
35,4,10736,0.0038257,0.045099,5484,5.61084e-07,0.215562,
35,5,10623,0.0036952,0.0441773,5427,5.9748e-07,0.215805,
35,6,10554,0.00373369,0.0439899,5392,6.1473e-07,0.215957,
33,0,20000,0.01,0.0141421,10201,0,0.276668,
33,1,79427,0.000891132,0.0336203,40041,7.86471e-08,0.0560076,
33,2,76267,0.00162502,0.015283,38449,1.9195e-08,0.0407329,
33,3,51644,0.00132746,0.0199994,26090,1.86316e-08,0.0491255,
33,4,45068,0.00169203,0.0212029,22777,2.87122e-08,0.0539431,
33,5,43986,0.00176441,0.0235188,22228,3.39743e-08,0.0539824,
33,6,43624,0.0017318,0.0225519,22047,3.56907e-08,0.0540548,
34,0,20000,0.01,0.0141421,10201,0,0.276668,
34,1,57695,0.000973928,0.0346922,29127,1.13252e-07,0.0752802,
34,2,52285,0.00190409,0.0217827,26403,3.65447e-08,0.0560091,
34,3,34125,0.00156018,0.0239834,17285,4.00676e-08,0.0729185,
34,4,29938,0.00210406,0.0262002,15165,6.47378e-08,0.0798408,
34,5,29421,0.00211908,0.0269205,14904,7.44582e-08,0.0798805,
34,6,29233,0.00217599,0.0270644,14810,7.65055e-08,0.0798581,
32,0,20000,0.01,0.0141421,10201,0,0.276668,
32,1,113228,0.000748162,0.0218804,57015,5.02617e-08,0.0384767,
32,2,116344,0.00133932,0.0138262,58562,9.1347e-09,0.0272576,
32,3,81171,0.00103412,0.0168545,40919,8.25188e-09,0.0313938,
32,4,68913,0.00130751,0.0169359,34759,1.18531e-08,0.035059,
32,5,67395,0.00124041,0.0183994,33990,1.42575e-08,0.0351345,
32,6,66881,0.00135615,0.0171872,33734,1.48978e-08,0.035138,
38,0,20000,0.01,0.0141421,10201,0,0.277346,
38,1,79482,0.000850304,0.0278065,40069,7.86721e-08,0.0584365,
38,2,78362,0.0017473,0.0147656,39496,1.86173e-08,0.0397415,
38,3,52046,0.00130292,0.0205948,26295,1.9458e-08,0.0480591,
38,4,44746,0.00163756,0.0212634,22614,2.88326e-08,0.0537291,
38,5,43655,0.00170274,0.0238767,22061,3.35115e-08,0.0541133,
38,6,43334,0.00168204,0.024154,21901,3.48844e-08,0.0541696,
26,0,20000,0.01,0.0141421,10201,0,0.276757,
26,1,169867,0.000713989,0.0183338,85448,2.74685e-08,0.0226357,
26,2,176383,0.000957078,0.00909086,88703,4.04849e-09,0.017064,
26,3,134844,0.00077988,0.012644,67842,3.08687e-09,0.0191858,
26,4,117937,0.000964527,0.0127568,59372,4.01826e-09,0.0207263,
26,5,115927,0.000968809,0.0138824,58350,4.71047e-09,0.0206265,
26,6,115228,0.000999669,0.0141266,58004,4.86514e-09,0.0206022,
39,0,20000,0.01,0.0141421,10201,0,0.277346,
39,1,57781,0.000939184,0.0342482,29170,1.13288e-07,0.0753206,
39,2,52268,0.00196243,0.0195819,26394,3.59565e-08,0.0564204,
39,3,34421,0.00169887,0.0253337,17433,4.01154e-08,0.0722692,
39,4,30113,0.00214172,0.026167,15253,6.50518e-08,0.0793015,
39,5,29545,0.00223662,0.0286382,14966,7.37272e-08,0.0793562,
39,6,29337,0.00218323,0.0265248,14862,7.66368e-08,0.0795214,
40,0,20000,0.01,0.0141421,10201,0,0.277346,
40,1,22599,0.00163821,0.0413709,11485,3.14688e-07,0.150394,
40,2,14367,0.0034196,0.0314998,7331,2.50568e-07,0.175074,
40,3,11207,0.00351992,0.0453409,5727,4.20408e-07,0.21128,
40,4,10781,0.00368518,0.0432362,5506,5.54534e-07,0.214914,
40,5,10640,0.00365077,0.0479633,5435,5.74502e-07,0.215046,
40,6,10591,0.00394458,0.0470288,5411,5.84487e-07,0.215056,
37,0,20000,0.01,0.0141421,10201,0,0.277346,
37,1,113293,0.000733159,0.0282687,57048,5.02738e-08,0.0382986,
37,2,116299,0.00131879,0.0134162,58539,9.46595e-09,0.0272878,
37,3,81222,0.00102702,0.0154413,40944,8.09973e-09,0.0313671,
37,4,68819,0.00127382,0.017293,34714,1.18582e-08,0.0349906,
37,5,67190,0.00127586,0.0181018,33888,1.41136e-08,0.0351382,
37,6,66700,0.00132487,0.0190985,33642,1.47389e-08,0.0351478,
43,0,20000,0.01,0.0141421,10201,0,1.32593,
43,1,72744,0.000721693,0.0366845,36749,3.59196e-07,0.14842,
43,2,47342,0.00129635,0.0214336,23968,6.74418e-08,0.135904,
43,3,28640,0.0012351,0.0339984,14542,1.2657e-07,0.186855,
43,4,24446,0.00146872,0.0371531,12418,1.62428e-07,0.213874,
43,5,23843,0.00137212,0.036719,12108,2.02868e-07,0.215616,
43,6,23638,0.00145127,0.0365434,12006,2.11493e-07,0.216305,
45,0,20000,0.01,0.0141421,10201,0,1.32593,
45,1,25763,0.00111483,0.0434576,13100,1.45123e-06,0.336932,
45,2,11737,0.00225995,0.0428467,6014,6.91324e-07,0.46139,
45,3,6870,0.00237867,0.0604243,3541,2.01012e-06,0.764575,
45,4,5845,0.00342341,0.0720559,3017,2.75683e-06,0.863321,
45,5,5660,0.0034734,0.071458,2921,3.52227e-06,0.873479,
45,6,5586,0.00323072,0.0682209,2884,3.65016e-06,0.87924,
45,7,5560,0.00328439,0.0680635,2871,3.73511e-06,0.878014,
44,0,20000,0.01,0.0141421,10201,0,1.32593,
44,1,41535,0.00083244,0.0417031,21041,8.16318e-07,0.260526,
44,2,23136,0.00178822,0.0315485,11770,2.16489e-07,0.26369,
44,3,13509,0.00180146,0.0464053,6904,5.4375e-07,0.392361,
44,4,11029,0.00226654,0.0516484,5644,7.79132e-07,0.471202,
44,5,10645,0.00241124,0.0547727,5446,1.03173e-06,0.478065,
44,6,10501,0.00229449,0.0574499,5374,1.09888e-06,0.480304,
44,7,10445,0.0024618,0.0564779,5346,1.12746e-06,0.481461,
31,0,20000,0.01,0.0141421,10201,0,0.276668,
31,1,169591,0.000721461,0.018334,85310,2.74645e-08,0.0226798,
31,2,176370,0.000894777,0.0091226,88695,4.05932e-09,0.0171045,
31,3,135537,0.000850307,0.0130008,68189,3.06659e-09,0.0191599,
31,4,118676,0.000943065,0.0136939,59743,4.00055e-09,0.020623,
31,5,116493,0.00100995,0.0144041,58634,4.67915e-09,0.0205519,
31,6,115838,0.0010192,0.0145904,58309,4.86038e-09,0.0205207,
48,0,20000,0.01,0.0141421,10201,0,1.32594,
48,1,72574,0.000716647,0.0366844,36664,3.59196e-07,0.148713,
48,2,47174,0.00128941,0.0214182,23884,6.50035e-08,0.135807,
48,3,28619,0.00130498,0.0332536,14531,1.28445e-07,0.187191,
48,4,24406,0.00151809,0.0347916,12397,1.64848e-07,0.215432,
48,5,23846,0.00147404,0.0361092,12109,2.02068e-07,0.217116,
48,6,23659,0.00157429,0.0367785,12016,2.11393e-07,0.217586,
36,0,20000,0.01,0.0141421,10201,0,0.277346,
36,1,169636,0.000719596,0.0183343,85333,2.74625e-08,0.0226798,
36,2,176253,0.000914901,0.00904924,88638,4.19441e-09,0.0170989,
36,3,135096,0.000786477,0.0129782,67969,3.09682e-09,0.0192438,
36,4,118752,0.000995726,0.0133119,59781,4.06173e-09,0.0206233,
36,5,116443,0.000989003,0.0139743,58610,4.73806e-09,0.0205773,
36,6,115832,0.00101985,0.0146082,58306,4.92696e-09,0.0205482,
47,0,20000,0.01,0.0141421,10201,0,1.32594,
47,1,92593,0.00071944,0.0390861,46735,2.24865e-07,0.123925,
47,2,75436,0.00100445,0.0204913,38077,3.78311e-08,0.0956386,
47,3,45839,0.00100769,0.025271,23198,5.08863e-08,0.11984,
47,4,38426,0.00114684,0.0277378,19458,6.58595e-08,0.137713,
47,5,37424,0.00119353,0.0287736,18946,8.49559e-08,0.13892,
47,6,37062,0.0012117,0.0298438,18764,8.84576e-08,0.139493,
49,0,20000,0.01,0.0141421,10201,0,1.32594,
49,1,41447,0.000904087,0.041703,20997,8.16318e-07,0.260363,
49,2,23067,0.00185187,0.0320387,11735,2.18369e-07,0.26379,
49,3,13387,0.00187513,0.0467967,6842,5.37969e-07,0.394152,
49,4,10888,0.00235784,0.0557833,5573,7.71168e-07,0.474802,
49,5,10510,0.00246071,0.0555202,5379,1.02147e-06,0.483019,
49,6,10347,0.0024271,0.0534375,5297,1.08552e-06,0.489429,
49,7,10322,0.00242868,0.0543799,5285,1.12687e-06,0.488538,
50,0,20000,0.01,0.0141421,10201,0,1.32594,
50,1,25677,0.00111635,0.0434576,13057,1.45123e-06,0.337479,
50,2,11783,0.00215868,0.042832,6037,6.80683e-07,0.457007,
50,3,6800,0.00254079,0.0599195,3507,1.92499e-06,0.763585,
50,4,5768,0.00294983,0.0703106,2977,2.89806e-06,0.877641,
50,5,5626,0.00307555,0.0708095,2904,3.61912e-06,0.881783,
50,6,5569,0.00325097,0.0723032,2875,3.86981e-06,0.885826,
50,7,5551,0.00324544,0.0783716,2866,3.99544e-06,0.887225,
42,0,20000,0.01,0.0141421,10201,0,1.32593,
42,1,121699,0.000681267,0.0327215,61348,1.19507e-07,0.0860971,
42,2,122285,0.000727853,0.0149006,61591,1.76757e-08,0.0618037,
42,3,85315,0.000729941,0.0196054,43018,1.76727e-08,0.0668503,
42,4,70096,0.000789084,0.0200027,35378,2.15772e-08,0.0771426,
42,5,67939,0.000852081,0.0217201,34283,2.77433e-08,0.0779698,
42,6,67237,0.000846761,0.0231346,33936,2.84131e-08,0.0782251,
42,7,67008,0.000875105,0.0216073,33822,2.91203e-08,0.0781694,
54,0,20000,0.01,0.0141421,10201,0,1.38529,
54,1,42768,0.000836081,0.042141,21675,8.18189e-07,0.259455,
54,2,23761,0.0017459,0.0314925,12087,2.18142e-07,0.257459,
54,3,13589,0.00196734,0.0481044,6946,5.29791e-07,0.393946,
54,4,11066,0.00198923,0.054173,5663,7.74722e-07,0.473292,
54,5,10653,0.00220369,0.05665,5451,1.0062e-06,0.478091,
54,6,10505,0.00221684,0.0570949,5376,1.04715e-06,0.483159,
54,7,10461,0.00222642,0.0557257,5355,1.08701e-06,0.481534,
55,0,20000,0.01,0.0141421,10201,0,1.38529,
55,1,26724,0.00109229,0.0434576,13594,1.45456e-06,0.334697,
55,2,12230,0.00236872,0.047707,6264,6.43019e-07,0.443365,
55,3,6937,0.00273551,0.0573582,3576,1.95125e-06,0.758191,
55,4,5817,0.00318762,0.0727174,3004,2.80951e-06,0.876827,
55,5,5676,0.00348128,0.0690817,2931,3.39456e-06,0.882724,
55,6,5618,0.00341756,0.0700772,2902,3.65829e-06,0.883586,
55,7,5588,0.00343759,0.0727038,2886,3.72156e-06,0.885138,
46,0,20000,0.01,0.0141421,10201,0,1.32594,
46,1,121777,0.000671462,0.0347357,61387,1.19507e-07,0.0856838,
46,2,122079,0.000712256,0.014622,61488,1.81116e-08,0.0618382,
46,3,85316,0.000720814,0.0203079,43018,1.81463e-08,0.0667125,
46,4,69957,0.000753046,0.021904,35308,2.17522e-08,0.0773563,
46,5,67652,0.00084354,0.0217676,34139,2.775e-08,0.0783558,
46,6,67110,0.000844072,0.0213108,33870,2.81456e-08,0.0783352,
53,0,20000,0.01,0.0141421,10201,0,1.38529,
53,1,73583,0.000721353,0.0366818,37187,3.59239e-07,0.149475,
53,2,48386,0.00135741,0.0211543,24494,6.73423e-08,0.135174,
53,3,28993,0.00123241,0.0326091,14722,1.2239e-07,0.185778,
53,4,24430,0.0014378,0.034547,12411,1.61029e-07,0.216879,
53,5,23891,0.00154653,0.0365599,12132,2.05954e-07,0.217626,
53,6,23681,0.00146634,0.036136,12029,2.12355e-07,0.218377,
52,0,20000,0.01,0.0141421,10201,0,1.38529,
52,1,93529,0.000692236,0.0389426,47216,2.2458e-07,0.12195,
52,2,75909,0.00107778,0.0170709,38315,3.80592e-08,0.0957713,
52,3,46459,0.000986827,0.0273351,23512,4.61708e-08,0.118338,
52,4,38916,0.00110349,0.0271552,19703,6.44142e-08,0.136859,
52,5,38072,0.00120607,0.029414,19271,8.17026e-08,0.1375,
52,6,37764,0.00120014,0.0296574,19118,8.52204e-08,0.137685,
58,0,20000,0.01,0.0141421,10201,0,1.3156,
58,1,72719,0.000717055,0.0408054,36735,3.59075e-07,0.155618,
58,2,49234,0.00127024,0.0203411,24915,6.63295e-08,0.135407,
58,3,29200,0.00128026,0.030147,14824,1.15866e-07,0.185623,
58,4,24479,0.00150259,0.0355134,12434,1.59919e-07,0.216252,
58,5,23828,0.00148461,0.0380747,12100,2.02538e-07,0.217721,
58,6,23564,0.00153541,0.0371414,11967,2.10889e-07,0.218899,
58,7,23488,0.00159537,0.0365167,11931,2.14638e-07,0.218769,
59,0,20000,0.01,0.0141421,10201,0,1.3156,
59,1,41284,0.00089778,0.0417938,20914,8.15773e-07,0.259792,
59,2,22992,0.00179453,0.0323307,11697,2.2009e-07,0.263337,
59,3,13312,0.00186848,0.049617,6805,5.41182e-07,0.399171,
59,4,10955,0.00234076,0.0500035,5606,7.80174e-07,0.477555,
59,5,10589,0.00239071,0.0494721,5418,1.01627e-06,0.479571,
59,6,10440,0.00248055,0.0495735,5344,1.088e-06,0.483757,
59,7,10380,0.00240725,0.0528009,5313,1.10829e-06,0.483848,
60,0,20000,0.01,0.0141421,10201,0,1.3156,
60,1,25858,0.00111793,0.0433988,13147,1.45026e-06,0.277106,
60,2,10500,0.00223963,0.0492394,5393,6.99516e-07,0.4827,
60,3,6423,0.00281631,0.0683844,3315,2.16013e-06,0.813308,
60,4,5689,0.00326105,0.071968,2937,2.87463e-06,0.891272,
60,5,5568,0.00323466,0.0761274,2875,3.39303e-06,0.893816,
60,6,5515,0.00329172,0.0750711,2848,3.50209e-06,0.89607,
57,0,20000,0.01,0.0141421,10201,0,1.3156,
57,1,92579,0.000715701,0.0390854,46727,2.24857e-07,0.12362,
57,2,75331,0.000996914,0.0202805,38023,3.64976e-08,0.0961894,
57,3,46287,0.000966082,0.0252573,23421,5.12523e-08,0.119338,
57,4,38276,0.00106426,0.0284862,19383,6.56704e-08,0.138584,
57,5,37345,0.00119563,0.0301261,18906,8.94672e-08,0.139549,
57,6,37069,0.00119455,0.0301338,18768,9.37371e-08,0.139775,
51,0,20000,0.01,0.0141421,10201,0,1.38529,
51,1,121751,0.000691459,0.0314682,61380,1.19092e-07,0.090744,
51,2,127098,0.000730354,0.0144993,63998,1.80221e-08,0.0614517,
51,3,88600,0.000717654,0.0211807,44668,1.72832e-08,0.0641262,
51,4,71273,0.000750154,0.0207751,35971,2.07536e-08,0.0758353,
51,5,68595,0.000823126,0.021052,34613,2.71459e-08,0.0771485,
51,6,67914,0.0008476,0.0222026,34274,2.77419e-08,0.0773248,
51,7,67674,0.000876697,0.0220711,34155,2.82613e-08,0.0773038,
63,0,20000,0.01,0.0141421,10201,0,1.32604,
63,1,72626,0.000693539,0.0366866,36690,3.59202e-07,0.148713,
63,2,47264,0.00135262,0.0214773,23929,6.31594e-08,0.136545,
63,3,28704,0.00134328,0.0365313,14573,1.30245e-07,0.186932,
63,4,24530,0.00147398,0.0339693,12459,1.69042e-07,0.215077,
63,5,23874,0.00150985,0.0352614,12125,2.06913e-07,0.21711,
63,6,23645,0.00152768,0.0375192,12009,2.16092e-07,0.217684,
64,0,20000,0.01,0.0141421,10201,0,1.32604,
64,1,41609,0.000899583,0.0417596,21078,8.16335e-07,0.260092,
64,2,23090,0.00181689,0.0336548,11746,2.15874e-07,0.264122,
64,3,13468,0.00201882,0.0466491,6883,5.46219e-07,0.394725,
64,4,11047,0.00218009,0.0523449,5653,7.85137e-07,0.473865,
64,5,10670,0.00205582,0.0582297,5459,1.01222e-06,0.478132,
64,6,10498,0.00229253,0.0529696,5372,1.06154e-06,0.483687,
64,7,10439,0.0022985,0.0536917,5343,1.08653e-06,0.483581,
65,0,20000,0.01,0.0141421,10201,0,1.32604,
65,1,25657,0.00110876,0.0434576,13047,1.45126e-06,0.338068,
65,2,11865,0.00223591,0.0469305,6078,6.76014e-07,0.459708,
65,3,6883,0.00263326,0.0623517,3549,1.88191e-06,0.76631,
65,4,5825,0.00320072,0.0668883,3006,2.74586e-06,0.870918,
65,5,5668,0.00318732,0.0677149,2925,3.44257e-06,0.88103,
65,6,5622,0.00326189,0.0725422,2902,3.61304e-06,0.879656,
62,0,20000,0.01,0.0141421,10201,0,1.32604,
62,1,92643,0.000710876,0.039089,46760,2.24867e-07,0.12393,
62,2,75535,0.0010204,0.0195582,38126,3.73875e-08,0.0956053,
62,3,46073,0.000990338,0.0258788,23318,5.01242e-08,0.119259,
62,4,38468,0.00115104,0.0300006,19479,6.62323e-08,0.137718,
62,5,37512,0.00117869,0.0293336,18989,8.43417e-08,0.138985,
62,6,37294,0.00118855,0.0307421,18881,8.7485e-08,0.139037,
56,0,20000,0.01,0.0141421,10201,0,1.3156,
56,1,121658,0.00066927,0.0346346,61327,1.19548e-07,0.086362,
56,2,122202,0.000759137,0.0151589,61550,1.82946e-08,0.0618663,
56,3,85683,0.000753771,0.0206239,43200,1.80255e-08,0.0665718,
56,4,70289,0.000805312,0.0218449,35475,2.1546e-08,0.0770375,
56,5,68015,0.000855276,0.0211593,34321,2.72401e-08,0.077969,
56,6,67353,0.000840896,0.0223637,33993,2.77766e-08,0.0780855,
69,0,20000,0.01,0.0141421,10201,0,1.32223,
69,1,41694,0.00089542,0.0397911,21120,8.16333e-07,0.213153,
69,2,19869,0.00169993,0.0354263,10131,2.14781e-07,0.285767,
69,3,12753,0.0021277,0.0438938,6519,6.93979e-07,0.414197,
69,4,10860,0.00231736,0.0584394,5558,8.76359e-07,0.479757,
69,5,10571,0.00231382,0.0515807,5409,9.81945e-07,0.485587,
69,6,10415,0.00239507,0.0523081,5332,1.03052e-06,0.488324,
69,7,10363,0.00235794,0.0545618,5305,1.06703e-06,0.48891,
70,0,20000,0.01,0.0141421,10201,0,1.32223,
70,1,25651,0.00109905,0.0434576,13044,1.45126e-06,0.336756,
70,2,11700,0.00224963,0.0466053,5995,6.81687e-07,0.464853,
70,3,6855,0.00274699,0.0611934,3534,1.99658e-06,0.762214,
70,4,5757,0.00315175,0.0744678,2972,2.81132e-06,0.881571,
70,5,5640,0.00302217,0.068504,2911,3.5823e-06,0.879033,
70,6,5574,0.00328265,0.0735398,2878,3.78081e-06,0.884069,
70,7,5548,0.00310605,0.0746601,2865,3.9161e-06,0.883426,
68,0,20000,0.01,0.0141421,10201,0,1.32223,
68,1,72634,0.000735289,0.0366829,36693,3.59251e-07,0.149865,
68,2,47905,0.00132021,0.0214372,24250,6.69762e-08,0.136284,
68,3,28936,0.00126041,0.0317651,14689,1.25536e-07,0.186028,
68,4,24604,0.00152632,0.0327195,12497,1.66557e-07,0.21356,
68,5,23957,0.00145533,0.0371464,12165,2.06754e-07,0.215822,
68,6,23772,0.00147139,0.0366373,12072,2.16186e-07,0.216006,
61,0,20000,0.01,0.0141421,10201,0,1.32604,
61,1,121831,0.000692348,0.0347216,61414,1.19507e-07,0.0863205,
61,2,122635,0.000739248,0.0173352,61767,1.81811e-08,0.0617246,
61,3,85558,0.00073266,0.019379,43139,1.77822e-08,0.0665802,
61,4,70252,0.000802933,0.0213913,35455,2.12505e-08,0.0770981,
61,5,68071,0.000789552,0.0226977,34350,2.69928e-08,0.0780274,
61,6,67430,0.000856505,0.0221505,34032,2.74492e-08,0.0781185,
67,0,20000,0.01,0.0141421,10201,0,1.32223,
67,1,92728,0.000706077,0.0390843,46802,2.24927e-07,0.123818,
67,2,75630,0.00103446,0.020281,38174,3.6455e-08,0.0953157,
67,3,46045,0.00105604,0.0251567,23302,5.01084e-08,0.119113,
67,4,38692,0.00108419,0.027595,19591,6.71321e-08,0.136585,
67,5,37626,0.00112912,0.0288162,19049,8.63759e-08,0.138425,
67,6,37369,0.00113789,0.0292411,18919,8.968e-08,0.138613,
74,0,20000,0.01,0.0141421,10201,0,1.31998,
74,1,41381,0.000901926,0.0417794,20963,8.16089e-07,0.260286,
74,2,23108,0.00174602,0.0313755,11755,2.17764e-07,0.261154,
74,3,13413,0.00205898,0.046171,6855,5.44559e-07,0.395561,
74,4,11020,0.00220235,0.0523759,5638,7.67797e-07,0.472843,
74,5,10603,0.00232135,0.0564326,5425,9.95854e-07,0.482354,
74,6,10458,0.00217037,0.0564889,5352,1.04873e-06,0.485671,
74,7,10399,0.00217948,0.0559599,5323,1.0822e-06,0.486675,
73,0,20000,0.01,0.0141421,10201,0,1.31998,
73,1,72494,0.000720303,0.0366867,36623,3.59169e-07,0.149468,
73,2,47443,0.00135892,0.0215408,24018,6.66606e-08,0.136194,
73,3,28710,0.0013197,0.0321842,14577,1.28038e-07,0.186377,
73,4,24321,0.00138264,0.0344667,12354,1.67023e-07,0.216193,
73,5,23696,0.00144019,0.0347292,12034,2.04297e-07,0.218696,
73,6,23533,0.00158639,0.0360917,11952,2.12405e-07,0.218602,
75,0,20000,0.01,0.0141421,10201,0,1.31998,
75,1,25970,0.00108362,0.0433997,13203,1.45082e-06,0.276658,
75,2,10560,0.0022397,0.0569852,5423,6.91962e-07,0.481622,
75,3,6402,0.00282587,0.0630238,3304,2.27467e-06,0.809001,
75,4,5648,0.00319744,0.0696944,2916,3.13352e-06,0.893621,
75,5,5548,0.00342762,0.0755174,2865,3.43111e-06,0.892685,
75,6,5471,0.00347008,0.0735436,2826,3.54808e-06,0.901117,
75,7,5454,0.00319049,0.0741341,2817,3.67221e-06,0.901622,
66,0,20000,0.01,0.0141421,10201,0,1.32223,
66,1,121985,0.000686046,0.0327126,61491,1.19559e-07,0.0864628,
66,2,122929,0.000729109,0.0138626,61914,1.83121e-08,0.0614638,
66,3,85320,0.000748489,0.0220632,43022,1.75097e-08,0.0668085,
66,4,70391,0.000792704,0.0205189,35526,2.145e-08,0.0769617,
66,5,68193,0.000841221,0.0218832,34411,2.73654e-08,0.0778285,
66,6,67642,0.000852505,0.0221562,34139,2.8014e-08,0.0778961,
72,0,20000,0.01,0.0141421,10201,0,1.31998,
72,1,92588,0.000701922,0.0390892,46732,2.2489e-07,0.123987,
72,2,75456,0.00106719,0.0200604,38086,3.76442e-08,0.0959512,
72,3,46118,0.000970656,0.0254058,23337,5.09672e-08,0.11914,
72,4,38520,0.00113698,0.0274203,19504,6.45406e-08,0.137628,
72,5,37619,0.00111322,0.0292713,19043,8.3971e-08,0.138425,
72,6,37308,0.00118685,0.0301235,18889,8.65977e-08,0.138687,
79,0,20000,0.01,0.0141421,10201,0,1.33467,
79,1,42315,0.000834975,0.0402897,21432,8.1646e-07,0.232799,
79,2,22267,0.00179361,0.0372748,11332,2.06262e-07,0.265376,
79,3,13089,0.0019595,0.045189,6691,5.71612e-07,0.410713,
79,4,10956,0.00222172,0.0574933,5606,7.83918e-07,0.480934,
79,5,10653,0.00222836,0.0511169,5452,1.00771e-06,0.48281,
79,6,10484,0.00232276,0.0528666,5366,1.07873e-06,0.488405,
79,7,10416,0.00224853,0.0557963,5331,1.10284e-06,0.489915,
41,0,20000,0.01,0.0141421,10201,0,1.32593,
41,1,201795,0.000674079,0.0183356,101515,2.84641e-08,0.0375222,
41,2,282468,0.000600024,0.00886175,142011,3.65579e-09,0.0234733,
41,3,255070,0.000568397,0.0111515,128231,2.3354e-09,0.023539,
41,4,233505,0.000581162,0.0115186,117441,2.23234e-09,0.0241862,
41,5,231251,0.000576525,0.0121511,116288,2.44919e-09,0.0238819,
80,0,20000,0.01,0.0141421,10201,0,1.33467,
80,1,25847,0.00112772,0.0434576,13143,1.45148e-06,0.33734,
80,2,11820,0.00229034,0.0470025,6056,6.8763e-07,0.453633,
80,3,6848,0.00248442,0.0608435,3530,1.99458e-06,0.762001,
80,4,5828,0.00315187,0.0763093,3007,2.81367e-06,0.870901,
80,5,5665,0.00295076,0.0691381,2923,3.34625e-06,0.880668,
80,6,5611,0.00322968,0.0708836,2897,3.47356e-06,0.883079,
71,0,20000,0.01,0.0141421,10201,0,1.31998,
71,1,121814,0.000679738,0.0347226,61405,1.19549e-07,0.0860629,
71,2,122196,0.000715809,0.0138007,61546,1.79744e-08,0.0617224,
71,3,85132,0.000716528,0.0201396,42925,1.78313e-08,0.0670227,
71,4,70155,0.000810821,0.0213599,35409,2.14391e-08,0.0773179,
71,5,67934,0.000818899,0.0211449,34282,2.75453e-08,0.0783974,
71,6,67344,0.000775727,0.0216708,33990,2.81686e-08,0.0784526,
78,0,20000,0.01,0.0141421,10201,0,1.33467,
78,1,73018,0.000722792,0.0414907,36887,3.59131e-07,0.155825,
78,2,49596,0.00139382,0.0220093,25097,6.35798e-08,0.13481,
78,3,29499,0.00127227,0.0345312,14973,1.16425e-07,0.183509,
78,4,24689,0.00134509,0.0336916,12539,1.63985e-07,0.214398,
78,5,24042,0.00154273,0.037334,12208,2.06506e-07,0.215806,
78,6,23776,0.00158526,0.0347016,12075,2.16973e-07,0.216829,
78,7,23680,0.00155139,0.0383823,12028,2.22709e-07,0.217385,
77,0,20000,0.01,0.0141421,10201,0,1.33467,
77,1,92669,0.000695364,0.039087,46774,2.24759e-07,0.12409,
77,2,75869,0.00102636,0.0195936,38294,3.75574e-08,0.0951108,
77,3,46063,0.00100555,0.0251363,23310,4.97115e-08,0.119642,
77,4,38686,0.00109589,0.0275114,19588,6.54613e-08,0.136837,
77,5,37795,0.00116299,0.027937,19133,8.51308e-08,0.137632,
77,6,37467,0.00120164,0.0306036,18968,8.84636e-08,0.137968,
84,0,20000,0.01,0.0141421,10201,0,221.97,
84,1,37100,0.000683942,0.0412918,19060,1.66067e-06,12.9489,
84,2,47722,0.000610394,0.0371182,24487,2.02763e-05,8.26599,
84,3,48983,0.000541415,0.0359157,25124,2.05636e-05,8.10354,
84,4,48771,0.0005555,0.0366968,25021,1.95891e-05,8.03141,
84,5,48815,0.000552355,0.037421,25042,1.92425e-05,8.00601,
85,0,20000,0.01,0.0141421,10201,0,221.97,
85,1,36830,0.000686511,0.0433985,18918,2.14787e-06,12.92,
85,2,41641,0.000588012,0.0463023,21426,1.87904e-05,8.36267,
85,3,42632,0.000562031,0.0476395,21928,2.00543e-05,8.15572,
85,4,42361,0.000536054,0.0474625,21794,1.90719e-05,8.07819,
85,5,42391,0.000562562,0.0471349,21808,1.8542e-05,8.02429,
83,0,20000,0.01,0.0141421,10201,0,221.97,
83,1,38875,0.000691334,0.0408055,19958,1.43472e-06,12.8775,
83,2,66048,0.000579702,0.025939,33682,2.15366e-05,8.12313,
83,3,62968,0.000545772,0.030624,32152,1.89448e-05,8.01224,
83,4,62510,0.000551055,0.0291692,31920,1.87929e-05,7.92652,
83,5,62363,0.000565044,0.0328994,31847,1.83892e-05,7.91469,
82,0,20000,0.01,0.0141421,10201,0,221.97,
82,1,40776,0.000676834,0.0373915,20915,1.41748e-06,12.9039,
82,2,74334,0.000583707,0.02349,37838,2.10682e-05,8.05823,
82,3,71570,0.000537003,0.0280583,36472,1.79997e-05,7.91972,
82,4,70797,0.000527464,0.0276312,36081,1.77101e-05,7.84306,
82,5,70654,0.000525845,0.0257694,36009,1.73275e-05,7.8196,
81,0,20000,0.01,0.0141421,10201,0,221.97,
81,1,45089,0.000681011,0.0302201,23083,1.44211e-06,12.8647,
81,2,97070,0.000586677,0.0208291,49226,1.99258e-05,8.00165,
81,3,87124,0.000543633,0.0198173,44282,1.59703e-05,7.87902,
81,4,84625,0.000552811,0.0206081,43020,1.62278e-05,7.80174,
81,5,84976,0.000552235,0.0207246,43196,1.60786e-05,7.7784,
76,0,20000,0.01,0.0141421,10201,0,1.33467,
76,1,121604,0.000686956,0.0317403,61301,1.19407e-07,0.090707,
76,2,126815,0.00073454,0.0144652,63856,1.79949e-08,0.0616256,
76,3,88588,0.000714688,0.0207581,44659,1.75613e-08,0.0642423,
76,4,70867,0.000825463,0.02028,35767,2.07814e-08,0.0766097,
76,5,68396,0.000843876,0.0215871,34511,2.74277e-08,0.0776558,
76,6,67699,0.000868116,0.0220326,34167,2.7995e-08,0.0778066,
76,7,67433,0.000866629,0.0228778,34034,2.85271e-08,0.0778057,
89,0,20000,0.01,0.0141421,10201,0,221.969,
89,1,37118,0.000691953,0.041292,19069,1.66083e-06,12.9463,
89,2,47646,0.00059614,0.0372233,24449,2.01982e-05,8.2149,
89,3,49029,0.000559006,0.0372228,25148,2.05586e-05,8.06453,
89,4,48857,0.000546159,0.0363547,25065,1.94017e-05,8.00586,
89,5,48844,0.000555566,0.0368498,25058,1.89445e-05,7.93341,
90,0,20000,0.01,0.0141421,10201,0,221.969,
90,1,36870,0.000604829,0.0433985,18938,2.14816e-06,12.8869,
90,2,41573,0.000595177,0.0418518,21392,1.82687e-05,8.39712,
90,3,42446,0.000534638,0.0481186,21834,2.04858e-05,8.20886,
90,4,42294,0.000551587,0.0463953,21760,1.94921e-05,8.15566,
90,5,42294,0.000527463,0.0483282,21760,1.88444e-05,8.11803,
87,0,20000,0.01,0.0141421,10201,0,221.969,
87,1,40666,0.000678204,0.0374021,20860,1.41752e-06,12.9588,
87,2,73885,0.000583051,0.022984,37613,2.17282e-05,8.05747,
87,3,71315,0.000548607,0.026255,36344,1.8312e-05,7.91663,
87,4,70478,0.000555534,0.0277294,35922,1.78152e-05,7.87009,
87,5,70302,0.000543604,0.0279632,35833,1.7484e-05,7.83269,
88,0,20000,0.01,0.0141421,10201,0,221.969,
88,1,38863,0.00066639,0.0408055,19952,1.43479e-06,12.9495,
88,2,66060,0.000567154,0.0299209,33687,2.16695e-05,8.11201,
88,3,62526,0.000560367,0.0287726,31932,1.90496e-05,8.00143,
88,4,62579,0.000547877,0.031925,31955,1.88063e-05,7.93365,
88,5,62063,0.000545601,0.0293204,31699,1.82966e-05,7.86864,
86,0,20000,0.01,0.0141421,10201,0,221.969,
86,1,45185,0.000684338,0.0302205,23131,1.44213e-06,12.8305,
86,2,97348,0.000550106,0.020408,49365,1.94639e-05,7.98959,
86,3,86945,0.00054787,0.0191461,44193,1.58459e-05,7.86656,
86,4,84690,0.000534459,0.0204795,43053,1.62972e-05,7.79146,
86,5,84903,0.000558718,0.0207023,43161,1.63317e-05,7.76288,
95,0,20000,0.01,0.0141421,10201,0,565.698,
95,1,106489,0.000672782,0.0510954,53718,7.38823e-05,13.7629,
95,2,35925,0.000594743,0.0820599,18499,8.77833e-06,10.092,
95,3,17002,0.0005965,0.0871934,8900,1.01647e-05,14.2842,
95,4,11960,0.000660016,0.117001,6281,1.97538e-05,18.3581,
95,5,10583,0.000661827,0.132955,5559,2.21472e-05,20.2909,
95,6,10159,0.000701685,0.114333,5344,2.30865e-05,20.8375,
95,7,9976,0.000679347,0.133002,5250,2.41282e-05,21.0832,
95,8,9872,0.000696788,0.137135,5196,2.48148e-05,21.1628,
95,9,9776,0.000726237,0.128369,5146,2.62495e-05,21.3421,
94,0,20000,0.01,0.0141421,10201,0,565.698,
94,1,160667,0.000686128,0.0498408,80838,1.68868e-05,13.5422,
94,2,58205,0.000605856,0.049508,29709,5.49056e-06,8.63778,
94,3,31382,0.000542339,0.0675357,16249,9.96077e-06,9.24715,
94,4,26713,0.000566879,0.0838601,13880,1.00811e-05,9.48005,
94,5,25980,0.000565932,0.0733332,13501,9.65669e-06,9.49387,
94,6,25846,0.000577185,0.0808802,13430,9.56836e-06,9.43836,
96,0,20000,0.01,0.0141421,10201,0,143.9,
96,1,65599,0.000688308,0.0347118,33339,1.02545e-06,12.6946,
96,2,103725,0.000586417,0.0182934,52579,1.594e-05,7.93708,
96,3,88127,0.000553425,0.0205431,44776,1.50386e-05,7.80906,
96,4,87945,0.000552687,0.0210957,44681,1.59119e-05,7.74736,
96,5,87174,0.000554242,0.0210904,44296,1.55784e-05,7.71323,
98,0,20000,0.01,0.0141421,10201,0,143.9,
98,1,49139,0.000699088,0.0434576,25070,2.06868e-06,12.8216,
98,2,48891,0.000593789,0.0381046,25066,1.64552e-05,8.13869,
98,3,44678,0.000529818,0.0440429,22951,1.88231e-05,8.10922,
98,4,44938,0.000549772,0.0438329,23084,1.85194e-05,8.04351,
98,5,44760,0.000551493,0.0431122,22994,1.80306e-05,7.9889,
97,0,20000,0.01,0.0141421,10201,0,143.9,
97,1,55201,0.00067032,0.0366845,28120,1.09167e-06,12.8349,
97,2,72408,0.000575754,0.0241387,36878,1.74232e-05,7.87537,
97,3,63469,0.000553895,0.0287739,32399,1.72439e-05,7.78029,
97,4,66351,0.000547747,0.027687,33841,1.7629e-05,7.71002,
97,5,64467,0.000536839,0.0278141,32900,1.67176e-05,7.68185,
97,6,64744,0.000549473,0.0276039,33038,1.67345e-05,7.65693,
99,0,20000,0.01,0.0141421,10201,0,143.9,
99,1,37956,0.000674199,0.051259,19450,1.16701e-05,12.9125,
99,2,27230,0.00060375,0.072771,14153,1.17186e-05,9.43065,
99,3,25167,0.000585057,0.068785,13085,1.027e-05,9.59452,
99,4,24924,0.000571008,0.0791089,12954,9.59877e-06,9.51837,
99,5,24843,0.000549528,0.0797104,12911,9.39427e-06,9.45913,
100,0,20000,0.01,0.0141421,10201,0,143.9,
100,1,32043,0.000690435,0.0499014,16458,4.92028e-05,13.216,
100,2,16314,0.000634141,0.0904859,8573,1.54354e-05,13.9153,
100,3,11326,0.000649967,0.136167,5956,1.77442e-05,18.4439,
100,4,9987,0.000688524,0.140931,5240,2.34579e-05,20.408,
100,5,9598,0.000733069,0.147289,5039,2.49236e-05,20.7706,
100,6,9415,0.00071607,0.13854,4944,2.55894e-05,21.061,
100,7,9305,0.000715323,0.141239,4888,2.63889e-05,21.261,
100,8,9257,0.00071216,0.140391,4863,2.77347e-05,21.3195,
93,0,20000,0.01,0.0141421,10201,0,565.698,
93,1,235603,0.000667692,0.0434576,118356,3.16337e-06,13.5367,
93,2,112375,0.000613325,0.0227337,56917,4.95779e-06,8.35195,
93,3,57328,0.0005477,0.034972,29310,1.18906e-05,8.21142,
93,4,46616,0.000548529,0.0402428,23929,1.64572e-05,8.23517,
93,5,46057,0.000553886,0.0436582,23646,1.73789e-05,8.17756,
93,6,45935,0.000561342,0.0408465,23585,1.72494e-05,8.1391,
103,0,20000,0.01,0.0141421,10201,0,221.986,
103,1,36836,0.000677704,0.0433994,18921,2.09145e-06,12.8907,
103,2,41613,0.000601485,0.0451904,21413,1.76669e-05,8.21102,
103,3,42664,0.000557961,0.0470414,21945,1.9256e-05,8.0461,
103,4,42422,0.000547847,0.0471721,21826,1.83468e-05,7.99706,
103,5,42443,0.000553242,0.0460737,21835,1.77959e-05,7.92824,
104,0,20000,0.01,0.0141421,10201,0,221.986,
104,1,35086,0.000687275,0.0450462,18022,1.01814e-05,13.0669,
104,2,26489,0.00060331,0.0903198,13779,1.16631e-05,9.55541,
104,3,24982,0.00056574,0.0721371,12993,9.9968e-06,9.61266,
104,4,24807,0.000564335,0.0781103,12896,9.14572e-06,9.52812,
104,5,24756,0.000587213,0.0794583,12869,8.79288e-06,9.45078,
105,0,20000,0.01,0.0141421,10201,0,221.986,
105,1,31983,0.000721447,0.0516329,16443,4.33068e-05,13.2656,
105,2,16527,0.000622414,0.0962072,8680,1.44235e-05,13.7454,
105,3,11373,0.000654453,0.117278,5980,1.7814e-05,18.476,
105,4,10103,0.000623041,0.143023,5300,2.34953e-05,20.2777,
105,5,9687,0.000711982,0.131568,5086,2.47193e-05,20.7782,
105,6,9475,0.000694434,0.130241,4977,2.64784e-05,21.1406,
105,7,9357,0.000714677,0.126499,4917,2.66271e-05,21.3458,
105,8,9300,0.000763701,0.125839,4888,2.75034e-05,21.4062,
102,0,20000,0.01,0.0141421,10201,0,221.986,
102,1,38316,0.000675587,0.0366843,19679,1.41782e-06,12.9333,
102,2,65909,0.000606799,0.0259443,33610,2.07809e-05,8.03859,
102,3,61563,0.000549779,0.0305658,31450,1.87116e-05,7.95308,
102,4,63564,0.000547536,0.0280764,32446,1.85299e-05,7.90435,
102,5,62060,0.000552821,0.0306363,31696,1.78784e-05,7.8771,
102,6,62280,0.000557374,0.0304858,31804,1.77768e-05,7.86327,
101,0,20000,0.01,0.0141421,10201,0,221.986,
101,1,45301,0.000672444,0.0332907,23190,1.43458e-06,12.964,
101,2,94079,0.000559665,0.0222664,47732,2.09292e-05,7.87171,
101,3,87330,0.000556135,0.0213539,44383,1.58688e-05,7.7699,
101,4,84879,0.000550747,0.0220096,43149,1.57924e-05,7.73003,
101,5,85232,0.000565301,0.0229553,43324,1.56828e-05,7.71666,
92,0,20000,0.01,0.0141421,10201,0,565.698,
92,1,291029,0.000704396,0.0408055,146103,2.37896e-06,13.4849,
92,2,188849,0.000605585,0.0151286,95260,4.62951e-06,8.3077,
92,3,86366,0.000543438,0.0217049,43893,9.38462e-06,8.15175,
92,4,65391,0.000550633,0.0260773,33367,1.58926e-05,8.11788,
92,5,65604,0.000542934,0.0275577,33469,1.81277e-05,8.04743,
109,0,20000,0.01,0.0141421,10201,0,200.409,
109,1,34502,0.000656659,0.0511153,17729,1.04814e-05,13.0625,
109,2,26314,0.000617562,0.0784564,13691,1.14551e-05,9.64903,
109,3,25122,0.000588452,0.0701245,13062,1.05605e-05,9.63468,
109,4,24870,0.000580261,0.0787459,12929,9.32136e-06,9.52805,
109,5,24806,0.000575341,0.07636,12895,9.11647e-06,9.49077,
108,0,20000,0.01,0.0141421,10201,0,200.409,
108,1,41382,0.000667241,0.0433987,21194,2.06858e-06,12.7981,
108,2,42810,0.000611354,0.0418903,22015,1.76213e-05,8.13491,
108,3,43132,0.000544188,0.0420654,22178,1.87977e-05,8.02505,
108,4,43003,0.00055691,0.0463493,22116,1.81442e-05,7.97986,
108,5,42996,0.000571714,0.0474997,22111,1.78167e-05,7.96438,
110,0,20000,0.01,0.0141421,10201,0,200.409,
110,1,31671,0.000658215,0.051355,16284,4.46088e-05,13.2967,
110,2,16455,0.000617104,0.100957,8643,1.46702e-05,13.7303,
110,3,11307,0.000677656,0.11732,5945,1.82321e-05,18.7104,
110,4,10014,0.000698745,0.125591,5256,2.2569e-05,20.5683,
110,5,9604,0.000702313,0.131147,5044,2.48206e-05,21.0127,
110,6,9408,0.000757674,0.130014,4944,2.52621e-05,21.2737,
110,7,9309,0.000734033,0.132395,4893,2.62168e-05,21.3724,
110,8,9261,0.000708708,0.131596,4868,2.65927e-05,21.4507,
107,0,20000,0.01,0.0141421,10201,0,200.409,
107,1,50901,0.000711506,0.0408054,25971,1.33008e-06,12.8444,
107,2,71532,0.00059922,0.0227955,36437,1.8858e-05,8.02337,
107,3,64025,0.00054645,0.0288149,32678,1.81189e-05,7.93036,
107,4,64423,0.000547846,0.0299691,32879,1.87489e-05,7.8647,
107,5,63651,0.00053384,0.029612,32493,1.80582e-05,7.8304,
107,6,63664,0.000552056,0.0292574,32499,1.7855e-05,7.8205,
106,0,20000,0.01,0.0141421,10201,0,200.409,
106,1,61273,0.000691588,0.0317722,31175,1.32474e-06,12.7217,
106,2,104691,0.000594359,0.0177706,53057,1.64542e-05,7.97463,
106,3,88469,0.000543122,0.0202978,44948,1.49236e-05,7.84147,
106,4,86483,0.000542261,0.0216165,43949,1.5985e-05,7.76229,
106,5,86067,0.000542662,0.0204273,43741,1.56876e-05,7.7054,
115,0,20000,0.01,0.0141421,10201,0,183.01,
115,1,35384,0.000618594,0.0498612,18138,4.63076e-05,12.6843,
115,2,21895,0.000403462,0.100325,11377,1.46271e-05,10.7955,
115,3,12182,0.000627813,0.103364,6381,1.43344e-05,17.23,
115,4,9895,0.000686656,0.143862,5199,2.01322e-05,20.5019,
115,5,9334,0.000727109,0.133458,4905,2.38459e-05,21.2524,
115,6,9125,0.000728976,0.133618,4797,2.57744e-05,21.5551,
115,7,9035,0.000677247,0.131526,4751,2.72729e-05,21.6339,
114,0,20000,0.01,0.0141421,10201,0,183.01,
114,1,39580,0.000591908,0.0510694,20267,1.1214e-05,12.5098,
114,2,55272,0.00031589,0.0729718,28436,3.23543e-06,4.57896,
114,3,43280,0.000311552,0.0584308,22242,1.17869e-06,5.3619,
114,4,39487,0.000331732,0.064708,20259,1.47592e-06,5.65056,
114,5,38910,0.000323907,0.0752348,19954,1.4686e-06,5.64526,
114,6,38575,0.000336354,0.0671695,19786,1.48545e-06,5.6608,
91,0,20000,0.01,0.0141421,10201,0,565.698,
91,1,335369,0.000689866,0.0342394,168304,2.6546e-06,13.515,
91,2,271662,0.000604547,0.0150557,136738,4.21624e-06,8.32019,
91,3,115560,0.000542068,0.0182276,58535,7.22034e-06,8.14117,
91,4,88047,0.000537952,0.0224781,44737,1.37871e-05,8.08523,
91,5,88224,0.000549679,0.0203898,44820,1.62832e-05,7.99525,
113,0,20000,0.01,0.0141421,10201,0,183.01,
113,1,48384,0.000622155,0.0434574,24694,1.66323e-06,12.5679,
113,2,114613,0.000300212,0.0390829,58374,2.33984e-06,2.52642,
113,3,120635,0.000284877,0.0327002,61418,9.56972e-07,2.42915,
113,4,113925,0.000278134,0.0343471,58055,8.9315e-07,2.45626,
113,5,114428,0.000274019,0.0353833,58299,8.99638e-07,2.44031,
118,0,20000,0.01,0.0141421,10201,0,264.59,
118,1,55697,0.000685373,0.0433988,28353,2.26214e-06,13.036,
118,2,47638,0.000582138,0.0419751,24441,1.57238e-05,8.20361,
118,3,44588,0.000545253,0.0429476,22906,1.8879e-05,8.10911,
118,4,44636,0.000541567,0.0418402,22932,1.87814e-05,8.04909,
118,5,44529,0.000551065,0.0417779,22877,1.82819e-05,7.99279,
117,0,20000,0.01,0.0141421,10201,0,264.59,
117,1,67754,0.000671449,0.0408055,34399,1.59059e-06,12.9108,
117,2,81535,0.000588028,0.0225341,41456,1.51202e-05,8.13494,
117,3,64745,0.000545856,0.0279788,33039,1.6873e-05,8.02173,
117,4,65163,0.000551724,0.0277729,33249,1.86175e-05,7.96462,
117,5,64749,0.000548385,0.0306333,33041,1.80472e-05,7.93686,
120,0,20000,0.01,0.0141421,10201,0,264.59,
120,1,33451,0.000686627,0.0509975,17182,4.46492e-05,13.2655,
120,2,16842,0.000617001,0.0990795,8846,1.42198e-05,13.681,
120,3,11459,0.000648506,0.110501,6027,1.67739e-05,18.5998,
120,4,10149,0.000686054,0.137602,5327,2.16791e-05,20.4059,
120,5,9693,0.000681384,0.121298,5090,2.32383e-05,21.0196,
120,6,9545,0.000742526,0.121148,5014,2.38141e-05,21.1987,
120,7,9442,0.00075196,0.121902,4961,2.49781e-05,21.3922,
120,8,9380,0.000750854,0.122367,4930,2.51205e-05,21.5192,
119,0,20000,0.01,0.0141421,10201,0,264.59,
119,1,40586,0.00068666,0.0450462,20775,1.05267e-05,13.0504,
119,2,28134,0.000613402,0.078633,14608,1.0558e-05,9.33068,
119,3,25358,0.00058793,0.076249,13185,1.05e-05,9.56822,
119,4,25096,0.000567573,0.0805908,13043,9.40698e-06,9.52619,
119,5,25015,0.000564624,0.0729657,13001,9.02631e-06,9.45485,
116,0,20000,0.01,0.0141421,10201,0,264.59,
116,1,78714,0.000668865,0.0333404,39899,1.62447e-06,13.0514,
116,2,114069,0.000599768,0.0165338,57766,1.43679e-05,7.98341,
116,3,88140,0.000556889,0.0190418,44782,1.39783e-05,7.85572,
116,4,87423,0.00052737,0.021577,44420,1.60129e-05,7.81938,
116,5,86946,0.000547722,0.019179,44183,1.57451e-05,7.80119,
124,0,20000,0.01,0.0141421,10201,0,0.550082,
124,1,101927,0.000781965,0.0337579,51355,1.27811e-07,0.0760513,
124,2,91850,0.0014233,0.0144139,46288,1.72268e-08,0.0580916,
124,3,60360,0.00118186,0.0199239,30479,2.13212e-08,0.0700644,
124,4,51917,0.0014473,0.0235816,26226,2.90267e-08,0.0779431,
124,5,50772,0.00148308,0.0244775,25644,3.61375e-08,0.078263,
124,6,50365,0.00151387,0.024715,25440,3.7718e-08,0.0783124,
125,0,20000,0.01,0.0141421,10201,0,0.550082,
125,1,41408,0.00119444,0.0389219,20955,3.55034e-07,0.162076,
125,2,29851,0.00243414,0.0321726,15132,9.76133e-08,0.154084,
125,3,19668,0.00228775,0.0350255,10008,1.73972e-07,0.207199,
125,4,17847,0.00274221,0.0421301,9078,2.63604e-07,0.220491,
125,5,17458,0.00256603,0.0408044,8882,3.05778e-07,0.221555,
125,6,17343,0.00264595,0.0398317,8824,3.14487e-07,0.222023,
112,0,20000,0.01,0.0141421,10201,0,183.01,
112,1,56841,0.000620114,0.0408058,28942,5.02927e-07,12.4515,
112,2,172294,0.000302652,0.0218917,87315,2.87019e-06,2.26522,
112,3,188458,0.000294858,0.0215827,95466,1.30243e-06,2.22082,
112,4,175497,0.000276962,0.0218218,88981,1.2312e-06,2.22734,
112,5,177296,0.000287137,0.0230324,89877,1.25624e-06,2.22038,
112,6,176710,0.000287815,0.0235031,89583,1.24529e-06,2.21855,
123,0,20000,0.01,0.0141421,10201,0,0.550082,
123,1,132685,0.000726203,0.0280475,66805,8.81661e-08,0.0580057,
123,2,127472,0.00119281,0.0127601,64171,1.06977e-08,0.0435201,
123,3,89847,0.00100063,0.0169952,45280,1.07788e-08,0.0477109,
123,4,75483,0.00124485,0.0183042,38069,1.33729e-08,0.0541015,
123,5,73498,0.00122979,0.0207718,37060,1.7457e-08,0.0545128,
123,6,72900,0.00122146,0.0182829,36762,1.82982e-08,0.054524,
111,0,20000,0.01,0.0141421,10201,0,183.01,
111,1,66447,0.000619703,0.0287569,33765,3.27209e-07,12.479,
111,2,229121,0.000300318,0.0176922,115783,3.0321e-06,2.21344,
111,3,247832,0.000288353,0.016348,125236,1.27111e-06,2.18422,
111,4,229852,0.00029555,0.0166358,116234,1.19788e-06,2.18319,
111,5,231982,0.000276085,0.0171672,117296,1.23351e-06,2.17607,
122,0,20000,0.01,0.0141421,10201,0,0.550082,
122,1,175606,0.000718948,0.0254209,88354,5.49282e-08,0.0394558,
122,2,177974,0.00085347,0.0101795,89511,5.61804e-09,0.029807,
122,3,133441,0.000851354,0.013664,67146,5.03863e-09,0.0322091,
122,4,114656,0.000921679,0.01514,57734,5.95217e-09,0.035686,
122,5,112212,0.000928528,0.015972,56493,7.49594e-09,0.0357314,
122,6,111373,0.000975359,0.0154587,56076,7.77872e-09,0.0357624,
130,0,20000,0.01,0.0141421,10201,0,0.513273,
130,1,39130,0.00116693,0.0411635,19808,3.51201e-07,0.153548,
130,2,27703,0.0024695,0.0334304,14051,1.09694e-07,0.155772,
130,3,18639,0.00255635,0.0343824,9486,1.85071e-07,0.20668,
130,4,17059,0.00266504,0.0378607,8679,2.80896e-07,0.218432,
130,5,16734,0.00272446,0.0389584,8516,3.15214e-07,0.219525,
130,6,16615,0.0026631,0.0412735,8456,3.28509e-07,0.219582,
128,0,20000,0.01,0.0141421,10201,0,0.513273,
128,1,126433,0.000721527,0.0284052,63663,8.73858e-08,0.0577946,
128,2,121505,0.00119497,0.0127067,61172,1.10282e-08,0.0430502,
128,3,85181,0.000969059,0.0180315,42937,1.11987e-08,0.0475218,
128,4,71193,0.00124925,0.0196294,35911,1.43509e-08,0.0543055,
128,5,69524,0.00119672,0.0213864,35063,1.85702e-08,0.0543149,
128,6,68906,0.00127849,0.0202168,34755,1.95683e-08,0.0544039,
129,0,20000,0.01,0.0141421,10201,0,0.513273,
129,1,96322,0.000740741,0.0337378,48539,1.26432e-07,0.0762377,
129,2,86812,0.00150691,0.0159676,43758,1.8634e-08,0.0571871,
129,3,56437,0.0012424,0.0210438,28510,2.31769e-08,0.0700175,
129,4,48387,0.0014891,0.0220964,24451,3.25951e-08,0.0779363,
129,5,47320,0.00152302,0.024793,23910,3.99889e-08,0.0784977,
129,6,47001,0.00152431,0.0236139,23751,4.10852e-08,0.078512,
127,0,20000,0.01,0.0141421,10201,0,0.513273,
127,1,168548,0.000707082,0.028579,84810,5.45655e-08,0.0391383,
127,2,169263,0.000937844,0.0102732,85141,5.87934e-09,0.0297281,
127,3,126186,0.000799551,0.0142564,63507,5.32934e-09,0.0322724,
127,4,108417,0.000899471,0.0155904,54603,6.2569e-09,0.0355606,
127,5,105878,0.000994304,0.0165284,53317,8.03067e-09,0.0356517,
127,6,105160,0.00102003,0.0162711,52957,8.29748e-09,0.0356629,
121,0,20000,0.01,0.0141421,10201,0,0.550082,
121,1,235670,0.000675121,0.0183272,118500,2.9327e-08,0.0259379,
121,2,276888,0.000663626,0.00832997,139116,2.49763e-09,0.0185047,
121,3,227352,0.000670074,0.011933,114238,2.17832e-09,0.0192404,
121,4,203518,0.000721011,0.0117713,102304,2.37488e-09,0.0204143,
121,5,200701,0.000716021,0.0119793,100871,2.8649e-09,0.0202592,
121,6,199341,0.000719188,0.0122395,100190,2.87187e-09,0.0202458,
126,0,20000,0.01,0.0141421,10201,0,0.513273,
126,1,228249,0.000687921,0.0182954,114776,2.90695e-08,0.0255268,
126,2,263516,0.000647325,0.00813979,132409,2.64637e-09,0.0183475,
126,3,215170,0.000705077,0.0116119,108127,2.28049e-09,0.0191934,
126,4,192023,0.000719414,0.0114477,96540,2.48519e-09,0.0204041,
126,5,189149,0.000701135,0.0121279,95075,3.009e-09,0.0202431,
126,6,187692,0.00072526,0.0126375,94349,3.00586e-09,0.020236,
135,0,20000,0.01,0.0141421,10201,0,16.5508,
135,1,161519,0.000674002,0.0395825,81471,7.47573e-07,0.583291,
135,2,154101,0.000605589,0.0176251,77731,2.11369e-07,0.397174,
135,3,120334,0.000558329,0.0240353,60730,2.45902e-07,0.392956,
135,4,106564,0.000574779,0.0251095,53827,2.68838e-07,0.41051,
135,5,104759,0.000582765,0.0255442,52912,2.78164e-07,0.409874,
135,6,104104,0.000578033,0.026662,52587,2.76357e-07,0.409453,
137,0,20000,0.01,0.0141421,10201,0,0.334945,
137,1,129691,0.000712898,0.0289995,65283,5.0758e-08,0.0390505,
137,2,131891,0.00118646,0.0110543,66370,8.01562e-09,0.0280362,
137,3,93814,0.000938869,0.0147151,47261,6.93839e-09,0.0315221,
137,4,79062,0.00120161,0.0167267,39856,9.52334e-09,0.0354472,
137,5,77059,0.00113015,0.018743,38841,1.18191e-08,0.0355689,
137,6,76457,0.00117276,0.0175725,38542,1.24341e-08,0.0356274,
134,0,20000,0.01,0.0141421,10201,0,16.5508,
134,1,206683,0.000671359,0.032365,104115,4.99004e-07,0.524398,
134,2,301010,0.000581898,0.0143434,151416,1.916e-07,0.319925,
134,3,259743,0.000556513,0.018073,130698,1.86294e-07,0.310685,
134,4,226800,0.000549071,0.0160019,114206,2.00038e-07,0.315065,
134,5,226046,0.000552921,0.0175081,113784,2.17765e-07,0.312845,
136,0,20000,0.01,0.0141421,10201,0,0.334945,
136,1,188188,0.000709749,0.0184278,94646,2.73463e-08,0.0235726,
136,2,201994,0.000767559,0.00926438,101545,3.47126e-09,0.0173285,
136,3,157008,0.000764349,0.0121542,78953,2.7666e-09,0.019039,
136,4,137020,0.0008923,0.0135191,68945,3.42895e-09,0.020603,
136,5,134439,0.00092599,0.0137802,67635,4.04522e-09,0.0205149,
136,6,133484,0.00094023,0.0137688,67161,4.1874e-09,0.0205254,
133,0,20000,0.01,0.0141421,10201,0,16.5508,
133,1,224023,0.000674755,0.0339959,112802,4.75484e-07,0.502957,
133,2,346624,0.000573169,0.0144107,174331,1.80925e-07,0.30048,
133,3,311600,0.000560027,0.0150429,156720,1.63075e-07,0.294731,
133,4,282301,0.000561221,0.0170563,142058,1.71337e-07,0.295444,
133,5,281622,0.000567275,0.0167111,141682,1.80869e-07,0.293597,
140,0,20000,0.01,0.0141421,10201,0,0.334945,
140,1,26701,0.00153651,0.0408288,13550,3.1919e-07,0.150373,
140,2,16875,0.00312436,0.0301496,8596,2.00277e-07,0.172035,
140,3,12887,0.00331052,0.0406268,6577,3.38708e-07,0.207909,
140,4,12297,0.00345102,0.0426611,6272,4.49896e-07,0.214721,
140,5,12170,0.00348417,0.0438046,6208,4.81252e-07,0.214752,
140,6,12115,0.00362717,0.0416787,6181,4.90125e-07,0.214208,
139,0,20000,0.01,0.0141421,10201,0,0.334945,
139,1,68230,0.000918447,0.0324273,34418,1.14908e-07,0.0762082,
139,2,61958,0.00177314,0.0168345,31263,2.9857e-08,0.0559271,
139,3,40588,0.00156257,0.0222665,20534,3.30759e-08,0.0703693,
139,4,35398,0.00183573,0.0240078,17913,5.24938e-08,0.0776123,
139,5,34712,0.00193845,0.0254061,17565,6.16179e-08,0.0776445,
139,6,34429,0.00188119,0.027473,17423,6.38793e-08,0.0779537,
138,0,20000,0.01,0.0141421,10201,0,0.334945,
138,1,92488,0.00079245,0.0290955,46600,7.97975e-08,0.0565902,
138,2,89633,0.00148309,0.0143193,45159,1.55642e-08,0.0408154,
138,3,60077,0.00119183,0.0188722,30326,1.51077e-08,0.0484502,
138,4,51618,0.00149132,0.0201344,26069,2.36792e-08,0.0538265,
138,5,50344,0.00144686,0.0212463,25424,2.86947e-08,0.0540844,
138,6,49872,0.00159668,0.0221692,25187,3.01305e-08,0.0542445,
144,0,20000,0.01,0.0141421,10201,0,0.650897,
144,1,108343,0.000694755,0.0338304,54602,1.33864e-07,0.0790848,
144,2,100769,0.00125158,0.0136016,50768,1.69224e-08,0.0564967,
144,3,64563,0.00103104,0.0201658,32594,1.90073e-08,0.0653862,
144,4,52620,0.00137448,0.0219433,26585,2.58934e-08,0.0766041,
144,5,51036,0.00138732,0.0231681,25780,3.45256e-08,0.0775827,
144,6,50536,0.00143526,0.024612,25531,3.65883e-08,0.0777232,
143,0,20000,0.01,0.0141421,10201,0,0.650897,
143,1,135497,0.000702547,0.0292753,68244,9.12717e-08,0.058555,
143,2,131751,0.00104035,0.0127657,66325,1.06799e-08,0.0429455,
143,3,91273,0.000909086,0.0186469,46000,1.02048e-08,0.0468287,
143,4,74808,0.00110373,0.018526,37737,1.27188e-08,0.0543269,
143,5,72760,0.00106578,0.0200947,36695,1.70001e-08,0.0547547,
143,6,72203,0.00111018,0.0210281,36418,1.78417e-08,0.0547526,
145,0,20000,0.01,0.0141421,10201,0,0.650897,
145,1,47760,0.00102215,0.0409991,24155,3.74011e-07,0.152232,
145,2,32533,0.00203217,0.0247107,16492,8.00144e-08,0.142465,
145,3,20472,0.00202098,0.0342931,10416,1.7495e-07,0.195849,
145,4,18104,0.00232374,0.0376681,9211,2.33686e-07,0.216881,
145,5,17692,0.00242311,0.0399691,9001,2.73379e-07,0.21817,
145,6,17532,0.00228845,0.0396175,8921,2.80573e-07,0.219654,
132,0,20000,0.01,0.0141421,10201,0,16.5508,
132,1,244890,0.000676892,0.0270459,123258,4.69066e-07,0.488725,
132,2,411636,0.000589154,0.0117937,206950,1.70483e-07,0.291069,
132,3,377132,0.000554108,0.0136829,189591,1.4511e-07,0.285528,
132,4,351372,0.000549813,0.0135858,176715,1.50223e-07,0.284484,
132,5,349417,0.000548694,0.0151168,175719,1.56218e-07,0.283048,
142,0,20000,0.01,0.0141421,10201,0,0.650897,
142,1,170014,0.000696191,0.0258243,85582,5.61445e-08,0.0415653,
142,2,180080,0.000709914,0.00988652,90576,5.72307e-09,0.029705,
142,3,135207,0.000730531,0.0153629,68033,5.25242e-09,0.0317225,
142,4,114423,0.000838395,0.0153956,57620,5.96658e-09,0.0355835,
142,5,111791,0.000829895,0.0160917,56287,7.62159e-09,0.0356407,
142,6,110824,0.000935561,0.0161802,55807,7.7972e-09,0.0356923,
149,0,20000,0.01,0.0141421,10201,0,0.419973,
149,1,82624,0.000900343,0.0265581,41657,1.21848e-07,0.0828937,
149,2,79518,0.0015622,0.0158419,40083,2.23064e-08,0.058011,
149,3,53058,0.00133614,0.0208544,26807,2.32439e-08,0.069493,
149,4,45845,0.00148679,0.0202851,23170,3.63334e-08,0.0771572,
149,5,44661,0.00155319,0.0233818,22572,4.44524e-08,0.0779596,
149,6,44347,0.00156321,0.0221812,22415,4.61836e-08,0.0779573,
150,0,20000,0.01,0.0141421,10201,0,0.419973,
150,1,32667,0.0013376,0.0376433,16557,3.38467e-07,0.16511,
150,2,24176,0.00276044,0.028534,12271,1.53377e-07,0.164418,
150,3,17062,0.00276238,0.0330517,8689,2.24776e-07,0.210193,
150,4,16035,0.00308141,0.0362551,8160,3.30649e-07,0.216102,
150,5,15644,0.0031296,0.0371593,7965,3.48028e-07,0.217639,
150,6,15473,0.00312396,0.0389395,7878,3.55966e-07,0.218421,
150,7,15408,0.00326262,0.0368261,7846,3.5954e-07,0.218505,
147,0,20000,0.01,0.0141421,10201,0,0.419973,
147,1,155246,0.000729937,0.0217448,78122,5.34705e-08,0.0384176,
147,2,154350,0.00105043,0.00959863,77652,6.46127e-09,0.0295516,
147,3,115713,0.000906003,0.0133748,58255,5.65721e-09,0.032715,
147,4,99905,0.00105951,0.0139519,50328,7.21751e-09,0.035953,
147,5,97884,0.00112241,0.0142505,49301,8.92168e-09,0.0359252,
147,6,97224,0.00104193,0.0145148,48972,9.25868e-09,0.0359375,
148,0,20000,0.01,0.0141421,10201,0,0.419973,
148,1,111810,0.000795891,0.0257949,56312,8.45978e-08,0.0585871,
148,2,110315,0.00129663,0.0127277,55547,1.21739e-08,0.0425333,
148,3,76622,0.00108348,0.0160546,38640,1.24743e-08,0.0490474,
148,4,65448,0.00131322,0.0174045,33022,1.7232e-08,0.0546658,
148,5,64042,0.00138937,0.0192794,32309,2.10424e-08,0.0547903,
148,6,63581,0.00145217,0.0193915,32079,2.184e-08,0.0548599,
153,0,20000,0.01,0.0141421,10201,0,0.468908,
153,1,114691,0.000723865,0.0292316,57770,8.56926e-08,0.0570614,
153,2,110267,0.00125764,0.0127357,55528,1.24812e-08,0.0409267,
153,3,73483,0.00102485,0.0176891,37065,1.20066e-08,0.047252,
153,4,61057,0.00124613,0.0198476,30819,1.75863e-08,0.0540898,
153,5,59609,0.00127852,0.0203931,30083,2.27352e-08,0.054293,
153,6,59086,0.00130341,0.0203344,29823,2.38274e-08,0.0543333,
141,0,20000,0.01,0.0141421,10201,0,0.650897,
141,1,217921,0.000672346,0.0183414,109617,2.97641e-08,0.0276668,
141,2,269412,0.000586458,0.00803745,135386,2.72534e-09,0.0187259,
141,3,224011,0.000617632,0.0112753,112580,2.32482e-09,0.019542,
141,4,199937,0.000559338,0.0111325,100524,2.36196e-09,0.0207119,
141,5,197865,0.000657036,0.0125797,99459,2.92643e-09,0.0204403,
141,6,196333,0.000652809,0.0120673,98694,2.91402e-09,0.0204507,
155,0,20000,0.01,0.0141421,10201,0,0.468908,
155,1,35383,0.00117653,0.0393835,17925,3.44709e-07,0.155908,
155,2,25833,0.00226608,0.0323517,13105,1.1941e-07,0.144733,
155,3,16292,0.00241186,0.0341794,8304,2.07116e-07,0.202345,
155,4,14381,0.00275476,0.040992,7329,3.23873e-07,0.223038,
155,5,14098,0.00282561,0.0435151,7185,3.75049e-07,0.223458,
155,6,13983,0.00295232,0.0410803,7127,3.83415e-07,0.224406,
154,0,20000,0.01,0.0141421,10201,0,0.468908,
154,1,87916,0.000734878,0.0324306,44318,1.24095e-07,0.0764788,
154,2,79360,0.00150388,0.0147876,40010,2.10329e-08,0.0545365,
154,3,49958,0.00121933,0.0224644,25250,2.59655e-08,0.0678364,
154,4,42545,0.00152863,0.0228623,21512,3.78025e-08,0.0766275,
154,5,41532,0.00154428,0.0261918,20998,4.67824e-08,0.0773561,
154,6,41233,0.00154923,0.0243096,20849,4.85002e-08,0.0773505,
152,0,20000,0.01,0.0141421,10201,0,0.468908,
152,1,151477,0.000714259,0.0256742,76245,5.3427e-08,0.0397624,
152,2,153988,0.00092409,0.0117101,77470,6.53813e-09,0.0286887,
152,3,111370,0.000878562,0.0151219,56072,6.14792e-09,0.0315073,
152,4,93213,0.000969462,0.0157388,46970,7.3989e-09,0.035533,
152,5,90776,0.00104348,0.0166652,45733,9.5187e-09,0.0357378,
152,6,90139,0.00102643,0.0170741,45417,1.00083e-08,0.0357369,
146,0,20000,0.01,0.0141421,10201,0,0.419973,
146,1,219418,0.000695661,0.0180142,110329,2.87042e-08,0.0246072,
146,2,241438,0.000767182,0.00795175,121338,2.84701e-09,0.0181814,
146,3,195702,0.000700305,0.0101366,98360,2.41081e-09,0.0194405,
146,4,176380,0.000766964,0.0107501,88687,2.71935e-09,0.0205565,
146,5,173951,0.00082368,0.0111262,87452,3.14876e-09,0.0203813,
146,6,172719,0.000851847,0.011159,86840,3.18502e-09,0.0203903,
131,0,20000,0.01,0.0141421,10201,0,16.5508,
131,1,274392,0.000653068,0.0253517,138044,4.80661e-07,0.48025,
131,2,512678,0.000580568,0.0106816,257535,1.62239e-07,0.284237,
131,3,466825,0.00053982,0.0107239,234543,1.25855e-07,0.280638,
131,4,439399,0.000544784,0.0111521,220836,1.31064e-07,0.279348,
131,5,438203,0.000537099,0.0117298,220225,1.35248e-07,0.277949,
160,0,20000,0.01,0.0141421,10201,0,0.963327,
160,1,66376,0.000853056,0.0393822,33528,4.38188e-07,0.158138,
160,2,45928,0.00162862,0.0236894,23240,5.36284e-08,0.137935,
160,3,28103,0.00171622,0.034613,14269,1.22752e-07,0.188118,
160,4,24084,0.00183747,0.0344463,12233,1.57539e-07,0.216606,
160,5,23534,0.00201411,0.038232,11950,1.8989e-07,0.217061,
160,6,23345,0.00190991,0.0344594,11856,2.0011e-07,0.217583,
159,0,20000,0.01,0.0141421,10201,0,0.963327,
159,1,133177,0.000694389,0.0320163,67109,1.54309e-07,0.0791923,
159,2,121251,0.000904605,0.0123995,61080,1.43557e-08,0.0611332,
159,3,82019,0.00087984,0.0193091,41372,1.58962e-08,0.0677231,
159,4,68080,0.00107637,0.0205223,34367,1.82744e-08,0.0776557,
159,5,66480,0.00110971,0.0205162,33551,2.47797e-08,0.0779722,
159,6,65953,0.00107716,0.022,33288,2.584e-08,0.0780406,
151,0,20000,0.01,0.0141421,10201,0,0.468908,
151,1,204125,0.000700671,0.0183452,102676,2.8188e-08,0.0250317,
151,2,232532,0.000686028,0.00849787,116875,3.0951e-09,0.0177886,
151,3,185938,0.000703146,0.0121363,93471,2.61964e-09,0.0191822,
151,4,164342,0.000727895,0.0123344,82657,2.89105e-09,0.0204479,
151,5,161317,0.000697306,0.0127227,81120,3.49815e-09,0.0203273,
151,6,160172,0.000748094,0.0132138,80547,3.53505e-09,0.0203239,
158,0,20000,0.01,0.0141421,10201,0,0.963327,
158,1,160347,0.000700356,0.0292789,80759,1.04517e-07,0.0611686,
158,2,160942,0.000748788,0.011122,80999,8.55266e-09,0.045531,
158,3,118246,0.000763758,0.0167532,59539,8.73277e-09,0.0474829,
158,4,98441,0.000866128,0.0169,49612,9.22664e-09,0.0544071,
158,5,95942,0.000892843,0.0184382,48346,1.20364e-08,0.0546832,
158,6,95104,0.000864018,0.0185316,47928,1.23938e-08,0.0547581,
164,0,20000,0.01,0.0141421,10201,0,2.01319,
164,1,57642,0.00073524,0.0412639,29158,1.00372e-06,0.249079,
164,2,31024,0.00160789,0.032728,15758,1.31243e-07,0.281494,
164,3,19062,0.00159237,0.0442435,9714,3.68212e-07,0.401308,
164,4,16038,0.00186765,0.0489582,8179,4.52862e-07,0.46778,
164,5,15496,0.00195463,0.0467663,7901,6.03562e-07,0.476606,
164,6,15284,0.00190353,0.0486265,7796,6.24851e-07,0.479831,
164,7,15211,0.00187362,0.0481859,7758,6.51038e-07,0.480072,
163,0,20000,0.01,0.0141421,10201,0,2.01319,
163,1,93280,0.000675222,0.0409252,47095,4.37467e-07,0.167184,
163,2,66772,0.00102509,0.0169054,33748,4.93776e-08,0.149618,
163,3,41636,0.000947875,0.0300027,21091,8.00966e-08,0.185593,
163,4,35853,0.00118668,0.0324665,18168,9.40536e-08,0.211261,
163,5,35031,0.00120989,0.0352964,17747,1.18822e-07,0.213387,
163,6,34747,0.00130571,0.0341028,17605,1.23096e-07,0.213801,
165,0,20000,0.01,0.0141421,10201,0,2.01319,
165,1,36841,0.000960669,0.0437616,18686,1.78564e-06,0.39086,
165,2,18103,0.00187769,0.0427487,9237,3.39817e-07,0.457563,
165,3,10461,0.00235576,0.060482,5366,1.11148e-06,0.717212,
165,4,8595,0.00273169,0.0634861,4416,1.54835e-06,0.852313,
165,5,8297,0.0027137,0.0637724,4262,1.9609e-06,0.863786,
165,6,8186,0.00263903,0.0633859,4206,2.07384e-06,0.871409,
165,7,8151,0.00277583,0.066432,4189,2.13868e-06,0.86892,
157,0,20000,0.01,0.0141421,10201,0,0.963327,
157,1,193146,0.000676525,0.0266641,97225,6.44255e-08,0.0452535,
157,2,220358,0.000640502,0.00918529,110805,4.66414e-09,0.0316501,
157,3,175694,0.000684163,0.0133681,88367,4.49798e-09,0.0325577,
157,4,152534,0.000698078,0.0145594,76764,4.63989e-09,0.0354688,
157,5,149584,0.000704014,0.0149735,75258,6.06552e-09,0.0353155,
157,6,148233,0.000716159,0.0156251,74584,5.96672e-09,0.0353397,
167,0,20000,0.01,0.0141421,10201,0,1.97095,
167,1,113285,0.00068371,0.0384544,57156,2.68889e-07,0.133645,
167,2,100523,0.000694964,0.0181546,50688,2.81222e-08,0.102738,
167,3,66254,0.000792597,0.0227849,33457,3.66724e-08,0.116962,
167,4,55098,0.000945662,0.0262187,27849,3.93224e-08,0.135928,
167,5,53733,0.000898525,0.0279453,27157,5.01001e-08,0.136998,
167,6,53319,0.000968524,0.0266886,26949,5.23845e-08,0.137149,
162,0,20000,0.01,0.0141421,10201,0,2.01319,
162,1,143406,0.000680156,0.0334029,72279,1.45546e-07,0.0962993,
162,2,154385,0.000633548,0.0130408,77741,1.40012e-08,0.0668202,
162,3,116898,0.000620229,0.0177471,58893,1.52621e-08,0.0702225,
162,4,100482,0.000696654,0.0199866,50654,1.47623e-08,0.0778739,
162,5,97797,0.000700089,0.0198063,49288,1.88449e-08,0.0781144,
162,6,96757,0.000735075,0.0206843,48768,1.85921e-08,0.0783077,
162,7,96369,0.000730155,0.0202959,48573,1.88577e-08,0.0783427,
170,0,20000,0.01,0.0141421,10201,0,1.97095,
170,1,36199,0.000913026,0.0437629,18362,1.76278e-06,0.39181,
170,2,17823,0.00196998,0.0431022,9096,3.47001e-07,0.453557,
170,3,10260,0.00222878,0.0601225,5264,1.12957e-06,0.720682,
170,4,8445,0.00254173,0.0671694,4338,1.50098e-06,0.858685,
170,5,8166,0.00250965,0.0657384,4195,1.93821e-06,0.865505,
170,6,8035,0.00269934,0.0665012,4130,2.01357e-06,0.874373,
170,7,7984,0.00268466,0.066873,4104,2.0776e-06,0.873983,
169,0,20000,0.01,0.0141421,10201,0,1.97095,
169,1,56694,0.000735169,0.0444403,28680,9.90986e-07,0.287401,
169,2,33619,0.00151254,0.0341467,17058,1.32445e-07,0.272087,
169,3,19646,0.00159962,0.0418092,10010,3.40063e-07,0.382453,
169,4,15919,0.0018842,0.0513942,8119,4.42033e-07,0.467417,
169,5,15297,0.00184532,0.0487621,7801,5.87671e-07,0.477129,
169,6,15074,0.00199773,0.0510028,7689,6.22887e-07,0.478767,
169,7,14975,0.00195965,0.0512787,7639,6.4019e-07,0.478261,
168,0,20000,0.01,0.0141421,10201,0,1.97095,
168,1,92161,0.00069466,0.0409273,46531,4.32087e-07,0.166625,
168,2,65930,0.00102509,0.0173512,33323,4.99897e-08,0.148645,
168,3,40895,0.00107074,0.028055,20718,8.0191e-08,0.186566,
168,4,35075,0.00112595,0.030492,17777,9.45723e-08,0.212282,
168,5,34211,0.00123509,0.0333448,17335,1.18101e-07,0.213818,
168,6,33887,0.00120338,0.0335413,17173,1.22794e-07,0.214397,
166,0,20000,0.01,0.0141421,10201,0,1.97095,
166,1,141843,0.000674789,0.0337577,71494,1.43621e-07,0.0990397,
166,2,155886,0.000581171,0.0131995,78486,1.39858e-08,0.0670073,
166,3,118521,0.000654071,0.0176492,59705,1.44885e-08,0.0680947,
166,4,99799,0.000654099,0.0186482,50312,1.44609e-08,0.077273,
166,5,97013,0.000719091,0.0196109,48894,1.91721e-08,0.0775561,
166,6,95996,0.000679866,0.0203146,48385,1.89597e-08,0.0776161,
166,7,95611,0.000694022,0.0201013,48191,1.91694e-08,0.0776203,
156,0,20000,0.01,0.0141421,10201,0,0.963327,
156,1,239516,0.00067685,0.0183405,120471,3.60331e-08,0.032135,
156,2,327321,0.000602472,0.00753886,164455,2.39701e-09,0.0201276,
156,3,282174,0.000588151,0.0104838,141785,1.76192e-09,0.0204779,
156,4,254662,0.000593242,0.0118368,128009,1.60449e-09,0.0214074,
156,5,252270,0.000578462,0.0119233,126776,1.99886e-09,0.0211407,
174,0,20000,0.01,0.0141421,10201,0,25.8363,
174,1,115470,0.000682693,0.0464157,58380,1.45784e-06,1.26011,
174,2,93217,0.000607742,0.0264899,47193,7.34929e-07,0.919532,
174,3,72703,0.000557517,0.0333302,36825,1.09382e-06,0.946714,
174,4,67335,0.000548582,0.0367838,34117,1.19177e-06,0.962855,
174,5,66078,0.000548692,0.035979,33479,1.19399e-06,0.961974,
174,6,65602,0.000549941,0.0342366,33243,1.17872e-06,0.962879,
175,0,20000,0.01,0.0141421,10201,0,25.8363,
175,1,100141,0.000680193,0.0460571,50682,2.29425e-06,1.30259,
175,2,59572,0.000612932,0.037561,30279,8.49261e-07,1.12484,
175,3,43426,0.000574649,0.0421581,22092,1.3446e-06,1.26384,
175,4,41365,0.000550048,0.0427122,21051,1.45861e-06,1.2777,
175,5,40590,0.000571503,0.0460668,20656,1.4503e-06,1.28316,
175,6,40397,0.000556461,0.0455849,20558,1.4536e-06,1.28064,
173,0,20000,0.01,0.0141421,10201,0,25.8363,
173,1,135600,0.000674243,0.0409597,68468,9.34088e-07,1.18653,
173,2,159435,0.000577451,0.0183009,80479,6.5209e-07,0.761657,
173,3,136378,0.000555716,0.0234389,68845,7.64013e-07,0.75556,
173,4,127492,0.00055572,0.0253912,64374,8.37452e-07,0.75887,
173,5,126597,0.000563359,0.0235959,63902,8.57659e-07,0.7551,
178,0,20000,0.01,0.0141421,10201,0,1.43,
178,1,76442,0.000733456,0.0393979,38609,3.62558e-07,0.160549,
178,2,54253,0.00121634,0.0214279,27432,5.93544e-08,0.136019,
178,3,32083,0.00115113,0.0321928,16275,9.83103e-08,0.180999,
178,4,26920,0.00138616,0.0329692,13664,1.40643e-07,0.211945,
178,5,26196,0.00129073,0.0373715,13292,1.76244e-07,0.2139,
178,6,25961,0.00136773,0.0385361,13174,1.85074e-07,0.214459,
177,0,20000,0.01,0.0141421,10201,0,1.43,
177,1,97173,0.000703094,0.0389,49037,2.26507e-07,0.114704,
177,2,75385,0.000966763,0.0161636,38062,3.60125e-08,0.0985595,
177,3,47514,0.000923265,0.0247682,24037,4.73721e-08,0.123302,
177,4,40889,0.00102533,0.0268851,20697,6.03861e-08,0.139066,
177,5,40081,0.0010589,0.0290006,20283,7.53667e-08,0.139467,
177,6,39794,0.00110657,0.0290435,20140,7.81856e-08,0.139757,
172,0,20000,0.01,0.0141421,10201,0,25.8363,
172,1,146313,0.000648023,0.0377574,73837,8.19739e-07,1.17239,
172,2,204897,0.000566379,0.0173711,103326,6.73871e-07,0.711649,
172,3,181100,0.000548786,0.020286,91324,6.17073e-07,0.700321,
172,4,167101,0.000555973,0.0187167,84309,6.5574e-07,0.701491,
172,5,166709,0.000556368,0.0213138,84089,6.81732e-07,0.697282,
179,0,20000,0.01,0.0141421,10201,0,1.43,
179,1,44463,0.000820885,0.0436641,22514,8.25662e-07,0.24224,
179,2,24414,0.00183254,0.0374328,12413,1.82888e-07,0.264996,
179,3,14135,0.00198129,0.0451373,7220,5.05195e-07,0.409767,
179,4,11620,0.00226349,0.0582224,5944,7.19057e-07,0.487604,
179,5,11323,0.00211187,0.053997,5790,9.22876e-07,0.48819,
179,6,11175,0.00227421,0.0529862,5715,9.61586e-07,0.490238,
179,7,11105,0.00222077,0.0524163,5680,1.00528e-06,0.491815,
180,0,20000,0.01,0.0141421,10201,0,1.43,
180,1,27710,0.0010412,0.0413203,14081,1.46784e-06,0.311332,
180,2,11453,0.00236812,0.0505791,5877,5.47215e-07,0.499071,
180,3,7296,0.00277652,0.0616159,3757,1.71414e-06,0.760257,
180,4,6173,0.00304295,0.070165,3183,2.66433e-06,0.87359,
180,5,6022,0.00327078,0.0685372,3106,3.36287e-06,0.873706,
180,6,5935,0.00333891,0.0737717,3061,3.50107e-06,0.883409,
180,7,5900,0.00340158,0.0678257,3044,3.5642e-06,0.884802,
161,0,20000,0.01,0.0141421,10201,0,2.01319,
161,1,226055,0.000663886,0.0182989,113721,4.36401e-08,0.050422,
161,2,347928,0.000589089,0.00854618,174870,3.91778e-09,0.0279929,
161,3,318358,0.000552797,0.0105268,160003,2.54361e-09,0.0276671,
161,4,294409,0.000561002,0.0112712,148034,2.3007e-09,0.0281593,
161,5,291969,0.000576766,0.0114335,146791,2.38817e-09,0.0278866,
176,0,20000,0.01,0.0141421,10201,0,1.43,
176,1,126160,0.000678,0.0329786,63597,1.20094e-07,0.0849972,
176,2,125386,0.000681578,0.0139375,63161,1.74843e-08,0.0620129,
176,3,88396,0.00072397,0.0209282,44570,1.78953e-08,0.0688313,
176,4,74448,0.000789566,0.0207801,37565,2.13803e-08,0.0776212,
176,5,72364,0.000823363,0.0207228,36504,2.63168e-08,0.0782768,
176,6,71724,0.000866804,0.0211564,36189,2.62511e-08,0.0783416,
185,0,20000,0.01,0.0141421,10201,0,2.29532,
185,1,40334,0.000906106,0.0437665,20455,1.66334e-06,0.370021,
185,2,19129,0.00180877,0.0416716,9759,3.19908e-07,0.430522,
185,3,10691,0.00191353,0.059827,5484,1.09749e-06,0.697452,
185,4,8552,0.00240873,0.0639704,4396,1.52111e-06,0.852389,
185,5,8247,0.00244231,0.0697288,4238,1.99903e-06,0.860142,
185,6,8155,0.00261575,0.0633639,4192,2.07561e-06,0.86311,
185,7,8102,0.00245227,0.062078,4165,2.13745e-06,0.864726,
183,0,20000,0.01,0.0141421,10201,0,2.29532,
183,1,91841,0.000692348,0.0393796,46396,4.01605e-07,0.168373,
183,2,68863,0.000936824,0.0212542,34798,4.84299e-08,0.146734,
183,3,42279,0.000941707,0.0305177,21414,7.6124e-08,0.180986,
183,4,35987,0.00109181,0.0343582,18239,9.12176e-08,0.209252,
183,5,35188,0.00114326,0.0321365,17830,1.14453e-07,0.210731,
183,6,34905,0.00109951,0.0343521,17687,1.18864e-07,0.210629,
184,0,20000,0.01,0.0141421,10201,0,2.29532,
184,1,60214,0.000737618,0.0444308,30472,9.32361e-07,0.288005,
184,2,35532,0.00152683,0.0313923,18028,1.23826e-07,0.266958,
184,3,20409,0.0015112,0.0420608,10397,3.01106e-07,0.369459,
184,4,16129,0.00172274,0.0490737,8229,4.05948e-07,0.466702,
184,5,15437,0.00174552,0.0531368,7873,5.6438e-07,0.477271,
184,6,15219,0.00184006,0.0512127,7765,5.95441e-07,0.479256,
184,7,15103,0.00182028,0.0544107,7706,6.14786e-07,0.480789,
182,0,20000,0.01,0.0141421,10201,0,2.29532,
182,1,109834,0.000673674,0.0388832,55439,2.47264e-07,0.126222,
182,2,93243,0.000683398,0.0160789,47057,2.93655e-08,0.105148,
182,3,63350,0.000715544,0.0242372,32006,4.16822e-08,0.123634,
182,4,54159,0.000866274,0.0258879,27383,4.29922e-08,0.139101,
182,5,52888,0.000850861,0.0262064,26737,5.03769e-08,0.139748,
182,6,52455,0.000873934,0.0269414,26522,5.29645e-08,0.140017,
171,0,20000,0.01,0.0141421,10201,0,25.8363,
171,1,161917,0.000664398,0.033623,81657,7.62872e-07,1.13591,
171,2,263270,0.000596813,0.0169379,132607,5.99626e-07,0.680978,
171,3,239347,0.000558124,0.0152703,120569,5.15494e-07,0.671538,
171,4,219838,0.000553047,0.0174869,110817,5.34905e-07,0.669535,
171,5,220282,0.000564163,0.0168625,111026,5.64383e-07,0.666972,
189,0,20000,0.01,0.0141421,10201,0,1.63234,
189,1,49332,0.000809209,0.0413462,24971,8.55705e-07,0.26093,
189,2,28081,0.00169765,0.0313805,14267,1.5773e-07,0.275937,
189,3,16588,0.00182994,0.0430877,8466,3.98651e-07,0.420604,
189,4,13918,0.002061,0.046229,7108,5.49012e-07,0.481461,
189,5,13485,0.0022157,0.0415115,6886,6.93312e-07,0.486888,
189,6,13302,0.00215098,0.0446714,6794,7.34734e-07,0.49103,
189,7,13235,0.00226108,0.0459748,6761,7.38786e-07,0.491942,
190,0,20000,0.01,0.0141421,10201,0,1.63234,
190,1,30777,0.00100301,0.0437328,15631,1.52125e-06,0.405765,
190,2,15641,0.00188415,0.0404138,7989,4.03585e-07,0.467851,
190,3,9142,0.00259379,0.0534407,4699,1.27753e-06,0.735097,
190,4,7623,0.00250697,0.0550177,3921,1.86804e-06,0.849783,
190,5,7385,0.00283184,0.0621659,3798,2.31616e-06,0.860498,
190,6,7264,0.00298307,0.0632542,3738,2.50509e-06,0.870059,
190,7,7220,0.00286929,0.0638988,3716,2.56382e-06,0.872378,
188,0,20000,0.01,0.0141421,10201,0,1.63234,
188,1,84052,0.000692025,0.0363901,42446,3.74681e-07,0.171896,
188,2,64162,0.0011715,0.0192022,32420,5.45834e-08,0.142042,
188,3,38151,0.00115828,0.026868,19336,7.94586e-08,0.18177,
188,4,31986,0.00132027,0.0313033,16221,1.06887e-07,0.212167,
188,5,31185,0.00138489,0.0310247,15810,1.38697e-07,0.213753,
188,6,30863,0.00140663,0.0317954,15649,1.43548e-07,0.21462,
188,7,30746,0.00143181,0.0300405,15591,1.46872e-07,0.214857,
187,0,20000,0.01,0.0141421,10201,0,1.63234,
187,1,105874,0.000664388,0.038791,53425,2.33656e-07,0.122925,
187,2,87669,0.000897178,0.0148306,44236,3.14664e-08,0.102521,
187,3,57077,0.000929038,0.0227998,28850,3.97023e-08,0.124082,
187,4,49121,0.00106296,0.0233326,24845,4.50062e-08,0.138924,
187,5,48114,0.000979812,0.0241785,24332,5.60103e-08,0.139213,
187,6,47772,0.0010521,0.0260163,24160,5.85009e-08,0.139423,
181,0,20000,0.01,0.0141421,10201,0,2.29532,
181,1,133539,0.000682474,0.0324582,67334,1.31017e-07,0.102356,
181,2,149883,0.000598126,0.0144376,75491,1.49749e-08,0.0683422,
181,3,115331,0.00064844,0.0179543,58118,1.53182e-08,0.0705307,
181,4,99719,0.00065094,0.0206889,50278,1.45323e-08,0.0779813,
181,5,97489,0.000629277,0.0200865,49140,1.90074e-08,0.0778484,
181,6,96626,0.000689654,0.0217381,48707,1.86997e-08,0.0778682,
194,0,20000,0.01,0.0141421,10201,0,1.81028,
194,1,52241,0.000790564,0.0438165,26441,8.7569e-07,0.240265,
194,2,28092,0.00163031,0.0366278,14276,1.4347e-07,0.264576,
194,3,16326,0.00171372,0.0448866,8331,4.08794e-07,0.404853,
194,4,13275,0.00181596,0.0540851,6783,5.62994e-07,0.482853,
194,5,12838,0.0018594,0.0508129,6558,7.3165e-07,0.488326,
194,6,12705,0.00203894,0.04987,6491,7.87012e-07,0.489235,
194,7,12631,0.00195714,0.054191,6453,8.04447e-07,0.490105,
195,0,20000,0.01,0.0141421,10201,0,1.81028,
195,1,33475,0.00096362,0.0437664,16991,1.55766e-06,0.369584,
195,2,15744,0.00191612,0.0443698,8043,3.82631e-07,0.436079,
195,3,8762,0.00244397,0.0615833,4505,1.35855e-06,0.724674,
195,4,7133,0.00246528,0.0658447,3673,1.94836e-06,0.873165,
195,5,6895,0.00272556,0.0708827,3550,2.4574e-06,0.880986,
195,6,6837,0.0027509,0.0651723,3521,2.61943e-06,0.884825,
193,0,20000,0.01,0.0141421,10201,0,1.81028,
193,1,84264,0.000700859,0.0393782,42563,3.81002e-07,0.162542,
193,2,60724,0.00110542,0.0243759,30695,5.46294e-08,0.142091,
193,3,36570,0.00106387,0.0314564,18537,8.42234e-08,0.180288,
193,4,30827,0.00118515,0.0328737,15635,1.08995e-07,0.209754,
193,5,29919,0.00126179,0.0368228,15171,1.42e-07,0.212351,
193,6,29622,0.00128746,0.0360838,15022,1.48212e-07,0.213287,
193,7,29515,0.00128265,0.0329623,14970,1.51565e-07,0.213023,
192,0,20000,0.01,0.0141421,10201,0,1.81028,
192,1,103414,0.000679241,0.0340447,52196,2.36121e-07,0.130188,
192,2,89279,0.000785205,0.0173337,45037,3.08449e-08,0.100026,
192,3,57027,0.000829078,0.0256196,28819,3.89611e-08,0.11811,
192,4,47552,0.000949028,0.0263406,24053,4.64421e-08,0.136384,
192,5,46373,0.00100097,0.0273564,23452,5.92131e-08,0.1375,
192,6,45990,0.00103225,0.0282521,23260,6.11628e-08,0.137942,
199,0,20000,0.01,0.0141421,10201,0,3.0858,
199,1,70972,0.000715637,0.0426285,35907,1.0001e-06,0.250564,
199,2,37600,0.00120675,0.0310354,19095,1.25901e-07,0.294284,
199,3,23215,0.00137667,0.0410454,11822,2.79695e-07,0.409438,
199,4,19494,0.00152371,0.0481838,9934,3.33477e-07,0.474729,
199,5,18808,0.00149609,0.0471474,9582,4.29819e-07,0.483078,
199,6,18556,0.00140783,0.0489317,9456,4.56685e-07,0.487192,
199,7,18485,0.00146917,0.0515972,9421,4.70624e-07,0.486403,
186,0,20000,0.01,0.0141421,10201,0,1.63234,
186,1,136307,0.000688248,0.0281156,68711,1.23977e-07,0.0955645,
186,2,147228,0.000634183,0.0118865,74125,1.52012e-08,0.065125,
186,3,109309,0.000656321,0.0177681,55077,1.3796e-08,0.0672058,
186,4,91208,0.00069239,0.0171977,45994,1.57216e-08,0.0764584,
186,5,88167,0.000737588,0.0179054,44449,2.03526e-08,0.0773281,
186,6,87293,0.000747856,0.0181979,44014,2.03402e-08,0.0774683,
186,7,86928,0.000759461,0.0181876,43831,2.05352e-08,0.0775212,
200,0,20000,0.01,0.0141421,10201,0,3.0858,
200,1,50441,0.00080507,0.0421196,25560,1.79409e-06,0.30984,
200,2,21212,0.00156733,0.0406557,10831,2.51897e-07,0.455733,
200,3,12544,0.00172896,0.0566966,6429,9.07433e-07,0.730972,
200,4,10500,0.00183976,0.0614239,5387,1.19712e-06,0.846679,
200,5,10141,0.00219121,0.0659722,5203,1.53781e-06,0.861177,
200,6,10010,0.00209547,0.063489,5137,1.61421e-06,0.865341,
200,7,9926,0.00208322,0.0649121,5095,1.66096e-06,0.868957,
198,0,20000,0.01,0.0141421,10201,0,3.0858,
198,1,101028,0.000680364,0.0410021,51040,4.25407e-07,0.173593,
198,2,75087,0.000733347,0.018938,37960,4.30434e-08,0.157521,
198,3,49769,0.000782205,0.0296248,25189,7.3922e-08,0.19079,
198,4,43146,0.0010149,0.0307969,21853,7.40474e-08,0.215307,
198,5,42212,0.000986822,0.03298,21379,8.90872e-08,0.216037,
198,6,41843,0.00103842,0.0325301,21194,9.33023e-08,0.216745,
191,0,20000,0.01,0.0141421,10201,0,1.81028,
191,1,130233,0.000674602,0.0324555,65658,1.2457e-07,0.0935513,
191,2,137762,0.000624893,0.0138201,69384,1.62661e-08,0.0650055,
191,3,102056,0.00064641,0.0187382,51434,1.69083e-08,0.0682431,
191,4,86553,0.000657468,0.0189759,43651,1.75365e-08,0.0765932,
191,5,83722,0.000716852,0.0206232,42216,2.27557e-08,0.0774341,
191,6,82841,0.000735247,0.0202067,41774,2.22467e-08,0.077479,
191,7,82487,0.000724627,0.0214967,41596,2.25235e-08,0.0775455,
197,0,20000,0.01,0.0141421,10201,0,3.0858,
197,1,116795,0.000666742,0.038503,58959,2.61304e-07,0.153696,
197,2,116073,0.000667699,0.0171418,58527,2.6211e-08,0.111232,
197,3,83380,0.000662622,0.0226561,42083,3.3999e-08,0.118585,
197,4,70720,0.000674132,0.0228879,35720,3.19167e-08,0.13368,
197,5,68378,0.000696276,0.0243349,34528,4.04492e-08,0.135469,
197,6,67554,0.000753859,0.0257243,34114,3.99961e-08,0.136095,
197,7,67240,0.000799153,0.0257842,33959,4.06684e-08,0.13635,
204,0,20000,0.01,0.0141421,10201,0,141.498,
204,1,51678,0.000666569,0.0451962,26372,1.51498e-06,14.5917,
204,2,63005,0.000604129,0.0327964,32169,1.91651e-05,8.00679,
204,3,53970,0.000545756,0.0341094,27638,1.68187e-05,7.93804,
204,4,54361,0.000538717,0.0366334,27834,1.69607e-05,7.91678,
204,5,53944,0.000539676,0.0336624,27624,1.65446e-05,7.91243,
203,0,20000,0.01,0.0141421,10201,0,141.498,
203,1,55785,0.000686292,0.0393362,28441,1.11669e-06,14.5623,
203,2,75879,0.000579703,0.0279794,38636,1.93647e-05,7.98442,
203,3,66608,0.000547739,0.0277373,33991,1.69792e-05,7.8948,
203,4,67487,0.00054451,0.0287656,34432,1.72644e-05,7.85735,
203,5,66631,0.000539124,0.0293361,34003,1.67049e-05,7.83698,
203,6,66696,0.000545954,0.0268637,34035,1.6515e-05,7.82721,
205,0,20000,0.01,0.0141421,10201,0,141.498,
205,1,49123,0.000671971,0.0445762,25085,2.22074e-06,14.5272,
205,2,52403,0.000607942,0.040417,26842,1.68248e-05,8.09304,
205,3,46313,0.000548238,0.0425257,23784,1.72905e-05,8.01454,
205,4,46731,0.000539757,0.039918,23994,1.68293e-05,7.96571,
205,5,46457,0.000530454,0.0462305,23856,1.62686e-05,7.96076,
202,0,20000,0.01,0.0141421,10201,0,141.498,
202,1,59158,0.000663307,0.0388809,30138,1.04438e-06,14.3636,
202,2,83308,0.000609878,0.0194202,42372,1.81853e-05,7.96138,
202,3,73989,0.000540631,0.0249837,37702,1.6684e-05,7.82246,
202,4,76756,0.000535509,0.0242032,39085,1.68032e-05,7.7827,
202,5,75038,0.000536297,0.0250021,38229,1.5879e-05,7.73669,
202,6,75180,0.000558219,0.0250758,38297,1.58186e-05,7.73395,
201,0,20000,0.01,0.0141421,10201,0,141.498,
201,1,66504,0.00066796,0.0313905,33828,1.0222e-06,14.4184,
201,2,103532,0.000586693,0.0186913,52514,1.7993e-05,7.86512,
201,3,89739,0.000531623,0.0194703,45610,1.43525e-05,7.76498,
201,4,89919,0.000543029,0.0217433,45695,1.48885e-05,7.72493,
201,5,88976,0.000539952,0.0205078,45223,1.4591e-05,7.72931,
201,6,88944,0.00056595,0.0201641,45207,1.45064e-05,7.72435,
196,0,20000,0.01,0.0141421,10201,0,3.0858,
196,1,139511,0.000667642,0.0300825,70352,1.4099e-07,0.11431,
196,2,166665,0.000614543,0.014056,83957,1.36908e-08,0.0734219,
196,3,132809,0.000603483,0.017962,66932,1.32608e-08,0.0760884,
196,4,118061,0.000598634,0.0205612,59522,1.1638e-08,0.0816014,
196,5,116577,0.000616175,0.0199675,58750,1.49216e-08,0.0808484,
196,6,115651,0.000604779,0.0200828,58285,1.46583e-08,0.0808825,
210,0,20000,0.01,0.0141421,10201,0,141.465,
210,1,49302,0.000673893,0.0437669,25174,2.22025e-06,14.5583,
210,2,52340,0.00058756,0.0400744,26811,1.75812e-05,8.04403,
210,3,46365,0.000533256,0.0439624,23810,1.69261e-05,8.01813,
210,4,46811,0.000530811,0.0459317,24035,1.68826e-05,7.96005,
210,5,46516,0.000535242,0.0444214,23885,1.66295e-05,7.95634,
209,0,20000,0.01,0.0141421,10201,0,141.465,
209,1,51706,0.000673008,0.045237,26386,1.51464e-06,14.6087,
209,2,63078,0.00058297,0.0328297,32206,1.92081e-05,7.93765,
209,3,54134,0.000529676,0.0338606,27720,1.67979e-05,7.86212,
209,4,54466,0.000546794,0.0370955,27887,1.70832e-05,7.83303,
209,5,54063,0.000550671,0.0375939,27683,1.65901e-05,7.8128,
208,0,20000,0.01,0.0141421,10201,0,141.465,
208,1,56292,0.000677299,0.0409566,28694,1.11643e-06,14.3188,
208,2,75885,0.000588106,0.0233781,38640,1.76951e-05,7.91297,
208,3,66480,0.000543607,0.0285085,33927,1.66355e-05,7.79869,
208,4,67088,0.000534782,0.0266445,34232,1.69752e-05,7.77861,
208,5,66635,0.000547263,0.0272373,34006,1.64071e-05,7.76006,
207,0,20000,0.01,0.0141421,10201,0,141.465,
207,1,59088,0.000680341,0.03888,30103,1.04414e-06,14.4299,
207,2,83250,0.000584906,0.0205067,42342,1.84026e-05,7.82642,
207,3,73801,0.000535697,0.0245069,37609,1.63951e-05,7.74874,
207,4,76916,0.000535826,0.0262465,39164,1.64846e-05,7.72793,
207,5,74816,0.000538751,0.0256572,38116,1.56788e-05,7.71127,
207,6,74999,0.000527691,0.0259537,38206,1.57848e-05,7.72434,
214,0,20000,0.01,0.0141421,10201,0,205.428,
214,1,43311,0.000666893,0.0511917,22183,9.89585e-06,23.1296,
214,2,34164,0.000579857,0.0754244,17707,1.9703e-05,14.2306,
214,3,31139,0.000555716,0.0612453,16172,2.29029e-05,14.2652,
214,4,30899,0.000547893,0.0665347,16045,2.27344e-05,14.1819,
214,5,30823,0.00055873,0.0637465,16006,2.16181e-05,14.1604,
213,0,20000,0.01,0.0141421,10201,0,205.428,
213,1,59416,0.000676212,0.0437665,30258,2.07455e-06,22.7644,
213,2,60433,0.000608362,0.0376605,30910,2.33657e-05,12.9536,
213,3,50954,0.000537153,0.042209,26158,3.00384e-05,12.7943,
213,4,51427,0.00054118,0.0420395,26399,3.18553e-05,12.7223,
213,5,51155,0.000535481,0.0415455,26262,3.04784e-05,12.6602,
206,0,20000,0.01,0.0141421,10201,0,141.465,
206,1,66570,0.000670566,0.0314162,33861,1.02198e-06,14.4892,
206,2,103745,0.000600689,0.0190232,52620,1.80633e-05,7.8243,
206,3,90056,0.000526545,0.0192092,45770,1.46306e-05,7.73013,
206,4,90310,0.000541258,0.0211219,45890,1.52625e-05,7.69866,
206,5,89307,0.000525224,0.0201467,45389,1.48305e-05,7.68388,
206,6,89290,0.000542433,0.0199888,45381,1.46922e-05,7.66521,
215,0,20000,0.01,0.0141421,10201,0,205.428,
215,1,35741,0.000666153,0.0477311,18359,4.242e-05,23.5712,
215,2,22059,0.000599174,0.0955412,11565,1.7384e-05,18.4775,
215,3,17135,0.000591432,0.111828,8977,1.80701e-05,21.3546,
215,4,15986,0.000563581,0.108599,8354,2.09207e-05,22.1027,
215,5,15595,0.000555893,0.10793,8145,2.11557e-05,22.3683,
215,6,15409,0.000544129,0.107463,8048,2.11302e-05,22.4353,
215,7,15287,0.000554318,0.105372,7986,2.1569e-05,22.5253,
212,0,20000,0.01,0.0141421,10201,0,205.428,
212,1,74355,0.000675817,0.038894,37746,1.50011e-06,22.8491,
212,2,88077,0.000605957,0.0208501,44778,2.47986e-05,12.8273,
212,3,69083,0.000538436,0.0274815,35259,2.52245e-05,12.5989,
212,4,69828,0.000534477,0.0251311,35638,2.76587e-05,12.5442,
212,5,69388,0.000529661,0.0260068,35416,2.68109e-05,12.5434,
219,0,20000,0.01,0.0141421,10201,0,135.33,
219,1,38144,0.000682376,0.0465165,19558,1.03551e-05,13.8864,
219,2,28087,0.000593505,0.0813194,14586,1.03291e-05,9.07977,
219,3,25760,0.000549639,0.0749533,13382,1.01175e-05,9.28874,
219,4,25478,0.000585682,0.0841714,13230,8.78378e-06,9.26926,
219,5,25363,0.000572745,0.0793909,13172,8.66699e-06,9.25665,
218,0,20000,0.01,0.0141421,10201,0,135.33,
218,1,49375,0.000671623,0.0426451,25204,1.81691e-06,13.9089,
218,2,48418,0.000616242,0.0406678,24831,1.63055e-05,7.7169,
218,3,45151,0.000542334,0.0483149,23188,1.6949e-05,7.67978,
218,4,45687,0.000532109,0.0439873,23458,1.62658e-05,7.64167,
218,5,45429,0.000547609,0.0440141,23329,1.58778e-05,7.62842,
211,0,20000,0.01,0.0141421,10201,0,205.428,
211,1,96116,0.000662221,0.032622,48649,1.57289e-06,22.8816,
211,2,126142,0.000582851,0.0140568,63865,2.1613e-05,12.8999,
211,3,94605,0.00053978,0.0187201,48064,2.12912e-05,12.707,
211,4,92342,0.000550197,0.0213903,46931,2.46724e-05,12.6469,
211,5,92119,0.000529846,0.0215729,46818,2.44462e-05,12.6202,
220,0,20000,0.01,0.0141421,10201,0,135.33,
220,1,31769,0.000676838,0.0448796,16330,4.40983e-05,14.3633,
220,2,16987,0.000635212,0.0954915,8919,1.49352e-05,13.5219,
220,3,11538,0.000620144,0.119603,6064,1.81162e-05,18.3395,
220,4,10084,0.000677099,0.123436,5291,2.30351e-05,20.2367,
220,5,9576,0.000725095,0.145216,5028,2.42614e-05,21.0112,
220,6,9382,0.00077539,0.136261,4929,2.58535e-05,21.257,
220,7,9288,0.000695386,0.137276,4880,2.64981e-05,21.3625,
220,8,9226,0.000775773,0.137124,4848,2.67436e-05,21.3817,
217,0,20000,0.01,0.0141421,10201,0,135.33,
217,1,55754,0.000674647,0.0409949,28414,9.83247e-07,13.8164,
217,2,74519,0.000581995,0.0221733,37936,1.78558e-05,7.48836,
217,3,65545,0.000535216,0.0284571,33438,1.61682e-05,7.39049,
217,4,66337,0.000534505,0.0294551,33837,1.61503e-05,7.35735,
217,5,65768,0.00052865,0.0277386,33552,1.54675e-05,7.35343,
224,0,20000,0.01,0.0141421,10201,0,230.163,
224,1,34492,0.000670716,0.0512286,17744,1.04127e-05,15.1075,
224,2,27610,0.000593804,0.0850825,14354,1.27873e-05,9.60062,
224,3,25947,0.000554305,0.0698029,13486,1.04573e-05,9.70261,
224,4,25745,0.000577308,0.0813536,13378,9.43816e-06,9.67054,
224,5,25647,0.000543515,0.0784917,13329,9.25101e-06,9.66743,
223,0,20000,0.01,0.0141421,10201,0,230.163,
223,1,36434,0.000680001,0.045311,18740,2.15521e-06,15.1228,
223,2,45363,0.000605953,0.0439423,23304,2.06262e-05,8.24412,
223,3,43907,0.000534618,0.0477531,22574,1.8209e-05,8.1686,
223,4,44215,0.000537856,0.0430606,22729,1.73256e-05,8.1265,
223,5,43871,0.000549022,0.041693,22556,1.68648e-05,8.11316,
225,0,20000,0.01,0.0141421,10201,0,230.163,
225,1,32199,0.000682846,0.0514419,16568,4.42093e-05,15.2865,
225,2,17728,0.000620254,0.0935928,9308,1.29411e-05,13.808,
225,3,12106,0.000661689,0.117413,6363,1.71942e-05,18.494,
225,4,10716,0.000656703,0.129662,5620,2.12137e-05,20.3751,
225,5,10272,0.000640444,0.121355,5390,2.28799e-05,20.8597,
225,6,10050,0.000710993,0.140792,5277,2.38003e-05,21.1386,
225,7,9961,0.000703505,0.131351,5230,2.36998e-05,21.2849,
216,0,20000,0.01,0.0141421,10201,0,135.33,
216,1,65801,0.000671317,0.0324105,33458,9.45125e-07,13.8091,
216,2,101785,0.000599057,0.0170942,51612,1.69385e-05,7.49528,
216,3,89240,0.000546558,0.0189846,45332,1.40739e-05,7.40504,
216,4,89099,0.000537229,0.022074,45260,1.46663e-05,7.36345,
216,5,88369,0.000530271,0.0216154,44895,1.43955e-05,7.3586,
222,0,20000,0.01,0.0141421,10201,0,230.163,
222,1,39543,0.000671282,0.0409922,20311,1.46562e-06,14.8254,
222,2,62504,0.000588134,0.0258002,31917,2.31601e-05,8.12025,
222,3,62783,0.000537327,0.029276,32062,1.90811e-05,7.99579,
222,4,62204,0.000542137,0.0272859,31774,1.74706e-05,7.96432,
222,5,62001,0.000537388,0.0287395,31672,1.70813e-05,7.94023,
221,0,20000,0.01,0.0141421,10201,0,230.163,
221,1,48049,0.000673013,0.0334611,24583,1.4813e-06,14.8738,
221,2,86627,0.000584094,0.0188081,44014,2.28661e-05,8.07891,
221,3,85617,0.000541974,0.0219903,43522,1.67282e-05,7.98591,
221,4,83662,0.000530994,0.0218808,42542,1.60338e-05,7.96927,
221,5,83625,0.000546986,0.0217407,42522,1.5952e-05,7.97437,
229,0,20000,0.01,0.0141421,10201,0,108.608,
229,1,39612,0.000661439,0.0509142,20378,1.47806e-05,14.3032,
229,2,29209,0.0005823,0.0807711,15186,1.10657e-05,9.07498,
229,3,26144,0.000534358,0.0723595,13590,9.91912e-06,9.40689,
229,4,25800,0.000591352,0.0817266,13402,8.99776e-06,9.39435,
229,5,25700,0.00055682,0.0749478,13351,8.70892e-06,9.36955,
230,0,20000,0.01,0.0141421,10201,0,108.608,
230,1,30860,0.000668391,0.0510979,15904,6.11959e-05,14.9052,
230,2,17101,0.000617175,0.0924538,8991,1.28543e-05,13.8213,
230,3,11863,0.000677069,0.146559,6233,1.72756e-05,18.3524,
230,4,10468,0.000657497,0.146286,5488,2.23859e-05,20.0403,
230,5,9970,0.000668656,0.131736,5230,2.40704e-05,20.674,
230,6,9741,0.000642594,0.128095,5112,2.58539e-05,20.8845,
230,7,9626,0.00070131,0.128174,5053,2.7198e-05,21.0671,
230,8,9513,0.000687486,0.141109,4995,2.7488e-05,21.2687,
230,9,9444,0.000726479,0.147188,4960,2.84438e-05,21.3541,
228,0,20000,0.01,0.0141421,10201,0,108.608,
228,1,64699,0.000659482,0.0441228,33107,2.44885e-06,14.0886,
228,2,55493,0.000600535,0.0370119,28463,1.46695e-05,7.82315,
228,3,47273,0.000533297,0.0414951,24294,1.62354e-05,7.80674,
228,4,47393,0.000541455,0.0399177,24344,1.63069e-05,7.75629,
228,5,47164,0.000538613,0.0416711,24228,1.57678e-05,7.72764,
227,0,20000,0.01,0.0141421,10201,0,108.608,
227,1,82620,0.000673446,0.0392651,42201,1.00182e-06,14.0129,
227,2,91381,0.000588296,0.0212921,46504,1.41067e-05,7.61613,
227,3,68857,0.000546155,0.0271989,35169,1.43548e-05,7.54527,
227,4,68601,0.000545541,0.0265526,35029,1.58609e-05,7.51264,
227,5,68298,0.000555477,0.0259914,34874,1.53443e-05,7.49825,
235,0,20000,0.01,0.0141421,10201,0,216.777,
235,1,36037,0.000592147,0.044885,18518,4.57521e-05,15.6952,
235,2,25657,0.000351402,0.0979256,13307,1.66737e-05,10.1687,
235,3,13611,0.000608584,0.0984114,7120,1.22462e-05,16.3023,
235,4,10540,0.000651034,0.137039,5535,1.82588e-05,19.8967,
235,5,9751,0.00071622,0.128164,5122,2.19448e-05,21.0714,
235,6,9469,0.000705957,0.141286,4975,2.38503e-05,21.4572,
235,7,9349,0.000726521,0.127238,4914,2.4511e-05,21.5947,
235,8,9246,0.000679814,0.134191,4861,2.54465e-05,21.7629,
235,9,9186,0.000702631,0.126064,4831,2.64723e-05,21.8784,
234,0,20000,0.01,0.0141421,10201,0,216.777,
234,1,38530,0.000608055,0.0512285,19803,1.1017e-05,16.0469,
234,2,61098,0.000287936,0.0760757,31405,5.44426e-06,4.35498,
234,3,45989,0.000310946,0.0614204,23627,1.13847e-06,5.25634,
234,4,41814,0.000334679,0.0711926,21434,1.45474e-06,5.54476,
234,5,40883,0.000324226,0.062567,20959,1.42531e-06,5.61436,
234,6,40485,0.000329753,0.0684286,20761,1.46724e-06,5.64047,
226,0,20000,0.01,0.0141421,10201,0,108.608,
226,1,97464,0.000647236,0.0330765,49681,8.10813e-07,13.9417,
226,2,133127,0.000560862,0.01685,67434,1.26332e-05,7.60849,
226,3,95363,0.000536973,0.0188503,48510,1.19662e-05,7.52207,
226,4,93047,0.000549696,0.0205956,47318,1.42677e-05,7.47855,
226,5,92667,0.000516176,0.0213064,47126,1.4044e-05,7.46554,
238,0,20000,0.01,0.0141421,10201,0,236.118,
238,1,37140,0.000683794,0.0435729,19094,2.17024e-06,15.6808,
238,2,42695,0.000563101,0.0435633,21973,2.15052e-05,8.72718,
238,3,43417,0.000534665,0.0421878,22334,2.02538e-05,8.60506,
238,4,43244,0.000546314,0.0425163,22251,1.87244e-05,8.57299,
238,5,43193,0.000543831,0.0429137,22224,1.81093e-05,8.57117,
237,0,20000,0.01,0.0141421,10201,0,236.118,
237,1,41664,0.000678388,0.0410002,21374,1.49235e-06,15.686,
237,2,62797,0.00059165,0.0281456,32071,2.4856e-05,8.59735,
237,3,61986,0.000534206,0.0274109,31668,1.9994e-05,8.45965,
237,4,61826,0.000543572,0.0290381,31590,1.90706e-05,8.41649,
237,5,61483,0.000553237,0.0293481,31418,1.86997e-05,8.39393,
239,0,20000,0.01,0.0141421,10201,0,236.118,
239,1,34628,0.000682421,0.0512288,17814,1.0385e-05,15.8069,
239,2,27799,0.000590291,0.0888655,14456,1.36434e-05,10.04,
239,3,26040,0.000551498,0.0815868,13541,1.12306e-05,10.1366,
239,4,25834,0.000537996,0.08346,13431,1.03932e-05,10.0857,
239,5,25770,0.00056544,0.0838635,13399,1.0031e-05,10.0626,
233,0,20000,0.01,0.0141421,10201,0,216.777,
233,1,40880,0.000600609,0.0437664,21008,1.64236e-06,16.1608,
233,2,113734,0.000298122,0.0422867,57944,6.31973e-06,2.67102,
233,3,119580,0.000298036,0.0343049,60901,9.30578e-07,2.56598,
233,4,110507,0.00029582,0.0354154,56356,8.49721e-07,2.6078,
233,5,111827,0.000286193,0.0372257,57009,8.57575e-07,2.5813,
233,6,111324,0.000290554,0.0357739,56756,8.51894e-07,2.58033,
236,0,20000,0.01,0.0141421,10201,0,236.118,
236,1,51973,0.000686601,0.032436,26549,1.51217e-06,15.5808,
236,2,86514,0.000601952,0.0216818,43965,2.2283e-05,8.44741,
236,3,83641,0.000532762,0.0213272,42537,1.74743e-05,8.33177,
236,4,82699,0.000527392,0.0239876,42064,1.67374e-05,8.29754,
236,5,82132,0.000552669,0.0220238,41780,1.63237e-05,8.3053,
240,0,20000,0.01,0.0141421,10201,0,236.118,
240,1,32266,0.000675095,0.0514419,16604,4.4085e-05,15.8795,
240,2,18001,0.000601118,0.105804,9454,1.40379e-05,14.2903,
240,3,12636,0.000648538,0.115475,6639,1.75689e-05,18.6542,
240,4,11176,0.000612226,0.121931,5860,2.10091e-05,20.2206,
240,5,10666,0.000690957,0.131666,5594,2.34253e-05,20.8901,
240,6,10411,0.000643674,0.130757,5466,2.4173e-05,21.2831,
240,7,10266,0.000696898,0.131633,5393,2.43193e-05,21.4953,
240,8,10188,0.000691279,0.127468,5353,2.49826e-05,21.6102,
244,0,20000,0.01,0.0141421,10201,0,0.308724,
244,1,64911,0.00102847,0.0260099,32756,1.1402e-07,0.0774526,
244,2,60442,0.00203938,0.0153078,30505,3.28176e-08,0.061462,
244,3,43345,0.00162014,0.0202741,21923,3.5961e-08,0.0742597,
244,4,39251,0.00201243,0.021311,19852,4.6913e-08,0.0786426,
244,5,38532,0.00193887,0.0226261,19489,5.31374e-08,0.078819,
244,6,38293,0.00191707,0.0234422,19371,5.49217e-08,0.0787581,
245,0,20000,0.01,0.0141421,10201,0,0.308724,
245,1,25827,0.00176242,0.0351852,13110,3.16722e-07,0.156247,
245,2,17321,0.0035238,0.0289784,8823,2.37223e-07,0.184539,
245,3,14441,0.00331513,0.0350837,7360,3.37457e-07,0.20925,
245,4,13999,0.0034968,0.0362279,7135,4.24912e-07,0.211393,
245,5,13795,0.00350291,0.0361933,7032,4.44955e-07,0.212187,
245,6,13690,0.0035707,0.0357443,6978,4.55154e-07,0.212579,
243,0,20000,0.01,0.0141421,10201,0,0.308724,
243,1,89362,0.000909924,0.0227476,45035,7.91806e-08,0.0569017,
243,2,88886,0.0015063,0.0154776,44788,1.65934e-08,0.0436328,
243,3,63240,0.00123769,0.0166332,31924,1.47138e-08,0.0515933,
243,4,56427,0.00148487,0.017872,28487,2.31239e-08,0.0549412,
243,5,55290,0.00165825,0.0182367,27915,2.62706e-08,0.0550051,
243,6,54907,0.00160106,0.0181846,27724,2.73497e-08,0.0550049,
232,0,20000,0.01,0.0141421,10201,0,216.777,
232,1,45747,0.000589761,0.0410008,23461,5.24086e-07,16.0379,
232,2,160725,0.000303804,0.023906,81526,7.69047e-06,2.4199,
232,3,186619,0.00029625,0.0236634,94555,1.31872e-06,2.35647,
232,4,168397,0.00029629,0.0227824,85435,1.18819e-06,2.3696,
232,5,171120,0.000296804,0.0241052,86792,1.23082e-06,2.36143,
232,6,170220,0.000294876,0.024853,86342,1.21628e-06,2.36089,
242,0,20000,0.01,0.0141421,10201,0,0.308724,
242,1,128539,0.000747984,0.0181443,64705,5.06534e-08,0.0407455,
242,2,137275,0.00117847,0.010541,69071,8.17267e-09,0.0288483,
242,3,101261,0.000949777,0.0138434,51009,6.46835e-09,0.0327302,
242,4,87255,0.00131344,0.0140323,43973,9.1764e-09,0.035932,
242,5,85343,0.001253,0.0154448,43008,1.1009e-08,0.0358971,
242,6,84693,0.00129554,0.0150551,42684,1.15001e-08,0.0359133,
248,0,20000,0.01,0.0141421,10201,0,0.308107,
248,1,89245,0.00091927,0.0229269,44976,7.90518e-08,0.056822,
248,2,88776,0.00148991,0.0136447,44732,1.71153e-08,0.0433742,
248,3,63239,0.00129541,0.0167565,31920,1.4466e-08,0.0511222,
248,4,56626,0.00160367,0.0183277,28585,2.27086e-08,0.0543964,
248,5,55233,0.00157065,0.0181306,27886,2.56474e-08,0.0546662,
248,6,54744,0.0016154,0.0189471,27641,2.66574e-08,0.0547936,
249,0,20000,0.01,0.0141421,10201,0,0.308107,
249,1,64729,0.00100704,0.0263323,32664,1.13835e-07,0.0797256,
249,2,61776,0.00185152,0.0166048,31173,3.14203e-08,0.0604181,
249,3,43782,0.00163396,0.0201708,22143,3.56665e-08,0.0726085,
249,4,39032,0.00182089,0.021262,19742,4.67781e-08,0.0782909,
249,5,38175,0.00185465,0.0207889,19311,5.4266e-08,0.0786381,
249,6,37922,0.00202016,0.0219602,19185,5.60905e-08,0.0786821,
250,0,20000,0.01,0.0141421,10201,0,0.308107,
250,1,25234,0.0016511,0.038873,12813,3.16207e-07,0.170399,
250,2,18028,0.00310845,0.0271353,9176,2.38619e-07,0.181858,
250,3,14133,0.00336952,0.0331356,7208,3.2104e-07,0.21393,
250,4,13506,0.0034949,0.0365717,6885,4.28143e-07,0.219044,
250,5,13354,0.00371762,0.0366401,6810,4.54327e-07,0.21906,
250,6,13264,0.00380134,0.0368733,6764,4.68606e-07,0.21934,
231,0,20000,0.01,0.0141421,10201,0,216.777,
231,1,55774,0.000599867,0.0303306,28493,3.64119e-07,15.646,
231,2,212124,0.000295592,0.0192774,107282,6.60907e-06,2.2891,
231,3,245964,0.00027772,0.0156963,124304,1.29095e-06,2.26329,
231,4,222460,0.000292262,0.0156383,112538,1.15916e-06,2.26435,
231,5,226399,0.000290525,0.0159467,114505,1.20702e-06,2.26081,
231,6,224999,0.000293235,0.0164918,113806,1.19125e-06,2.25822,
247,0,20000,0.01,0.0141421,10201,0,0.308107,
247,1,128158,0.000790566,0.018477,64513,5.05704e-08,0.0405799,
247,2,136882,0.00127211,0.010303,68874,8.28177e-09,0.0287449,
247,3,100487,0.00102516,0.0145571,50621,6.54148e-09,0.032829,
247,4,86682,0.00133585,0.0146922,43687,9.33063e-09,0.0359357,
247,5,84649,0.00124507,0.0151547,42658,1.10359e-08,0.0359848,
247,6,84055,0.00124818,0.014828,42362,1.15637e-08,0.035965,
254,0,20000,0.01,0.0141421,10201,0,0.313917,
254,1,64452,0.000965184,0.0294872,32625,1.31614e-07,0.0790658,
254,2,60081,0.00142508,0.0168331,30396,3.16898e-08,0.0600308,
254,3,41464,0.00140595,0.0209773,21050,3.7109e-08,0.0745394,
254,4,37501,0.00157299,0.0224766,19030,5.28626e-08,0.0791422,
254,5,36707,0.00157944,0.0234166,18625,5.92386e-08,0.0794149,
254,6,36461,0.00153881,0.0225623,18503,6.11877e-08,0.0794922,
255,0,20000,0.01,0.0141421,10201,0,0.313917,
255,1,25002,0.00162667,0.0373058,12754,3.65595e-07,0.165321,
255,2,17987,0.0025925,0.0292368,9191,2.43478e-07,0.174225,
255,3,13712,0.00277616,0.0358254,7030,3.46487e-07,0.213158,
255,4,12906,0.00290924,0.0343791,6611,4.40798e-07,0.220809,
255,5,12702,0.00280321,0.0363748,6509,4.64682e-07,0.220986,
255,6,12611,0.00292321,0.0351366,6463,4.83302e-07,0.221607,
241,0,20000,0.01,0.0141421,10201,0,0.308724,
241,1,196634,0.000717833,0.0170497,98883,2.7807e-08,0.0248034,
241,2,219875,0.000849257,0.00787969,110506,3.43499e-09,0.0177079,
241,3,175356,0.000835338,0.0106617,88164,2.41966e-09,0.0191327,
241,4,153138,0.000962936,0.0105887,77038,3.09032e-09,0.0206014,
241,5,150358,0.000978402,0.0109837,75625,3.56059e-09,0.0205036,
241,6,149305,0.000965437,0.0110526,75102,3.69686e-09,0.0204791,
253,0,20000,0.01,0.0141421,10201,0,0.313917,
253,1,89296,0.000855388,0.0267012,45121,9.13987e-08,0.0594261,
253,2,90063,0.00125955,0.0148674,45463,1.60856e-08,0.0430494,
253,3,63177,0.00116062,0.0172823,31975,1.6225e-08,0.0500414,
253,4,55602,0.0011884,0.0177958,28144,2.32768e-08,0.0542597,
253,5,54438,0.00123392,0.0176956,27551,2.68992e-08,0.0543467,
253,6,53966,0.00126054,0.0180673,27315,2.82788e-08,0.0544332,
252,0,20000,0.01,0.0141421,10201,0,0.313917,
252,1,127946,0.000724224,0.0223329,64558,5.84459e-08,0.0409548,
252,2,136553,0.000842369,0.0102678,68821,7.85158e-09,0.0289879,
252,3,99471,0.00085764,0.0144069,50220,7.09798e-09,0.0323411,
252,4,85535,0.000824825,0.0138489,43202,9.61252e-09,0.0357134,
252,5,83699,0.00082453,0.0148755,42265,1.1626e-08,0.0356791,
252,6,83016,0.000849426,0.0146232,41924,1.20098e-08,0.0357506,
246,0,20000,0.01,0.0141421,10201,0,0.308107,
246,1,195979,0.000710912,0.0174148,98554,2.77576e-08,0.0247702,
246,2,218166,0.000938617,0.00799598,109653,3.49179e-09,0.0177581,
246,3,173853,0.000801724,0.0106648,87410,2.42727e-09,0.019152,
246,4,151738,0.000966601,0.0108026,76335,3.13298e-09,0.0206433,
246,5,148878,0.000956334,0.0109645,74885,3.6325e-09,0.0205486,
246,6,147966,0.000988601,0.0111779,74430,3.79153e-09,0.0205346,
260,0,20000,0.01,0.0141421,10201,0,0.345367,
260,1,27630,0.00163915,0.0388434,14013,3.01529e-07,0.167744,
260,2,19697,0.00317821,0.0288554,10014,2.11238e-07,0.175936,
260,3,14873,0.00284014,0.0419189,7580,2.95911e-07,0.212486,
260,4,14101,0.00347282,0.0396925,7183,3.92154e-07,0.217528,
260,5,13900,0.0034076,0.0404648,7082,4.24466e-07,0.218009,
260,6,13826,0.00339011,0.0388228,7045,4.37833e-07,0.218144,
258,0,20000,0.01,0.0141421,10201,0,0.345367,
258,1,97823,0.000905434,0.0289297,49267,7.53823e-08,0.0593117,
258,2,98446,0.00141148,0.0146932,49578,1.52647e-08,0.0419667,
258,3,67651,0.0011717,0.0190455,34127,1.35919e-08,0.0493135,
258,4,58577,0.00150281,0.0192053,29563,2.15805e-08,0.0543423,
258,5,57278,0.00152435,0.0213185,28906,2.52464e-08,0.0545157,
258,6,56875,0.00158542,0.021564,28705,2.64186e-08,0.0545806,
259,0,20000,0.01,0.0141421,10201,0,0.345367,
259,1,71564,0.000968708,0.0296666,36084,1.0855e-07,0.0787998,
259,2,66859,0.00197374,0.0163928,33721,2.77086e-08,0.0590146,
259,3,45947,0.00150277,0.0241102,23223,3.30904e-08,0.0718364,
259,4,40253,0.00192226,0.0234296,20354,4.47802e-08,0.078616,
259,5,39382,0.00193402,0.0247816,19912,5.31326e-08,0.0788361,
259,6,39064,0.00186939,0.0249462,19754,5.53112e-08,0.0789455,
257,0,20000,0.01,0.0141421,10201,0,0.345367,
257,1,140247,0.000717406,0.0242034,70560,4.81655e-08,0.0396819,
257,2,143286,0.00118855,0.0127644,72089,7.74709e-09,0.028747,
257,3,105228,0.000974588,0.0156313,52986,6.07858e-09,0.0323859,
257,4,89851,0.00122049,0.0154412,45273,8.82633e-09,0.035869,
257,5,87763,0.0012716,0.0164903,44214,1.07064e-08,0.0359175,
257,6,87170,0.00128677,0.0163575,43918,1.1153e-08,0.0359123,
263,0,20000,0.01,0.0141421,10201,0,0.313134,
263,1,90507,0.000892753,0.0260062,45619,8.45525e-08,0.0573841,
263,2,89922,0.00151874,0.0147727,45313,1.58543e-08,0.0429392,
263,3,63231,0.00132075,0.0189491,31923,1.46328e-08,0.0509268,
263,4,56198,0.00152112,0.0182094,28377,2.25194e-08,0.0545271,
263,5,54950,0.00165756,0.0187812,27747,2.61825e-08,0.0546955,
263,6,54534,0.00163491,0.0187828,27539,2.74074e-08,0.0547417,
251,0,20000,0.01,0.0141421,10201,0,0.313917,
251,1,193874,0.000710553,0.0176211,97691,3.20834e-08,0.0245191,
251,2,213888,0.000641921,0.00835035,107665,3.35896e-09,0.017784,
251,3,169656,0.000698327,0.0111883,85454,2.69052e-09,0.0193022,
251,4,149445,0.000677548,0.0108345,75310,3.19289e-09,0.0206265,
251,5,146591,0.000680525,0.0112056,73853,3.77019e-09,0.0206077,
251,6,145737,0.000676018,0.0110538,73427,3.85622e-09,0.0205614,
265,0,20000,0.01,0.0141421,10201,0,0.313134,
265,1,25090,0.00173472,0.0342187,12747,3.3821e-07,0.166409,
265,2,17952,0.00333512,0.0300273,9138,2.32165e-07,0.179524,
265,3,13862,0.00346514,0.035548,7074,3.68465e-07,0.215063,
265,4,13369,0.00361835,0.0386568,6817,4.2865e-07,0.218423,
265,5,13138,0.00360103,0.0378274,6703,4.3883e-07,0.220231,
265,6,13079,0.00346475,0.037205,6673,4.50098e-07,0.220043,
264,0,20000,0.01,0.0141421,10201,0,0.313134,
264,1,65204,0.00102713,0.0291748,32912,1.21756e-07,0.0769702,
264,2,59965,0.00203316,0.0165078,30272,3.07947e-08,0.0599785,
264,3,41764,0.00159304,0.020698,21134,3.65353e-08,0.0755083,
264,4,37773,0.00203096,0.0218978,19114,4.94791e-08,0.0802248,
264,5,37130,0.00197006,0.0242065,18790,5.64795e-08,0.0803713,
264,6,36930,0.00209831,0.0234515,18690,5.84409e-08,0.0803,
262,0,20000,0.01,0.0141421,10201,0,0.313134,
262,1,130352,0.000728052,0.0220423,65626,5.40859e-08,0.0407733,
262,2,138701,0.00119017,0.0107324,69791,7.71863e-09,0.0287865,
262,3,102186,0.000999662,0.0144651,51477,6.53086e-09,0.0320019,
262,4,87139,0.0013003,0.0147894,43921,8.68659e-09,0.0355039,
262,5,84971,0.00134598,0.0156273,42824,1.05392e-08,0.0356365,
262,6,84300,0.00134705,0.0155028,42490,1.10154e-08,0.035673,
268,0,20000,0.01,0.0141421,10201,0,0.318729,
268,1,91196,0.000898147,0.0228709,45951,7.81384e-08,0.0607048,
268,2,92518,0.00159674,0.0121645,46602,1.58766e-08,0.0431862,
268,3,65694,0.0012356,0.0157672,33152,1.51422e-08,0.0499105,
268,4,57818,0.00153667,0.0154606,29183,2.17988e-08,0.0540659,
268,5,56478,0.00170537,0.0162925,28507,2.52973e-08,0.0542881,
268,6,56016,0.00164378,0.0168713,28276,2.64094e-08,0.0543823,
269,0,20000,0.01,0.0141421,10201,0,0.318729,
269,1,65857,0.000982623,0.0275925,33228,1.12519e-07,0.0828947,
269,2,64216,0.00197843,0.0156895,32393,3.00636e-08,0.0604687,
269,3,45171,0.00154759,0.0192545,22842,3.37416e-08,0.0714489,
269,4,39709,0.00180122,0.0183873,20082,4.54621e-08,0.0780823,
269,5,38889,0.00183307,0.0191115,19668,5.37133e-08,0.0781756,
269,6,38603,0.00198304,0.0187837,19524,5.58277e-08,0.0782391,
270,0,20000,0.01,0.0141421,10201,0,0.318729,
270,1,25816,0.00168185,0.0390077,13104,3.12554e-07,0.167459,
270,2,18393,0.00330673,0.0271634,9356,2.32077e-07,0.180517,
270,3,14448,0.00342521,0.0325485,7366,3.22477e-07,0.214667,
270,4,13860,0.00339055,0.03185,7063,4.05579e-07,0.217373,
270,5,13717,0.00350111,0.0330595,6991,4.30437e-07,0.216676,
270,6,13642,0.00371349,0.0326643,6953,4.44713e-07,0.216841,
256,0,20000,0.01,0.0141421,10201,0,0.345367,
256,1,208845,0.000707329,0.0179013,104983,2.6183e-08,0.0244366,
256,2,229852,0.000792842,0.00867736,115507,3.23294e-09,0.017582,
256,3,181108,0.000768803,0.0119434,91033,2.30302e-09,0.0190849,
256,4,157761,0.000922971,0.011835,79344,2.99569e-09,0.0205824,
256,5,154803,0.00095215,0.0123841,77842,3.48359e-09,0.0205062,
256,6,153765,0.000906207,0.0125086,77327,3.61313e-09,0.0204877,
267,0,20000,0.01,0.0141421,10201,0,0.318729,
267,1,133368,0.000758573,0.021554,67118,4.99794e-08,0.0377631,
267,2,132379,0.00125648,0.00909934,66624,7.97558e-09,0.0293182,
267,3,99258,0.00104739,0.0149925,49998,6.68479e-09,0.033273,
267,4,87839,0.00126476,0.0129028,44265,9.38076e-09,0.0358565,
267,5,86227,0.00128291,0.0138442,43448,1.08362e-08,0.0358067,
267,6,85628,0.0013004,0.0131234,43150,1.12696e-08,0.0358204,
274,0,20000,0.01,0.0141421,10201,0,0.326473,
274,1,67611,0.000957341,0.0284693,34115,1.17479e-07,0.0784706,
274,2,63739,0.00182469,0.016622,32161,2.87839e-08,0.0589215,
274,3,43598,0.00163309,0.0223464,22053,3.44135e-08,0.0735376,
274,4,38764,0.00179945,0.0227085,19611,4.7759e-08,0.0794147,
274,5,37988,0.00194702,0.0233229,19219,5.43719e-08,0.0796778,
274,6,37756,0.00198084,0.0234676,19104,5.66284e-08,0.0795664,
261,0,20000,0.01,0.0141421,10201,0,0.313134,
261,1,198726,0.000708612,0.0170442,99948,2.97399e-08,0.0239957,
261,2,216182,0.000819936,0.00797854,108668,3.16429e-09,0.0178324,
261,3,172929,0.000837667,0.0110737,86955,2.46542e-09,0.019189,
261,4,152321,0.000957744,0.0110807,76633,2.99658e-09,0.0205211,
261,5,149250,0.000988745,0.0121306,75076,3.48643e-09,0.0204499,
261,6,148227,0.000955286,0.0121231,74567,3.60972e-09,0.020428,
273,0,20000,0.01,0.0141421,10201,0,0.326473,
273,1,93622,0.000846513,0.0270146,47176,8.15824e-08,0.0570662,
273,2,92628,0.00146909,0.0156987,46668,1.53436e-08,0.0425965,
273,3,64594,0.00125,0.0180953,32602,1.41264e-08,0.0505944,
273,4,56784,0.00163244,0.0195774,28669,2.20784e-08,0.0547745,
273,5,55605,0.00174635,0.0214549,28072,2.58512e-08,0.054848,
273,6,55185,0.00170427,0.0196686,27863,2.70499e-08,0.0549771,
275,0,20000,0.01,0.0141421,10201,0,0.326473,
275,1,26036,0.0017326,0.0358309,13220,3.2633e-07,0.164454,
275,2,18493,0.003136,0.0320102,9410,2.20932e-07,0.178131,
275,3,14141,0.00324464,0.0393604,7214,3.44785e-07,0.21531,
275,4,13618,0.00333892,0.0393376,6942,4.27282e-07,0.217689,
275,5,13359,0.0034981,0.0404873,6813,4.51123e-07,0.219327,
275,6,13302,0.00355018,0.0406324,6784,4.64448e-07,0.219417,
272,0,20000,0.01,0.0141421,10201,0,0.326473,
272,1,134519,0.000782762,0.0237581,67708,5.21733e-08,0.0409717,
272,2,143010,0.00125896,0.0108924,71950,7.30584e-09,0.0285659,
272,3,104625,0.000958352,0.0145899,52696,6.29051e-09,0.0316904,
272,4,88200,0.00122807,0.0156293,44453,8.52478e-09,0.035533,
272,5,86196,0.00130396,0.0166727,43436,1.05696e-08,0.0355599,
272,6,85477,0.00132929,0.0163096,43076,1.11174e-08,0.0356007,
278,0,20000,0.01,0.0141421,10201,0,0.302101,
278,1,87443,0.000890821,0.0248987,44090,8.85643e-08,0.0586279,
278,2,88029,0.00153407,0.0141934,44368,1.63983e-08,0.043089,
278,3,62682,0.00126959,0.0169128,31652,1.53576e-08,0.0505784,
278,4,55678,0.00149039,0.0179666,28119,2.29761e-08,0.0545505,
278,5,54484,0.00171438,0.0185568,27517,2.61629e-08,0.0546406,
278,6,54061,0.00166484,0.0187821,27306,2.7223e-08,0.0547065,
280,0,20000,0.01,0.0141421,10201,0,0.302101,
280,1,24745,0.00157473,0.0389041,12575,3.54257e-07,0.167518,
280,2,17268,0.0034655,0.0279501,8797,2.28931e-07,0.183114,
280,3,13773,0.00353214,0.0356806,7031,3.45659e-07,0.213333,
280,4,13290,0.00363724,0.0362384,6779,4.3479e-07,0.218084,
280,5,13134,0.00364543,0.0368575,6702,4.49335e-07,0.218154,
280,6,13045,0.00361526,0.0363425,6656,4.60619e-07,0.21883,
266,0,20000,0.01,0.0141421,10201,0,0.318729,
266,1,202229,0.000718757,0.0159118,101678,2.73828e-08,0.0239776,
266,2,217543,0.000888348,0.00704857,109344,3.32437e-09,0.0177823,
266,3,173625,0.00082762,0.0104775,87295,2.49692e-09,0.0193428,
266,4,154493,0.000902615,0.00972575,77709,3.11652e-09,0.0205595,
266,5,151793,0.000972667,0.00985269,76342,3.58826e-09,0.0204761,
266,6,150853,0.000961584,0.00987706,75874,3.70997e-09,0.0204569,
279,0,20000,0.01,0.0141421,10201,0,0.302101,
279,1,62960,0.00101199,0.0265135,31792,1.27533e-07,0.0802482,
279,2,60198,0.00185196,0.0159323,30389,3.1294e-08,0.0604373,
279,3,42241,0.00154596,0.0204737,21380,3.6265e-08,0.0738024,
279,4,37702,0.0019768,0.0222246,19083,4.89929e-08,0.0792414,
279,5,36948,0.00203569,0.0232449,18703,5.60887e-08,0.0796742,
279,6,36722,0.00198421,0.0229351,18589,5.78058e-08,0.0797235,
277,0,20000,0.01,0.0141421,10201,0,0.302101,
277,1,126120,0.000792511,0.0214755,63514,5.6656e-08,0.0407897,
277,2,135215,0.00125597,0.0111178,68048,7.92352e-09,0.0290406,
277,3,100309,0.00100298,0.0141881,50542,6.83675e-09,0.0322782,
277,4,85597,0.0012174,0.0149948,43156,8.86765e-09,0.0357846,
277,5,83646,0.00125138,0.0152611,42164,1.06913e-08,0.0358616,
277,6,83032,0.00136297,0.0157665,41859,1.11335e-08,0.0358553,
283,0,20000,0.01,0.0141421,10201,0,1.35792,
283,1,76985,0.000714216,0.0387702,38883,3.65408e-07,0.172234,
283,2,57193,0.00131345,0.0180384,28918,6.25755e-08,0.139265,
283,3,33894,0.00111903,0.0262672,17198,9.53505e-08,0.187685,
283,4,28688,0.00141804,0.0266187,14561,1.3516e-07,0.215679,
283,5,28079,0.00134587,0.030264,14248,1.68408e-07,0.217517,
283,6,27803,0.00148294,0.0291472,14111,1.72813e-07,0.218253,
284,0,20000,0.01,0.0141421,10201,0,1.35792,
284,1,42900,0.00087553,0.0386726,21729,8.29117e-07,0.255227,
284,2,23594,0.00182785,0.0282281,12011,2.11744e-07,0.296547,
284,3,14910,0.00191146,0.0389388,7615,5.12817e-07,0.424096,
284,4,12940,0.00218005,0.0424974,6613,6.75261e-07,0.47767,
284,5,12507,0.00222221,0.0441878,6393,8.09557e-07,0.484681,
284,6,12365,0.00233682,0.045796,6321,8.48994e-07,0.486883,
284,7,12319,0.00245656,0.0439794,6298,8.70061e-07,0.486355,
285,0,20000,0.01,0.0141421,10201,0,1.35792,
285,1,26203,0.00113726,0.0440651,13324,1.47399e-06,0.376633,
285,2,12889,0.00241296,0.0387461,6600,6.74691e-07,0.505566,
285,3,8130,0.00281458,0.0541341,4183,1.54764e-06,0.761999,
285,4,6993,0.00313749,0.0552117,3601,2.2639e-06,0.861974,
285,5,6790,0.00307995,0.059017,3497,2.71017e-06,0.872645,
285,6,6713,0.00292565,0.0586009,3458,2.85647e-06,0.876779,
285,7,6685,0.00282812,0.0554605,3445,2.92228e-06,0.876627,
271,0,20000,0.01,0.0141421,10201,0,0.326473,
271,1,204012,0.000721282,0.0180356,102587,2.86149e-08,0.0237658,
271,2,220315,0.000790585,0.00811849,110738,3.21165e-09,0.0177495,
271,3,175109,0.000775528,0.0108362,88042,2.45219e-09,0.0191573,
271,4,154465,0.000936735,0.0118542,77700,2.99129e-09,0.0204601,
271,5,151451,0.000968891,0.0120433,76174,3.50965e-09,0.0204224,
271,6,150353,0.000932203,0.0123464,75630,3.64091e-09,0.0204165,
282,0,20000,0.01,0.0141421,10201,0,1.35792,
282,1,131552,0.000714383,0.0261054,66308,1.22296e-07,0.0924787,
282,2,139623,0.000723399,0.0124274,70303,1.76397e-08,0.0634765,
282,3,100570,0.000713578,0.0159993,50688,1.55186e-08,0.0670141,
282,4,82552,0.000766215,0.016778,41650,1.81438e-08,0.0774234,
282,5,80017,0.000796186,0.0173604,40360,2.34613e-08,0.0782227,
282,6,79319,0.000858157,0.0188021,40014,2.35728e-08,0.078242,
287,0,20000,0.01,0.0141421,10201,0,1.35755,
287,1,99012,0.000711628,0.0370485,49963,2.28934e-07,0.13466,
287,2,87134,0.00102335,0.0150577,43956,3.71651e-08,0.0983477,
287,3,54308,0.000925993,0.021428,27466,3.97959e-08,0.120224,
287,4,45445,0.00104381,0.0232177,22997,5.30146e-08,0.13758,
287,5,44404,0.00105698,0.0241733,22464,6.85625e-08,0.138232,
287,6,44012,0.00109301,0.0252019,22268,7.13753e-08,0.13859,
289,0,20000,0.01,0.0141421,10201,0,1.35755,
289,1,42835,0.000844437,0.0419882,21696,8.28282e-07,0.297944,
289,2,26484,0.00194784,0.0257846,13460,2.13982e-07,0.275084,
289,3,15398,0.00200722,0.0379202,7865,4.51163e-07,0.40492,
289,4,12775,0.00208747,0.0407316,6531,6.62858e-07,0.476334,
289,5,12375,0.00213642,0.0403942,6326,8.71751e-07,0.4838,
289,6,12234,0.00222049,0.0431755,6255,9.1888e-07,0.485243,
289,7,12183,0.0022049,0.0427417,6229,9.35762e-07,0.485678,
288,0,20000,0.01,0.0141421,10201,0,1.35755,
288,1,76846,0.000718924,0.038815,38813,3.65032e-07,0.171628,
288,2,56889,0.00129395,0.0175716,28765,6.3011e-08,0.140085,
288,3,33947,0.00116696,0.025475,17224,9.59541e-08,0.188284,
288,4,28864,0.00135811,0.0268275,14650,1.33756e-07,0.214893,
288,5,28189,0.00139289,0.0297885,14304,1.66596e-07,0.216271,
288,6,27950,0.00148931,0.0296233,14184,1.73621e-07,0.216751,
290,0,20000,0.01,0.0141421,10201,0,1.35755,
290,1,26183,0.00113509,0.0440081,13314,1.4725e-06,0.376517,
290,2,12919,0.00244514,0.0414048,6615,6.5682e-07,0.501038,
290,3,8108,0.00265428,0.0554863,4171,1.54423e-06,0.763457,
290,4,7028,0.00287204,0.0512805,3619,2.11967e-06,0.859213,
290,5,6826,0.00296062,0.06061,3515,2.59103e-06,0.863066,
290,6,6758,0.00295356,0.0575875,3481,2.7296e-06,0.864125,
290,7,6724,0.00300488,0.0582038,3464,2.78594e-06,0.868698,
276,0,20000,0.01,0.0141421,10201,0,0.302101,
276,1,193451,0.000709455,0.0169789,97317,3.12152e-08,0.0243109,
276,2,212492,0.000865768,0.00814008,106823,3.28893e-09,0.0178459,
276,3,169875,0.000820218,0.0110832,85435,2.55787e-09,0.0192783,
276,4,149867,0.000957773,0.0111879,75409,3.05845e-09,0.0206088,
276,5,147131,0.000935103,0.0118874,74021,3.55559e-09,0.0205365,
276,6,146090,0.000930394,0.0121503,73504,3.65394e-09,0.0205354,
286,0,20000,0.01,0.0141421,10201,0,1.35755,
286,1,131374,0.000712386,0.0261486,66218,1.22145e-07,0.0922926,
286,2,139056,0.000712832,0.0122841,70018,1.73249e-08,0.0638482,
286,3,100552,0.000713282,0.0164713,50681,1.52623e-08,0.0670618,
286,4,82182,0.000728083,0.0166945,41462,1.7741e-08,0.0777885,
286,5,79581,0.000811532,0.0184494,40142,2.29044e-08,0.0785465,
286,6,78844,0.000824732,0.0192129,39775,2.30007e-08,0.0786345,
293,0,20000,0.01,0.0141421,10201,0,1.32758,
293,1,74047,0.000727117,0.0358227,37459,3.86055e-07,0.168494,
293,2,53010,0.00115856,0.0175669,26929,6.30155e-08,0.141059,
293,3,32405,0.00116365,0.0272045,16517,1.20028e-07,0.190436,
293,4,27782,0.0014573,0.027847,14164,1.39782e-07,0.216837,
293,5,27029,0.00142636,0.0303531,13776,1.6997e-07,0.219971,
293,6,26810,0.00141205,0.032316,13665,1.76177e-07,0.220041,
294,0,20000,0.01,0.0141421,10201,0,1.32758,
294,1,41809,0.000839548,0.042131,21213,8.75799e-07,0.2918,
294,2,25336,0.00177467,0.0281104,12939,2.16527e-07,0.273751,
294,3,14956,0.00191372,0.0401176,7680,5.37464e-07,0.401265,
294,4,12473,0.0023099,0.0434006,6411,7.18293e-07,0.470447,
294,5,12027,0.00237263,0.046613,6180,8.82412e-07,0.478511,
294,6,11829,0.00224886,0.0451593,6080,9.2368e-07,0.484686,
294,7,11746,0.00220813,0.0449586,6038,9.54543e-07,0.486265,
295,0,20000,0.01,0.0141421,10201,0,1.32758,
295,1,25807,0.00111126,0.0442148,13146,1.55698e-06,0.377222,
295,2,12550,0.00239199,0.0410626,6466,6.91936e-07,0.486334,
295,3,7609,0.00289619,0.0604825,3946,1.77642e-06,0.7651,
295,4,6509,0.00290298,0.0555181,3374,2.43802e-06,0.866407,
295,5,6290,0.00328192,0.0568328,3259,2.78355e-06,0.873599,
295,6,6200,0.00321559,0.0619823,3214,3.00506e-06,0.877597,
295,7,6160,0.00332856,0.0609964,3194,3.10455e-06,0.878956,
292,0,20000,0.01,0.0141421,10201,0,1.32758,
292,1,95689,0.000688758,0.0386973,48360,2.42404e-07,0.135692,
292,2,84079,0.000818287,0.0149728,42565,3.62291e-08,0.100158,
292,3,53177,0.000933564,0.0211681,26992,4.53742e-08,0.121198,
292,4,44415,0.00106568,0.024878,22557,5.15511e-08,0.138781,
292,5,43209,0.00104126,0.0239669,21940,6.73991e-08,0.13994,
292,6,42819,0.00111846,0.0231698,21744,7.04466e-08,0.140093,
299,0,20000,0.01,0.0141421,10201,0,1.4915,
299,1,46527,0.000898356,0.038878,23546,8.18411e-07,0.239771,
299,2,24731,0.00171764,0.033611,12579,1.96321e-07,0.289223,
299,3,15397,0.00202673,0.0439979,7854,5.38613e-07,0.418461,
299,4,13149,0.00219757,0.049185,6716,7.05308e-07,0.479263,
299,5,12815,0.00210252,0.0518551,6543,8.54594e-07,0.483336,
299,6,12677,0.00213072,0.0485009,6474,8.72056e-07,0.486045,
299,7,12614,0.00214549,0.0495832,6441,8.99129e-07,0.487124,
298,0,20000,0.01,0.0141421,10201,0,1.4915,
298,1,82109,0.000706264,0.0392427,41445,3.59762e-07,0.168252,
298,2,59438,0.00128194,0.0184183,30037,6.05819e-08,0.140966,
298,3,35580,0.00119517,0.0318368,18035,9.09859e-08,0.185156,
298,4,29995,0.00145943,0.0329848,15211,1.292e-07,0.213623,
298,5,29276,0.00141911,0.0333437,14841,1.61171e-07,0.215835,
298,6,29012,0.0014713,0.0337584,14711,1.66816e-07,0.216064,
300,0,20000,0.01,0.0141421,10201,0,1.4915,
300,1,28515,0.00101947,0.0435369,14483,1.45495e-06,0.384644,
300,2,14008,0.00201317,0.0428353,7161,5.84569e-07,0.479435,
300,3,8449,0.00266621,0.0595252,4340,1.5242e-06,0.75884,
300,4,7288,0.00298531,0.0625154,3746,2.13207e-06,0.854176,
300,5,7044,0.0030327,0.0639044,3623,2.56764e-06,0.872042,
300,6,6976,0.00306406,0.0698453,3588,2.72803e-06,0.874616,
297,0,20000,0.01,0.0141421,10201,0,1.4915,
297,1,105259,0.000710425,0.0391254,53085,2.24764e-07,0.130007,
297,2,89074,0.00092658,0.0152829,44924,3.56625e-08,0.101,
297,3,56712,0.00091509,0.0236618,28657,3.90042e-08,0.1185,
297,4,47359,0.00104351,0.0261008,23948,5.18589e-08,0.136251,
297,5,46215,0.0010365,0.0281568,23363,6.66953e-08,0.137365,
297,6,45794,0.00106199,0.0275647,23153,6.92462e-08,0.137758,
291,0,20000,0.01,0.0141421,10201,0,1.32758,
291,1,126687,0.000699394,0.0291991,63951,1.29779e-07,0.0941135,
291,2,134893,0.000733064,0.0136597,68123,1.73024e-08,0.0641013,
291,3,97697,0.00074001,0.0183462,49382,1.74074e-08,0.0682753,
291,4,80659,0.000769433,0.017001,40810,1.81054e-08,0.0781025,
291,5,78300,0.000844655,0.0171567,39602,2.36717e-08,0.0787016,
291,6,77447,0.000819799,0.01865,39178,2.38863e-08,0.0790161,
291,7,77175,0.000833654,0.0178599,39043,2.4319e-08,0.0790524,
304,0,20000,0.01,0.0141421,10201,0,1.37162,
304,1,43231,0.000839549,0.0419043,21901,8.46352e-07,0.292444,
304,2,26208,0.00183518,0.0300368,13325,2.11548e-07,0.272675,
304,3,15408,0.00190777,0.0414675,7872,4.52474e-07,0.405275,
304,4,12801,0.00212429,0.0453945,6545,6.60917e-07,0.477755,
304,5,12433,0.00219648,0.0462136,6357,8.26278e-07,0.480354,
304,6,12266,0.00235092,0.0472334,6272,8.78094e-07,0.484411,
304,7,12203,0.00231485,0.0501268,6241,9.01096e-07,0.484803,
305,0,20000,0.01,0.0141421,10201,0,1.37162,
305,1,26793,0.0011062,0.0401676,13623,1.50463e-06,0.329909,
305,2,12063,0.00241904,0.0437763,6191,6.12544e-07,0.505386,
305,3,7609,0.00282061,0.0613038,3921,1.80719e-06,0.817293,
305,4,6793,0.00313487,0.06122,3502,2.39347e-06,0.889791,
305,5,6607,0.00324797,0.0618141,3407,2.66011e-06,0.890605,
305,6,6516,0.00319433,0.0646971,3361,2.85469e-06,0.896435,
305,7,6502,0.00311586,0.0665405,3354,2.92297e-06,0.895483,
303,0,20000,0.01,0.0141421,10201,0,1.37162,
303,1,77489,0.000715591,0.0398244,39144,3.73037e-07,0.167038,
303,2,55857,0.00134902,0.0185762,28251,6.06673e-08,0.142536,
303,3,33964,0.00113963,0.0294344,17236,9.31682e-08,0.188431,
303,4,28771,0.00139293,0.0303275,14607,1.29376e-07,0.215363,
303,5,28029,0.00151328,0.0314478,14226,1.6149e-07,0.217446,
303,6,27803,0.00152445,0.0334838,14113,1.68142e-07,0.218128,
302,0,20000,0.01,0.0141421,10201,0,1.37162,
302,1,99621,0.00071137,0.0313955,50280,2.34081e-07,0.128919,
302,2,84019,0.000960322,0.0164585,42402,3.43521e-08,0.0999417,
302,3,53147,0.000927769,0.0224487,26887,4.3654e-08,0.122103,
302,4,44789,0.00106221,0.0239864,22671,5.14892e-08,0.139186,
302,5,43757,0.00114107,0.0262707,22145,6.63527e-08,0.139978,
302,6,43400,0.00115248,0.0269319,21966,6.8999e-08,0.140281,
296,0,20000,0.01,0.0141421,10201,0,1.4915,
296,1,138208,0.000722727,0.0295923,69624,1.18982e-07,0.0857308,
296,2,138061,0.000678766,0.0131461,69515,1.60613e-08,0.064188,
296,3,99649,0.000691691,0.0189557,50210,1.62795e-08,0.0689569,
296,4,83718,0.00076479,0.0190465,42218,1.89423e-08,0.0782486,
296,5,81578,0.000790088,0.0214056,41131,2.35321e-08,0.0787023,
296,6,80971,0.000791131,0.0204487,40829,2.37911e-08,0.0787426,
309,0,20000,0.01,0.0141421,10201,0,1.38364,
309,1,43659,0.000863002,0.0406112,22109,8.22066e-07,0.288343,
309,2,26285,0.00175314,0.0327084,13354,2.02916e-07,0.275517,
309,3,15522,0.00197548,0.0403294,7925,4.3624e-07,0.40335,
309,4,12809,0.00200099,0.0381008,6547,6.60934e-07,0.481776,
309,5,12393,0.00228128,0.0403519,6333,8.18126e-07,0.488789,
309,6,12229,0.00231503,0.0411963,6251,8.44028e-07,0.494368,
309,7,12190,0.00232388,0.0396213,6232,8.72027e-07,0.493978,
310,0,20000,0.01,0.0141421,10201,0,1.38364,
310,1,26600,0.00112746,0.0444824,13523,1.46145e-06,0.396931,
310,2,13214,0.00242354,0.0392821,6763,6.21719e-07,0.491303,
310,3,8012,0.00277941,0.0605395,4124,1.5145e-06,0.776637,
310,4,6924,0.00291629,0.0510026,3565,2.32118e-06,0.861594,
310,5,6742,0.00308162,0.0522445,3471,2.61164e-06,0.86661,
310,6,6662,0.0031337,0.0546261,3431,2.73119e-06,0.872048,
310,7,6620,0.00336148,0.0534454,3409,2.80039e-06,0.876517,
308,0,20000,0.01,0.0141421,10201,0,1.38364,
308,1,77854,0.000703392,0.0359359,39316,3.62194e-07,0.167243,
308,2,57701,0.00133931,0.0164599,29168,6.16549e-08,0.138748,
308,3,34343,0.0011854,0.0259187,17421,9.41718e-08,0.185568,
308,4,28882,0.00128971,0.0251962,14657,1.33055e-07,0.215854,
308,5,28193,0.00134694,0.0274097,14303,1.66328e-07,0.217237,
308,6,27948,0.00135756,0.0258776,14181,1.71351e-07,0.217402,
301,0,20000,0.01,0.0141421,10201,0,1.37162,
301,1,132881,0.000689661,0.0313917,66987,1.25107e-07,0.087218,
301,2,134017,0.000713909,0.0118725,67507,1.634e-08,0.0641285,
301,3,96943,0.00068958,0.0184807,48878,1.54198e-08,0.068973,
301,4,81391,0.000801014,0.0176648,41071,1.77064e-08,0.0784345,
301,5,79348,0.000789924,0.0186867,40030,2.20555e-08,0.0786846,
301,6,78634,0.000746238,0.0187946,39674,2.22697e-08,0.0789173,
307,0,20000,0.01,0.0141421,10201,0,1.38364,
307,1,101011,0.000723928,0.0388063,50962,2.27036e-07,0.128236,
307,2,85331,0.00103141,0.0127508,43049,3.4591e-08,0.099991,
307,3,54007,0.000988441,0.0221369,27309,3.9166e-08,0.12128,
307,4,45645,0.00109465,0.0195496,23094,5.18165e-08,0.137552,
307,5,44626,0.00112669,0.0212952,22573,6.62821e-08,0.138263,
307,6,44274,0.00112266,0.0203226,22396,6.92436e-08,0.138552,
314,0,20000,0.01,0.0141421,10201,0,1.41736,
314,1,44744,0.00090725,0.0394828,22658,8.61029e-07,0.241676,
314,2,23403,0.00177135,0.0368344,11918,1.98246e-07,0.293091,
314,3,15007,0.00200483,0.0428332,7663,5.35648e-07,0.423266,
314,4,12819,0.00213946,0.0497124,6554,6.7376e-07,0.487453,
314,5,12495,0.00243382,0.0541423,6386,8.01044e-07,0.488121,
314,6,12322,0.00241891,0.0491171,6299,8.55305e-07,0.490987,
314,7,12257,0.00235379,0.0485454,6267,8.70752e-07,0.492171,
313,0,20000,0.01,0.0141421,10201,0,1.41736,
313,1,79598,0.000730337,0.0398559,40198,3.7933e-07,0.165007,
313,2,56891,0.00130958,0.0199381,28768,5.77709e-08,0.141072,
313,3,34358,0.00116302,0.031205,17429,9.53787e-08,0.186936,
313,4,29466,0.00149252,0.0315574,14952,1.27484e-07,0.21329,
313,5,28734,0.00142975,0.0346114,14578,1.55739e-07,0.214567,
313,6,28454,0.00144904,0.0349156,14437,1.6317e-07,0.215141,
315,0,20000,0.01,0.0141421,10201,0,1.41736,
315,1,27575,0.00103732,0.042193,14014,1.53072e-06,0.322996,
315,2,12206,0.00241542,0.0490959,6260,6.14927e-07,0.508109,
315,3,7759,0.00295163,0.0630754,3995,1.79692e-06,0.821076,
315,4,6930,0.00291966,0.060179,3569,2.28785e-06,0.882545,
315,5,6772,0.00305359,0.0652556,3489,2.5585e-06,0.885887,
315,6,6716,0.00313954,0.068552,3460,2.58696e-06,0.888184,
312,0,20000,0.01,0.0141421,10201,0,1.41736,
312,1,102722,0.000709768,0.0389369,51829,2.37894e-07,0.126548,
312,2,85666,0.00101388,0.0172186,43226,3.41408e-08,0.100076,
312,3,54337,0.000781308,0.0251446,27479,3.97099e-08,0.12084,
312,4,46271,0.00114915,0.0250221,23410,5.11551e-08,0.136789,
312,5,45142,0.00112454,0.0257033,22836,6.472e-08,0.13799,
312,6,44836,0.0010947,0.0266557,22684,6.77417e-08,0.137941,
306,0,20000,0.01,0.0141421,10201,0,1.38364,
306,1,133107,0.000705487,0.0301115,67082,1.21036e-07,0.0925239,
306,2,140245,0.000750581,0.0106176,70608,1.67921e-08,0.0639195,
306,3,102418,0.000734778,0.0164842,51609,1.50653e-08,0.0654177,
306,4,83439,0.000740167,0.0149251,42089,1.74331e-08,0.0767524,
306,5,80658,0.000767224,0.0158585,40675,2.28578e-08,0.0777286,
306,6,79927,0.000814607,0.016755,40313,2.26127e-08,0.0777145,
319,0,20000,0.01,0.0141421,10201,0,1.34039,
319,1,42402,0.000907292,0.038353,21486,8.58479e-07,0.250898,
319,2,22624,0.00183205,0.0313672,11532,2.08374e-07,0.298011,
319,3,14603,0.00187741,0.0376097,7465,5.13982e-07,0.419778,
319,4,12660,0.00207646,0.0450591,6477,6.63522e-07,0.477923,
319,5,12345,0.00226417,0.0457229,6314,7.49525e-07,0.48,
319,6,12158,0.00231748,0.0449387,6221,8.04632e-07,0.48512,
319,7,12085,0.00235435,0.045849,6183,8.15014e-07,0.486962,
281,0,20000,0.01,0.0141421,10201,0,1.35792,
281,1,225461,0.000694349,0.0162566,113415,3.00787e-08,0.0393019,
281,2,325649,0.000589419,0.00770411,163678,3.15302e-09,0.0241009,
281,3,296178,0.000575379,0.00904002,148865,1.95306e-09,0.023982,
281,4,271738,0.000575326,0.00911053,136631,1.85072e-09,0.0245696,
281,5,269303,0.00058792,0.00925818,135386,2.01664e-09,0.0243121,
318,0,20000,0.01,0.0141421,10201,0,1.34039,
318,1,75444,0.00074255,0.0341504,38122,3.78556e-07,0.16488,
318,2,53879,0.00133448,0.0180143,27266,6.24426e-08,0.141874,
318,3,32870,0.00116814,0.0278602,16691,1.01892e-07,0.189636,
318,4,28242,0.00140942,0.0292916,14344,1.30734e-07,0.216376,
318,5,27673,0.00134911,0.0305934,14052,1.57767e-07,0.216386,
318,6,27415,0.00134058,0.0304837,13922,1.64708e-07,0.217336,
320,0,20000,0.01,0.0141421,10201,0,1.34039,
320,1,25863,0.0011587,0.0442575,13157,1.52618e-06,0.39537,
320,2,12994,0.00220365,0.0390727,6662,6.28071e-07,0.492925,
320,3,7863,0.00277209,0.0550346,4052,1.58693e-06,0.776046,
320,4,6739,0.00314037,0.0566389,3476,2.15574e-06,0.876315,
320,5,6539,0.00305826,0.0561393,3373,2.57807e-06,0.888274,
320,6,6479,0.00302974,0.0584692,3343,2.77705e-06,0.891206,
317,0,20000,0.01,0.0141421,10201,0,1.34039,
317,1,97281,0.000716613,0.0316408,49111,2.37782e-07,0.132102,
317,2,83884,0.00105393,0.0164337,42340,3.46859e-08,0.0993859,
317,3,52847,0.000923459,0.0213718,26743,4.24029e-08,0.1214,
317,4,44641,0.00108275,0.0227637,22603,5.11073e-08,0.137619,
317,5,43473,0.00113208,0.0256599,22007,6.60354e-08,0.138921,
317,6,43102,0.00107895,0.0248774,21821,6.89106e-08,0.139129,
311,0,20000,0.01,0.0141421,10201,0,1.41736,
311,1,135496,0.000703886,0.0286804,68290,1.2702e-07,0.0868276,
311,2,136314,0.000712396,0.0141508,68653,1.60859e-08,0.0640673,
311,3,98617,0.000747992,0.0188205,49711,1.57621e-08,0.0685364,
311,4,82554,0.00075732,0.0199323,41650,1.80017e-08,0.0782418,
311,5,80382,0.000836811,0.0198682,40544,2.24065e-08,0.0786593,
311,6,79710,0.000813999,0.0203182,40211,2.25022e-08,0.0786346,
324,0,20000,0.01,0.0141421,10201,0,105.12,
324,1,77186,0.000670957,0.0373377,39449,1.19031e-06,13.1527,
324,2,68441,0.000600278,0.0248992,35004,1.19462e-05,7.87478,
324,3,54459,0.000550802,0.0303338,27931,1.63573e-05,7.78727,
324,4,55144,0.00054659,0.0297464,28259,1.71617e-05,7.71262,
324,5,54747,0.000546497,0.030124,28061,1.64301e-05,7.69532,
325,0,20000,0.01,0.0141421,10201,0,105.12,
325,1,72168,0.000669202,0.0446513,36908,1.87146e-06,13.2167,
325,2,58646,0.000589413,0.0286933,30082,1.23101e-05,7.9487,
325,3,47986,0.000543408,0.0365479,24665,1.60558e-05,7.91802,
325,4,47470,0.000547927,0.0363574,24389,1.65976e-05,7.85555,
325,5,47273,0.000541919,0.0369599,24289,1.62495e-05,7.83415,
323,0,20000,0.01,0.0141421,10201,0,105.12,
323,1,82999,0.000680647,0.0358759,42388,7.97938e-07,13.0757,
323,2,91490,0.000598873,0.0162205,46569,1.19432e-05,7.8294,
323,3,68692,0.000546036,0.0239981,35104,1.5033e-05,7.76235,
323,4,68915,0.000530706,0.0235336,35195,1.69344e-05,7.70507,
323,5,68435,0.000539028,0.0227812,34954,1.64195e-05,7.68666,
316,0,20000,0.01,0.0141421,10201,0,1.34039,
316,1,129603,0.000707218,0.0274719,65351,1.27436e-07,0.0922245,
316,2,136931,0.000729145,0.0122058,68969,1.68466e-08,0.0639725,
316,3,99414,0.000725195,0.0172443,50126,1.53259e-08,0.0668207,
316,4,81385,0.000758151,0.0177166,41076,1.71982e-08,0.0775529,
316,5,78729,0.000816415,0.0188494,39727,2.22974e-08,0.0785825,
316,6,77975,0.000851146,0.0195498,39352,2.248e-08,0.0787581,
322,0,20000,0.01,0.0141421,10201,0,105.12,
322,1,86556,0.000660886,0.0309759,44182,7.24585e-07,13.1108,
322,2,110822,0.00057574,0.0147049,56256,1.25239e-05,7.83616,
322,3,77601,0.000539031,0.0219123,39599,1.36006e-05,7.75424,
322,4,78406,0.000530646,0.0201452,39970,1.62544e-05,7.68841,
322,5,77246,0.000553949,0.0206323,39391,1.57394e-05,7.67563,
322,6,77280,0.000554143,0.0197929,39406,1.5627e-05,7.66688,
321,0,20000,0.01,0.0141421,10201,0,105.12,
321,1,92877,0.000685528,0.0281771,47361,7.00063e-07,12.9788,
321,2,144375,0.00058179,0.0145757,73061,1.1312e-05,7.79115,
321,3,97786,0.000536593,0.0171204,49762,1.16717e-05,7.69019,
321,4,92604,0.00054054,0.0169074,47114,1.46231e-05,7.6293,
321,5,92587,0.000542988,0.0170623,47110,1.46193e-05,7.62322,
329,0,20000,0.01,0.0141421,10201,0,105.088,
329,1,76797,0.000676582,0.0407378,39254,1.19092e-06,13.2928,
329,2,73551,0.000580204,0.0236838,37564,1.25186e-05,7.85908,
329,3,55743,0.000543036,0.0308054,28578,1.54344e-05,7.81464,
329,4,55181,0.000548566,0.0295477,28279,1.69071e-05,7.76261,
329,5,54932,0.000544402,0.0314026,28152,1.66072e-05,7.74739,
328,0,20000,0.01,0.0141421,10201,0,105.088,
328,1,83098,0.000695474,0.0405195,42437,7.9831e-07,13.1067,
328,2,96963,0.000598222,0.0185129,49305,1.2035e-05,7.8517,
328,3,69761,0.000555932,0.0231831,35642,1.44826e-05,7.76653,
328,4,68773,0.000536659,0.0232327,35124,1.69134e-05,7.69778,
328,5,68469,0.000546942,0.0229333,34970,1.63796e-05,7.67084,
330,0,20000,0.01,0.0141421,10201,0,105.088,
330,1,71975,0.00067936,0.0446509,36811,1.87224e-06,13.1815,
330,2,58488,0.00059786,0.0289664,30003,1.20671e-05,8.03992,
330,3,47886,0.000547295,0.0375529,24615,1.65501e-05,7.99425,
330,4,47313,0.000535729,0.0365018,24311,1.70442e-05,7.92388,
330,5,47133,0.000550676,0.0363559,24219,1.64976e-05,7.89349,
327,0,20000,0.01,0.0141421,10201,0,105.088,
327,1,87053,0.000683917,0.039617,44430,7.2485e-07,13.1109,
327,2,113002,0.00058744,0.0166819,57346,1.24272e-05,7.86613,
327,3,79623,0.000551693,0.0208944,40612,1.32585e-05,7.76182,
327,4,78547,0.000539972,0.0202223,40042,1.59682e-05,7.70466,
327,5,77846,0.000541653,0.0198172,39691,1.56613e-05,7.68168,
326,0,20000,0.01,0.0141421,10201,0,105.088,
326,1,92962,0.000680358,0.0386886,47403,7.00217e-07,13.0112,
326,2,140326,0.000609042,0.0147058,71035,1.1582e-05,7.80158,
326,3,96751,0.000548004,0.0172737,49240,1.17225e-05,7.66644,
326,4,92648,0.000539279,0.0166658,47137,1.45536e-05,7.61706,
326,5,92530,0.000536048,0.0172008,47080,1.44659e-05,7.60514,
335,0,20000,0.01,0.0141421,10201,0,323.007,
335,1,116419,0.000669919,0.0509638,58976,7.48247e-05,14.1446,
335,2,40401,0.000591417,0.0925263,20901,1.35584e-05,9.57082,
335,3,18475,0.000594229,0.0815101,9690,1.88866e-05,13.2462,
335,4,12544,0.000648458,0.108151,6583,2.59929e-05,17.2543,
335,5,10563,0.000702512,0.117199,5539,2.79259e-05,19.3884,
335,6,9924,0.000738676,0.113123,5203,2.91858e-05,20.1509,
335,7,9636,0.000718151,0.134477,5054,3.01677e-05,20.4328,
335,8,9491,0.000735175,0.133395,4979,3.07993e-05,20.5712,
335,9,9381,0.000685467,0.133123,4923,3.16884e-05,20.6838,
335,10,9287,0.000787581,0.123636,4874,3.12257e-05,20.8951,
335,11,9242,0.000772322,0.126698,4852,3.44786e-05,20.8813,
334,0,20000,0.01,0.0141421,10201,0,323.007,
334,1,177774,0.000651243,0.0505636,89746,1.75249e-05,13.2972,
334,2,63377,0.000588444,0.0483784,32488,5.22753e-06,8.1264,
334,3,33093,0.000553412,0.0556388,17176,8.66804e-06,8.80401,
334,4,27252,0.000553603,0.0605104,14166,9.29568e-06,9.11022,
334,5,26162,0.000576989,0.0660973,13583,8.67676e-06,9.11995,
334,6,25929,0.000576727,0.0756526,13456,8.13788e-06,9.08625,
336,0,20000,0.01,0.0141421,10201,0,131.342,
336,1,65466,0.000702353,0.0336851,33274,9.06339e-07,13.317,
336,2,115092,0.000600631,0.0161169,58280,1.59145e-05,7.93634,
336,3,91978,0.000525375,0.0175046,46715,1.38569e-05,7.80695,
336,4,89960,0.000527505,0.0180661,45698,1.52859e-05,7.75773,
336,5,89329,0.000537077,0.0169331,45385,1.5059e-05,7.74245,
337,0,20000,0.01,0.0141421,10201,0,131.342,
337,1,55750,0.00070738,0.0402946,28395,9.42811e-07,13.3064,
337,2,76972,0.000597759,0.0206199,39171,1.71076e-05,7.95136,
337,3,66813,0.000542122,0.0250005,34080,1.68228e-05,7.86999,
337,4,67039,0.000538164,0.0258957,34195,1.72564e-05,7.80225,
337,5,66537,0.000523336,0.0255803,33943,1.67e-05,7.76599,
338,0,20000,0.01,0.0141421,10201,0,131.342,
338,1,48940,0.000671588,0.044209,24972,1.76485e-06,13.3964,
338,2,50161,0.000607406,0.035298,25711,1.61489e-05,8.14783,
338,3,46078,0.000537738,0.0364313,23657,1.74944e-05,8.05106,
338,4,46324,0.000528289,0.036461,23782,1.71366e-05,7.99241,
338,5,46188,0.000549407,0.0370567,23712,1.67652e-05,7.97656,
340,0,20000,0.01,0.0141421,10201,0,131.342,
340,1,31531,0.000706461,0.0491915,16201,4.37033e-05,14.0208,
340,2,16699,0.000607854,0.0942203,8770,1.45873e-05,13.917,
340,3,11629,0.000646397,0.102203,6109,1.73038e-05,18.7257,
340,4,10264,0.000692596,0.113687,5383,2.18598e-05,20.4672,
340,5,9803,0.000653223,0.123017,5144,2.40962e-05,21.0093,
340,6,9562,0.000663552,0.125713,5020,2.53395e-05,21.3317,
340,7,9487,0.000649811,0.124804,4981,2.62883e-05,21.398,
339,0,20000,0.01,0.0141421,10201,0,131.342,
339,1,38214,0.000691921,0.0509747,19580,1.0212e-05,13.4367,
339,2,27827,0.000617079,0.0692862,14455,1.0574e-05,9.45662,
339,3,25663,0.000552616,0.0638255,13335,1.03935e-05,9.63328,
339,4,25435,0.000579214,0.0681859,13213,9.31458e-06,9.57468,
339,5,25348,0.0005763,0.0646807,13169,8.99038e-06,9.52303,
333,0,20000,0.01,0.0141421,10201,0,323.007,
333,1,263967,0.000679092,0.0441923,132924,2.5431e-06,13.1198,
333,2,117411,0.000574304,0.0246789,59782,4.02656e-06,7.77958,
333,3,59023,0.000543299,0.0300198,30327,1.05274e-05,7.7772,
333,4,48088,0.000544057,0.0351712,24743,1.46282e-05,7.82021,
333,5,46978,0.000542264,0.0403943,24141,1.56067e-05,7.77906,
333,6,46708,0.000557248,0.0402949,23988,1.56364e-05,7.76963,
344,0,20000,0.01,0.0141421,10201,0,105.187,
344,1,44584,0.000717726,0.0500702,22928,1.40262e-05,13.2892,
344,2,30082,0.000602318,0.0722356,15659,1.01321e-05,9.14482,
344,3,26243,0.000593188,0.0709454,13656,9.95429e-06,9.4315,
344,4,25661,0.000571334,0.0687819,13343,8.99281e-06,9.40325,
344,5,25570,0.00055336,0.0677118,13292,8.82574e-06,9.33106,
343,0,20000,0.01,0.0141421,10201,0,105.187,
343,1,72982,0.000691429,0.0452552,37340,2.27831e-06,13.1715,
343,2,59728,0.00057696,0.0389517,30629,1.20304e-05,7.9447,
343,3,48063,0.000536613,0.0412617,24712,1.59148e-05,7.90072,
343,4,47706,0.000553637,0.0434153,24513,1.68149e-05,7.84851,
343,5,47435,0.000551056,0.0411492,24375,1.64767e-05,7.78192,
345,0,20000,0.01,0.0141421,10201,0,105.187,
345,1,31728,0.00071368,0.0514064,16364,5.85324e-05,13.949,
345,2,16957,0.000609099,0.0915593,8930,1.5788e-05,13.6156,
345,3,11549,0.000668705,0.120954,6079,1.9084e-05,18.586,
345,4,10149,0.000690298,0.115009,5327,2.40678e-05,20.3266,
345,5,9668,0.000713039,0.128654,5074,2.41059e-05,20.9157,
345,6,9447,0.00073978,0.12417,4960,2.50671e-05,21.2409,
345,7,9330,0.000706945,0.129377,4901,2.53751e-05,21.3738,
345,8,9234,0.0007318,0.129956,4851,2.62006e-05,21.491,
345,9,9182,0.000675831,0.129811,4824,2.63777e-05,21.6141,
342,0,20000,0.01,0.0141421,10201,0,105.187,
342,1,85433,0.000680748,0.0443632,43648,9.09448e-07,13.0312,
342,2,92259,0.000571878,0.0209104,46969,1.16002e-05,7.7444,
342,3,69300,0.000562494,0.028292,35421,1.48712e-05,7.64725,
342,4,69388,0.000554262,0.0253508,35439,1.66753e-05,7.56425,
342,5,68905,0.000546239,0.0256774,35197,1.605e-05,7.52861,
341,0,20000,0.01,0.0141421,10201,0,105.187,
341,1,97516,0.000675355,0.0299652,49735,7.45838e-07,13.0759,
341,2,131071,0.000601472,0.0153438,66434,1.17448e-05,7.85808,
341,3,96224,0.000543536,0.0177111,48979,1.24304e-05,7.71425,
341,4,94037,0.000529126,0.0199245,47844,1.46204e-05,7.64779,
341,5,93673,0.000549766,0.0197314,47662,1.43509e-05,7.61962,
348,0,20000,0.01,0.0141421,10201,0,108.235,
348,1,64447,0.000705649,0.0416457,32959,2.43265e-06,13.0789,
348,2,51961,0.000570461,0.0368976,26695,1.2857e-05,7.99536,
348,3,47083,0.000546858,0.038325,24199,1.64567e-05,7.92501,
348,4,46931,0.00055013,0.0411347,24113,1.60261e-05,7.87377,
348,5,46732,0.000550712,0.039322,24012,1.55935e-05,7.85899,
349,0,20000,0.01,0.0141421,10201,0,108.235,
349,1,39473,0.000681401,0.0460811,20291,1.47027e-05,13.3467,
349,2,28109,0.000614265,0.0760154,14631,1.05897e-05,9.43194,
349,3,25713,0.000572002,0.0725868,13375,1.04299e-05,9.60928,
349,4,25329,0.000583223,0.0740423,13167,9.31468e-06,9.56214,
349,5,25260,0.000574063,0.0742492,13129,9.0012e-06,9.49563,
332,0,20000,0.01,0.0141421,10201,0,323.007,
332,1,326567,0.000685851,0.0406724,164278,1.24681e-06,13.0886,
332,2,231200,0.000585753,0.0158147,116835,3.80518e-06,7.73088,
332,3,98499,0.000542986,0.0177322,50289,7.34177e-06,7.63056,
332,4,68750,0.000552399,0.0231076,35253,1.3304e-05,7.63474,
332,5,67845,0.000551349,0.0241118,34730,1.62355e-05,7.59709,
332,6,67485,0.000546654,0.0239055,34527,1.60174e-05,7.57323,
350,0,20000,0.01,0.0141421,10201,0,108.235,
350,1,31334,0.000690518,0.0505341,16129,6.08759e-05,13.8988,
350,2,16549,0.000628214,0.0968031,8708,1.47732e-05,13.9872,
350,3,11529,0.000638338,0.112457,6062,1.85229e-05,18.5495,
350,4,10136,0.000680471,0.134109,5319,2.33333e-05,20.3123,
350,5,9709,0.000639544,0.149959,5095,2.49644e-05,20.8429,
350,6,9498,0.00067717,0.138091,4987,2.58092e-05,21.1554,
350,7,9390,0.000685964,0.13763,4931,2.57317e-05,21.2534,
350,8,9340,0.000698424,0.136485,4905,2.65014e-05,21.2965,
347,0,20000,0.01,0.0141421,10201,0,108.235,
347,1,81902,0.000703635,0.0444258,41818,9.95923e-07,13.1715,
347,2,93158,0.00057311,0.0221416,47393,1.30063e-05,7.91341,
347,3,69261,0.000543833,0.0281304,35379,1.49513e-05,7.82941,
347,4,68619,0.000531724,0.0279053,35038,1.69469e-05,7.76935,
347,5,68306,0.000542005,0.0265624,34879,1.64106e-05,7.75924,
346,0,20000,0.01,0.0141421,10201,0,108.235,
346,1,96968,0.000701614,0.029547,49408,8.07451e-07,13.1002,
346,2,136423,0.000592413,0.0145645,69090,1.17788e-05,7.7925,
346,3,96572,0.00054552,0.019632,49127,1.19267e-05,7.69626,
346,4,93509,0.000548507,0.0185816,47555,1.45083e-05,7.64367,
346,5,93082,0.00054195,0.0193217,47342,1.4352e-05,7.59187,
354,0,20000,0.01,0.0141421,10201,0,113.085,
354,1,41092,0.000615787,0.0502222,21063,1.14251e-05,13.1338,
354,2,56744,0.000311669,0.0686974,29220,3.42304e-06,4.52662,
354,3,44089,0.000302808,0.059935,22665,1.15057e-06,5.37397,
354,4,40470,0.000336831,0.0692496,20763,1.4153e-06,5.64536,
354,5,39845,0.000325033,0.0610495,20441,1.4183e-06,5.65883,
354,6,39506,0.00032122,0.0672629,20271,1.4542e-06,5.68421,
355,0,20000,0.01,0.0141421,10201,0,113.085,
355,1,33290,0.000616864,0.0516383,17093,4.65542e-05,13.5191,
355,2,21331,0.000406609,0.093725,11106,1.49552e-05,11.3344,
355,3,12322,0.000682517,0.111384,6455,1.42177e-05,17.3265,
355,4,10062,0.000698889,0.11934,5287,2.01113e-05,20.4233,
355,5,9501,0.000707456,0.142102,4990,2.36452e-05,21.1005,
355,6,9247,0.000701784,0.130613,4858,2.53529e-05,21.4889,
355,7,9121,0.000737537,0.128898,4794,2.66357e-05,21.6792,
355,8,9023,0.000755475,0.130634,4744,2.77593e-05,21.8819,
355,9,8973,0.00075048,0.132779,4719,2.81861e-05,21.9799,
353,0,20000,0.01,0.0141421,10201,0,113.085,
353,1,58373,0.000621716,0.0495587,29820,1.67616e-06,13.0919,
353,2,122761,0.00030306,0.0374794,62526,2.84684e-06,2.47804,
353,3,119926,0.000299685,0.0317764,61114,8.46801e-07,2.4587,
353,4,115661,0.000290626,0.0319091,58969,7.95032e-07,2.46764,
353,5,115790,0.000285837,0.033507,59026,7.94559e-07,2.45629,
331,0,20000,0.01,0.0141421,10201,0,323.007,
331,1,372000,0.000656146,0.0365917,187029,1.2996e-06,13.0197,
331,2,363748,0.000602582,0.0126462,183205,3.46116e-06,7.71499,
331,3,138231,0.000546805,0.0134458,70319,5.19996e-06,7.63149,
331,4,93646,0.000542029,0.0181994,47903,1.10828e-05,7.57083,
331,5,92676,0.000546702,0.0175786,47336,1.42664e-05,7.52641,
331,6,92052,0.000534267,0.0180341,47008,1.39346e-05,7.51039,
357,0,20000,0.01,0.0141421,10201,0,105.031,
357,1,104768,0.000676599,0.0404715,53485,8.95487e-07,13.0908,
357,2,105352,0.000604586,0.0229315,53577,1.01734e-05,7.74522,
357,3,71189,0.000535857,0.0252535,36388,1.34115e-05,7.66286,
357,4,69149,0.000540809,0.0271865,35331,1.63171e-05,7.61277,
357,5,68945,0.000531732,0.0278586,35226,1.61673e-05,7.58829,
360,0,20000,0.01,0.0141421,10201,0,105.031,
360,1,36178,0.000710732,0.0517095,18685,5.73277e-05,13.9143,
360,2,18489,0.000601558,0.0988074,9757,1.52862e-05,13.1177,
360,3,12240,0.000661306,0.111297,6449,2.1551e-05,17.5272,
360,4,10497,0.000683528,0.112867,5508,2.47051e-05,19.5124,
360,5,9849,0.000672319,0.128618,5167,2.46176e-05,20.2963,
360,6,9569,0.000750468,0.128568,5022,2.61674e-05,20.6517,
360,7,9386,0.000737478,0.120874,4929,2.72201e-05,20.9017,
360,8,9297,0.000744105,0.133242,4883,2.77585e-05,21.0258,
359,0,20000,0.01,0.0141421,10201,0,105.031,
359,1,59191,0.000701047,0.0514433,30422,1.40147e-05,13.2625,
359,2,34847,0.000595224,0.0580971,18130,9.25458e-06,8.88773,
359,3,27503,0.000557996,0.0740314,14322,1.05191e-05,9.27491,
359,4,26204,0.000570699,0.0755022,13622,9.16615e-06,9.277,
359,5,25947,0.000578129,0.0799384,13478,8.712e-06,9.24845,
358,0,20000,0.01,0.0141421,10201,0,105.031,
358,1,90374,0.000682209,0.0424574,46222,2.2183e-06,13.1064,
358,2,61673,0.00060476,0.0309257,31676,9.88751e-06,7.91091,
358,3,49408,0.000550932,0.0401944,25404,1.56838e-05,7.8769,
358,4,48032,0.000539512,0.0388134,24680,1.63308e-05,7.81094,
358,5,47704,0.000543721,0.0426251,24510,1.57823e-05,7.79015,
356,0,20000,0.01,0.0141421,10201,0,105.031,
356,1,117940,0.000675472,0.0296763,60107,7.632e-07,13.0542,
356,2,161005,0.000574357,0.0179459,81451,9.86297e-06,7.78576,
356,3,100609,0.000557985,0.0176788,51220,1.04575e-05,7.67297,
356,4,94488,0.00051996,0.018094,48092,1.41149e-05,7.63397,
356,5,94379,0.00055905,0.0195912,48036,1.43542e-05,7.61702,
352,0,20000,0.01,0.0141421,10201,0,113.085,
352,1,75817,0.000607369,0.036842,38655,4.38711e-07,12.8858,
352,2,186629,0.000294594,0.0232204,94590,2.96046e-06,2.27056,
352,3,188577,0.000292355,0.019349,95619,1.16062e-06,2.24316,
352,4,180060,0.000291683,0.0208574,91337,1.12446e-06,2.24318,
352,5,180628,0.000291376,0.0214137,91619,1.13387e-06,2.2358,
364,0,20000,0.01,0.0141421,10201,0,69.8301,
364,1,38824,0.000745904,0.0517819,19737,3.13776e-05,16.2283,
364,2,27355,0.000936675,0.110307,14088,1.3603e-05,14.8268,
364,3,18441,0.00100386,0.17374,9563,1.77993e-05,19.4848,
364,4,16783,0.00116208,0.170449,8690,2.30394e-05,20.6406,
364,5,16240,0.0011676,0.165681,8411,2.44451e-05,20.8199,
364,6,15940,0.00120731,0.168194,8259,2.42858e-05,20.9201,
364,7,15753,0.00122343,0.167697,8164,2.51611e-05,20.9834,
364,8,15616,0.00122342,0.169941,8094,2.57771e-05,21.2672,
363,0,20000,0.01,0.0141421,10201,0,69.8301,
363,1,52872,0.000720744,0.051223,26820,2.51587e-05,11.0961,
363,2,38843,0.00071176,0.107652,20004,9.25958e-06,10.3496,
363,3,28660,0.000725694,0.1356,14791,1.22327e-05,12.8293,
363,4,26410,0.000757752,0.142636,13614,1.49637e-05,13.8468,
363,5,26010,0.000842543,0.140364,13398,1.00957e-05,13.8753,
363,6,25711,0.0008447,0.138219,13251,9.90615e-06,13.9489,
363,7,25563,0.000897196,0.135586,13178,1.00276e-05,13.906,
365,0,20000,0.01,0.0141421,10201,0,69.8301,
365,1,34393,0.000767062,0.0508335,17499,3.5586e-05,17.1972,
365,2,21874,0.00102269,0.109048,11288,1.93998e-05,17.4105,
365,3,14973,0.00102673,0.152854,7778,2.57077e-05,23.1183,
365,4,13504,0.00132022,0.210079,7011,3.35403e-05,24.7657,
365,5,13014,0.00134898,0.189644,6763,3.55465e-05,25.3175,
365,6,12836,0.00140728,0.186518,6671,3.70463e-05,25.2128,
365,7,12654,0.00136192,0.193686,6577,3.70397e-05,25.5465,
365,8,12545,0.00134392,0.187482,6521,3.85543e-05,25.6498,
362,0,20000,0.01,0.0141421,10201,0,69.8301,
362,1,73347,0.000683553,0.0499832,37147,2.21968e-05,8.47126,
362,2,62336,0.000606122,0.098474,31984,3.27524e-06,6.86784,
362,3,50240,0.000636342,0.111693,25787,3.50337e-06,7.80657,
362,4,48206,0.000642547,0.112106,24689,3.65114e-06,7.93166,
362,5,47458,0.000634794,0.108222,24297,3.49059e-06,7.96461,
362,6,47110,0.000627174,0.107993,24120,3.41965e-06,7.9938,
369,0,20000,0.01,0.0141421,10201,0,61.6683,
369,1,33617,0.000750547,0.0504295,17074,4.00661e-05,15.0406,
369,2,22125,0.00104283,0.104847,11344,1.82353e-05,16.6652,
369,3,16388,0.00100406,0.169012,8496,1.95429e-05,20.9677,
369,4,15299,0.00104676,0.176995,7922,2.6784e-05,21.4297,
369,5,14980,0.00111312,0.171087,7757,2.6648e-05,21.5727,
369,6,14817,0.00111059,0.177092,7674,2.71477e-05,21.7096,
369,7,14755,0.00114253,0.177711,7644,2.76137e-05,21.7497,
368,0,20000,0.01,0.0141421,10201,0,61.6683,
368,1,45146,0.00069141,0.0467795,22870,2.93305e-05,10.7334,
368,2,33015,0.000786915,0.10833,16905,1.26154e-05,11.9506,
368,3,26442,0.000812277,0.168573,13657,1.42602e-05,13.863,
368,4,24886,0.000789926,0.156977,12830,1.14805e-05,14.1128,
368,5,24508,0.000817322,0.144416,12635,1.13998e-05,14.1926,
368,6,24330,0.000856217,0.145347,12543,1.14105e-05,14.2286,
367,0,20000,0.01,0.0141421,10201,0,61.6683,
367,1,62123,0.000718902,0.0506356,31394,2.31456e-05,9.00652,
367,2,57922,0.000605387,0.105425,29583,4.13662e-06,7.63045,
367,3,48521,0.000634001,0.100518,24916,3.63787e-06,7.99643,
367,4,45774,0.000638777,0.111052,23461,3.36966e-06,8.2311,
367,5,45044,0.000643028,0.116805,23087,3.22435e-06,8.22191,
367,6,44749,0.000662778,0.108268,22923,3.24074e-06,8.23457,
370,0,20000,0.01,0.0141421,10201,0,61.6683,
370,1,30059,0.000710419,0.0509592,15281,4.69206e-05,15.8702,
370,2,17605,0.00118566,0.108803,9048,2.47293e-05,19.5205,
370,3,13255,0.00120862,0.190998,6878,3.35677e-05,24.6577,
370,4,12406,0.00133605,0.180966,6435,4.15116e-05,25.2046,
370,5,12066,0.00135952,0.17552,6261,4.07156e-05,25.3718,
370,6,11919,0.0013827,0.178655,6183,4.11921e-05,25.5366,
370,7,11826,0.00137723,0.178848,6137,4.13841e-05,25.6871,
361,0,20000,0.01,0.0141421,10201,0,69.8301,
361,1,111304,0.000717679,0.0462611,56278,2.18586e-05,5.9984,
361,2,118161,0.000597637,0.0850144,60136,1.15112e-06,4.00171,
361,3,99073,0.000578153,0.0704046,50553,1.00688e-06,4.2434,
361,4,96019,0.000579782,0.0761041,48965,9.30751e-07,4.24147,
361,5,95260,0.000576575,0.0775011,48567,8.90298e-07,4.21738,
351,0,20000,0.01,0.0141421,10201,0,113.085,
351,1,88388,0.000600514,0.031738,45000,2.32414e-07,12.9015,
351,2,248868,0.000299047,0.0160919,125792,3.03516e-06,2.22389,
351,3,254516,0.000292513,0.0156309,128711,1.14854e-06,2.20279,
351,4,241796,0.000288531,0.0146121,122317,1.11594e-06,2.1988,
351,5,241845,0.000286495,0.0144485,122340,1.13196e-06,2.19419,
373,0,20000,0.01,0.0141421,10201,0,61.7349,
373,1,44985,0.000711376,0.0496633,22801,2.62325e-05,10.6033,
373,2,32635,0.000787757,0.109179,16725,1.25381e-05,11.958,
373,3,26546,0.000804299,0.168431,13699,1.45866e-05,13.6682,
373,4,24998,0.000859165,0.156505,12884,1.22256e-05,13.9761,
373,5,24587,0.000862596,0.146389,12670,1.24926e-05,14.0646,
373,6,24436,0.000867911,0.158407,12591,1.24968e-05,14.0845,
374,0,20000,0.01,0.0141421,10201,0,61.7349,
374,1,34415,0.000739406,0.0455567,17482,3.43817e-05,15.0356,
374,2,22781,0.00109802,0.0935718,11687,1.9756e-05,16.356,
374,3,16842,0.00104791,0.159563,8725,2.30264e-05,20.4018,
374,4,15637,0.00103964,0.190696,8093,2.64871e-05,20.9221,
374,5,15227,0.00108404,0.179855,7883,2.76345e-05,21.0841,
374,6,15044,0.00111722,0.172743,7787,2.85017e-05,21.1657,
374,7,14940,0.00113566,0.169694,7734,2.83332e-05,21.1525,
375,0,20000,0.01,0.0141421,10201,0,61.7349,
375,1,30152,0.000715115,0.0505434,15337,3.97331e-05,16.4025,
375,2,18158,0.00121288,0.111953,9336,2.55191e-05,18.8917,
375,3,13201,0.00111838,0.168709,6851,3.24742e-05,24.8869,
375,4,12374,0.0013287,0.188936,6417,4.19875e-05,25.46,
375,5,12085,0.00141893,0.17752,6267,4.23119e-05,25.5374,
375,6,11908,0.00143964,0.192677,6176,4.27483e-05,25.6436,
375,7,11815,0.00146787,0.19061,6128,4.48633e-05,25.877,
366,0,20000,0.01,0.0141421,10201,0,61.6683,
366,1,94780,0.000666046,0.0442194,47767,2.02866e-05,7.16333,
366,2,113006,0.000630327,0.0903052,57424,1.30713e-06,4.31582,
366,3,98889,0.000599607,0.0774281,50474,9.13056e-07,4.37458,
366,4,93834,0.000581345,0.0761373,47890,9.18238e-07,4.41681,
366,5,93113,0.000587733,0.0738353,47515,9.06338e-07,4.37974,
372,0,20000,0.01,0.0141421,10201,0,61.7349,
372,1,61888,0.000675714,0.0496556,31291,2.19827e-05,8.50925,
372,2,55713,0.000643512,0.0997635,28465,4.24908e-06,7.73821,
372,3,47380,0.000625796,0.105716,24340,4.11901e-06,8.1038,
372,4,45262,0.000632987,0.109916,23203,3.96654e-06,8.2306,
372,5,44617,0.000644883,0.11234,22871,3.4307e-06,8.2551,
372,6,44460,0.000651097,0.107115,22782,3.37899e-06,8.24457,
379,0,20000,0.01,0.0141421,10201,0,61.6683,
379,1,33617,0.000732919,0.0504295,17074,4.00661e-05,15.1687,
379,2,22229,0.00089508,0.11766,11399,1.83444e-05,16.7088,
379,3,16497,0.000966208,0.173103,8554,1.91243e-05,20.6647,
379,4,15196,0.00104445,0.178929,7869,2.67348e-05,21.5571,
379,5,14874,0.00112508,0.175548,7705,2.73974e-05,21.6525,
379,6,14704,0.00115942,0.174485,7618,2.79787e-05,21.7965,
379,7,14633,0.00116904,0.178709,7584,2.87364e-05,21.8263,
378,0,20000,0.01,0.0141421,10201,0,61.6683,
378,1,45202,0.000718648,0.0467795,22898,2.93305e-05,10.9966,
378,2,33815,0.000788941,0.100672,17315,1.23863e-05,11.8178,
378,3,26666,0.000796935,0.146165,13773,1.38456e-05,13.7701,
378,4,25024,0.000834755,0.14868,12902,1.20173e-05,14.047,
378,5,24605,0.000900916,0.147365,12684,1.18799e-05,14.1619,
378,6,24438,0.000906737,0.145946,12600,1.17986e-05,14.1656,
380,0,20000,0.01,0.0141421,10201,0,61.6683,
380,1,30135,0.000728823,0.0509638,15319,4.69206e-05,15.9722,
380,2,17782,0.00105903,0.115123,9140,2.46356e-05,19.4452,
380,3,13305,0.00117303,0.199382,6905,3.18495e-05,24.753,
380,4,12395,0.0011914,0.186749,6431,4.26273e-05,25.4313,
380,5,12139,0.00121224,0.187066,6299,4.10105e-05,25.6429,
380,6,12034,0.00118333,0.186387,6247,4.25534e-05,25.7237,
377,0,20000,0.01,0.0141421,10201,0,61.6683,
377,1,62067,0.000690274,0.0506356,31366,2.31456e-05,8.93023,
377,2,57770,0.000639537,0.100365,29505,4.22453e-06,7.63746,
377,3,48513,0.000632561,0.109285,24914,3.69954e-06,8.0031,
377,4,45959,0.000634373,0.122129,23558,3.4608e-06,8.13865,
377,5,45161,0.000672937,0.117596,23145,3.30815e-06,8.19349,
377,6,44925,0.00068015,0.122267,23020,3.30569e-06,8.19354,
371,0,20000,0.01,0.0141421,10201,0,61.7349,
371,1,95948,0.000669975,0.0470371,48384,2.04751e-05,6.77594,
371,2,107791,0.000584707,0.0849537,54819,1.34888e-06,4.39502,
371,3,96364,0.000579362,0.0693998,49200,1.00312e-06,4.43046,
371,4,92973,0.000573701,0.0728106,47444,9.65867e-07,4.43399,
371,5,92006,0.000566463,0.0718434,46945,9.35152e-07,4.42697,
371,6,91830,0.0005657,0.0877828,46854,9.28699e-07,4.39208,
383,0,20000,0.01,0.0141421,10201,0,58.7949,
383,1,47341,0.00072544,0.0505615,24047,2.50602e-05,11.455,
383,2,35838,0.000734928,0.103429,18468,1.0799e-05,11.0186,
383,3,27466,0.000821497,0.160597,14174,1.31044e-05,13.2685,
383,4,25977,0.000831565,0.137568,13389,1.18571e-05,13.7165,
383,5,25587,0.000864967,0.143456,13181,1.16303e-05,13.7763,
383,6,25305,0.000798535,0.146425,13039,1.17279e-05,13.8016,
383,7,25150,0.000887131,0.137511,12960,1.17696e-05,13.8048,
384,0,20000,0.01,0.0141421,10201,0,58.7949,
384,1,34547,0.000782229,0.0512713,17591,3.29247e-05,16.5989,
384,2,24637,0.000940082,0.110603,12705,1.58692e-05,15.7189,
384,3,17444,0.00102669,0.165408,9044,1.9007e-05,19.8576,
384,4,16082,0.00109623,0.171444,8330,2.37233e-05,20.8118,
384,5,15654,0.00106599,0.193386,8108,2.4384e-05,21.1122,
384,6,15431,0.0010701,0.188668,7997,2.43901e-05,21.1687,
384,7,15286,0.00107288,0.18836,7920,2.49284e-05,21.1178,
382,0,20000,0.01,0.0141421,10201,0,58.7949,
382,1,67865,0.000709034,0.0457036,34397,2.07977e-05,8.8003,
382,2,59775,0.000642448,0.0952192,30684,3.78765e-06,7.11567,
382,3,48712,0.000612796,0.102924,25013,3.48042e-06,7.97169,
382,4,46952,0.00059532,0.118715,24053,3.70749e-06,8.05058,
382,5,46231,0.000651826,0.113669,23675,3.62019e-06,8.09225,
382,6,45962,0.000634761,0.113424,23538,3.58099e-06,8.10562,
385,0,20000,0.01,0.0141421,10201,0,58.7949,
385,1,30413,0.000742382,0.0505539,15501,3.80483e-05,17.9897,
385,2,19837,0.00110431,0.110065,10258,2.33865e-05,18.5368,
385,3,14332,0.00116659,0.170717,7447,3.14562e-05,23.4826,
385,4,13137,0.00137172,0.193479,6822,3.69317e-05,24.5844,
385,5,12636,0.00136123,0.203203,6562,3.77423e-05,25.1744,
385,6,12442,0.00133241,0.194126,6464,3.79538e-05,25.2956,
385,7,12296,0.00133197,0.184064,6388,3.89701e-05,25.3415,
385,8,12181,0.00133829,0.178741,6329,4.02353e-05,25.381,
376,0,20000,0.01,0.0141421,10201,0,61.6683,
376,1,94858,0.000666,0.0442495,47806,2.02866e-05,7.1971,
376,2,113130,0.000599229,0.0896824,57493,1.30793e-06,4.32541,
376,3,98821,0.000588027,0.072601,50441,9.39646e-07,4.38225,
376,4,93933,0.000573413,0.0769638,47937,9.22607e-07,4.42181,
376,5,93144,0.000571026,0.0750199,47527,9.08921e-07,4.40583,
389,0,20000,0.01,0.0141421,10201,0,62.804,
389,1,36369,0.000750345,0.0456387,18501,3.52927e-05,16.8885,
389,2,26486,0.000960794,0.109168,13638,1.55116e-05,15.075,
389,3,18008,0.00101085,0.19458,9342,1.77199e-05,19.7205,
389,4,16384,0.00113177,0.186588,8486,2.41541e-05,20.7787,
389,5,15817,0.00108444,0.191151,8193,2.47539e-05,21.147,
389,6,15562,0.00107476,0.195865,8065,2.53024e-05,21.293,
389,7,15385,0.00114239,0.189464,7975,2.53137e-05,21.4221,
389,8,15276,0.00113401,0.194657,7920,2.57609e-05,21.461,
388,0,20000,0.01,0.0141421,10201,0,62.804,
388,1,49604,0.000695818,0.0532335,25177,2.73942e-05,11.671,
388,2,38427,0.000724598,0.091077,19779,1.01632e-05,10.4891,
388,3,28106,0.000811771,0.147957,14509,1.18253e-05,12.9229,
388,4,25705,0.000775138,0.14859,13257,1.53526e-05,14.1851,
388,5,25612,0.000812374,0.154231,13195,1.01527e-05,13.9764,
390,0,20000,0.01,0.0141421,10201,0,62.804,
390,1,32384,0.000736456,0.0466427,16486,4.05797e-05,17.7261,
390,2,21124,0.00110802,0.112421,10907,2.01461e-05,17.7423,
390,3,14693,0.00115351,0.192325,7635,2.83285e-05,23.347,
390,4,13406,0.00121879,0.191947,6961,3.55843e-05,24.617,
390,5,12909,0.001428,0.181451,6705,3.73388e-05,24.8968,
390,6,12617,0.00140954,0.184679,6553,3.82413e-05,25.157,
390,7,12474,0.00140696,0.180652,6481,3.89205e-05,25.2054,
390,8,12351,0.00139485,0.179768,6417,3.94659e-05,25.4785,
387,0,20000,0.01,0.0141421,10201,0,62.804,
387,1,69811,0.000731595,0.0482587,35367,2.24785e-05,8.55495,
387,2,59360,0.000642481,0.100932,30487,3.43598e-06,7.1174,
387,3,48492,0.000643209,0.107239,24903,3.57018e-06,7.99944,
387,4,47089,0.000617687,0.0971592,24129,3.46061e-06,8.02853,
387,5,46315,0.000605934,0.110371,23723,3.31107e-06,8.05712,
387,6,45961,0.000637075,0.109102,23538,3.23091e-06,8.06292,
381,0,20000,0.01,0.0141421,10201,0,58.7949,
381,1,107276,0.000714059,0.0492142,54255,1.91524e-05,6.03531,
381,2,115214,0.000591915,0.0813992,58668,1.19972e-06,4.0329,
381,3,97708,0.000577833,0.068534,49874,1.02288e-06,4.27109,
381,4,95339,0.000578675,0.0742093,48633,9.4082e-07,4.24052,
381,5,94618,0.000577615,0.0697239,48254,9.06861e-07,4.21998,
393,0,20000,0.01,0.0141421,10201,0,59.4145,
393,1,46832,0.000735729,0.0512998,23765,2.37774e-05,11.1366,
393,2,35548,0.000698374,0.103156,18268,1.10742e-05,11.1072,
393,3,27267,0.000810778,0.171874,14065,1.38036e-05,13.3179,
393,4,25762,0.000775251,0.153212,13276,1.15773e-05,13.7441,
393,5,25333,0.000847786,0.153269,13052,1.14368e-05,13.8085,
393,6,25105,0.000837006,0.150124,12937,1.16825e-05,13.8669,
395,0,20000,0.01,0.0141421,10201,0,59.4145,
395,1,30901,0.000773666,0.044895,15727,3.81826e-05,17.0371,
395,2,19445,0.00101434,0.11305,10024,2.27117e-05,18.3698,
395,3,13927,0.00117503,0.193931,7234,3.23945e-05,23.9622,
395,4,12786,0.00123671,0.196117,6639,3.82978e-05,25.1764,
395,5,12393,0.00125424,0.187303,6436,3.77953e-05,25.4338,
395,6,12148,0.00123352,0.181639,6309,3.87666e-05,25.7138,
395,7,12042,0.00121332,0.184684,6257,3.9955e-05,25.6801,
394,0,20000,0.01,0.0141421,10201,0,59.4145,
394,1,34666,0.000769,0.0433066,17630,3.25271e-05,16.1874,
394,2,24479,0.000923179,0.104799,12584,1.60975e-05,15.435,
394,3,17137,0.00104797,0.174732,8884,1.8666e-05,20.1103,
394,4,15663,0.00112687,0.165629,8110,2.49536e-05,21.1412,
394,5,15188,0.0010628,0.174528,7868,2.56678e-05,21.577,
394,6,14984,0.0011898,0.17307,7765,2.65429e-05,21.571,
394,7,14852,0.00116607,0.176469,7696,2.64712e-05,21.8311,
392,0,20000,0.01,0.0141421,10201,0,59.4145,
392,1,66496,0.000713281,0.0485053,33674,1.85718e-05,8.76882,
392,2,58881,0.000624639,0.0926226,30178,3.80338e-06,7.19133,
392,3,48211,0.000608316,0.111519,24750,3.5184e-06,7.98623,
392,4,46673,0.000627243,0.108155,23908,3.54148e-06,8.03992,
392,5,45879,0.000605489,0.107554,23500,3.34244e-06,8.12702,
392,6,45594,0.000636535,0.108584,23357,3.32465e-06,8.135,
398,0,20000,0.01,0.0141421,10201,0,60.4134,
398,1,44440,0.000691542,0.0502189,22530,2.59171e-05,10.1171,
398,2,31103,0.000791282,0.114554,15938,1.27847e-05,12.0749,
398,3,25432,0.000851667,0.142838,13121,1.57002e-05,14.0609,
398,4,24381,0.0009154,0.149859,12557,1.18092e-05,14.0893,
398,5,24016,0.000928087,0.154806,12369,1.15124e-05,14.1185,
398,6,23846,0.000933166,0.149105,12281,1.14367e-05,14.1154,
399,0,20000,0.01,0.0141421,10201,0,60.4134,
399,1,33440,0.000707375,0.0473009,16996,3.42167e-05,14.8653,
399,2,21778,0.000990437,0.113133,11162,1.91892e-05,16.2735,
399,3,15867,0.00108347,0.159203,8216,2.0217e-05,20.8237,
399,4,14945,0.00117298,0.19052,7729,2.78998e-05,21.195,
399,5,14604,0.00116732,0.166682,7553,2.79206e-05,21.2826,
399,6,14429,0.00116332,0.190541,7464,2.91127e-05,21.4712,
399,7,14322,0.0011667,0.178293,7413,2.98458e-05,21.4531,
386,0,20000,0.01,0.0141421,10201,0,62.804,
386,1,107340,0.00068874,0.0465727,54283,1.89974e-05,6.26971,
386,2,118965,0.000602407,0.0806108,60538,1.14977e-06,4.00818,
386,3,99839,0.000580339,0.0718675,50942,8.92823e-07,4.25087,
386,4,96309,0.000572779,0.0706689,49120,9.16015e-07,4.23998,
386,5,95324,0.000581723,0.0713061,48606,8.87709e-07,4.22941,
386,6,95040,0.00056956,0.0702972,48459,8.73607e-07,4.21652,
400,0,20000,0.01,0.0141421,10201,0,60.4134,
400,1,29631,0.000729447,0.0511578,15077,3.96161e-05,15.527,
400,2,17121,0.00114522,0.130963,8800,2.60178e-05,18.9602,
400,3,12807,0.00125688,0.195244,6634,3.4113e-05,24.4398,
400,4,11883,0.00138955,0.221926,6156,4.35643e-05,25.31,
400,5,11561,0.0014206,0.222418,5990,4.26718e-05,25.5986,
400,6,11444,0.00137224,0.195884,5932,4.33483e-05,25.5638,
400,7,11339,0.00134853,0.181733,5877,4.49495e-05,25.7721,
397,0,20000,0.01,0.0141421,10201,0,60.4134,
397,1,61777,0.000695882,0.0515862,31242,2.13775e-05,8.3941,
397,2,55579,0.000644146,0.104621,28393,4.43267e-06,7.6947,
397,3,47690,0.000634587,0.117652,24476,4.26923e-06,8.03965,
397,4,45611,0.000642789,0.112477,23361,4.03781e-06,8.12734,
397,5,44884,0.000622541,0.112329,22983,3.74797e-06,8.15572,
397,6,44664,0.000611787,0.119628,22865,3.70523e-06,8.15001,
391,0,20000,0.01,0.0141421,10201,0,59.4145,
391,1,101909,0.0006856,0.0472236,51504,1.60937e-05,6.87571,
391,2,116959,0.00061013,0.0840171,59497,1.21131e-06,4.13736,
391,3,99978,0.000572337,0.065367,51011,8.96848e-07,4.30606,
391,4,95554,0.00057902,0.0787436,48745,8.86936e-07,4.32639,
391,5,94848,0.000573935,0.076261,48370,8.75992e-07,4.29935,
403,0,20000,0.01,0.0141421,10201,0,70.0444,
403,1,52797,0.000740114,0.0527321,26781,2.49327e-05,11.4532,
403,2,40021,0.000699722,0.101917,20590,9.43521e-06,10.1288,
403,3,28639,0.000742145,0.133407,14782,1.14201e-05,12.7489,
403,4,25909,0.000656049,0.143212,13363,1.53083e-05,14.2167,
403,5,25674,0.00074663,0.152079,13231,1.01776e-05,14.0236,
404,0,20000,0.01,0.0141421,10201,0,70.0444,
404,1,39187,0.000716256,0.046702,19917,3.15152e-05,16.0977,
404,2,27604,0.000885345,0.119443,14214,1.53603e-05,14.7053,
404,3,18537,0.00101596,0.193424,9617,1.88107e-05,19.4693,
404,4,16680,0.00112601,0.181984,8639,2.3595e-05,20.61,
404,5,16077,0.00124329,0.178198,8328,2.43181e-05,20.948,
404,6,15771,0.00120633,0.166474,8173,2.54223e-05,21.2789,
404,7,15612,0.0012581,0.172167,8093,2.55527e-05,21.2661,
404,8,15450,0.00126093,0.172359,8008,2.64711e-05,21.3588,
404,9,15353,0.00116337,0.172461,7961,2.72578e-05,21.3419,
405,0,20000,0.01,0.0141421,10201,0,70.0444,
405,1,34716,0.000749933,0.0447258,17659,3.57867e-05,17.4441,
405,2,22419,0.0010079,0.106087,11565,1.90672e-05,17.1812,
405,3,15026,0.00119838,0.19,7811,2.65359e-05,23.2521,
405,4,13511,0.00137159,0.184937,7018,3.47463e-05,24.8318,
405,5,12998,0.00132791,0.197698,6754,3.66123e-05,25.2471,
405,6,12747,0.00131286,0.193138,6626,3.82776e-05,25.387,
405,7,12607,0.00128871,0.197768,6552,4.01926e-05,25.264,
405,8,12471,0.00127528,0.192399,6477,4.00404e-05,25.5204,
405,9,12390,0.00126896,0.19028,6437,4.06346e-05,25.4944,
396,0,20000,0.01,0.0141421,10201,0,60.4134,
396,1,96334,0.000683572,0.0524676,48591,1.95154e-05,6.85203,
396,2,110720,0.00060114,0.0812067,56282,1.21525e-06,4.29733,
396,3,97722,0.000580045,0.0685026,49874,9.33017e-07,4.36902,
396,4,93914,0.000566091,0.0714711,47917,8.84669e-07,4.38275,
396,5,93117,0.000564555,0.0789141,47504,8.5968e-07,4.35395,
402,0,20000,0.01,0.0141421,10201,0,70.0444,
402,1,73426,0.000716004,0.0499832,37184,2.18524e-05,8.53309,
402,2,62727,0.00060773,0.0945404,32186,3.34237e-06,6.84627,
402,3,50231,0.000651371,0.111009,25780,3.48181e-06,7.80337,
402,4,48086,0.000644891,0.112006,24626,3.62134e-06,7.92348,
402,5,47216,0.000655698,0.112858,24174,3.45728e-06,8.01124,
402,6,46901,0.000637971,0.108356,24014,3.36452e-06,8.00994,
409,0,20000,0.01,0.0141421,10201,0,61.7532,
409,1,33587,0.000688628,0.0504253,17059,4.01418e-05,15.0136,
409,2,22036,0.00106179,0.112444,11300,1.79852e-05,16.6897,
409,3,16397,0.00103749,0.206578,8498,1.97302e-05,20.9482,
409,4,15290,0.00122965,0.179188,7917,2.50536e-05,21.5645,
409,5,15049,0.00122739,0.187912,7795,2.63293e-05,21.6102,
409,6,14900,0.00121793,0.184588,7718,2.66462e-05,21.6616,
409,7,14798,0.00121812,0.18322,7666,2.65356e-05,21.7921,
408,0,20000,0.01,0.0141421,10201,0,61.7532,
408,1,45264,0.000722308,0.0467682,22929,2.9373e-05,11.0625,
408,2,34047,0.000766843,0.107375,17436,1.25172e-05,11.7295,
408,3,26924,0.000836998,0.167426,13899,1.36706e-05,13.5811,
408,4,25223,0.000798971,0.145894,12998,1.18062e-05,13.9683,
408,5,24771,0.000851376,0.146261,12766,1.15408e-05,14.0729,
408,6,24584,0.000855119,0.146513,12670,1.17883e-05,14.0822,
410,0,20000,0.01,0.0141421,10201,0,61.7532,
410,1,30155,0.000762108,0.050959,15329,4.70058e-05,16.1739,
410,2,17959,0.00119454,0.124073,9230,2.48034e-05,19.2107,
410,3,13344,0.00121907,0.208067,6924,3.11234e-05,24.4788,
410,4,12366,0.0013135,0.209074,6415,4.05964e-05,25.4563,
410,5,12053,0.00139009,0.203974,6253,4.00402e-05,25.6644,
410,6,11934,0.00133677,0.203041,6193,4.18395e-05,25.8948,
407,0,20000,0.01,0.0141421,10201,0,61.7532,
407,1,62133,0.000702448,0.0506341,31399,2.31763e-05,8.95541,
407,2,57723,0.00063727,0.0974245,29483,4.13709e-06,7.71298,
407,3,48790,0.000632808,0.121692,25062,3.65213e-06,7.98533,
407,4,46122,0.000648463,0.113413,23644,3.47214e-06,8.17069,
407,5,45288,0.00063823,0.112365,23213,3.31399e-06,8.21577,
407,6,45064,0.00064921,0.106908,23094,3.26474e-06,8.1866,
401,0,20000,0.01,0.0141421,10201,0,70.0444,
401,1,111140,0.000672209,0.0462629,56193,2.12036e-05,5.9918,
401,2,117719,0.000597114,0.0791602,59908,1.15417e-06,4.00708,
401,3,98960,0.000588026,0.070813,50496,1.0181e-06,4.25473,
401,4,96286,0.000571668,0.0748867,49099,9.42965e-07,4.22863,
401,5,95431,0.0005798,0.0754165,48656,9.14316e-07,4.20193,
413,0,20000,0.01,0.0141421,10201,0,61.7094,
413,1,44981,0.000711249,0.0496588,22799,2.62082e-05,10.6476,
413,2,32751,0.000777919,0.103548,16786,1.26113e-05,11.9553,
413,3,26686,0.000774165,0.134115,13772,1.48092e-05,13.7001,
413,4,25224,0.000861776,0.151619,12998,1.20883e-05,13.9289,
413,5,24834,0.000866377,0.156925,12793,1.19203e-05,14.0184,
413,6,24708,0.000865004,0.148442,12729,1.18561e-05,13.9737,
414,0,20000,0.01,0.0141421,10201,0,61.7094,
414,1,34301,0.000736388,0.0455544,17425,3.43667e-05,15.2563,
414,2,23034,0.00104486,0.0990656,11814,2.00505e-05,16.2829,
414,3,16794,0.00100554,0.175996,8703,2.27371e-05,20.7029,
414,4,15717,0.00118111,0.18583,8133,2.81942e-05,20.9757,
414,5,15288,0.0012635,0.180617,7912,2.82987e-05,21.1639,
414,6,15067,0.00124521,0.183454,7798,2.85672e-05,21.3751,
414,7,14976,0.0012181,0.185093,7753,2.99502e-05,21.4061,
415,0,20000,0.01,0.0141421,10201,0,61.7094,
415,1,30076,0.000759488,0.0505423,15299,3.97111e-05,16.3309,
415,2,18125,0.00114707,0.109604,9317,2.53176e-05,18.9947,
415,3,13373,0.00122656,0.161237,6936,3.31591e-05,24.3079,
415,4,12357,0.00126579,0.191651,6407,4.15911e-05,25.4557,
415,5,12065,0.0012499,0.187221,6256,4.45323e-05,25.6782,
415,6,11926,0.00130974,0.185046,6186,4.68356e-05,25.685,
415,7,11836,0.00128327,0.187257,6140,4.7714e-05,25.7403,
412,0,20000,0.01,0.0141421,10201,0,61.7094,
412,1,62242,0.000713587,0.0496442,31468,2.196e-05,8.72014,
412,2,56761,0.000639234,0.100498,29008,4.31014e-06,7.72721,
412,3,48128,0.000638853,0.100616,24719,3.98422e-06,8.02901,
412,4,45776,0.000618154,0.114336,23466,3.72956e-06,8.16129,
412,5,45028,0.000631225,0.106562,23072,3.46684e-06,8.20207,
412,6,44794,0.000643981,0.111629,22949,3.40233e-06,8.20444,
406,0,20000,0.01,0.0141421,10201,0,61.7532,
406,1,94842,0.000725695,0.0442256,47798,2.03103e-05,7.24564,
406,2,114070,0.000609802,0.0846416,57971,1.31707e-06,4.29935,
406,3,99414,0.00057689,0.0673209,50738,9.09718e-07,4.35583,
406,4,94077,0.000586672,0.0843722,48009,8.9843e-07,4.41653,
406,5,93566,0.000579393,0.0762335,47737,9.07272e-07,4.37818,
419,0,20000,0.01,0.0141421,10201,0,69.8262,
419,1,38852,0.000709029,0.0517839,19751,3.13768e-05,16.172,
419,2,27448,0.000902617,0.113427,14132,1.39481e-05,14.6578,
419,3,18228,0.000902338,0.166381,9456,1.78472e-05,19.6882,
419,4,16519,0.00111909,0.18054,8555,2.34331e-05,20.8538,
419,5,15975,0.00107419,0.177221,8277,2.38239e-05,21.2072,
419,6,15732,0.00124773,0.19862,8154,2.42333e-05,21.3921,
419,7,15586,0.00124234,0.198936,8082,2.46625e-05,21.4649,
418,0,20000,0.01,0.0141421,10201,0,69.8262,
418,1,52790,0.000733262,0.0512234,26779,2.51625e-05,11.0818,
418,2,38795,0.000721124,0.103842,19977,9.28418e-06,10.4086,
418,3,28708,0.000785895,0.154758,14815,1.21703e-05,12.7071,
418,4,26205,0.000783997,0.144604,13513,1.50911e-05,13.9644,
418,5,25918,0.000836951,0.155044,13354,1.03598e-05,13.872,
418,6,25605,0.000824908,0.159596,13194,1.0001e-05,13.9596,
418,7,25473,0.000830556,0.155597,13128,1.02036e-05,13.9232,
420,0,20000,0.01,0.0141421,10201,0,69.8262,
420,1,34453,0.000765887,0.0508337,17529,3.55843e-05,17.3886,
420,2,22074,0.000983681,0.117293,11394,1.97895e-05,17.5328,
420,3,15061,0.00109614,0.167563,7826,2.80469e-05,23.015,
420,4,13406,0.00122944,0.186947,6962,3.42003e-05,25.0236,
420,5,12943,0.00124273,0.177855,6724,3.62032e-05,25.3732,
420,6,12708,0.00127856,0.189265,6605,3.66989e-05,25.502,
420,7,12561,0.00130651,0.188286,6530,3.76015e-05,25.5145,
420,8,12422,0.00132004,0.190961,6455,3.72997e-05,25.8115,
420,9,12343,0.00131879,0.189486,6415,3.7918e-05,25.8646,
411,0,20000,0.01,0.0141421,10201,0,61.7094,
411,1,96227,0.000676289,0.0465899,48523,2.04515e-05,6.81358,
411,2,109497,0.000598338,0.0814547,55676,1.43916e-06,4.32009,
411,3,96738,0.000569818,0.0757902,49386,9.89357e-07,4.41232,
411,4,93254,0.000570167,0.0707031,47589,9.709e-07,4.41311,
411,5,92609,0.000585629,0.0728947,47251,9.27194e-07,4.37798,
417,0,20000,0.01,0.0141421,10201,0,69.8262,
417,1,73239,0.000669387,0.0499833,37093,2.2202e-05,8.4919,
417,2,62366,0.000630108,0.102808,31998,3.23835e-06,6.83009,
417,3,49853,0.000654164,0.0997304,25592,3.42749e-06,7.8529,
417,4,47910,0.000621377,0.122704,24540,3.67236e-06,7.97123,
417,5,47082,0.000612598,0.106721,24108,3.50264e-06,8.0268,
417,6,46790,0.000634672,0.11004,23959,3.42751e-06,8.01932,
424,0,20000,0.01,0.0141421,10201,0,61.7349,
424,1,34385,0.000707532,0.0455567,17467,3.43818e-05,14.9996,
424,2,22736,0.00103445,0.0967816,11664,2.03392e-05,16.3673,
424,3,16694,0.00104819,0.160706,8652,2.32041e-05,20.7339,
424,4,15604,0.0011139,0.194833,8078,2.6516e-05,21.1075,
424,5,15227,0.00125078,0.189083,7882,2.70621e-05,21.3606,
424,6,15094,0.00125687,0.189806,7815,2.79059e-05,21.3712,
425,0,20000,0.01,0.0141421,10201,0,61.7349,
425,1,30158,0.00070443,0.0505434,15340,3.97331e-05,16.1726,
425,2,18015,0.00120505,0.110617,9260,2.46087e-05,18.9967,
425,3,13285,0.00122117,0.182519,6892,3.34758e-05,24.663,
425,4,12368,0.00125781,0.180797,6414,4.35129e-05,25.2076,
425,5,12002,0.0012252,0.190774,6226,4.35597e-05,25.6868,
425,6,11837,0.00125737,0.193884,6142,4.64229e-05,25.931,
425,7,11756,0.00122127,0.193762,6101,4.7139e-05,26.0302,
423,0,20000,0.01,0.0141421,10201,0,61.7349,
423,1,45179,0.000696473,0.0496633,22898,2.62325e-05,10.4991,
423,2,32571,0.000733057,0.111182,16689,1.26377e-05,11.9741,
423,3,26286,0.000861417,0.155239,13567,1.49424e-05,13.8837,
423,4,24890,0.000844378,0.161894,12826,1.23172e-05,14.0675,
423,5,24538,0.000817941,0.144262,12644,1.1965e-05,14.1227,
423,6,24347,0.000924232,0.145854,12545,1.18222e-05,14.1697,
422,0,20000,0.01,0.0141421,10201,0,61.7349,
422,1,61928,0.000698986,0.0496563,31311,2.19827e-05,8.66795,
422,2,56442,0.000627096,0.0933042,28846,4.38634e-06,7.72356,
422,3,48008,0.000633018,0.106641,24659,4.09125e-06,8.03055,
422,4,45754,0.000629507,0.112029,23456,3.83497e-06,8.1595,
422,5,44937,0.00062863,0.106678,23029,3.50266e-06,8.20488,
422,6,44696,0.000631365,0.108381,22902,3.40736e-06,8.17171,
416,0,20000,0.01,0.0141421,10201,0,69.8262,
416,1,111224,0.000678664,0.0462611,56238,2.18678e-05,5.9722,
416,2,117799,0.000603644,0.0847365,59952,1.14511e-06,3.99585,
416,3,98728,0.000575118,0.0703685,50379,1.00767e-06,4.25466,
416,4,95950,0.000585423,0.0739117,48932,9.45455e-07,4.24914,
416,5,95165,0.00056751,0.0749592,48519,9.14441e-07,4.21786,
428,0,20000,0.01,0.0141421,10201,0,69.8262,
428,1,52818,0.000727484,0.0512233,26793,2.51625e-05,10.9295,
428,2,38574,0.000712542,0.115581,19859,9.31105e-06,10.3787,
428,3,28551,0.000801014,0.134406,14733,1.23279e-05,12.8261,
428,4,26198,0.000801875,0.143733,13511,1.52612e-05,13.9938,
428,5,25891,0.000846499,0.139802,13341,1.03556e-05,13.9344,
428,6,25618,0.00088312,0.140114,13204,1.02477e-05,14.0101,
428,7,25474,0.000879125,0.139227,13132,1.0148e-05,13.9628,
430,0,20000,0.01,0.0141421,10201,0,69.8262,
430,1,34409,0.00073183,0.0508337,17507,3.55843e-05,17.4069,
430,2,22149,0.00101351,0.0994037,11432,1.98724e-05,17.3476,
430,3,15074,0.00103105,0.163944,7830,2.67724e-05,23.042,
430,4,13500,0.00129873,0.215016,7012,3.39248e-05,24.7338,
430,5,12963,0.00120938,0.19607,6732,3.59513e-05,25.2987,
430,6,12730,0.00115859,0.192744,6616,3.71605e-05,25.5588,
430,7,12614,0.00114214,0.189797,6555,3.82327e-05,25.7057,
429,0,20000,0.01,0.0141421,10201,0,69.8262,
429,1,38864,0.000753343,0.0517821,19757,3.13768e-05,16.1707,
429,2,27407,0.000873708,0.108892,14111,1.41224e-05,14.6498,
429,3,18221,0.000967545,0.201088,9454,1.76743e-05,19.6642,
429,4,16564,0.00116059,0.176495,8579,2.4718e-05,20.8118,
429,5,16033,0.0011623,0.181906,8306,2.4817e-05,21.0554,
429,6,15786,0.00116896,0.177649,8180,2.54216e-05,21.0781,
429,7,15607,0.00117011,0.182794,8087,2.58405e-05,21.2587,
429,8,15525,0.00116233,0.177439,8048,2.57957e-05,21.2959,
427,0,20000,0.01,0.0141421,10201,0,69.8262,
427,1,73193,0.00069971,0.0499833,37070,2.2202e-05,8.49827,
427,2,62429,0.000621404,0.0982496,32030,3.24001e-06,6.84153,
427,3,49897,0.000633964,0.0994817,25613,3.4333e-06,7.8337,
427,4,47990,0.000607933,0.104151,24577,3.60935e-06,7.94874,
427,5,47268,0.000617785,0.10408,24200,3.44901e-06,8.01048,
427,6,46934,0.00063892,0.103362,24033,3.38284e-06,8.02235,
421,0,20000,0.01,0.0141421,10201,0,61.7349,
421,1,95856,0.00069856,0.0465919,48338,2.04751e-05,6.80062,
421,2,108431,0.000591243,0.0862899,55144,1.37634e-06,4.37298,
421,3,96497,0.000561706,0.0723177,49263,1.00576e-06,4.40606,
421,4,92659,0.000566144,0.0749927,47285,9.65286e-07,4.4358,
421,5,91907,0.000576443,0.0826795,46904,9.27197e-07,4.4093,
435,0,20000,0.01,0.0141421,10201,0,51.1378,
435,1,26656,0.000719904,0.0467307,13565,4.03064e-05,16.5906,
435,2,16255,0.00121103,0.114037,8371,2.74142e-05,20.044,
435,3,12624,0.00119915,0.163514,6549,3.81753e-05,24.663,
435,4,11752,0.00137154,0.160989,6093,4.36922e-05,25.4795,
435,5,11420,0.00140798,0.182351,5921,4.20185e-05,25.6734,
435,6,11258,0.00142442,0.179581,5838,4.13153e-05,25.7976,
435,7,11150,0.0014229,0.178302,5784,4.23997e-05,26.0192,
434,0,20000,0.01,0.0141421,10201,0,51.1378,
434,1,30339,0.000727397,0.0433573,15424,3.46919e-05,16.4631,
434,2,21023,0.00111054,0.118408,10804,1.94026e-05,16.9562,
434,3,15883,0.00105894,0.140162,8230,2.09528e-05,20.7682,
434,4,15018,0.00110441,0.138106,7768,2.62135e-05,21.0801,
434,5,14647,0.00113781,0.188202,7578,2.70477e-05,21.2073,
434,6,14478,0.00115368,0.195591,7491,2.8345e-05,21.2692,
434,7,14374,0.00115233,0.178323,7438,2.85067e-05,21.3986,
433,0,20000,0.01,0.0141421,10201,0,51.1378,
433,1,41314,0.00069952,0.043638,20954,2.57539e-05,11.6445,
433,2,31861,0.00079052,0.0982995,16358,1.4095e-05,12.2086,
433,3,26130,0.000791401,0.126932,13486,1.19077e-05,13.5287,
433,4,24863,0.000786956,0.125569,12811,1.33033e-05,13.8954,
433,5,24482,0.000858455,0.131745,12613,1.26228e-05,14.0051,
433,6,24297,0.000902158,0.142982,12517,1.30125e-05,13.9868,
432,0,20000,0.01,0.0141421,10201,0,51.1378,
432,1,58739,0.000683109,0.0433207,29729,2.01188e-05,9.57762,
432,2,57998,0.000620659,0.0952587,29682,4.88124e-06,7.52837,
432,3,48896,0.000631865,0.0926856,25108,4.17864e-06,7.90801,
432,4,46480,0.000652396,0.0902344,23820,3.82753e-06,8.03379,
432,5,45841,0.000660061,0.107773,23478,3.8034e-06,8.05199,
432,6,45535,0.000621161,0.117213,23319,3.75318e-06,8.06327,
438,0,20000,0.01,0.0141421,10201,0,51.1378,
438,1,41314,0.00069952,0.043638,20954,2.57539e-05,11.6445,
438,2,31861,0.00079052,0.0982995,16358,1.4095e-05,12.2086,
438,3,26130,0.000791401,0.126932,13486,1.19077e-05,13.5287,
438,4,24863,0.000786956,0.125569,12811,1.33033e-05,13.8954,
438,5,24482,0.000858455,0.131745,12613,1.26228e-05,14.0051,
438,6,24297,0.000902158,0.142982,12517,1.30125e-05,13.9868,
439,0,20000,0.01,0.0141421,10201,0,51.1378,
439,1,30339,0.000727397,0.0433573,15424,3.46919e-05,16.4631,
439,2,21023,0.00111054,0.118408,10804,1.94026e-05,16.9562,
439,3,15883,0.00105894,0.140162,8230,2.09528e-05,20.7682,
439,4,15018,0.00110441,0.138106,7768,2.62135e-05,21.0801,
439,5,14647,0.00113781,0.188202,7578,2.70477e-05,21.2073,
439,6,14478,0.00115368,0.195591,7491,2.8345e-05,21.2692,
439,7,14374,0.00115233,0.178323,7438,2.85067e-05,21.3986,
426,0,20000,0.01,0.0141421,10201,0,69.8262,
426,1,111330,0.000698383,0.0462611,56291,2.18678e-05,5.99397,
426,2,118600,0.000586441,0.0814953,60359,1.16068e-06,3.97173,
426,3,99180,0.000575311,0.0707551,50606,9.88053e-07,4.23323,
426,4,96449,0.000570605,0.0788329,49181,9.30696e-07,4.22181,
426,5,95467,0.00058278,0.0788466,48670,8.94339e-07,4.20674,
426,6,95214,0.000567166,0.0716667,48535,8.78657e-07,4.18658,
440,0,20000,0.01,0.0141421,10201,0,51.1378,
440,1,26656,0.000719904,0.0467307,13565,4.03064e-05,16.5906,
440,2,16255,0.00121103,0.114037,8371,2.74142e-05,20.044,
440,3,12624,0.00119915,0.163514,6549,3.81753e-05,24.663,
440,4,11752,0.00137154,0.160989,6093,4.36922e-05,25.4795,
440,5,11420,0.00140798,0.182351,5921,4.20185e-05,25.6734,
440,6,11258,0.00142442,0.179581,5838,4.13153e-05,25.7976,
440,7,11150,0.0014229,0.178302,5784,4.23997e-05,26.0192,
437,0,20000,0.01,0.0141421,10201,0,51.1378,
437,1,58739,0.000683109,0.0433207,29729,2.01188e-05,9.57762,
437,2,57998,0.000620659,0.0952587,29682,4.88124e-06,7.52837,
437,3,48896,0.000631865,0.0926856,25108,4.17864e-06,7.90801,
437,4,46480,0.000652396,0.0902344,23820,3.82753e-06,8.03379,
437,5,45841,0.000660061,0.107773,23478,3.8034e-06,8.05199,
437,6,45535,0.000621161,0.117213,23319,3.75318e-06,8.06327,
431,0,20000,0.01,0.0141421,10201,0,51.1378,
431,1,94753,0.000699612,0.0484717,47838,1.73912e-05,7.40844,
431,2,110341,0.000613554,0.0834276,56152,1.41613e-06,4.29055,
431,3,97213,0.000590396,0.0693235,49639,9.49739e-07,4.37864,
431,4,93431,0.000588122,0.0701104,47695,8.92427e-07,4.3909,
431,5,92799,0.000587984,0.068154,47361,8.79102e-07,4.36511,
445,0,20000,0.01,0.0141421,10201,0,51.1378,
445,1,26656,0.000719904,0.0467307,13565,4.03064e-05,16.5906,
445,2,16255,0.00121103,0.114037,8371,2.74142e-05,20.044,
445,3,12624,0.00119915,0.163514,6549,3.81753e-05,24.663,
445,4,11752,0.00137154,0.160989,6093,4.36922e-05,25.4795,
445,5,11420,0.00140798,0.182351,5921,4.20185e-05,25.6734,
445,6,11258,0.00142442,0.179581,5838,4.13153e-05,25.7976,
445,7,11150,0.0014229,0.178302,5784,4.23997e-05,26.0192,
444,0,20000,0.01,0.0141421,10201,0,51.1378,
444,1,30339,0.000727397,0.0433573,15424,3.46919e-05,16.4631,
444,2,21023,0.00111054,0.118408,10804,1.94026e-05,16.9562,
444,3,15883,0.00105894,0.140162,8230,2.09528e-05,20.7682,
444,4,15018,0.00110441,0.138106,7768,2.62135e-05,21.0801,
444,5,14647,0.00113781,0.188202,7578,2.70477e-05,21.2073,
444,6,14478,0.00115368,0.195591,7491,2.8345e-05,21.2692,
444,7,14374,0.00115233,0.178323,7438,2.85067e-05,21.3986,
443,0,20000,0.01,0.0141421,10201,0,51.1378,
443,1,41314,0.00069952,0.043638,20954,2.57539e-05,11.6445,
443,2,31861,0.00079052,0.0982995,16358,1.4095e-05,12.2086,
443,3,26130,0.000791401,0.126932,13486,1.19077e-05,13.5287,
443,4,24863,0.000786956,0.125569,12811,1.33033e-05,13.8954,
443,5,24482,0.000858455,0.131745,12613,1.26228e-05,14.0051,
443,6,24297,0.000902158,0.142982,12517,1.30125e-05,13.9868,
436,0,20000,0.01,0.0141421,10201,0,51.1378,
436,1,94753,0.000699612,0.0484717,47838,1.73912e-05,7.40844,
436,2,110341,0.000613554,0.0834276,56152,1.41613e-06,4.29055,
436,3,97213,0.000590396,0.0693235,49639,9.49739e-07,4.37864,
436,4,93431,0.000588122,0.0701104,47695,8.92427e-07,4.3909,
436,5,92799,0.000587984,0.068154,47361,8.79102e-07,4.36511,
442,0,20000,0.01,0.0141421,10201,0,51.1378,
442,1,58739,0.000683109,0.0433207,29729,2.01188e-05,9.57762,
442,2,57998,0.000620659,0.0952587,29682,4.88124e-06,7.52837,
442,3,48896,0.000631865,0.0926856,25108,4.17864e-06,7.90801,
442,4,46480,0.000652396,0.0902344,23820,3.82753e-06,8.03379,
442,5,45841,0.000660061,0.107773,23478,3.8034e-06,8.05199,
442,6,45535,0.000621161,0.117213,23319,3.75318e-06,8.06327,
448,0,20000,0.01,0.0141421,10201,0,51.1378,
448,1,41314,0.00069952,0.043638,20954,2.57539e-05,11.6445,
448,2,31861,0.00079052,0.0982995,16358,1.4095e-05,12.2086,
448,3,26130,0.000791401,0.126932,13486,1.19077e-05,13.5287,
448,4,24863,0.000786956,0.125569,12811,1.33033e-05,13.8954,
448,5,24482,0.000858455,0.131745,12613,1.26228e-05,14.0051,
448,6,24297,0.000902158,0.142982,12517,1.30125e-05,13.9868,
450,0,20000,0.01,0.0141421,10201,0,51.1378,
450,1,26656,0.000719904,0.0467307,13565,4.03064e-05,16.5906,
450,2,16255,0.00121103,0.114037,8371,2.74142e-05,20.044,
450,3,12624,0.00119915,0.163514,6549,3.81753e-05,24.663,
450,4,11752,0.00137154,0.160989,6093,4.36922e-05,25.4795,
450,5,11420,0.00140798,0.182351,5921,4.20185e-05,25.6734,
450,6,11258,0.00142442,0.179581,5838,4.13153e-05,25.7976,
450,7,11150,0.0014229,0.178302,5784,4.23997e-05,26.0192,
449,0,20000,0.01,0.0141421,10201,0,51.1378,
449,1,30339,0.000727397,0.0433573,15424,3.46919e-05,16.4631,
449,2,21023,0.00111054,0.118408,10804,1.94026e-05,16.9562,
449,3,15883,0.00105894,0.140162,8230,2.09528e-05,20.7682,
449,4,15018,0.00110441,0.138106,7768,2.62135e-05,21.0801,
449,5,14647,0.00113781,0.188202,7578,2.70477e-05,21.2073,
449,6,14478,0.00115368,0.195591,7491,2.8345e-05,21.2692,
449,7,14374,0.00115233,0.178323,7438,2.85067e-05,21.3986,
447,0,20000,0.01,0.0141421,10201,0,51.1378,
447,1,58739,0.000683109,0.0433207,29729,2.01188e-05,9.57762,
447,2,57998,0.000620659,0.0952587,29682,4.88124e-06,7.52837,
447,3,48896,0.000631865,0.0926856,25108,4.17864e-06,7.90801,
447,4,46480,0.000652396,0.0902344,23820,3.82753e-06,8.03379,
447,5,45841,0.000660061,0.107773,23478,3.8034e-06,8.05199,
447,6,45535,0.000621161,0.117213,23319,3.75318e-06,8.06327,
441,0,20000,0.01,0.0141421,10201,0,51.1378,
441,1,94753,0.000699612,0.0484717,47838,1.73912e-05,7.40844,
441,2,110341,0.000613554,0.0834276,56152,1.41613e-06,4.29055,
441,3,97213,0.000590396,0.0693235,49639,9.49739e-07,4.37864,
441,4,93431,0.000588122,0.0701104,47695,8.92427e-07,4.3909,
441,5,92799,0.000587984,0.068154,47361,8.79102e-07,4.36511,
453,0,20000,0.01,0.0141421,10201,0,51.1378,
453,1,41314,0.00069952,0.043638,20954,2.57539e-05,11.6445,
453,2,31861,0.00079052,0.0982995,16358,1.4095e-05,12.2086,
453,3,26130,0.000791401,0.126932,13486,1.19077e-05,13.5287,
453,4,24863,0.000786956,0.125569,12811,1.33033e-05,13.8954,
453,5,24482,0.000858455,0.131745,12613,1.26228e-05,14.0051,
453,6,24297,0.000902158,0.142982,12517,1.30125e-05,13.9868,
454,0,20000,0.01,0.0141421,10201,0,51.1378,
454,1,30339,0.000727397,0.0433573,15424,3.46919e-05,16.4631,
454,2,21023,0.00111054,0.118408,10804,1.94026e-05,16.9562,
454,3,15883,0.00105894,0.140162,8230,2.09528e-05,20.7682,
454,4,15018,0.00110441,0.138106,7768,2.62135e-05,21.0801,
454,5,14647,0.00113781,0.188202,7578,2.70477e-05,21.2073,
454,6,14478,0.00115368,0.195591,7491,2.8345e-05,21.2692,
454,7,14374,0.00115233,0.178323,7438,2.85067e-05,21.3986,
455,0,20000,0.01,0.0141421,10201,0,51.1378,
455,1,26656,0.000719904,0.0467307,13565,4.03064e-05,16.5906,
455,2,16255,0.00121103,0.114037,8371,2.74142e-05,20.044,
455,3,12624,0.00119915,0.163514,6549,3.81753e-05,24.663,
455,4,11752,0.00137154,0.160989,6093,4.36922e-05,25.4795,
455,5,11420,0.00140798,0.182351,5921,4.20185e-05,25.6734,
455,6,11258,0.00142442,0.179581,5838,4.13153e-05,25.7976,
455,7,11150,0.0014229,0.178302,5784,4.23997e-05,26.0192,
452,0,20000,0.01,0.0141421,10201,0,51.1378,
452,1,58739,0.000683109,0.0433207,29729,2.01188e-05,9.57762,
452,2,57998,0.000620659,0.0952587,29682,4.88124e-06,7.52837,
452,3,48896,0.000631865,0.0926856,25108,4.17864e-06,7.90801,
452,4,46480,0.000652396,0.0902344,23820,3.82753e-06,8.03379,
452,5,45841,0.000660061,0.107773,23478,3.8034e-06,8.05199,
452,6,45535,0.000621161,0.117213,23319,3.75318e-06,8.06327,
446,0,20000,0.01,0.0141421,10201,0,51.1378,
446,1,94753,0.000699612,0.0484717,47838,1.73912e-05,7.40844,
446,2,110341,0.000613554,0.0834276,56152,1.41613e-06,4.29055,
446,3,97213,0.000590396,0.0693235,49639,9.49739e-07,4.37864,
446,4,93431,0.000588122,0.0701104,47695,8.92427e-07,4.3909,
446,5,92799,0.000587984,0.068154,47361,8.79102e-07,4.36511,
458,0,20000,0.01,0.0141421,10201,0,63.5792,
458,1,49660,0.000741238,0.0436592,25205,2.66599e-05,11.6564,
458,2,38396,0.000743845,0.0952119,19767,1.00736e-05,10.5307,
458,3,28202,0.000744449,0.14296,14558,1.1583e-05,13.0269,
458,4,25957,0.000781671,0.153916,13386,1.52087e-05,14.1048,
458,5,25688,0.000868492,0.153597,13236,1.05633e-05,14.0207,
458,6,25374,0.000855457,0.150024,13077,1.01493e-05,14.0882,
458,7,25229,0.000901565,0.146706,13006,1.04063e-05,14.0667,
459,0,20000,0.01,0.0141421,10201,0,63.5792,
459,1,36666,0.000723247,0.044919,18650,3.45598e-05,16.8697,
459,2,26569,0.000925704,0.102054,13692,1.53672e-05,15.2222,
459,3,18230,0.000921644,0.204043,9457,1.79281e-05,19.5876,
459,4,16614,0.00108501,0.165735,8605,2.33471e-05,20.5596,
459,5,16069,0.00102912,0.164785,8323,2.38278e-05,20.8299,
459,6,15809,0.00116785,0.170369,8190,2.46409e-05,20.9098,
459,7,15603,0.00110153,0.166927,8086,2.51038e-05,21.0424,
459,8,15484,0.00116106,0.168319,8024,2.57516e-05,21.2687,
460,0,20000,0.01,0.0141421,10201,0,63.5792,
460,1,32163,0.000736782,0.0519792,16376,3.9397e-05,17.8181,
460,2,20838,0.00107384,0.121697,10763,1.9926e-05,18.0163,
460,3,14665,0.00117354,0.176371,7620,2.81369e-05,23.31,
460,4,13332,0.00132923,0.177413,6925,3.56823e-05,24.7221,
460,5,12833,0.00120985,0.178105,6664,3.63568e-05,25.1271,
460,6,12567,0.00114663,0.185581,6528,3.70855e-05,25.1872,
460,7,12380,0.00119454,0.18182,6431,3.90092e-05,25.4223,
460,8,12266,0.00117665,0.17902,6373,4.01808e-05,25.5276,
451,0,20000,0.01,0.0141421,10201,0,51.1378,
451,1,94753,0.000699612,0.0484717,47838,1.73912e-05,7.40844,
451,2,110341,0.000613554,0.0834276,56152,1.41613e-06,4.29055,
451,3,97213,0.000590396,0.0693235,49639,9.49739e-07,4.37864,
451,4,93431,0.000588122,0.0701104,47695,8.92427e-07,4.3909,
451,5,92799,0.000587984,0.068154,47361,8.79102e-07,4.36511,
457,0,20000,0.01,0.0141421,10201,0,63.5792,
457,1,70701,0.000724945,0.04482,35813,2.22109e-05,8.66373,
457,2,60960,0.000635856,0.101918,31292,3.75621e-06,6.9926,
457,3,49716,0.000647549,0.115264,25519,3.56054e-06,7.8664,
457,4,48111,0.000620751,0.114034,24639,3.86853e-06,7.93023,
457,5,47435,0.000621821,0.113812,24287,3.82158e-06,7.97506,
457,6,47129,0.000592069,0.11448,24127,3.86279e-06,7.97865,
465,0,20000,0.01,0.0141421,10201,0,58.6799,
465,1,28831,0.00070513,0.0461451,14688,3.80577e-05,16.2913,
465,2,17196,0.00114503,0.103121,8854,2.54013e-05,19.5298,
465,3,13033,0.00113108,0.144642,6762,3.40854e-05,24.5512,
465,4,12094,0.00145066,0.201455,6271,4.17121e-05,25.0686,
465,5,11699,0.001417,0.192793,6065,4.05501e-05,25.7094,
465,6,11548,0.00139002,0.190111,5993,4.31964e-05,25.7296,
465,7,11453,0.00137652,0.194133,5945,4.31661e-05,25.8774,
464,0,20000,0.01,0.0141421,10201,0,58.6799,
464,1,32150,0.00074091,0.046375,16363,3.33414e-05,15.5959,
464,2,21661,0.0010716,0.117302,11133,1.87358e-05,16.947,
464,3,16402,0.00108424,0.151859,8505,1.98579e-05,20.4385,
464,4,15201,0.00114692,0.176815,7867,2.67809e-05,20.843,
464,5,14731,0.00112712,0.177751,7625,2.65173e-05,21.2301,
464,6,14572,0.00118503,0.19937,7543,2.75223e-05,21.2899,
464,7,14466,0.00117591,0.202738,7490,2.77366e-05,21.309,
463,0,20000,0.01,0.0141421,10201,0,58.6799,
463,1,42774,0.000708901,0.0466193,21712,2.60858e-05,10.9084,
463,2,31720,0.000779522,0.105539,16283,1.35662e-05,12.3015,
463,3,26064,0.000817459,0.120442,13465,1.57494e-05,14.0568,
463,4,24822,0.000871608,0.123776,12798,1.2145e-05,14.1591,
463,5,24398,0.000886902,0.135547,12576,1.17233e-05,14.1868,
463,6,24248,0.000877985,0.138504,12496,1.1856e-05,14.1724,
462,0,20000,0.01,0.0141421,10201,0,58.6799,
462,1,59660,0.000694673,0.0413172,30205,2.22045e-05,9.20657,
462,2,56690,0.000643947,0.0978877,29003,4.59709e-06,7.72661,
462,3,48302,0.000625959,0.102019,24815,3.91004e-06,8.05201,
462,4,45967,0.000645323,0.0958688,23563,3.62249e-06,8.19541,
462,5,45245,0.00063632,0.0985728,23184,3.42091e-06,8.21892,
462,6,45006,0.00063243,0.106513,23059,3.36643e-06,8.19468,
456,0,20000,0.01,0.0141421,10201,0,63.5792,
456,1,109344,0.000696922,0.0477991,55286,1.93142e-05,5.86396,
456,2,114658,0.000604371,0.0890348,58389,1.2556e-06,4.006,
456,3,97859,0.000581305,0.0688285,49945,1.09571e-06,4.28514,
456,4,96136,0.000588113,0.0717101,49028,9.62626e-07,4.24604,
456,5,95362,0.000574833,0.073917,48626,9.27485e-07,4.23162,
468,0,20000,0.01,0.0141421,10201,0,58.3892,
468,1,43251,0.000697879,0.0453916,21934,2.58422e-05,10.0233,
468,2,30196,0.000766411,0.0977798,15468,1.32452e-05,12.2128,
468,3,25189,0.000885592,0.157417,12992,1.66015e-05,14.1355,
468,4,24058,0.000918029,0.148512,12390,1.26498e-05,14.25,
468,5,23687,0.000900207,0.149851,12202,1.1719e-05,14.3085,
468,6,23566,0.000887153,0.147453,12137,1.16365e-05,14.2745,
469,0,20000,0.01,0.0141421,10201,0,58.3892,
469,1,32588,0.000737687,0.0436019,16568,3.41132e-05,15.0333,
469,2,21484,0.00112944,0.101033,11011,1.90192e-05,16.2904,
469,3,15808,0.00110982,0.156627,8182,2.0966e-05,20.9605,
469,4,14869,0.0010795,0.202725,7689,2.75095e-05,21.2662,
469,5,14467,0.00114091,0.185366,7483,2.7386e-05,21.5773,
469,6,14355,0.00124549,0.197544,7426,2.85939e-05,21.5606,
470,0,20000,0.01,0.0141421,10201,0,58.3892,
470,1,29347,0.000702692,0.0424228,14934,3.94101e-05,15.6857,
470,2,17372,0.00118124,0.112106,8921,2.55275e-05,18.7969,
470,3,12902,0.00125623,0.194633,6683,3.43788e-05,24.3679,
470,4,11954,0.00137791,0.19792,6192,4.07589e-05,25.3641,
470,5,11678,0.00142799,0.20821,6048,4.10586e-05,25.5077,
470,6,11529,0.0013631,0.200122,5974,4.17436e-05,25.5546,
470,7,11439,0.00134893,0.205206,5927,4.16971e-05,25.5904,
467,0,20000,0.01,0.0141421,10201,0,58.3892,
467,1,60377,0.000681291,0.0437211,30538,2.12071e-05,8.47571,
467,2,54990,0.000660404,0.0936771,28081,4.39339e-06,7.76491,
467,3,47194,0.000625357,0.133186,24228,3.83677e-06,8.17435,
467,4,45095,0.000640072,0.117802,23103,3.64229e-06,8.23441,
467,5,44176,0.000648595,0.114389,22630,3.3839e-06,8.30051,
467,6,43990,0.000638176,0.114545,22530,3.38413e-06,8.28525,
461,0,20000,0.01,0.0141421,10201,0,58.6799,
461,1,93667,0.000698799,0.0465764,47294,2.13238e-05,7.17062,
461,2,109413,0.000582366,0.0868686,55683,1.39402e-06,4.32918,
461,3,97957,0.000581795,0.0686747,50021,9.54429e-07,4.36152,
461,4,93854,0.00057804,0.0691175,47917,9.29367e-07,4.38718,
461,5,93013,0.000589829,0.0687565,47477,9.06413e-07,4.36605,
473,0,20000,0.01,0.0141421,10201,0,59.2214,
473,1,44000,0.000690894,0.0449066,22308,2.62859e-05,10.9274,
473,2,32560,0.000776448,0.0884195,16665,1.43893e-05,11.964,
473,3,26532,0.000820551,0.130256,13685,1.5982e-05,13.764,
473,4,24844,0.000860076,0.151321,12797,1.28292e-05,14.0493,
473,5,24386,0.000847013,0.159653,12561,1.26117e-05,14.161,
473,6,24217,0.000856281,0.154607,12473,1.25695e-05,14.1991,
474,0,20000,0.01,0.0141421,10201,0,59.2214,
474,1,33279,0.000702197,0.0461061,16914,3.41936e-05,15.3885,
474,2,22266,0.0010499,0.100963,11409,2.10313e-05,16.373,
474,3,16408,0.00101141,0.154618,8491,2.45819e-05,20.685,
474,4,15316,0.00122148,0.165152,7919,2.91338e-05,21.0324,
474,5,14968,0.00124151,0.168988,7738,2.86029e-05,21.389,
474,6,14841,0.00122049,0.18229,7674,3.01783e-05,21.4302,
475,0,20000,0.01,0.0141421,10201,0,59.2214,
475,1,29322,0.00073795,0.0471837,14921,3.94346e-05,16.5563,
475,2,17765,0.00119911,0.0956249,9122,2.87537e-05,18.8137,
475,3,13123,0.00132897,0.158989,6797,3.87018e-05,24.3884,
475,4,12147,0.00141236,0.189962,6290,4.57092e-05,25.3995,
475,5,11866,0.0014377,0.191475,6145,4.62955e-05,25.5599,
475,6,11697,0.00143296,0.196721,6058,4.78954e-05,26.0223,
475,7,11630,0.00145526,0.181117,6026,5.01184e-05,25.8679,
472,0,20000,0.01,0.0141421,10201,0,59.2214,
472,1,60918,0.000715776,0.0455932,30808,2.22106e-05,8.57347,
472,2,55376,0.000630561,0.0874296,28284,4.75956e-06,7.78459,
472,3,47709,0.000623723,0.107631,24497,4.27521e-06,8.08103,
472,4,45424,0.000665211,0.122815,23275,3.92817e-06,8.18522,
472,5,44726,0.000677971,0.113259,22914,3.5925e-06,8.21112,
472,6,44502,0.000659579,0.112969,22792,3.51185e-06,8.18857,
466,0,20000,0.01,0.0141421,10201,0,58.3892,
466,1,94329,0.000678356,0.047883,47582,1.96338e-05,6.80337,
466,2,108775,0.000611471,0.0877687,55297,1.34075e-06,4.34778,
466,3,96984,0.000563311,0.0684186,49506,9.60345e-07,4.37828,
466,4,93220,0.000578267,0.0708214,47574,9.26477e-07,4.39106,
466,5,92449,0.000555571,0.0825012,47171,9.02552e-07,4.3666,
478,0,20000,0.01,0.0141421,10201,0,58.3892,
478,1,43263,0.000706622,0.0453916,21940,2.58422e-05,10.058,
478,2,30216,0.000757898,0.108885,15480,1.33525e-05,12.2627,
478,3,25203,0.000819968,0.158004,12998,1.64657e-05,14.1026,
478,4,24080,0.000906395,0.152659,12402,1.2017e-05,14.1892,
478,5,23743,0.000911557,0.145131,12227,1.12307e-05,14.2336,
478,6,23591,0.00092117,0.144975,12148,1.11848e-05,14.2537,
479,0,20000,0.01,0.0141421,10201,0,58.3892,
479,1,32604,0.000740464,0.0436019,16576,3.41132e-05,15.0294,
479,2,21417,0.00106791,0.0991196,10976,1.90653e-05,16.3746,
479,3,15746,0.0011061,0.18343,8150,2.08287e-05,20.9444,
479,4,14734,0.0011333,0.192236,7620,2.73376e-05,21.456,
479,5,14372,0.00112416,0.175551,7436,2.74846e-05,21.6941,
479,6,14245,0.00110914,0.172767,7371,2.82865e-05,21.6806,
480,0,20000,0.01,0.0141421,10201,0,58.3892,
480,1,29265,0.00073392,0.0424228,14893,3.94101e-05,15.7526,
480,2,17344,0.0011273,0.0939849,8907,2.58613e-05,18.7626,
480,3,12769,0.00122059,0.19214,6614,3.518e-05,24.4235,
480,4,11849,0.00140661,0.185531,6137,4.11025e-05,25.2908,
480,5,11557,0.00142857,0.170797,5987,4.35662e-05,25.4216,
480,6,11401,0.00141205,0.176238,5906,4.35056e-05,25.5304,
480,7,11311,0.00140283,0.186221,5860,4.36322e-05,25.6609,
477,0,20000,0.01,0.0141421,10201,0,58.3892,
477,1,60375,0.00069023,0.0437211,30537,2.12071e-05,8.47331,
477,2,54922,0.000649369,0.0918009,28047,4.38789e-06,7.80689,
477,3,47196,0.000646077,0.127062,24232,3.87411e-06,8.1884,
477,4,45049,0.000643949,0.106598,23081,3.6972e-06,8.25961,
477,5,44256,0.000678746,0.112427,22673,3.32202e-06,8.3092,
477,6,44008,0.000669332,0.108983,22540,3.28029e-06,8.3007,
471,0,20000,0.01,0.0141421,10201,0,59.2214,
471,1,94811,0.000686928,0.046551,47820,2.07842e-05,6.81885,
471,2,108869,0.00060361,0.0756386,55352,1.42574e-06,4.34196,
471,3,97168,0.000582134,0.0695301,49600,9.97651e-07,4.408,
471,4,93657,0.000569776,0.0714041,47795,9.42623e-07,4.41214,
471,5,92942,0.00057233,0.0686874,47420,9.17063e-07,4.38182,
484,0,20000,0.01,0.0141421,10201,0,56.2349,
484,1,31684,0.000703938,0.0501066,16121,4.20772e-05,16.2254,
484,2,21876,0.0010516,0.0947578,11232,1.9925e-05,17.086,
484,3,16497,0.00107289,0.170122,8555,2.02763e-05,20.8257,
484,4,15462,0.0011227,0.15585,8010,2.52714e-05,21.2388,
484,5,15109,0.00126359,0.199515,7825,2.63973e-05,21.4592,
484,6,14922,0.00126685,0.192787,7732,2.6722e-05,21.4389,
484,7,14823,0.00123694,0.198556,7680,2.75898e-05,21.5505,
485,0,20000,0.01,0.0141421,10201,0,56.2349,
485,1,28218,0.000734281,0.0485988,14373,4.72825e-05,17.1429,
485,2,17429,0.00112172,0.127925,8976,2.67639e-05,20.0596,
485,3,13444,0.00125199,0.181742,6979,3.41581e-05,24.1622,
485,4,12414,0.00133596,0.182011,6443,4.22443e-05,25.1332,
485,5,12065,0.00145483,0.178324,6261,4.15422e-05,25.3894,
485,6,11890,0.00148183,0.189966,6172,4.30054e-05,25.5386,
485,7,11740,0.00149796,0.178433,6096,4.27268e-05,25.6369,
485,8,11642,0.00150715,0.184613,6046,4.40089e-05,25.5134,
483,0,20000,0.01,0.0141421,10201,0,56.2349,
483,1,41803,0.000709787,0.0449122,21214,3.45592e-05,12.1895,
483,2,33439,0.00077792,0.0996661,17148,1.36101e-05,12.056,
483,3,26654,0.000761688,0.150515,13765,1.17797e-05,13.6223,
483,4,24982,0.000831964,0.147777,12882,1.18352e-05,13.9873,
483,5,24606,0.000801204,0.139241,12685,1.19428e-05,14.0263,
483,6,24389,0.000889498,0.137401,12573,1.21416e-05,14.0557,
482,0,20000,0.01,0.0141421,10201,0,56.2349,
482,1,57916,0.000664662,0.0453776,29312,2.85557e-05,9.52961,
482,2,57120,0.000637183,0.0967392,29203,4.83724e-06,7.84165,
482,3,48947,0.000638939,0.0969488,25140,4.03516e-06,8.00626,
482,4,46326,0.000627596,0.108162,23752,3.60412e-06,8.13414,
482,5,45475,0.000654107,0.1086,23305,3.57006e-06,8.18769,
482,6,45245,0.000645598,0.11759,23182,3.60497e-06,8.17904,
476,0,20000,0.01,0.0141421,10201,0,58.3892,
476,1,94357,0.000706966,0.0478728,47596,1.96338e-05,6.83419,
476,2,108909,0.000609728,0.0823378,55367,1.3464e-06,4.34041,
476,3,97208,0.000578175,0.0680808,49619,9.36306e-07,4.3702,
476,4,93365,0.000577058,0.0717285,47645,9.20634e-07,4.3873,
476,5,92602,0.000572052,0.0732473,47247,9.03635e-07,4.3622,
488,0,20000,0.01,0.0141421,10201,0,58.1373,
488,1,42429,0.000702309,0.0434041,21538,2.60412e-05,11.2295,
488,2,32293,0.000754587,0.120694,16566,1.41301e-05,12.1234,
488,3,25988,0.000827478,0.134851,13420,1.51197e-05,13.963,
488,4,24868,0.000867505,0.141936,12818,1.1451e-05,14.0689,
488,5,24475,0.000889844,0.145615,12613,1.15167e-05,14.1428,
488,6,24323,0.000867176,0.142719,12533,1.17292e-05,14.1561,
490,0,20000,0.01,0.0141421,10201,0,58.1373,
490,1,28920,0.000739462,0.0443802,14733,3.99726e-05,17.0487,
490,2,18095,0.00108381,0.105052,9311,2.54523e-05,19.1267,
490,3,13329,0.00120339,0.170425,6919,3.28658e-05,24.4556,
490,4,12335,0.00134657,0.176081,6398,4.18165e-05,25.2129,
490,5,11976,0.00136441,0.190465,6213,4.0758e-05,25.4739,
490,6,11782,0.00136733,0.18426,6115,4.19701e-05,25.7009,
490,7,11683,0.00137613,0.179602,6064,4.2425e-05,25.9899,
489,0,20000,0.01,0.0141421,10201,0,58.1373,
489,1,31730,0.000739406,0.0479828,16153,3.4388e-05,16.1278,
489,2,21938,0.00103129,0.112852,11274,1.95249e-05,16.9744,
489,3,16495,0.00113274,0.179532,8560,1.9638e-05,20.8739,
489,4,15434,0.00123068,0.173033,7997,2.50144e-05,21.3041,
489,5,15089,0.00120431,0.185676,7818,2.58487e-05,21.371,
489,6,14951,0.00119873,0.179684,7746,2.69921e-05,21.4739,
487,0,20000,0.01,0.0141421,10201,0,58.1373,
487,1,58898,0.000717511,0.0444076,29819,2.07352e-05,9.04217,
487,2,55438,0.000638954,0.101995,28358,4.71799e-06,7.8836,
487,3,47528,0.000649767,0.0993853,24426,4.06599e-06,8.10582,
487,4,45092,0.000592959,0.0963381,23122,3.74955e-06,8.26154,
487,5,44378,0.000646821,0.0961726,22751,3.64488e-06,8.25952,
487,6,44101,0.000702265,0.113126,22602,3.554e-06,8.28538,
481,0,20000,0.01,0.0141421,10201,0,56.2349,
481,1,92439,0.000688896,0.0437314,46642,2.06494e-05,7.46836,
481,2,108668,0.000602067,0.0818236,55281,1.37891e-06,4.36891,
481,3,97637,0.000582331,0.0670286,49856,9.26122e-07,4.39989,
481,4,93861,0.000569365,0.0691906,47914,8.95237e-07,4.40965,
481,5,93120,0.000579755,0.0658948,47526,8.78687e-07,4.37714,
494,0,20000,0.01,0.0141421,10201,0,55.8938,
494,1,31829,0.000699055,0.0444599,16189,3.58011e-05,16.0005,
494,2,22125,0.000974685,0.101964,11350,1.93579e-05,16.8717,
494,3,16514,0.00104139,0.153882,8563,2.1038e-05,21.0929,
494,4,15497,0.00123409,0.198835,8028,2.61408e-05,21.5103,
494,5,15154,0.00123844,0.184515,7854,2.61094e-05,21.5806,
494,6,15030,0.00126312,0.191162,7789,2.70356e-05,21.4809,
493,0,20000,0.01,0.0141421,10201,0,55.8938,
493,1,41854,0.000727772,0.0453802,21234,2.6179e-05,11.3632,
493,2,32061,0.000737981,0.106958,16438,1.36334e-05,12.472,
493,3,26572,0.000770558,0.133238,13723,1.49577e-05,13.9428,
493,4,25256,0.000855632,0.156339,13021,1.20495e-05,14.0572,
493,5,24865,0.000857547,0.151433,12818,1.17717e-05,14.1122,
493,6,24694,0.000811533,0.149092,12726,1.19473e-05,14.0668,
495,0,20000,0.01,0.0141421,10201,0,55.8938,
495,1,28290,0.000744761,0.0480154,14405,4.20224e-05,17.1744,
495,2,17534,0.00116521,0.119286,9023,2.61166e-05,20.0422,
495,3,13448,0.00116628,0.199264,6981,3.34151e-05,24.8119,
495,4,12535,0.00136758,0.192778,6505,4.19593e-05,25.3922,
495,5,12224,0.00134201,0.195015,6343,4.23703e-05,25.5317,
495,6,12053,0.00134787,0.198106,6255,4.28071e-05,25.6991,
495,7,11947,0.00134478,0.199906,6202,4.30807e-05,25.824,
492,0,20000,0.01,0.0141421,10201,0,55.8938,
492,1,58162,0.000720903,0.0453804,29428,2.02619e-05,9.67373,
492,2,57583,0.000629937,0.102839,29433,4.62651e-06,7.74465,
492,3,48168,0.00063546,0.104555,24747,3.76821e-06,8.05477,
492,4,45714,0.000662007,0.105651,23440,3.58255e-06,8.18276,
492,5,44982,0.000636399,0.108135,23056,3.51935e-06,8.19893,
492,6,44696,0.000612505,0.107472,22903,3.50871e-06,8.20187,
486,0,20000,0.01,0.0141421,10201,0,58.1373,
486,1,91356,0.00070954,0.046527,46126,1.82909e-05,7.48823,
486,2,111359,0.000610429,0.0874587,56634,1.37672e-06,4.35168,
486,3,98669,0.000581715,0.0688047,50373,9.18426e-07,4.40471,
486,4,93627,0.000560432,0.0732358,47806,8.81229e-07,4.42728,
486,5,92704,0.000582589,0.0723757,47322,8.81724e-07,4.40462,
498,0,20000,0.01,0.0141421,10201,0,60.1869,
498,1,44429,0.000727645,0.045082,22529,2.54184e-05,11.0898,
498,2,33574,0.000747007,0.107432,17209,1.27453e-05,11.7536,
498,3,26442,0.000810497,0.182293,13655,1.40087e-05,13.79,
498,4,24982,0.000882647,0.152679,12879,1.14283e-05,14.0809,
498,5,24581,0.000806642,0.151243,12671,1.15957e-05,14.1622,
498,6,24438,0.000826128,0.154747,12598,1.18183e-05,14.1489,
500,0,20000,0.01,0.0141421,10201,0,60.1869,
500,1,29630,0.000737697,0.0468177,15079,3.84705e-05,16.1996,
500,2,17588,0.00116378,0.111376,9049,2.5577e-05,19.7271,
500,3,13382,0.00124171,0.175525,6944,3.3398e-05,24.4441,
500,4,12496,0.0012877,0.189029,6481,3.97456e-05,25.0869,
500,5,12172,0.00126516,0.177105,6313,4.10318e-05,25.3342,
500,6,12060,0.00126217,0.181798,6258,4.15372e-05,25.2966,
499,0,20000,0.01,0.0141421,10201,0,60.1869,
499,1,33123,0.000725146,0.0467156,16840,3.32946e-05,15.6425,
499,2,22451,0.00101014,0.113404,11525,1.89482e-05,16.6864,
499,3,16624,0.00107843,0.197014,8619,2.02404e-05,20.8441,
499,4,15597,0.00122377,0.166846,8076,2.60664e-05,21.251,
499,5,15243,0.00122227,0.17028,7893,2.6576e-05,21.4455,
499,6,15104,0.00121787,0.169094,7823,2.78866e-05,21.5194,
491,0,20000,0.01,0.0141421,10201,0,55.8938,
491,1,90908,0.000683817,0.0436536,45860,1.70995e-05,8.10768,
491,2,115177,0.000590022,0.083871,58542,1.41337e-06,4.28484,
491,3,100335,0.000581431,0.0699431,51210,8.71456e-07,4.34674,
491,4,94335,0.000589189,0.0753439,48147,8.5958e-07,4.40941,
491,5,93670,0.000574829,0.0738633,47798,8.5361e-07,4.368,
497,0,20000,0.01,0.0141421,10201,0,60.1869,
497,1,61829,0.000705562,0.0465574,31277,2.12911e-05,8.99563,
497,2,57578,0.000613277,0.0970426,29450,4.49432e-06,7.60198,
497,3,48527,0.000636178,0.116051,24920,4.06993e-06,8.06022,
497,4,46621,0.000622031,0.107187,23895,3.72505e-06,8.13405,
497,5,45846,0.000651106,0.111668,23494,3.65836e-06,8.14123,
497,6,45608,0.000661681,0.1033,23362,3.65688e-06,8.1318,
503,0,20000,0.01,0.0141421,10201,0,59.5458,
503,1,42846,0.000724376,0.0461999,21744,2.56254e-05,10.8842,
503,2,31588,0.0008038,0.109885,16209,1.33851e-05,12.2096,
503,3,25734,0.000743172,0.130361,13290,1.58905e-05,14.0207,
503,4,24552,0.000863739,0.139625,12652,1.22075e-05,14.264,
503,5,24208,0.000852223,0.132758,12478,1.17797e-05,14.2582,
503,6,24037,0.000853983,0.155439,12386,1.18432e-05,14.2806,
504,0,20000,0.01,0.0141421,10201,0,59.5458,
504,1,32331,0.000736286,0.0460104,16452,3.35371e-05,15.5942,
504,2,21733,0.00103872,0.112922,11164,1.88812e-05,16.7907,
504,3,16394,0.00107153,0.159175,8497,2.01931e-05,20.4748,
504,4,15321,0.00109961,0.155064,7929,2.50692e-05,21.1158,
504,5,14965,0.00109708,0.201516,7745,2.58331e-05,21.3432,
504,6,14817,0.00107561,0.185878,7671,2.70786e-05,21.3498,
505,0,20000,0.01,0.0141421,10201,0,59.5458,
505,1,29556,0.000685933,0.0435272,15049,3.84749e-05,16.8524,
505,2,18382,0.00116335,0.132063,9459,2.53283e-05,19.0372,
505,3,13488,0.00119839,0.164333,6997,3.01503e-05,23.7965,
505,4,12363,0.00124473,0.166353,6410,3.80123e-05,24.6908,
505,5,11968,0.00130228,0.181786,6203,3.93897e-05,24.9768,
505,6,11736,0.00132848,0.180497,6086,4.09044e-05,25.257,
505,7,11585,0.00133897,0.18061,6009,4.13287e-05,25.4801,
505,8,11490,0.00134506,0.175888,5962,4.22263e-05,25.5362,
502,0,20000,0.01,0.0141421,10201,0,59.5458,
502,1,59507,0.000678333,0.0462197,30121,2.13428e-05,9.15103,
502,2,56963,0.000645097,0.111613,29134,4.5663e-06,7.67998,
502,3,48241,0.00064363,0.104295,24782,3.97727e-06,8.00593,
502,4,45839,0.000666243,0.0994017,23500,3.70331e-06,8.13594,
502,5,45095,0.000667612,0.114759,23108,3.65168e-06,8.16998,
502,6,44826,0.000662692,0.111053,22964,3.57153e-06,8.18015,
496,0,20000,0.01,0.0141421,10201,0,60.1869,
496,1,96371,0.000688838,0.0435942,48623,1.97264e-05,7.32981,
496,2,111861,0.000615742,0.0806364,56886,1.32977e-06,4.25541,
496,3,98357,0.000578468,0.0693521,50196,9.01206e-07,4.38333,
496,4,94656,0.000565033,0.0745087,48296,8.62523e-07,4.38258,
496,5,93907,0.000600309,0.0752251,47908,8.36976e-07,4.34311,
508,0,20000,0.01,0.0141421,10201,0,58.7488,
508,1,43508,0.000728693,0.042489,22062,2.57757e-05,10.3036,
508,2,30987,0.000792468,0.107092,15864,1.31563e-05,12.0509,
508,3,25128,0.00090659,0.15187,12965,1.55098e-05,14.3398,
508,4,24030,0.000893979,0.143966,12374,1.2246e-05,14.3345,
508,5,23682,0.000883972,0.141714,12198,1.12991e-05,14.3037,
508,6,23534,0.000920285,0.150624,12118,1.14967e-05,14.2839,
510,0,20000,0.01,0.0141421,10201,0,58.7488,
510,1,29128,0.000740695,0.0479003,14824,3.9748e-05,15.5683,
510,2,16814,0.00117038,0.118221,8642,2.6422e-05,19.2513,
510,3,12657,0.00124188,0.170237,6557,3.50426e-05,24.4441,
510,4,11829,0.00135621,0.211157,6127,4.26831e-05,25.3124,
510,5,11538,0.00139512,0.19918,5978,4.171e-05,25.504,
510,6,11418,0.00141488,0.20138,5917,4.24898e-05,25.5948,
510,7,11350,0.00142562,0.196342,5883,4.31089e-05,25.6225,
509,0,20000,0.01,0.0141421,10201,0,58.7488,
509,1,32953,0.000757396,0.0422581,16751,3.43013e-05,14.7907,
509,2,21532,0.00105379,0.0919055,11034,1.89825e-05,16.3447,
509,3,16001,0.00101591,0.178139,8282,2.09461e-05,20.622,
509,4,14897,0.00103056,0.195674,7703,2.65164e-05,21.1601,
509,5,14590,0.00125955,0.195671,7545,2.81496e-05,21.2589,
509,6,14445,0.00124492,0.194708,7471,2.83301e-05,21.3914,
509,7,14349,0.00123435,0.182732,7425,2.89319e-05,21.4208,
507,0,20000,0.01,0.0141421,10201,0,58.7488,
507,1,60289,0.000691056,0.0454783,30493,2.09926e-05,8.42464,
507,2,54883,0.000646573,0.103938,28024,4.35303e-06,7.83641,
507,3,47858,0.000618286,0.111346,24565,4.04123e-06,8.07134,
507,4,45406,0.000612215,0.106966,23260,3.7339e-06,8.1751,
507,5,44551,0.000641758,0.104315,22819,3.4048e-06,8.22139,
507,6,44284,0.000629927,0.103265,22677,3.35065e-06,8.21448,
501,0,20000,0.01,0.0141421,10201,0,59.5458,
501,1,94040,0.000694303,0.0404586,47467,2.00145e-05,7.31287,
501,2,110709,0.000590663,0.0819734,56332,1.33661e-06,4.30895,
501,3,98021,0.000582053,0.0687659,50051,9.5216e-07,4.37963,
501,4,93956,0.0005748,0.0674804,47966,9.06012e-07,4.39631,
501,5,93108,0.000565765,0.0681521,47521,8.96281e-07,4.36719,
513,0,20000,0.01,0.0141421,10201,0,59.1772,
513,1,43962,0.000712445,0.0440625,22289,2.58626e-05,10.8521,
513,2,32458,0.000715291,0.0953801,16613,1.45608e-05,11.806,
513,3,26034,0.000833824,0.155043,13429,1.52232e-05,13.9572,
513,4,24520,0.000904613,0.147968,12630,1.34151e-05,14.2091,
513,5,24165,0.000886954,0.143565,12448,1.24788e-05,14.2215,
513,6,24021,0.000883272,0.145641,12371,1.26212e-05,14.224,
514,0,20000,0.01,0.0141421,10201,0,59.1772,
514,1,32708,0.000749604,0.0454445,16629,3.39593e-05,15.2219,
514,2,21603,0.00101593,0.106197,11072,2.1358e-05,16.5574,
514,3,16164,0.00107211,0.157211,8366,2.29086e-05,20.9098,
514,4,15044,0.00119205,0.196666,7778,3.05177e-05,21.3384,
514,5,14674,0.00114978,0.176922,7588,3.05115e-05,21.5738,
514,6,14508,0.00116147,0.195278,7505,3.16241e-05,21.5734,
514,7,14405,0.00117247,0.186527,7451,3.10162e-05,21.715,
515,0,20000,0.01,0.0141421,10201,0,59.1772,
515,1,29322,0.000715749,0.0473141,14921,3.92741e-05,16.4324,
515,2,17751,0.0011474,0.10111,9116,2.80671e-05,18.9195,
515,3,13193,0.00128437,0.19009,6834,3.75862e-05,24.3365,
515,4,12170,0.00140144,0.178736,6303,4.50605e-05,25.4513,
515,5,11812,0.00145503,0.187018,6120,4.72366e-05,25.6969,
515,6,11660,0.00143311,0.184254,6043,4.6559e-05,25.8667,
515,7,11587,0.00144629,0.17933,6006,4.80974e-05,26.0082,
506,0,20000,0.01,0.0141421,10201,0,58.7488,
506,1,94391,0.000701801,0.0465319,47609,1.93322e-05,6.83822,
506,2,108838,0.000610888,0.0856021,55326,1.33845e-06,4.34504,
506,3,97346,0.000568512,0.0693495,49686,9.58698e-07,4.37676,
506,4,93610,0.000568013,0.0784243,47769,9.39722e-07,4.39262,
506,5,92782,0.000567558,0.0734566,47338,9.12607e-07,4.36146,
512,0,20000,0.01,0.0141421,10201,0,59.1772,
512,1,61100,0.000684077,0.0456124,30899,2.16073e-05,8.53871,
512,2,55551,0.000654853,0.100615,28371,5.01362e-06,7.793,
512,3,47982,0.000647436,0.114311,24634,4.25498e-06,8.06945,
512,4,45648,0.000652347,0.10463,23389,3.827e-06,8.20692,
512,5,44944,0.000647204,0.104873,23025,3.48395e-06,8.21952,
512,6,44667,0.000699452,0.121229,22878,3.47208e-06,8.21455,
518,0,20000,0.01,0.0141421,10201,0,58.6669,
518,1,42754,0.000709645,0.0466802,21702,2.60922e-05,10.9322,
518,2,31761,0.000755449,0.114997,16304,1.33665e-05,12.2073,
518,3,25916,0.000758366,0.122425,13386,1.58497e-05,13.9576,
518,4,24725,0.000775221,0.125954,12748,1.21322e-05,14.1356,
518,5,24305,0.000851486,0.139901,12527,1.20729e-05,14.2122,
518,6,24122,0.000858009,0.149055,12433,1.22444e-05,14.1632,
520,0,20000,0.01,0.0141421,10201,0,58.6669,
520,1,28787,0.000711753,0.0461518,14666,3.80543e-05,16.387,
520,2,17247,0.00110161,0.111239,8881,2.56819e-05,19.5335,
520,3,13039,0.0011469,0.135752,6766,3.41654e-05,24.5061,
520,4,12087,0.00134859,0.171934,6270,4.19011e-05,25.1681,
520,5,11726,0.00135629,0.191384,6084,4.04717e-05,25.494,
520,6,11589,0.00134727,0.183909,6012,4.13878e-05,25.5894,
520,7,11487,0.00133066,0.189131,5964,4.24532e-05,25.5179,
519,0,20000,0.01,0.0141421,10201,0,58.6669,
519,1,32102,0.000738946,0.0463771,16339,3.33407e-05,15.7077,
519,2,21733,0.00102114,0.121139,11169,1.9057e-05,16.7513,
519,3,16211,0.00115585,0.164234,8406,1.99012e-05,20.7266,
519,4,15223,0.00103174,0.157466,7882,2.59196e-05,20.9602,
519,5,14815,0.00110876,0.169938,7668,2.64863e-05,21.1463,
519,6,14612,0.00111632,0.177879,7563,2.73995e-05,21.3705,
519,7,14510,0.00112486,0.176838,7513,2.72824e-05,21.5024,
517,0,20000,0.01,0.0141421,10201,0,58.6669,
517,1,59762,0.00071527,0.0412969,30256,2.22151e-05,9.46372,
517,2,57355,0.000620291,0.0921808,29346,4.5662e-06,7.73572,
517,3,48823,0.00061024,0.0953489,25081,3.78146e-06,8.03743,
517,4,46291,0.000645919,0.090662,23729,3.55838e-06,8.1547,
517,5,45406,0.000662259,0.110406,23270,3.44356e-06,8.1893,
517,6,45142,0.000635291,0.120442,23128,3.41775e-06,8.17371,
511,0,20000,0.01,0.0141421,10201,0,59.1772,
511,1,95085,0.000664113,0.0465511,47957,2.0073e-05,6.82435,
511,2,109887,0.000597505,0.0820114,55860,1.36473e-06,4.31023,
511,3,97414,0.000558527,0.073063,49726,9.69064e-07,4.39033,
511,4,93480,0.000583722,0.0736937,47705,9.26049e-07,4.41607,
511,5,92950,0.000578904,0.0707679,47420,9.06193e-07,4.379,
525,0,20000,0.01,0.0141421,10201,0,59.2214,
525,1,29314,0.000705578,0.0471837,14917,3.94347e-05,16.6785,
525,2,17909,0.0013164,0.0927576,9196,2.7979e-05,18.8739,
525,3,13241,0.00128886,0.15032,6860,3.82694e-05,24.7005,
525,4,12313,0.00131631,0.191951,6379,4.54464e-05,25.5057,
525,5,12017,0.00132825,0.183233,6224,4.61871e-05,25.7741,
525,6,11873,0.00133652,0.211228,6152,4.76461e-05,25.6906,
525,7,11762,0.00134049,0.181681,6096,4.70995e-05,25.6977,
523,0,20000,0.01,0.0141421,10201,0,59.2214,
523,1,43948,0.000693191,0.0449065,22282,2.6286e-05,10.8672,
523,2,32547,0.000765276,0.0898726,16660,1.40656e-05,11.8576,
523,3,26275,0.000801954,0.147796,13556,1.55333e-05,13.947,
523,4,24881,0.000841155,0.155983,12817,1.26156e-05,14.0619,
523,5,24487,0.000838331,0.141464,12614,1.2134e-05,14.1604,
523,6,24336,0.000852446,0.145453,12536,1.23785e-05,14.1229,
524,0,20000,0.01,0.0141421,10201,0,59.2214,
524,1,33279,0.000747258,0.0461061,16914,3.41937e-05,15.4592,
524,2,22445,0.00100543,0.0906601,11498,2.11253e-05,16.2684,
524,3,16606,0.00115305,0.152765,8590,2.36153e-05,20.4994,
524,4,15446,0.00110144,0.17952,7983,3.00945e-05,21.0126,
524,5,15062,0.00108581,0.194121,7786,2.98452e-05,21.3279,
524,6,14904,0.00119844,0.195233,7705,3.13226e-05,21.3896,
524,7,14785,0.00120438,0.173865,7645,3.18059e-05,21.5158,
516,0,20000,0.01,0.0141421,10201,0,58.6669,
516,1,93693,0.000679933,0.0465766,47307,2.13405e-05,7.26664,
516,2,109543,0.000602311,0.0836271,55755,1.41247e-06,4.33053,
516,3,98312,0.00056279,0.0649195,50197,9.56599e-07,4.35954,
516,4,94244,0.000590424,0.0696604,48111,9.17939e-07,4.37525,
516,5,93378,0.000566455,0.0681824,47659,9.02752e-07,4.3564,
522,0,20000,0.01,0.0141421,10201,0,59.2214,
522,1,60990,0.000695882,0.0455932,30844,2.22107e-05,8.60793,
522,2,55621,0.000645615,0.0876266,28406,4.8007e-06,7.74907,
522,3,47751,0.000647063,0.11083,24516,4.19929e-06,8.0818,
522,4,45524,0.000613385,0.113379,23325,3.90581e-06,8.1815,
522,5,44739,0.000615689,0.115491,22922,3.61451e-06,8.22412,
522,6,44558,0.000654085,0.112459,22822,3.54128e-06,8.19677,
528,0,20000,0.01,0.0141421,10201,0,58.6669,
528,1,42876,0.000705429,0.0466412,21763,2.60922e-05,10.8864,
528,2,31703,0.000787818,0.106243,16275,1.34081e-05,12.2657,
528,3,25849,0.000879771,0.14718,13356,1.58099e-05,14.1025,
528,4,24781,0.000807406,0.126148,12779,1.17036e-05,14.1866,
528,5,24408,0.000854714,0.1261,12582,1.16602e-05,14.2315,
528,6,24235,0.00087671,0.13226,12492,1.1853e-05,14.1607,
530,0,20000,0.01,0.0141421,10201,0,58.6669,
530,1,28825,0.000751779,0.046152,14685,3.80543e-05,16.6087,
530,2,17550,0.00110113,0.122975,9041,2.50615e-05,19.2738,
530,3,13116,0.00119268,0.13151,6808,3.49852e-05,24.1784,
530,4,12082,0.00123819,0.166276,6267,4.0681e-05,25.231,
530,5,11714,0.00122561,0.1838,6075,4.16152e-05,25.4978,
530,6,11554,0.00119673,0.187471,5993,4.18761e-05,25.4858,
530,7,11448,0.00117931,0.1792,5938,4.28868e-05,25.6116,
529,0,20000,0.01,0.0141421,10201,0,58.6669,
529,1,32146,0.00074615,0.0463771,16361,3.33407e-05,15.6197,
529,2,21630,0.00103883,0.109304,11118,1.89153e-05,17.0359,
529,3,16473,0.0011718,0.137369,8543,1.96904e-05,20.6362,
529,4,15438,0.00115149,0.15495,7992,2.47023e-05,20.9821,
529,5,15011,0.00113099,0.175713,7768,2.53945e-05,21.1741,
529,6,14828,0.00113778,0.180432,7673,2.63235e-05,21.2963,
529,7,14708,0.00114747,0.177297,7613,2.70341e-05,21.4286,
527,0,20000,0.01,0.0141421,10201,0,58.6669,
527,1,59640,0.000713473,0.0412969,30195,2.22151e-05,9.3603,
527,2,57254,0.000624389,0.0952683,29297,4.58147e-06,7.71021,
527,3,48722,0.000614053,0.0906566,25027,3.80169e-06,7.99383,
527,4,46104,0.000642792,0.0916398,23639,3.61351e-06,8.16665,
527,5,45250,0.00063967,0.1026,23192,3.48835e-06,8.21469,
527,6,44947,0.000620156,0.104814,23028,3.46799e-06,8.18895,
534,0,20000,0.01,0.0141421,10201,0,55.9307,
534,1,32132,0.000755896,0.0477475,16338,3.54992e-05,16.6768,
534,2,22621,0.00104098,0.104587,11619,1.96424e-05,17.0892,
534,3,17032,0.000960376,0.155635,8837,1.97068e-05,20.9538,
534,4,15929,0.00109252,0.173344,8255,2.4912e-05,21.3802,
534,5,15569,0.00107492,0.167018,8069,2.56999e-05,21.5839,
534,6,15415,0.0010675,0.166457,7991,2.6348e-05,21.5983,
533,0,20000,0.01,0.0141421,10201,0,55.9307,
533,1,43163,0.000717762,0.045381,21888,2.66355e-05,12.0036,
533,2,34363,0.00074858,0.103683,17629,1.3907e-05,11.8968,
533,3,27521,0.000822077,0.154409,14206,1.39986e-05,13.4494,
533,4,25959,0.00082652,0.150761,13386,1.22518e-05,13.7488,
533,5,25473,0.000814274,0.14266,13131,1.22884e-05,13.8641,
533,6,25284,0.000864008,0.141105,13032,1.23234e-05,14.0105,
521,0,20000,0.01,0.0141421,10201,0,59.2214,
521,1,94951,0.000700885,0.046551,47890,2.07843e-05,6.823,
521,2,109248,0.000604969,0.0774832,55541,1.40382e-06,4.31816,
521,3,97260,0.000579685,0.0687322,49647,1.00701e-06,4.39247,
521,4,94017,0.000575171,0.0702534,47973,9.52809e-07,4.38078,
521,5,93074,0.000576455,0.0680252,47483,9.23616e-07,4.36593,
521,6,92892,0.000577776,0.0732571,47384,9.19868e-07,4.34748,
535,0,20000,0.01,0.0141421,10201,0,55.9307,
535,1,28778,0.00073208,0.0459341,14646,4.12192e-05,17.7182,
535,2,18200,0.00111489,0.114863,9373,2.623e-05,19.7464,
535,3,13791,0.00121889,0.187131,7162,3.18003e-05,24.3888,
535,4,12763,0.00114876,0.196359,6625,4.03661e-05,25.3654,
535,5,12425,0.00136634,0.182678,6451,3.87339e-05,25.7613,
535,6,12222,0.00138348,0.189472,6348,3.99622e-05,26.0112,
535,7,12136,0.00139206,0.180334,6305,4.14301e-05,25.9037,
526,0,20000,0.01,0.0141421,10201,0,58.6669,
526,1,93793,0.000691631,0.0465766,47357,2.13405e-05,7.25304,
526,2,109320,0.000597796,0.0801497,55637,1.39184e-06,4.36415,
526,3,98386,0.000565438,0.0681407,50240,9.79988e-07,4.37212,
526,4,94211,0.000573061,0.0677096,48098,9.23286e-07,4.39649,
526,5,93476,0.000562608,0.0669437,47710,9.05969e-07,4.36797,
532,0,20000,0.01,0.0141421,10201,0,55.9307,
532,1,60168,0.000697076,0.048286,30433,2.09808e-05,10.0445,
532,2,60240,0.000636675,0.102863,30799,4.83169e-06,7.55197,
532,3,50202,0.000630147,0.100041,25773,3.87189e-06,7.84806,
532,4,47446,0.000653269,0.112526,24319,3.67339e-06,8.03772,
532,5,46621,0.000642532,0.105769,23887,3.71264e-06,8.05748,
532,6,46368,0.000649209,0.105192,23750,3.68017e-06,8.0454,
540,0,20000,0.01,0.0141421,10201,0,55.9307,
540,1,28778,0.00073208,0.0459341,14646,4.12192e-05,17.7182,
540,2,18200,0.00111489,0.114863,9373,2.623e-05,19.7464,
540,3,13791,0.00121889,0.187131,7162,3.18003e-05,24.3888,
540,4,12763,0.00114876,0.196359,6625,4.03661e-05,25.3654,
540,5,12425,0.00136634,0.182678,6451,3.87339e-05,25.7613,
540,6,12222,0.00138348,0.189472,6348,3.99622e-05,26.0112,
540,7,12136,0.00139206,0.180334,6305,4.14301e-05,25.9037,
539,0,20000,0.01,0.0141421,10201,0,55.9307,
539,1,32132,0.000755896,0.0477475,16338,3.54992e-05,16.6768,
539,2,22621,0.00104098,0.104587,11619,1.96424e-05,17.0892,
539,3,17032,0.000960376,0.155635,8837,1.97068e-05,20.9538,
539,4,15929,0.00109252,0.173344,8255,2.4912e-05,21.3802,
539,5,15569,0.00107492,0.167018,8069,2.56999e-05,21.5839,
539,6,15415,0.0010675,0.166457,7991,2.6348e-05,21.5983,
538,0,20000,0.01,0.0141421,10201,0,55.9307,
538,1,43163,0.000717762,0.045381,21888,2.66355e-05,12.0036,
538,2,34363,0.00074858,0.103683,17629,1.3907e-05,11.8968,
538,3,27521,0.000822077,0.154409,14206,1.39986e-05,13.4494,
538,4,25959,0.00082652,0.150761,13386,1.22518e-05,13.7488,
538,5,25473,0.000814274,0.14266,13131,1.22884e-05,13.8641,
538,6,25284,0.000864008,0.141105,13032,1.23234e-05,14.0105,
531,0,20000,0.01,0.0141421,10201,0,55.9307,
531,1,94898,0.000671835,0.0473381,47864,1.78392e-05,7.65373,
531,2,112365,0.000590749,0.0926182,57131,1.33862e-06,4.31848,
531,3,98917,0.000584364,0.0682978,50486,8.98777e-07,4.35721,
531,4,94357,0.000579885,0.0742953,48149,9.03342e-07,4.38683,
531,5,93460,0.000596132,0.0810588,47682,8.82857e-07,4.36379,
537,0,20000,0.01,0.0141421,10201,0,55.9307,
537,1,60168,0.000697076,0.048286,30433,2.09808e-05,10.0445,
537,2,60240,0.000636675,0.102863,30799,4.83169e-06,7.55197,
537,3,50202,0.000630147,0.100041,25773,3.87189e-06,7.84806,
537,4,47446,0.000653269,0.112526,24319,3.67339e-06,8.03772,
537,5,46621,0.000642532,0.105769,23887,3.71264e-06,8.05748,
537,6,46368,0.000649209,0.105192,23750,3.68017e-06,8.0454,
544,0,20000,0.01,0.0141421,10201,0,55.9307,
544,1,32132,0.000755896,0.0477475,16338,3.54992e-05,16.6768,
544,2,22621,0.00104098,0.104587,11619,1.96424e-05,17.0892,
544,3,17032,0.000960376,0.155635,8837,1.97068e-05,20.9538,
544,4,15929,0.00109252,0.173344,8255,2.4912e-05,21.3802,
544,5,15569,0.00107492,0.167018,8069,2.56999e-05,21.5839,
544,6,15415,0.0010675,0.166457,7991,2.6348e-05,21.5983,
543,0,20000,0.01,0.0141421,10201,0,55.9307,
543,1,43163,0.000717762,0.045381,21888,2.66355e-05,12.0036,
543,2,34363,0.00074858,0.103683,17629,1.3907e-05,11.8968,
543,3,27521,0.000822077,0.154409,14206,1.39986e-05,13.4494,
543,4,25959,0.00082652,0.150761,13386,1.22518e-05,13.7488,
543,5,25473,0.000814274,0.14266,13131,1.22884e-05,13.8641,
543,6,25284,0.000864008,0.141105,13032,1.23234e-05,14.0105,
545,0,20000,0.01,0.0141421,10201,0,55.9307,
545,1,28778,0.00073208,0.0459341,14646,4.12192e-05,17.7182,
545,2,18200,0.00111489,0.114863,9373,2.623e-05,19.7464,
545,3,13791,0.00121889,0.187131,7162,3.18003e-05,24.3888,
545,4,12763,0.00114876,0.196359,6625,4.03661e-05,25.3654,
545,5,12425,0.00136634,0.182678,6451,3.87339e-05,25.7613,
545,6,12222,0.00138348,0.189472,6348,3.99622e-05,26.0112,
545,7,12136,0.00139206,0.180334,6305,4.14301e-05,25.9037,
542,0,20000,0.01,0.0141421,10201,0,55.9307,
542,1,60168,0.000697076,0.048286,30433,2.09808e-05,10.0445,
542,2,60240,0.000636675,0.102863,30799,4.83169e-06,7.55197,
542,3,50202,0.000630147,0.100041,25773,3.87189e-06,7.84806,
542,4,47446,0.000653269,0.112526,24319,3.67339e-06,8.03772,
542,5,46621,0.000642532,0.105769,23887,3.71264e-06,8.05748,
542,6,46368,0.000649209,0.105192,23750,3.68017e-06,8.0454,
536,0,20000,0.01,0.0141421,10201,0,55.9307,
536,1,94898,0.000671835,0.0473381,47864,1.78392e-05,7.65373,
536,2,112365,0.000590749,0.0926182,57131,1.33862e-06,4.31848,
536,3,98917,0.000584364,0.0682978,50486,8.98777e-07,4.35721,
536,4,94357,0.000579885,0.0742953,48149,9.03342e-07,4.38683,
536,5,93460,0.000596132,0.0810588,47682,8.82857e-07,4.36379,
548,0,20000,0.01,0.0141421,10201,0,55.9307,
548,1,43163,0.000717762,0.045381,21888,2.66355e-05,12.0036,
548,2,34363,0.00074858,0.103683,17629,1.3907e-05,11.8968,
548,3,27521,0.000822077,0.154409,14206,1.39986e-05,13.4494,
548,4,25959,0.00082652,0.150761,13386,1.22518e-05,13.7488,
548,5,25473,0.000814274,0.14266,13131,1.22884e-05,13.8641,
548,6,25284,0.000864008,0.141105,13032,1.23234e-05,14.0105,
549,0,20000,0.01,0.0141421,10201,0,55.9307,
549,1,32132,0.000755896,0.0477475,16338,3.54992e-05,16.6768,
549,2,22621,0.00104098,0.104587,11619,1.96424e-05,17.0892,
549,3,17032,0.000960376,0.155635,8837,1.97068e-05,20.9538,
549,4,15929,0.00109252,0.173344,8255,2.4912e-05,21.3802,
549,5,15569,0.00107492,0.167018,8069,2.56999e-05,21.5839,
549,6,15415,0.0010675,0.166457,7991,2.6348e-05,21.5983,
550,0,20000,0.01,0.0141421,10201,0,55.9307,
550,1,28778,0.00073208,0.0459341,14646,4.12192e-05,17.7182,
550,2,18200,0.00111489,0.114863,9373,2.623e-05,19.7464,
550,3,13791,0.00121889,0.187131,7162,3.18003e-05,24.3888,
550,4,12763,0.00114876,0.196359,6625,4.03661e-05,25.3654,
550,5,12425,0.00136634,0.182678,6451,3.87339e-05,25.7613,
550,6,12222,0.00138348,0.189472,6348,3.99622e-05,26.0112,
550,7,12136,0.00139206,0.180334,6305,4.14301e-05,25.9037,
547,0,20000,0.01,0.0141421,10201,0,55.9307,
547,1,60168,0.000697076,0.048286,30433,2.09808e-05,10.0445,
547,2,60240,0.000636675,0.102863,30799,4.83169e-06,7.55197,
547,3,50202,0.000630147,0.100041,25773,3.87189e-06,7.84806,
547,4,47446,0.000653269,0.112526,24319,3.67339e-06,8.03772,
547,5,46621,0.000642532,0.105769,23887,3.71264e-06,8.05748,
547,6,46368,0.000649209,0.105192,23750,3.68017e-06,8.0454,
541,0,20000,0.01,0.0141421,10201,0,55.9307,
541,1,94898,0.000671835,0.0473381,47864,1.78392e-05,7.65373,
541,2,112365,0.000590749,0.0926182,57131,1.33862e-06,4.31848,
541,3,98917,0.000584364,0.0682978,50486,8.98777e-07,4.35721,
541,4,94357,0.000579885,0.0742953,48149,9.03342e-07,4.38683,
541,5,93460,0.000596132,0.0810588,47682,8.82857e-07,4.36379,
553,0,20000,0.01,0.0141421,10201,0,55.9307,
553,1,43163,0.000717762,0.045381,21888,2.66355e-05,12.0036,
553,2,34363,0.00074858,0.103683,17629,1.3907e-05,11.8968,
553,3,27521,0.000822077,0.154409,14206,1.39986e-05,13.4494,
553,4,25959,0.00082652,0.150761,13386,1.22518e-05,13.7488,
553,5,25473,0.000814274,0.14266,13131,1.22884e-05,13.8641,
553,6,25284,0.000864008,0.141105,13032,1.23234e-05,14.0105,
554,0,20000,0.01,0.0141421,10201,0,55.9307,
554,1,32132,0.000755896,0.0477475,16338,3.54992e-05,16.6768,
554,2,22621,0.00104098,0.104587,11619,1.96424e-05,17.0892,
554,3,17032,0.000960376,0.155635,8837,1.97068e-05,20.9538,
554,4,15929,0.00109252,0.173344,8255,2.4912e-05,21.3802,
554,5,15569,0.00107492,0.167018,8069,2.56999e-05,21.5839,
554,6,15415,0.0010675,0.166457,7991,2.6348e-05,21.5983,
555,0,20000,0.01,0.0141421,10201,0,55.9307,
555,1,28778,0.00073208,0.0459341,14646,4.12192e-05,17.7182,
555,2,18200,0.00111489,0.114863,9373,2.623e-05,19.7464,
555,3,13791,0.00121889,0.187131,7162,3.18003e-05,24.3888,
555,4,12763,0.00114876,0.196359,6625,4.03661e-05,25.3654,
555,5,12425,0.00136634,0.182678,6451,3.87339e-05,25.7613,
555,6,12222,0.00138348,0.189472,6348,3.99622e-05,26.0112,
555,7,12136,0.00139206,0.180334,6305,4.14301e-05,25.9037,
546,0,20000,0.01,0.0141421,10201,0,55.9307,
546,1,94898,0.000671835,0.0473381,47864,1.78392e-05,7.65373,
546,2,112365,0.000590749,0.0926182,57131,1.33862e-06,4.31848,
546,3,98917,0.000584364,0.0682978,50486,8.98777e-07,4.35721,
546,4,94357,0.000579885,0.0742953,48149,9.03342e-07,4.38683,
546,5,93460,0.000596132,0.0810588,47682,8.82857e-07,4.36379,
552,0,20000,0.01,0.0141421,10201,0,55.9307,
552,1,60168,0.000697076,0.048286,30433,2.09808e-05,10.0445,
552,2,60240,0.000636675,0.102863,30799,4.83169e-06,7.55197,
552,3,50202,0.000630147,0.100041,25773,3.87189e-06,7.84806,
552,4,47446,0.000653269,0.112526,24319,3.67339e-06,8.03772,
552,5,46621,0.000642532,0.105769,23887,3.71264e-06,8.05748,
552,6,46368,0.000649209,0.105192,23750,3.68017e-06,8.0454,
558,0,20000,0.01,0.0141421,10201,0,58.4948,
558,1,42205,0.00068974,0.0453973,21425,2.56405e-05,11.1515,
558,2,31782,0.000786794,0.103193,16307,1.36651e-05,12.4102,
558,3,26295,0.00080866,0.137448,13576,1.49865e-05,13.9293,
558,4,24981,0.000888912,0.141787,12878,1.16394e-05,14.1079,
558,5,24624,0.00086997,0.143462,12690,1.15768e-05,14.1383,
558,6,24451,0.000814463,0.142909,12600,1.17681e-05,14.1683,
560,0,20000,0.01,0.0141421,10201,0,58.4948,
560,1,28594,0.000698025,0.0453917,14569,3.92455e-05,17.0234,
560,2,17720,0.00121293,0.108767,9123,2.52689e-05,19.5971,
560,3,13313,0.00128386,0.199297,6911,3.2306e-05,24.1839,
560,4,12310,0.00133446,0.196393,6383,4.11226e-05,25.1538,
560,5,11959,0.00135814,0.193528,6201,4.03441e-05,25.5133,
560,6,11805,0.00135506,0.181674,6124,4.12375e-05,25.6428,
560,7,11710,0.00135572,0.181794,6076,4.17628e-05,25.7053,
559,0,20000,0.01,0.0141421,10201,0,58.4948,
559,1,31885,0.000758934,0.0453918,16229,3.41037e-05,15.9755,
559,2,21645,0.00107867,0.113171,11125,1.92614e-05,17.1692,
559,3,16512,0.0010984,0.145158,8559,2.03466e-05,20.5844,
559,4,15363,0.00121556,0.176075,7955,2.52846e-05,21.1444,
559,5,15031,0.00122113,0.176559,7780,2.657e-05,21.3489,
559,6,14848,0.00120086,0.180808,7688,2.68375e-05,21.4623,
559,7,14768,0.0011806,0.172271,7648,2.66597e-05,21.3747,
557,0,20000,0.01,0.0141421,10201,0,58.4948,
557,1,59436,0.000718542,0.0418178,30086,2.06444e-05,9.28407,
557,2,57024,0.000632157,0.0931168,29163,5.06375e-06,7.78494,
557,3,48785,0.000633264,0.109928,25057,4.34078e-06,8.00961,
557,4,46420,0.000615908,0.108051,23793,4.02426e-06,8.14223,
557,5,45758,0.000598481,0.105686,23445,4.11289e-06,8.1572,
557,6,45556,0.000646274,0.105547,23336,4.12308e-06,8.12659,
551,0,20000,0.01,0.0141421,10201,0,55.9307,
551,1,94898,0.000671835,0.0473381,47864,1.78392e-05,7.65373,
551,2,112365,0.000590749,0.0926182,57131,1.33862e-06,4.31848,
551,3,98917,0.000584364,0.0682978,50486,8.98777e-07,4.35721,
551,4,94357,0.000579885,0.0742953,48149,9.03342e-07,4.38683,
551,5,93460,0.000596132,0.0810588,47682,8.82857e-07,4.36379,
556,0,20000,0.01,0.0141421,10201,0,58.4948,
556,1,93540,0.000691684,0.0465597,47215,1.83327e-05,7.13743,
556,2,107276,0.000587773,0.089277,54593,1.50082e-06,4.40251,
556,3,97639,0.00056996,0.06845,49855,9.59605e-07,4.37936,
556,4,93870,0.000566691,0.0765548,47918,9.2379e-07,4.4017,
556,5,93136,0.00057648,0.0707971,47531,9.01069e-07,4.37826,
565,0,20000,0.01,0.0141421,10201,0,20889.8,
565,1,224590,0.00060962,0.0515651,112963,0.00235292,13557.1,
565,2,112787,0.000304377,0.117529,57747,0.00186903,6774.66,
565,3,37881,0.000291982,0.233788,20343,0.0105374,6655.36,
565,4,26900,0.000278403,0.306445,14842,0.0204208,6505.94,
565,5,26015,0.000267074,0.311865,14393,0.0190993,6410.63,
565,6,25898,0.000271802,0.314628,14333,0.0174962,6351.07,
567,0,20000,0.01,0.0141421,10201,0,1209.09,
567,1,64923,0.00061125,0.0521705,33163,0.000148964,151.956,
567,2,90784,0.000295065,0.116166,46672,5.06227e-05,35.0216,
567,3,69179,0.000286258,0.22879,35864,6.74441e-05,38.7937,
567,4,67550,0.000297383,0.261429,34982,9.02694e-05,38.7683,
567,5,67292,0.000298577,0.301803,34828,9.42141e-05,38.3795,
566,0,20000,0.01,0.0141421,10201,0,1209.09,
566,1,84655,0.000584918,0.0520938,43057,3.97265e-05,151.288,
566,2,133754,0.000284613,0.120237,68286,4.80259e-05,30.7224,
566,3,114505,0.000291682,0.211086,58656,4.96539e-05,30.3676,
566,4,111322,0.000288789,0.288194,57043,5.14642e-05,32.3424,
566,5,111246,0.000280614,0.297262,57002,6.68197e-05,31.7753,
564,0,20000,0.01,0.0141421,10201,0,20889.8,
564,1,323956,0.00060815,0.0471099,162678,0.000752366,13598.4,
564,2,150472,0.00029716,0.112375,76616,0.00130445,6731.7,
564,3,49517,0.000283845,0.191975,26183,0.00793476,6623.63,
564,4,33223,0.000300035,0.25706,18027,0.0171814,6456.44,
564,5,31551,0.000286252,0.318438,17184,0.0190786,6312.78,
564,6,31323,0.000283123,0.320584,17069,0.017957,6254.87,
569,0,20000,0.01,0.0141421,10201,0,1209.09,
569,1,34834,0.000683119,0.0470289,17932,0.00165826,159.443,
569,2,20971,0.000322582,0.115463,11066,0.000313431,109.118,
569,3,9958,0.000323596,0.249697,5354,0.000504941,188.639,
569,4,7822,0.000327177,0.27804,4222,0.000786945,227.094,
569,5,7104,0.000327236,0.323598,3841,0.00101104,245.456,
569,6,6757,0.000325211,0.311391,3661,0.00125111,255.88,
569,7,6606,0.000323404,0.31062,3582,0.0013642,259.17,
569,8,6503,0.000322447,0.309696,3529,0.00133939,262.304,
569,9,6443,0.000321744,0.309248,3498,0.00130149,264.072,
570,0,20000,0.01,0.0141421,10201,0,1209.09,
570,1,22238,0.000876074,0.0450844,11520,0.00322784,221.389,
570,2,10050,0.00037689,0.108778,5415,0.00129516,211.121,
570,3,5025,0.000333332,0.244118,2775,0.00214373,346.172,
570,4,3916,0.000313742,0.279826,2170,0.00342768,411.167,
570,5,3605,0.000314604,0.309677,2000,0.00440839,440.207,
570,6,3423,0.000336805,0.302609,1907,0.00517317,457.729,
570,7,3363,0.000321379,0.314332,1874,0.00561845,462.613,
570,8,3335,0.000311355,0.312518,1859,0.00599977,465.708,
568,0,20000,0.01,0.0141421,10201,0,1209.09,
568,1,50547,0.000593306,0.0503856,25931,0.000568842,149.784,
568,2,54792,0.00032165,0.118825,28482,7.15948e-05,52.1383,
568,3,29779,0.000340458,0.231315,15614,0.0001173,78.8986,
568,4,24827,0.000349139,0.312018,12988,0.000207097,84.4795,
568,5,23227,0.000345748,0.30358,12147,0.000184855,88.8852,
568,6,22602,0.000342638,0.299763,11826,0.000209227,91.1433,
568,7,22264,0.00033926,0.307248,11654,0.000242122,92.9346,
568,8,22071,0.000335791,0.311632,11556,0.000274643,92.9589,
573,0,20000,0.01,0.0141421,10201,0,242406,
573,1,27347,0.00274614,0.0448817,13859,0.377219,227664,
573,2,33310,0.000739783,0.100852,16908,0.223959,235111,
573,3,41521,0.000367762,0.227997,21235,0.0530866,223866,
573,4,49595,0.000176622,0.258322,25703,0.0560226,202001,
573,5,56156,0.000133929,0.36278,29693,0.105772,203394,
  current line = 42
 call ZZAdapt  at  line 347
Assertion fail : (kkkk++ < 2000)
	line :4918, in file ../bamglib/Mesh2.cpp
Assertion fail : (kkkk++ < 2000)
	line :4918, in file ../bamglib/Mesh2.cpp
 err code 6 ,  mpirank 0
572,0,20000,0.01,0.0141421,10201,0,242406,
572,1,31735,0.00245394,0.0427573,16061,0.334146,236323,
572,2,46077,0.000740008,0.0892709,23328,0.173113,225872,
572,3,62227,0.000304334,0.182921,31728,0.0786065,208235,
572,4,78099,0.000127722,0.3304,40481,0.057375,200509,
572,5,84322,0.000114424,0.321654,45032,0.0579993,161951,
  current line = 42
 call ZZAdapt  at  line 347
Assertion fail : (kkkk++ < 2000)
	line :4918, in file ../bamglib/Mesh2.cpp
Assertion fail : (kkkk++ < 2000)
	line :4918, in file ../bamglib/Mesh2.cpp
 err code 6 ,  mpirank 0
574,0,20000,0.01,0.0141421,10201,0,242406,
574,1,24811,0.00293295,0.0447966,12583,0.422903,212241,
574,2,26308,0.000783876,0.0999493,13357,0.102952,221836,
574,3,28398,0.000520172,0.18033,14518,0.0851164,225121,
574,4,31648,0.000242417,0.288049,16358,0.0887836,216331,
574,5,34737,0.000189005,0.360987,18252,0.142043,190475,
574,6,34251,0.000163624,0.380435,18479,0.185411,184402,
574,7,32254,0.000142705,0.378774,17974,0.176096,163755,
  current line = 42
 call ZZAdapt  at  line 347
Assertion fail : (kkkk++ < 2000)
	line :4918, in file ../bamglib/Mesh2.cpp
Assertion fail : (kkkk++ < 2000)
	line :4918, in file ../bamglib/Mesh2.cpp
 err code 6 ,  mpirank 0
563,0,20000,0.01,0.0141421,10201,0,20889.8,
563,1,434207,0.000603558,0.0451741,217839,0.000355145,13624.8,
563,2,192839,0.000305937,0.113674,97827,0.00101334,6765.42,
563,3,65547,0.000291517,0.215477,34219,0.00669088,6639.48,
563,4,44408,0.000287264,0.304895,23639,0.0154618,6478.48,
563,5,41643,0.000276747,0.310277,22251,0.0188589,6356.02,
563,6,41286,0.000279099,0.325747,22071,0.0185596,6271.71,
571,0,20000,0.01,0.0141421,10201,0,242406,
571,1,36059,0.0023063,0.0431354,18233,0.293683,237604,
571,2,59238,0.000490443,0.0930068,29931,0.0725827,225524,
571,3,89210,0.000181603,0.198769,45401,0.162311,203801,
571,4,120210,0.000121779,0.235506,62284,0.0680596,172185,
571,5,74269,0.000115045,0.332279,40245,0.100774,165853,
  current line = 42
 call ZZAdapt  at  line 347
Assertion fail : (kkkk++ < 2000)
	line :4918, in file ../bamglib/Mesh2.cpp
Assertion fail : (kkkk++ < 2000)
	line :4918, in file ../bamglib/Mesh2.cpp
 err code 6 ,  mpirank 0
575,0,20000,0.01,0.0141421,10201,0,242406,
575,1,22901,0.00333937,0.0448381,11621,0.471198,238748,
575,2,24371,0.000969212,0.0919389,12376,0.0809665,215908,
575,3,23831,0.00055914,0.179103,12177,0.128647,227583,
575,4,24587,0.000328157,0.247302,12704,0.0920218,250535,
575,5,27262,0.000163924,0.431675,14300,0.106238,217455,
575,6,26784,0.000148165,0.42253,14353,0.146549,196456,
575,7,24354,0.000176057,0.421109,13410,0.160209,192668,
575,8,23132,0.000156351,0.41945,12968,0.163698,189345,
575,9,22614,0.000139764,0.418829,12812,0.192293,187387,
  current line = 42
 call ZZAdapt  at  line 347
Assertion fail : (kkkk++ < 2000)
	line :4918, in file ../bamglib/Mesh2.cpp
Assertion fail : (kkkk++ < 2000)
	line :4918, in file ../bamglib/Mesh2.cpp
 err code 6 ,  mpirank 0
579,0,20000,0.01,0.0141421,10201,0,16.2114,
579,1,45634,0.000652714,0.0498219,23205,2.15989e-05,8.66038,
579,2,19587,0.000322286,0.113926,10048,2.01539e-05,8.99766,
579,3,11909,0.000308922,0.200643,6142,0.000319538,8.65444,
579,4,10031,0.000308248,0.258344,5178,0.000424687,10.7142,
579,5,9699,0.000307193,0.280919,5007,0.000637622,10.1686,
579,6,9564,0.000305291,0.278068,4939,0.000602554,10.2692,
579,7,9502,0.000303332,0.279732,4908,0.000618171,10.8907,
580,0,20000,0.01,0.0141421,10201,0,16.2114,
580,1,32128,0.000622082,0.0517561,16394,3.41075e-05,9.03061,
580,2,13259,0.000324193,0.116209,6840,2.89474e-05,10.6448,
580,3,7719,0.000307163,0.20516,4014,0.000461933,12.5799,
580,4,6511,0.000294057,0.267873,3389,0.000824605,11.8541,
580,5,6287,0.00028635,0.299462,3272,0.000816069,13.1692,
580,6,6175,0.000283916,0.290877,3216,0.000993101,11.3328,
580,7,6131,0.000284344,0.292227,3193,0.000816807,13.0305,
578,0,20000,0.01,0.0141421,10201,0,16.2114,
578,1,80105,0.000621931,0.0470012,40586,8.31052e-06,8.07116,
578,2,43069,0.000309112,0.111273,21903,1.0631e-05,8.55329,
578,3,28773,0.000288572,0.188963,14665,0.000140491,9.5058,
578,4,25217,0.00031882,0.23691,12860,0.000232888,9.14707,
578,5,24511,0.00031583,0.25186,12499,0.000252405,8.65715,
578,6,24266,0.000311931,0.254127,12376,0.000245277,9.20363,
578,7,24158,0.000311293,0.254894,12322,0.000265044,9.55556,
577,0,20000,0.01,0.0141421,10201,0,16.2114,
577,1,96805,0.000604648,0.0453712,49008,5.32993e-06,8.37178,
577,2,61763,0.000309541,0.103537,31317,9.32004e-06,7.75939,
577,3,42538,0.000310443,0.2201,21595,0.000103002,6.57227,
577,4,38655,0.000290341,0.238437,19633,0.000123499,8.7297,
577,5,37838,0.000303831,0.235819,19220,0.000182483,8.16356,
577,6,37528,0.000305704,0.236684,19063,0.000175635,6.71334,
576,0,20000,0.01,0.0141421,10201,0,16.2114,
576,1,118204,0.000604475,0.0503158,59785,3.06337e-06,8.02014,
576,2,98027,0.000306365,0.112584,49558,7.34337e-06,8.17022,
576,3,73611,0.000305433,0.173894,37239,6.23389e-05,6.70533,
576,4,67021,0.000299099,0.226673,33905,7.17424e-05,7.38257,
576,5,65392,0.000296353,0.235401,33081,8.40728e-05,9.01174,
576,6,64913,0.000294434,0.24484,32840,0.000102104,6.93768,
562,0,20000,0.01,0.0141421,10201,0,20889.8,
562,1,522949,0.000586184,0.0503277,262233,0.000277498,13617,
562,2,235311,0.000296169,0.110363,119079,0.000830728,6741.74,
562,3,87807,0.000295574,0.21034,45364,0.0056871,6643.36,
562,4,57339,0.000286087,0.277783,30119,0.0131365,6509.16,
562,5,53309,0.000290143,0.315373,28098,0.0172162,6382.87,
562,6,52880,0.000282311,0.316507,27882,0.0170009,6310.87,
561,0,20000,0.01,0.0141421,10201,0,20889.8,
561,1,600074,0.000613753,0.0471973,300814,0.000257368,13618.1,
561,2,297708,0.000298079,0.110075,150292,0.00073362,6759.87,
561,3,115338,0.000287999,0.241447,59141,0.00450476,6687.28,
561,4,75836,0.000292692,0.258209,39377,0.00985357,6593.31,
561,5,70374,0.000281151,0.3102,36640,0.0131742,6474.82,
561,6,69746,0.000282444,0.324552,36324,0.0135634,6393.38,
585,0,20000,0.01,0.0141421,10201,0,17671.1,
585,1,334733,0.000586128,0.0502203,168062,0.000693045,11582.5,
585,2,152947,0.000306304,0.118936,77850,0.0011074,5777.27,
585,3,49389,0.00027652,0.215131,26117,0.00704703,5652.65,
585,4,32601,0.000259973,0.241156,17714,0.0158234,5505.75,
585,5,30849,0.000281853,0.267981,16832,0.0176586,5419.78,
585,6,30638,0.000277738,0.319816,16724,0.0166408,5366.94,
584,0,20000,0.01,0.0141421,10201,0,17671.1,
584,1,438490,0.000584022,0.0522543,219976,0.000305115,11574.8,
584,2,192658,0.000303797,0.112043,97733,0.000855451,5761.09,
584,3,64585,0.00030741,0.183715,33736,0.00529268,5655.49,
584,4,43653,0.00027727,0.208298,23261,0.0128437,5501.44,
584,5,40891,0.000289432,0.230961,21874,0.0158832,5397.34,
584,6,40537,0.000284004,0.229935,21695,0.0156696,5321.3,
583,0,20000,0.01,0.0141421,10201,0,17671.1,
583,1,524436,0.000606997,0.0503394,262972,0.000226754,11557.3,
583,2,234056,0.000305837,0.109114,118451,0.000705201,5739.12,
583,3,85957,0.000301528,0.187461,44439,0.00484406,5653.66,
583,4,56223,0.000295873,0.208367,29561,0.0105161,5529.62,
583,5,52269,0.000287567,0.207801,27578,0.0138362,5428.84,
583,6,51848,0.000283806,0.21178,27366,0.0139807,5357.48,
587,0,20000,0.01,0.0141421,10201,0,20880.9,
587,1,324712,0.000602087,0.04711,163056,0.000752176,13618.3,
587,2,150532,0.000305748,0.110946,76646,0.00133903,6748.14,
587,3,49341,0.000303303,0.203787,26095,0.00838349,6630.74,
587,4,33183,0.000289362,0.263461,18007,0.0199564,6453.02,
587,5,31384,0.000280981,0.321113,17101,0.0220916,6327.06,
587,6,31189,0.000275562,0.352246,17002,0.020707,6255.89,
588,0,20000,0.01,0.0141421,10201,0,20880.9,
588,1,242898,0.000615208,0.0502515,122122,0.00185683,13590.4,
588,2,120456,0.000298866,0.122729,61587,0.00164015,6755.14,
588,3,39789,0.000299229,0.227126,21301,0.00992079,6650.13,
588,4,27807,0.000284112,0.29718,15299,0.0187034,6471.98,
588,5,26838,0.000276481,0.322368,14808,0.0184729,6366.16,
588,6,26719,0.000280483,0.332083,14748,0.016755,6305.91,
590,0,20000,0.01,0.0141421,10201,0,20880.9,
590,1,88914,0.000646863,0.0515345,44929,0.012853,14439.9,
590,2,70264,0.000307751,0.123775,36423,0.00481791,6958.96,
590,3,26580,0.000295122,0.235084,14654,0.0142167,7062.56,
590,4,20331,0.000279275,0.25871,11510,0.017316,7043.35,
590,5,19905,0.000267748,0.310471,11282,0.0112281,7036.28,
590,6,19779,0.000266337,0.294331,11217,0.0102713,7008.64,
589,0,20000,0.01,0.0141421,10201,0,20880.9,
589,1,192885,0.000616423,0.0464357,97098,0.00352912,13503.6,
589,2,100591,0.000303009,0.105333,51642,0.00213124,6810.8,
589,3,34940,0.000300101,0.215029,18864,0.0122717,6723.6,
589,4,25159,0.000286395,0.27875,13962,0.0208955,6597.97,
589,5,24395,0.000272129,0.31983,13574,0.0188389,6502.16,
589,6,24301,0.000269602,0.318717,13525,0.0171775,6462.82,
586,0,20000,0.01,0.0141421,10201,0,20880.9,
586,1,433405,0.000600544,0.0451741,217438,0.000354974,13624.4,
586,2,191885,0.00030731,0.120643,97350,0.00101639,6782.51,
586,3,65248,0.000304132,0.193235,34070,0.00686662,6656.92,
586,4,44111,0.000286292,0.282192,23491,0.015534,6499.05,
586,5,41453,0.000286215,0.307588,22156,0.018942,6375.79,
586,6,41071,0.00028834,0.306536,21964,0.0185508,6289.98,
594,0,20000,0.01,0.0141421,10201,0,12.0016,
594,1,44657,0.000657652,0.0500208,22716,2.14529e-05,1.10529,
594,2,17764,0.000683855,0.11356,9110,2.31741e-06,1.72914,
594,3,10036,0.00125839,0.182004,5181,4.40759e-06,2.80184,
594,4,8159,0.00120095,0.267457,4217,7.22785e-06,3.31209,
594,5,7835,0.00116518,0.278791,4050,8.86035e-06,3.37977,
594,6,7712,0.00115691,0.280251,3989,9.42858e-06,3.40087,
594,7,7640,0.00116855,0.276107,3952,9.89562e-06,3.41718,
595,0,20000,0.01,0.0141421,10201,0,12.0016,
595,1,24170,0.000702058,0.0461715,12370,4.93412e-05,1.71305,
595,2,7707,0.00131377,0.123203,4012,1.25539e-05,3.63042,
595,3,4075,0.00188063,0.224853,2145,3.03239e-05,6.38398,
595,4,3398,0.00202485,0.261064,1788,4.44029e-05,7.41125,
595,5,3193,0.0020393,0.292744,1683,5.21475e-05,7.71562,
595,6,3124,0.00220153,0.304169,1647,5.86971e-05,7.7709,
595,7,3098,0.0023311,0.304201,1633,6.08421e-05,7.83497,
582,0,20000,0.01,0.0141421,10201,0,17671.1,
582,1,600123,0.000612816,0.0503517,300834,0.000206252,11571.5,
582,2,291907,0.000297482,0.11554,147393,0.000627337,5751.35,
582,3,112518,0.000292813,0.191448,57731,0.00377344,5681.17,
582,4,73564,0.00027637,0.205855,38242,0.00833063,5585.4,
582,5,68220,0.000287887,0.208601,35564,0.0114131,5485.14,
582,6,67605,0.000280857,0.207346,35255,0.011689,5419.48,
593,0,20000,0.01,0.0141421,10201,0,12.0016,
593,1,96474,0.000604849,0.0518798,48846,5.13796e-06,0.548047,
593,2,60103,0.000328614,0.109076,30476,3.08818e-07,0.578646,
593,3,39728,0.000541297,0.175539,20166,3.52083e-07,0.737719,
593,4,34745,0.000527759,0.241007,17652,4.59456e-07,0.825106,
593,5,33684,0.000621738,0.252193,17112,5.54436e-07,0.835808,
593,6,33382,0.000622317,0.249512,16960,5.85469e-07,0.838131,
598,0,20000,0.01,0.0141421,10201,0,2.90974,
598,1,32320,0.000643568,0.0448019,16394,3.56938e-07,0.166383,
598,2,21605,0.0003205,0.0620118,11019,1.01254e-07,0.137035,
598,3,14113,0.000377353,0.0568765,7223,1.94627e-07,0.190695,
598,4,12340,0.000427579,0.0650845,6323,3.0581e-07,0.213384,
598,5,12105,0.000416687,0.0648016,6203,2.83538e-07,0.213124,
598,6,11976,0.000424817,0.0640924,6140,3.09238e-07,0.21428,
598,7,11923,0.000446757,0.0644548,6113,3.12661e-07,0.214015,
597,0,20000,0.01,0.0141421,10201,0,2.90974,
597,1,53612,0.000606824,0.0441093,27093,2.0604e-07,0.128945,
597,2,52179,0.000309893,0.0335897,26411,5.84309e-08,0.0606388,
597,3,36534,0.000307991,0.0362205,18545,4.00347e-08,0.0770003,
597,4,33206,0.000315639,0.0407633,16857,3.82117e-08,0.0805895,
597,5,32729,0.000318329,0.0398153,16617,4.51813e-08,0.0805819,
597,6,32567,0.000316863,0.0404023,16536,4.53233e-08,0.0804743,
599,0,20000,0.01,0.0141421,10201,0,2.90974,
599,1,22009,0.000613047,0.0469717,11207,6.86683e-07,0.234883,
599,2,11287,0.000335456,0.0808283,5797,1.89942e-07,0.255992,
599,3,6367,0.000646104,0.0814338,3298,7.02709e-07,0.416946,
599,4,5383,0.00066878,0.0959006,2793,1.18461e-06,0.476251,
599,5,5249,0.00069238,0.0995743,2725,1.4422e-06,0.483153,
599,6,5234,0.000687479,0.0938413,2718,1.46619e-06,0.479849,
600,0,20000,0.01,0.0141421,10201,0,2.90974,
600,1,17042,0.000660971,0.0467548,8706,1.168e-06,0.289959,
600,2,7078,0.000423192,0.0964891,3661,4.85621e-07,0.399506,
600,3,3690,0.000889388,0.110691,1932,1.85343e-06,0.700611,
600,4,3035,0.000850642,0.136213,1594,3.56745e-06,0.825538,
600,5,2899,0.000893987,0.118292,1525,4.52185e-06,0.849438,
600,6,2872,0.000928592,0.120664,1510,4.91906e-06,0.849381,
596,0,20000,0.01,0.0141421,10201,0,2.90974,
596,1,81483,0.000625337,0.0412652,41084,1.70258e-07,0.107182,
596,2,96359,0.000313816,0.0235167,48608,5.71551e-08,0.0358245,
596,3,74770,0.000295699,0.0282757,37775,2.94247e-08,0.039985,
596,4,68494,0.000309183,0.0262061,34617,2.81488e-08,0.0412634,
596,5,67528,0.00030951,0.0275629,34128,3.0563e-08,0.0411008,
596,6,67260,0.000308825,0.0276687,33993,3.03838e-08,0.0409619,
603,0,20000,0.01,0.0141421,10201,0,1197.08,
603,1,63377,0.000603457,0.0519635,32384,0.000150432,141.281,
603,2,88930,0.000283666,0.112859,45734,3.85734e-05,27.2642,
603,3,67911,0.000300892,0.224388,35223,6.60989e-06,30.585,
603,4,66103,0.000300358,0.291474,34240,6.10548e-06,30.3078,
603,5,65814,0.000299134,0.34876,34068,5.98216e-06,30.082,
602,0,20000,0.01,0.0141421,10201,0,1197.08,
602,1,77890,0.000601709,0.0450315,39669,5.66371e-05,138.515,
602,2,119390,0.000288421,0.109902,61065,3.68558e-05,24.385,
602,3,98940,0.000283391,0.219775,50846,1.00368e-05,25.1442,
602,4,96705,0.000293711,0.276837,49704,9.57253e-06,25.0145,
602,5,96658,0.000295762,0.290442,49682,9.32757e-06,24.9171,
605,0,20000,0.01,0.0141421,10201,0,1197.08,
605,1,29536,0.000751257,0.0514838,15243,0.00215176,165.041,
605,2,14204,0.000641729,0.113315,7579,0.000447194,141.447,
605,3,6999,0.000795763,0.233555,3812,0.00065946,236.52,
605,4,5416,0.00103689,0.306801,2959,0.00110451,293.946,
605,5,4966,0.00110573,0.317777,2718,0.0014773,310.319,
605,6,4755,0.00113168,0.31489,2606,0.00167454,319.897,
605,7,4659,0.00114687,0.314785,2556,0.00181446,323.731,
605,8,4630,0.00115907,0.314487,2540,0.00182495,323.633,
581,0,20000,0.01,0.0141421,10201,0,17671.1,
581,1,649574,0.000591178,0.0452067,325573,0.000201003,11577.1,
581,2,360441,0.000292639,0.102686,181672,0.00058242,5768.94,
581,3,140128,0.000293688,0.196511,71546,0.00327415,5708.29,
581,4,93308,0.000293011,0.201296,48124,0.00740785,5613.46,
581,5,86182,0.000283637,0.205616,44556,0.0099849,5539.59,
581,6,85253,0.000285822,0.205614,44090,0.0102452,5467.41,
581,7,85045,0.000278117,0.204151,43985,0.0100017,5433.11,
604,0,20000,0.01,0.0141421,10201,0,1197.08,
604,1,50066,0.000613339,0.0513886,25686,0.000575164,139.555,
604,2,53641,0.000319497,0.114101,27888,6.05701e-05,42.8574,
604,3,28809,0.000334705,0.223476,15117,2.25351e-05,69.7153,
604,4,23904,0.00039332,0.299598,12512,3.76503e-05,78.0215,
604,5,22330,0.000395775,0.307623,11682,4.23048e-05,81.8445,
604,6,21643,0.00042673,0.308041,11329,4.54835e-05,83.9322,
604,7,21307,0.000420994,0.303954,11159,4.6499e-05,84.9052,
604,8,21104,0.000438807,0.302539,11057,4.72783e-05,85.4608,
592,0,20000,0.01,0.0141421,10201,0,12.0016,
592,1,153599,0.000597744,0.0452771,77544,1.27409e-06,0.35501,
592,2,190981,0.000310267,0.0952215,96264,7.16044e-08,0.186636,
592,3,146943,0.000310456,0.160358,74059,3.41959e-08,0.214575,
592,4,130306,0.000308595,0.204779,65717,3.89548e-08,0.227104,
592,5,128173,0.000307615,0.213883,64626,4.42701e-08,0.226033,
592,6,127310,0.000305021,0.21374,64194,4.5017e-08,0.225633,
609,0,20000,0.01,0.0141421,10201,0,2.9288,
609,1,30725,0.000615109,0.0456038,15591,9.45859e-08,0.150879,
609,2,19115,0.000319476,0.069189,9764,2.78668e-08,0.129394,
609,3,12121,0.000354698,0.0876277,6217,5.12651e-09,0.186898,
609,4,10298,0.000418197,0.10389,5293,8.43926e-09,0.214892,
609,5,10135,0.000430547,0.0944941,5208,7.81521e-09,0.214115,
609,6,10038,0.000425299,0.0964413,5160,8.23753e-09,0.214548,
610,0,20000,0.01,0.0141421,10201,0,2.9288,
610,1,16662,0.000602912,0.0475561,8514,2.9229e-07,0.239081,
610,2,6258,0.000428348,0.101,3246,1.21363e-07,0.371732,
610,3,3058,0.000902388,0.14416,1610,1.02781e-07,0.708331,
610,4,2555,0.000928257,0.157248,1348,1.74316e-07,0.821193,
610,5,2457,0.00104003,0.16943,1298,1.94554e-07,0.837628,
610,6,2418,0.00103759,0.152054,1278,1.82859e-07,0.84131,
610,7,2400,0.00101739,0.155957,1268,1.74187e-07,0.843786,
601,0,20000,0.01,0.0141421,10201,0,1197.08,
601,1,103088,0.000590843,0.0471543,52297,1.61558e-05,138.873,
601,2,166968,0.000306696,0.120218,84967,3.47866e-05,23.1522,
601,3,153886,0.000297357,0.251569,78451,1.33903e-05,23.0659,
601,4,147540,0.000290419,0.274186,75265,1.31755e-05,23.0588,
601,5,148262,0.000292474,0.279976,75624,1.32299e-05,22.99,
608,0,20000,0.01,0.0141421,10201,0,2.9288,
608,1,48894,0.00062179,0.0470306,24723,1.06372e-07,0.119303,
608,2,43418,0.000311973,0.0833814,22016,5.00052e-08,0.0596189,
608,3,30144,0.000301087,0.0559717,15325,8.67267e-09,0.0769622,
608,4,27560,0.000300321,0.0704245,14016,6.36684e-09,0.0811005,
608,5,27274,0.000301101,0.0672448,13871,5.61454e-09,0.0809334,
608,6,27170,0.000310028,0.0662963,13820,5.21782e-09,0.0808147,
613,0,20000,0.01,0.0141421,10201,0,10.8666,
613,1,100108,0.000605508,0.0450399,50673,2.39071e-06,0.453647,
613,2,63123,0.000326503,0.0920607,32004,2.41965e-07,0.482845,
613,3,42341,0.000517583,0.133606,21489,2.77586e-07,0.618785,
613,4,37549,0.000528468,0.154829,19068,3.4484e-07,0.68039,
613,5,36521,0.000552314,0.182697,18547,4.00705e-07,0.689189,
613,6,36183,0.000583945,0.173763,18377,4.22072e-07,0.68949,
612,0,20000,0.01,0.0141421,10201,0,10.8666,
612,1,113346,0.000602526,0.0453344,57343,1.59721e-06,0.405313,
612,2,85367,0.000316122,0.0927464,43203,1.67523e-07,0.362431,
612,3,60462,0.000343113,0.121124,30620,1.70489e-07,0.435637,
612,4,53710,0.000417534,0.143077,27203,2.05668e-07,0.475848,
612,5,52313,0.000438823,0.146502,26498,2.1497e-07,0.481564,
612,6,51858,0.000475425,0.149898,26272,2.21781e-07,0.483223,
614,0,20000,0.01,0.0141421,10201,0,10.8666,
614,1,91953,0.000634042,0.0502142,46560,3.03387e-06,0.514422,
614,2,54302,0.000336385,0.0960861,27554,3.21092e-07,0.566005,
614,3,35579,0.000592098,0.137324,18082,3.84977e-07,0.733749,
614,4,30933,0.000544873,0.163958,15732,5.16711e-07,0.820875,
614,5,29906,0.000540052,0.160955,15210,6.17186e-07,0.83497,
614,6,29586,0.00053846,0.179303,15049,6.52954e-07,0.837784,
614,7,29383,0.000538101,0.180289,14947,6.78242e-07,0.840965,
615,0,20000,0.01,0.0141421,10201,0,10.8666,
615,1,75403,0.000636906,0.0457619,38215,5.07456e-06,0.586041,
615,2,35861,0.00034065,0.11146,18263,5.59998e-07,0.805383,
615,3,23040,0.000707418,0.170292,11761,8.08465e-07,1.11295,
615,4,19099,0.000704287,0.176911,9761,1.1786e-06,1.30932,
615,5,18356,0.000786182,0.178325,9381,1.47232e-06,1.33616,
615,6,18061,0.000796293,0.182171,9234,1.56543e-06,1.34661,
615,7,17983,0.000787918,0.185468,9195,1.63863e-06,1.34472,
611,0,20000,0.01,0.0141421,10201,0,10.8666,
611,1,147972,0.000610448,0.045407,74721,6.84939e-07,0.328886,
611,2,170739,0.000302465,0.0861485,86107,7.33563e-08,0.184132,
611,3,130052,0.00031609,0.10017,65588,4.00461e-08,0.213677,
611,4,116728,0.000314971,0.110832,58903,4.55953e-08,0.225194,
611,5,114591,0.000304088,0.107506,57811,5.05187e-08,0.224079,
611,6,113696,0.000304643,0.114607,57361,5.08544e-08,0.224158,
607,0,20000,0.01,0.0141421,10201,0,2.9288,
607,1,142073,0.000616328,0.0368106,71474,1.52597e-07,0.0896405,
607,2,217591,0.000301821,0.0349042,109433,4.75489e-08,0.0188072,
607,3,199253,0.000295003,0.0353024,100223,2.36249e-08,0.0185706,
607,4,174822,0.000295828,0.0337841,87995,2.50201e-08,0.0191531,
607,5,173528,0.000295128,0.0348409,87329,2.73404e-08,0.0189727,
619,0,20000,0.01,0.0141421,10201,0,11.6988,
619,1,96245,0.000624611,0.0450948,48725,4.28694e-06,0.507479,
619,2,56946,0.00031537,0.109488,28892,3.16081e-07,0.580754,
619,3,37885,0.000592752,0.199441,19241,3.52699e-07,0.757189,
619,4,33358,0.000597198,0.220466,16954,4.56131e-07,0.838941,
619,5,32479,0.000613009,0.229374,16506,5.50638e-07,0.844516,
619,6,32127,0.000590756,0.238506,16328,5.77278e-07,0.846905,
619,7,31962,0.000597308,0.239909,16245,5.91662e-07,0.847397,
618,0,20000,0.01,0.0141421,10201,0,11.6988,
618,1,116978,0.000601727,0.0498457,59172,2.26452e-06,0.436636,
618,2,93112,0.0003185,0.114798,47093,1.5946e-07,0.367874,
618,3,66698,0.000380951,0.163642,33755,1.47195e-07,0.43409,
618,4,59107,0.000400556,0.203171,29919,1.83997e-07,0.473233,
618,5,57628,0.000412357,0.204306,29168,1.89865e-07,0.477786,
618,6,57047,0.000437522,0.199851,28879,1.9504e-07,0.480204,
618,7,56764,0.000431747,0.196089,28739,1.98062e-07,0.480741,
620,0,20000,0.01,0.0141421,10201,0,11.6988,
620,1,79042,0.000636006,0.0498214,40051,7.02675e-06,0.653576,
620,2,40597,0.000354827,0.117401,20643,5.14917e-07,0.81504,
620,3,26024,0.000703591,0.181325,13264,7.36404e-07,1.09008,
620,4,21573,0.000689441,0.236013,11008,1.06074e-06,1.28117,
620,5,20639,0.000711229,0.26005,10531,1.32143e-06,1.30911,
620,6,20305,0.00073818,0.260815,10363,1.42046e-06,1.31816,
620,7,20140,0.000713088,0.258128,10281,1.47628e-06,1.31979,
617,0,20000,0.01,0.0141421,10201,0,11.6988,
617,1,152467,0.000592271,0.0452481,76976,9.3702e-07,0.348544,
617,2,186153,0.000310627,0.0999868,93841,7.09278e-08,0.185883,
617,3,142718,0.000302595,0.130939,71942,3.48069e-08,0.213984,
617,4,126648,0.00031417,0.163136,63882,4.01522e-08,0.226577,
617,5,124660,0.000316788,0.160587,62863,4.56666e-08,0.225035,
617,6,123626,0.000317662,0.162127,62345,4.62144e-08,0.224925,
622,0,20000,0.01,0.0141421,10201,0,0.0190393,
622,1,60426,0.000703685,0.0389022,30540,3.88985e-09,0.00705491,
622,2,56668,0.000316433,0.0217683,28659,5.37844e-09,0.00631201,
622,3,45939,0.000319858,0.0274107,23275,3.05779e-08,0.00697345,
622,4,43538,0.000326411,0.0255834,22058,3.97275e-08,0.00700565,
622,5,42440,0.000327372,0.0262355,21507,4.20816e-08,0.00703691,
622,6,42045,0.000325662,0.0266178,21305,4.31251e-08,0.00702913,
623,0,20000,0.01,0.0141421,10201,0,0.0190393,
623,1,36400,0.000691284,0.0363008,18463,6.91529e-09,0.0105023,
623,2,31544,0.000325771,0.0308151,16016,9.98629e-09,0.00931019,
623,3,25141,0.000306864,0.0350678,12801,5.65014e-08,0.0107193,
623,4,24216,0.000303612,0.0337744,12323,7.65606e-08,0.0107676,
623,5,23882,0.000301481,0.0374546,12157,8.02327e-08,0.0107696,
623,6,23784,0.000300609,0.0374039,12107,8.15845e-08,0.0107367,
625,0,20000,0.01,0.0141421,10201,0,0.0190393,
625,1,6972,0.00153621,0.0420912,3611,6.22377e-08,0.0332016,
625,2,3551,0.000580548,0.0840562,1864,1.58443e-07,0.0597316,
625,3,2697,0.000328715,0.0947137,1427,1.97242e-07,0.0779486,
625,4,2550,0.000299343,0.108096,1350,4.00387e-07,0.0800957,
625,5,2521,0.000288785,0.101203,1336,4.62126e-07,0.0794642,
625,6,2507,0.000283942,0.101593,1328,4.672e-07,0.0799767,
624,0,20000,0.01,0.0141421,10201,0,0.0190393,
624,1,12177,0.000990811,0.0428167,6249,2.76612e-08,0.022523,
624,2,8259,0.000324604,0.0610556,4258,3.2469e-08,0.0290428,
624,3,6443,0.000320967,0.0668824,3339,1.58555e-07,0.0346068,
624,4,6084,0.000322734,0.0747995,3153,2.0186e-07,0.0355145,
624,5,5990,0.000320763,0.0776219,3106,2.16392e-07,0.0357518,
624,6,5949,0.000318541,0.0693498,3085,2.23361e-07,0.0357471,
627,0,20000,0.01,0.0141421,10201,0,0.0181241,
627,1,57141,0.000653426,0.046462,28904,2.51363e-10,0.00775441,
627,2,52690,0.000317079,0.0489035,26663,6.08819e-09,0.00629966,
627,3,41753,0.000308817,0.0414218,21174,3.44776e-08,0.00708667,
627,4,39374,0.000305855,0.0452612,19966,4.80625e-08,0.00717494,
627,5,38899,0.000304386,0.0400363,19727,5.13109e-08,0.00715108,
627,6,38748,0.000303833,0.0407662,19650,5.19157e-08,0.00713799,
628,0,20000,0.01,0.0141421,10201,0,0.0181241,
628,1,34496,0.000718876,0.047384,17516,4.56876e-10,0.0100654,
628,2,29336,0.000327151,0.0450714,14909,7.04319e-09,0.00958865,
628,3,23037,0.000309604,0.0549973,11743,5.56434e-08,0.0110785,
628,4,22489,0.000306755,0.0508047,11455,7.79248e-08,0.0110147,
628,5,22274,0.000305747,0.055449,11349,8.09221e-08,0.0109974,
606,0,20000,0.01,0.0141421,10201,0,2.9288,
606,1,188214,0.000624949,0.0394793,94608,1.61588e-07,0.0855219,
606,2,316433,0.000300442,0.0338775,158980,3.93546e-08,0.0160425,
606,3,306968,0.00028973,0.0322593,154202,1.99902e-08,0.0156324,
606,4,272352,0.000291029,0.027867,136895,2.04065e-08,0.0158912,
606,5,270506,0.000282562,0.0308522,135945,2.23885e-08,0.0157793,
621,0,20000,0.01,0.0141421,10201,0,0.0190393,
621,1,125674,0.000695548,0.0350266,63294,1.73699e-09,0.00473651,
621,2,122701,0.000315394,0.0125975,61836,2.58945e-09,0.00443388,
621,3,101366,0.000305718,0.0168769,51129,1.64853e-08,0.00454428,
621,4,95068,0.000308971,0.0181067,47958,2.06417e-08,0.00464561,
621,5,93858,0.00030784,0.0188334,47346,2.17581e-08,0.004646,
621,6,93433,0.000308006,0.019326,47133,2.17623e-08,0.00464506,
630,0,20000,0.01,0.0141421,10201,0,0.0181241,
630,1,8412,0.00130353,0.0479214,4348,3.76749e-09,0.0267381,
630,2,4702,0.000361204,0.0897005,2456,5.3117e-09,0.0430862,
630,3,3798,0.000342231,0.0986997,1990,8.45461e-08,0.0522253,
630,4,3650,0.000340578,0.0861073,1914,1.52176e-07,0.0531155,
630,5,3594,0.000337487,0.103332,1886,1.58044e-07,0.0534355,
630,6,3566,0.000335205,0.0954057,1871,1.56607e-07,0.0536122,
629,0,20000,0.01,0.0141421,10201,0,0.0181241,
629,1,13671,0.00084146,0.0462186,7016,1.56686e-09,0.0197484,
629,2,9664,0.000326661,0.0634231,4974,5.72593e-09,0.0230076,
629,3,7638,0.00032409,0.0766954,3949,1.04125e-07,0.0274679,
629,4,7366,0.00032678,0.0758973,3807,1.39087e-07,0.0277625,
629,5,7289,0.000328279,0.0763213,3769,1.46722e-07,0.0277426,
629,6,7235,0.000327997,0.0762173,3741,1.4831e-07,0.0277976,
633,0,20000,0.01,0.0141421,10201,0,0.93995,
633,1,31948,0.00118815,0.0479282,16229,8.39406e-07,0.220653,
633,2,15732,0.00169402,0.0682579,8054,2.43152e-07,0.291841,
633,3,9970,0.00102885,0.0755644,5130,5.56846e-07,0.421039,
633,4,8707,0.000761263,0.0760874,4484,8.0079e-07,0.472065,
633,5,8484,0.000583944,0.0781674,4371,9.33414e-07,0.47576,
633,6,8386,0.00039533,0.0798676,4323,9.75846e-07,0.478561,
633,7,8334,0.000344686,0.0761789,4297,1.02507e-06,0.480231,
634,0,20000,0.01,0.0141421,10201,0,0.93995,
634,1,24321,0.00137588,0.0466604,12386,1.14255e-06,0.265614,
634,2,11027,0.00235184,0.0752,5671,4.95559e-07,0.397259,
634,3,7164,0.00201325,0.0899284,3702,1.05431e-06,0.583889,
634,4,6263,0.00169945,0.0922453,3242,1.44285e-06,0.644298,
634,5,6066,0.00170175,0.0952525,3141,1.6617e-06,0.650526,
634,6,5986,0.00160856,0.0933088,3100,1.78724e-06,0.65548,
634,7,5952,0.00154631,0.0969227,3083,1.80605e-06,0.657322,
635,0,20000,0.01,0.0141421,10201,0,0.93995,
635,1,19956,0.00156877,0.0446295,10182,1.49221e-06,0.281785,
635,2,7970,0.00342869,0.0884374,4120,8.64831e-07,0.524221,
635,3,5225,0.0038563,0.109471,2715,2.00466e-06,0.765164,
635,4,4642,0.0040427,0.108514,2415,2.77637e-06,0.827087,
635,5,4470,0.00414405,0.108537,2326,3.20985e-06,0.846179,
635,6,4392,0.00447485,0.10784,2285,3.34395e-06,0.856907,
635,7,4365,0.00452532,0.108611,2271,3.43969e-06,0.858319,
632,0,20000,0.01,0.0141421,10201,0,0.93995,
632,1,64373,0.000817138,0.0453601,32547,3.73069e-07,0.130163,
632,2,38771,0.000556163,0.0533619,19684,5.41063e-08,0.133432,
632,3,24123,0.000336463,0.0548514,12290,1.10903e-07,0.178395,
632,4,20355,0.000324886,0.0564608,10379,1.83356e-07,0.209935,
632,5,19682,0.000321213,0.0547144,10035,2.20476e-07,0.21334,
632,6,19480,0.000321927,0.0579908,9935,2.33921e-07,0.213512,
632,7,19367,0.000322365,0.0588349,9878,2.39687e-07,0.214139,
626,0,20000,0.01,0.0141421,10201,0,0.0181241,
626,1,115439,0.000711475,0.043083,58183,1.13241e-10,0.00527084,
626,2,117816,0.000314538,0.0241913,59378,3.1534e-09,0.00410145,
626,3,94651,0.000306449,0.038791,47766,1.59514e-08,0.00438645,
626,4,88131,0.000301904,0.0333636,44480,2.18206e-08,0.00446351,
626,5,87091,0.000299991,0.0347335,43954,2.35044e-08,0.0044607,
626,6,86688,0.000298702,0.0352676,43751,2.3849e-08,0.00445433,
638,0,20000,0.01,0.0141421,10201,0,0.0183462,
638,1,34777,0.00068879,0.0489314,17659,3.21471e-10,0.0100856,
638,2,29851,0.000333045,0.0479237,15167,6.96928e-09,0.0093567,
638,3,23447,0.000334524,0.0581735,11949,5.12202e-08,0.0108096,
638,4,22609,0.000338737,0.0504845,11514,6.85383e-08,0.0108778,
638,5,22412,0.000337666,0.0551762,11418,7.06077e-08,0.0108677,
637,0,20000,0.01,0.0141421,10201,0,0.0183462,
637,1,57863,0.000708164,0.0472457,29267,1.76165e-10,0.00778003,
637,2,53143,0.00032566,0.0346787,26892,5.71939e-09,0.00627477,
637,3,42076,0.000318489,0.0440394,21336,3.28142e-08,0.00704807,
637,4,39745,0.000324135,0.0418425,20151,4.37856e-08,0.00712769,
637,5,39270,0.000316289,0.0408487,19913,4.58551e-08,0.00710413,
637,6,39100,0.000312362,0.0435613,19826,4.60601e-08,0.00709238,
639,0,20000,0.01,0.0141421,10201,0,0.0183462,
639,1,11364,0.000976128,0.0461657,5847,1.58633e-09,0.023305,
639,2,7459,0.00032355,0.0861145,3856,5.19889e-09,0.0294349,
639,3,5871,0.000321361,0.0782052,3051,1.15442e-07,0.0352948,
639,4,5603,0.000321436,0.0828497,2910,1.50367e-07,0.0360915,
639,5,5529,0.000320821,0.0826803,2873,1.59615e-07,0.0362331,
639,6,5501,0.000320099,0.08214,2860,1.60666e-07,0.036172,
640,0,20000,0.01,0.0141421,10201,0,0.0183462,
640,1,7030,0.001551,0.0431702,3644,4.85151e-09,0.0313229,
640,2,3357,0.000563597,0.0989751,1768,8.04831e-09,0.0599956,
640,3,2541,0.000321428,0.110046,1348,1.69215e-08,0.0771121,
640,4,2419,0.000300425,0.104858,1285,1.1737e-07,0.0788042,
640,5,2396,0.000291173,0.104818,1272,1.80588e-07,0.078954,
631,0,20000,0.01,0.0141421,10201,0,0.93995,
631,1,128281,0.000619103,0.040644,64690,1.34305e-07,0.0617157,
631,2,93782,0.00033129,0.0313079,47372,1.45853e-08,0.0607337,
631,3,63901,0.000317541,0.0343322,32313,3.06477e-08,0.0708472,
631,4,56411,0.000322062,0.0341626,28543,4.39882e-08,0.0780611,
631,5,55187,0.000324845,0.0345516,27919,5.02989e-08,0.0783425,
631,6,54747,0.000326524,0.0345117,27697,5.16987e-08,0.0785452,
643,0,20000,0.01,0.0141421,10201,0,0.0189884,
643,1,36244,0.00071302,0.0395288,18385,6.48018e-09,0.010279,
643,2,31428,0.000335982,0.0304658,15958,8.93951e-09,0.00930948,
643,3,24741,0.000337605,0.0335659,12601,5.20362e-08,0.0107968,
643,4,23891,0.000343936,0.0398527,12160,6.85771e-08,0.0108295,
643,5,23593,0.000341823,0.0365572,12013,7.14183e-08,0.0108407,
643,6,23502,0.000335804,0.0386195,11966,7.24741e-08,0.010795,
644,0,20000,0.01,0.0141421,10201,0,0.0189884,
644,1,18811,0.000776791,0.0428263,9602,1.45804e-08,0.0156273,
644,2,13897,0.000309517,0.0567476,7115,1.48375e-08,0.0182117,
644,3,12169,0.000298302,0.0518162,6238,1.09537e-07,0.0196577,
644,4,11704,0.000293238,0.0522518,6003,1.40304e-07,0.0197396,
644,5,11428,0.0002929,0.051347,5863,1.47974e-07,0.0199222,
644,6,11259,0.000291911,0.0568552,5778,1.50128e-07,0.019962,
644,7,11133,0.00029069,0.0576831,5714,1.52345e-07,0.0200139,
644,8,11055,0.000291983,0.0571515,5674,1.5391e-07,0.0200328,
642,0,20000,0.01,0.0141421,10201,0,0.0189884,
642,1,60210,0.000669266,0.0327553,30433,3.6451e-09,0.00771052,
642,2,56551,0.000325513,0.0184862,28599,6.47259e-09,0.00638422,
642,3,45049,0.000318052,0.0275276,22829,3.53095e-08,0.00713601,
642,4,42786,0.000316978,0.0268573,21679,4.77554e-08,0.00714846,
642,5,41671,0.000316503,0.0269339,21120,5.03983e-08,0.00718229,
642,6,41305,0.000316168,0.0286099,20934,5.17548e-08,0.00717551,
645,0,20000,0.01,0.0141421,10201,0,0.0189884,
645,1,12123,0.000931038,0.0429763,6222,2.59207e-08,0.0225322,
645,2,8108,0.00032792,0.0757051,4183,3.06733e-08,0.0290143,
645,3,6337,0.000324429,0.0676203,3286,1.52932e-07,0.0344072,
645,4,5976,0.000326743,0.0768052,3099,2.01024e-07,0.0353667,
645,5,5893,0.000330117,0.0691442,3057,2.11452e-07,0.0353823,
645,6,5846,0.000329997,0.0741527,3034,2.14983e-07,0.0354486,
636,0,20000,0.01,0.0141421,10201,0,0.0183462,
636,1,116161,0.000655299,0.0419763,58546,8.03738e-11,0.00520272,
636,2,119453,0.000321638,0.026789,60199,2.6933e-09,0.00426256,
636,3,95724,0.000319018,0.0355291,48304,1.65168e-08,0.00456139,
636,4,89102,0.000311086,0.0324186,44965,2.2672e-08,0.0046297,
636,5,87806,0.00030845,0.0341095,44313,2.44972e-08,0.00462282,
636,6,87421,0.00030687,0.0342475,44119,2.4787e-08,0.00461896,
648,0,20000,0.01,0.0141421,10201,0,0.0189339,
648,1,59819,0.000672049,0.0309693,30240,2.50864e-09,0.00686223,
648,2,54608,0.000326957,0.0203937,27627,5.52694e-09,0.00658981,
648,3,43364,0.000308523,0.0310979,21984,3.23005e-08,0.00733136,
648,4,40883,0.000305257,0.026635,20725,4.5175e-08,0.0074041,
648,5,40247,0.000304004,0.0285268,20405,4.92853e-08,0.00739266,
648,6,40052,0.00030298,0.0278255,20307,5.02872e-08,0.00737623,
647,0,20000,0.01,0.0141421,10201,0,0.0189339,
647,1,83143,0.000695989,0.0386939,41954,1.74295e-09,0.00628643,
647,2,79589,0.000328492,0.0169698,40181,4.38891e-09,0.00525688,
647,3,63531,0.000300154,0.024539,32126,2.51254e-08,0.00570583,
647,4,60231,0.000290935,0.0232766,30454,3.44207e-08,0.00573449,
647,5,59466,0.00028694,0.0238312,30070,3.62696e-08,0.00572006,
647,6,59138,0.000287526,0.024064,29905,3.66969e-08,0.00571252,
641,0,20000,0.01,0.0141421,10201,0,0.0189884,
641,1,125380,0.000622379,0.0281991,63148,1.62789e-09,0.00507791,
641,2,123038,0.000304973,0.0132158,62004,2.62098e-09,0.004241,
641,3,100151,0.000308493,0.0177465,50520,1.67398e-08,0.00444144,
641,4,93853,0.000303826,0.0178995,47350,2.07941e-08,0.00450548,
641,5,92901,0.00030168,0.0183364,46867,2.19209e-08,0.00449587,
641,6,92487,0.000298167,0.0186989,46660,2.20292e-08,0.00449337,
650,0,20000,0.01,0.0141421,10201,0,0.0189339,
650,1,36033,0.000712976,0.0390345,18282,4.4598e-09,0.0100719,
650,2,30824,0.000323785,0.0323841,15655,8.29396e-09,0.00930302,
650,3,24193,0.000306534,0.0357927,12326,5.18133e-08,0.0107642,
650,4,23175,0.000303082,0.0398086,11800,7.33868e-08,0.01085,
650,5,22936,0.000302032,0.0374837,11683,7.77752e-08,0.0108261,
650,6,22825,0.000300542,0.0369346,11626,7.88855e-08,0.0108119,
649,0,20000,0.01,0.0141421,10201,0,0.0189339,
649,1,45577,0.00065927,0.0392701,23082,3.41453e-09,0.00862875,
649,2,40319,0.000319958,0.0259409,20436,6.53099e-09,0.00763529,
649,3,31616,0.000311682,0.0321832,16069,4.15658e-08,0.00884993,
649,4,30208,0.000313135,0.0318942,15346,5.54861e-08,0.00891569,
649,5,29713,0.000311164,0.0323512,15100,5.78336e-08,0.00892379,
649,6,29620,0.000310904,0.031452,15052,5.82658e-08,0.00890152,
646,0,20000,0.01,0.0141421,10201,0,0.0189339,
646,1,124034,0.000706289,0.0333095,62479,1.12166e-09,0.00466634,
646,2,121885,0.000331921,0.0121591,61424,2.68343e-09,0.00414347,
646,3,98755,0.000325457,0.0181226,49823,1.45567e-08,0.00442136,
646,4,91542,0.000336252,0.0188107,46192,1.90945e-08,0.00450568,
646,5,90350,0.000336044,0.0190406,45588,2.05962e-08,0.00449612,
646,6,90001,0.000336791,0.0188887,45413,2.08596e-08,0.00448981,
591,0,20000,0.01,0.0141421,10201,0,12.0016,
591,1,212504,0.000586096,0.0499115,107073,5.0488e-07,0.304249,
591,2,431427,0.000300152,0.114585,216968,3.47593e-08,0.084605,
591,3,403865,0.000301941,0.166365,202936,9.424e-09,0.0819025,
591,4,349553,0.000297939,0.195082,175696,8.85002e-09,0.0873791,
591,5,343893,0.00029536,0.194997,172821,9.76858e-09,0.0866874,
591,6,339910,0.000293439,0.194285,170828,9.93371e-09,0.0867985,
591,7,339139,0.000292142,0.193761,170440,1.00716e-08,0.0866101,
655,0,20000,0.01,0.0141421,10201,0,18768.3,
655,1,211687,0.000616332,0.0495384,106569,0.00239408,10652.3,
655,2,110572,0.00030959,0.108996,56928,0.00134293,4747.25,
655,3,45898,0.00030577,0.178709,24668,0.00683318,4674.33,
655,4,36948,0.000280238,0.24185,20192,0.0103787,4566.93,
655,5,36198,0.00028575,0.24274,19817,0.00960779,4472.09,
655,6,36123,0.000282245,0.251978,19779,0.00898845,4429.75,
654,0,20000,0.01,0.0141421,10201,0,18768.3,
654,1,281553,0.000619581,0.0517748,141526,0.00082558,10637.6,
654,2,146241,0.000285642,0.130406,74773,0.000987812,4715.1,
654,3,58295,0.000294624,0.250071,30879,0.00557287,4640.32,
654,4,46464,0.000285684,0.238356,24966,0.00991257,4524.75,
654,5,45195,0.000285452,0.247488,24330,0.0102135,4433.79,
654,6,45036,0.000278198,0.258101,24251,0.00977228,4379.49,
653,0,20000,0.01,0.0141421,10201,0,18768.3,
653,1,350834,0.000613576,0.0529427,176189,0.000461898,10622.9,
653,2,179897,0.000305107,0.129631,91621,0.000797316,4716.73,
653,3,74544,0.000295471,0.244163,39020,0.00494789,4646.64,
653,4,60548,0.000294452,0.240696,32023,0.00964677,4565.55,
653,5,58627,0.0002833,0.241641,31061,0.0102524,4498.62,
653,6,58353,0.000281153,0.239359,30924,0.00994541,4447.32,
658,0,20000,0.01,0.0141421,10201,0,921.981,
658,1,53857,0.000611112,0.0490682,27649,0.000640258,94.1659,
658,2,42849,0.000324468,0.108162,22331,5.66598e-05,52.563,
658,3,24958,0.000312039,0.211433,13088,0.000147412,77.1862,
658,4,20844,0.000316187,0.2245,10937,0.000245636,88.1312,
658,5,19846,0.000320952,0.236662,10414,0.000292223,89.8188,
658,6,19376,0.000323718,0.235408,10170,0.000300842,91.3196,
658,7,19123,0.000320353,0.234342,10041,0.000308613,92.1279,
658,8,18990,0.00031809,0.23437,9973,0.000316554,92.6052,
657,0,20000,0.01,0.0141421,10201,0,921.981,
657,1,68238,0.000598222,0.0490591,34910,0.000167726,90.7061,
657,2,101813,0.000305654,0.115958,52367,3.15052e-05,28.094,
657,3,77404,0.000293899,0.184559,39905,5.70241e-05,32.0006,
657,4,72666,0.000290272,0.224376,37394,7.93736e-05,32.3987,
657,5,71922,0.000290084,0.216884,36994,8.28174e-05,32.3072,
657,6,71462,0.000291346,0.211882,36759,8.40541e-05,32.2906,
659,0,20000,0.01,0.0141421,10201,0,921.981,
659,1,30586,0.000631096,0.0490625,15811,0.00185485,126.82,
659,2,15050,0.000342689,0.104804,8022,0.000340628,129.565,
659,3,8519,0.000319703,0.203594,4597,0.000684549,193.363,
659,4,6600,0.000322128,0.246202,3582,0.00102206,237.207,
659,5,6073,0.000320897,0.248529,3302,0.00128668,250.389,
659,6,5869,0.000320465,0.244974,3194,0.00146534,254.328,
659,7,5716,0.000318403,0.251128,3114,0.00154919,258.095,
659,8,5643,0.000315546,0.250771,3075,0.00162718,259.94,
659,9,5586,0.000313662,0.249463,3046,0.00166562,261.036,
659,10,5539,0.000312846,0.247607,3021,0.00170008,262.146,
660,0,20000,0.01,0.0141421,10201,0,921.981,
660,1,19370,0.000853385,0.0490499,10077,0.00360161,185.707,
660,2,7866,0.000690586,0.115572,4274,0.00149844,232.367,
660,3,4342,0.000394038,0.223428,2407,0.00240818,336.405,
660,4,3336,0.000311538,0.268864,1859,0.00386546,419.59,
660,5,3044,0.00030539,0.268295,1704,0.0052157,447.487,
660,6,2909,0.000303177,0.277897,1632,0.00646723,457.516,
660,7,2831,0.000301728,0.288022,1590,0.00687723,465.199,
660,8,2796,0.000299304,0.274172,1571,0.00733766,471.283,
660,9,2777,0.00029106,0.281347,1561,0.00781832,472.969,
652,0,20000,0.01,0.0141421,10201,0,18768.3,
652,1,414259,0.000601843,0.0506282,207913,0.000398273,10634.1,
652,2,215457,0.000300244,0.118408,109413,0.000696472,4723.5,
652,3,98192,0.00028585,0.239718,50855,0.00409821,4671.95,
652,4,77187,0.000284329,0.234808,40353,0.00755183,4593.85,
652,5,75010,0.000288529,0.241899,39263,0.00850801,4538.22,
652,6,74566,0.000285495,0.241393,39041,0.00829822,4498.65,
662,0,20000,0.01,0.0141421,10201,0,12.9486,
662,1,88326,0.000643764,0.0517833,44739,2.99293e-06,8.67246,
662,2,58855,0.000312652,0.130412,29860,1.24231e-05,7.26939,
662,3,39487,0.000281309,0.12509,20093,0.000105857,7.78493,
662,4,35606,0.000280103,0.132637,18121,0.000177343,7.83461,
662,5,34903,0.000286149,0.137095,17767,0.000197342,7.86159,
662,6,34630,0.000288455,0.13359,17628,0.000202885,7.84062,
663,0,20000,0.01,0.0141421,10201,0,12.9486,
663,1,64638,0.000670503,0.0492946,32811,4.61654e-06,10.0506,
663,2,36832,0.00031613,0.0906901,18776,1.93785e-05,7.73097,
663,3,25310,0.000303935,0.130223,12938,0.000168427,8.4052,
663,4,23121,0.0003023,0.137917,11821,0.000259973,8.42349,
663,5,22575,0.000301647,0.135842,11543,0.000279758,8.42184,
663,6,22353,0.000299517,0.136959,11433,0.000285135,8.43583,
665,0,20000,0.01,0.0141421,10201,0,12.9486,
665,1,22371,0.000635664,0.0512337,11482,1.92857e-05,9.2156,
665,2,10359,0.000318032,0.123625,5378,5.2708e-05,10.6712,
665,3,6714,0.000308969,0.153741,3508,0.000511174,12.5223,
665,4,5908,0.000316607,0.171375,3091,0.000833751,12.9184,
665,5,5725,0.000314016,0.177993,2997,0.000934433,13.0538,
665,6,5660,0.000311607,0.161999,2964,0.000975802,12.9453,
665,7,5611,0.000309621,0.20173,2939,0.000976015,12.994,
664,0,20000,0.01,0.0141421,10201,0,12.9486,
664,1,32070,0.00066044,0.0490715,16381,1.20847e-05,8.27592,
664,2,15156,0.000301546,0.0960082,7817,3.61822e-05,9.02117,
664,3,10295,0.000306887,0.154593,5333,0.000375703,10.236,
664,4,9219,0.000300783,0.178014,4779,0.000613392,10.5514,
664,5,9000,0.000299101,0.162271,4667,0.000696899,10.5461,
664,6,8880,0.000297208,0.176898,4607,0.000713919,10.5652,
664,7,8815,0.000298397,0.158095,4573,0.000727781,10.5379,
656,0,20000,0.01,0.0141421,10201,0,921.981,
656,1,81142,0.000609081,0.0514798,41393,4.48603e-05,89.2363,
656,2,167407,0.000301551,0.131316,85451,2.74109e-05,21.8171,
656,3,166121,0.000291299,0.201357,84833,3.84832e-05,21.8506,
656,4,156190,0.000289457,0.218234,79857,4.11574e-05,21.9912,
656,5,156999,0.000286392,0.240306,80247,4.35629e-05,21.8746,
661,0,20000,0.01,0.0141421,10201,0,12.9486,
661,1,126979,0.000638967,0.0520198,64191,1.78238e-06,7.56088,
661,2,97287,0.000309979,0.094645,49193,9.06298e-06,7.36319,
661,3,68355,0.000300982,0.125229,34620,6.29999e-05,7.8029,
661,4,61110,0.000301565,0.118319,30968,9.98591e-05,7.86979,
661,5,59981,0.000299799,0.119577,30398,0.000113388,7.84317,
661,6,59568,0.000298751,0.11886,30192,0.000115525,7.83588,
651,0,20000,0.01,0.0141421,10201,0,18768.3,
651,1,474498,0.00061937,0.0490498,238040,0.00038493,10632.5,
651,2,265983,0.00028744,0.105334,134684,0.000597042,4697.56,
651,3,128514,0.000292185,0.210326,66024,0.00321076,4652.71,
651,4,98727,0.000281749,0.234346,51130,0.00617637,4591.82,
651,5,95851,0.000278594,0.236328,49691,0.00733444,4536.66,
651,6,95097,0.000271178,0.245651,49314,0.00737059,4499.48,
616,0,20000,0.01,0.0141421,10201,0,11.6988,
616,1,210488,0.000614393,0.0501683,106062,3.54478e-07,0.297265,
616,2,422600,0.000300583,0.0994681,212537,3.50163e-08,0.0838148,
616,3,391002,0.000298392,0.120118,196498,9.66297e-09,0.0820949,
616,4,338230,0.000295722,0.119562,170027,9.08026e-09,0.0874422,
616,5,332212,0.00028099,0.123508,166972,1.00773e-08,0.0869529,
616,6,328794,0.000279227,0.129031,165259,1.02703e-08,0.0869369,
616,7,327996,0.000292466,0.119736,164857,1.04144e-08,0.0867588,
670,0,20000,0.01,0.0141421,10201,0,15915.2,
670,1,206912,0.000607278,0.0490424,104180,0.00234736,8989.82,
670,2,108569,0.000308466,0.106203,55924,0.00118141,3961.94,
670,3,44984,0.000298787,0.184977,24209,0.00545957,3904.91,
670,4,36392,0.000283053,0.250382,19913,0.00837091,3816.03,
670,5,35567,0.000279995,0.254306,19499,0.00755915,3741.43,
670,6,35480,0.000277151,0.255834,19455,0.00710329,3702.31,
669,0,20000,0.01,0.0141421,10201,0,15915.2,
669,1,276169,0.000615017,0.050743,138833,0.000763362,8982.37,
669,2,143799,0.000303969,0.107909,73553,0.000859723,3946.32,
669,3,57509,0.000291482,0.228704,30486,0.0047021,3883.32,
669,4,45597,0.000284585,0.248605,24531,0.00862063,3792.93,
669,5,44287,0.0002839,0.243915,23875,0.00899343,3719.97,
669,6,44096,0.00027774,0.245942,23779,0.00851727,3676.78,
673,0,20000,0.01,0.0141421,10201,0,18760.4,
673,1,100447,0.000615767,0.0517346,50811,0.0135561,11308.2,
673,2,70397,0.000300051,0.123234,36801,0.00365824,4791.42,
673,3,32519,0.000279165,0.219929,17954,0.00790122,4934.94,
673,4,27429,0.000285044,0.261883,15405,0.00794037,4981.08,
673,5,26957,0.000265396,0.257719,15160,0.00652098,4977.7,
  current line = 42
 call ZZAdapt  at  line 347
Assertion fail : (kkkk++ < 2000)
	line :4918, in file ../bamglib/Mesh2.cpp
Assertion fail : (kkkk++ < 2000)
	line :4918, in file ../bamglib/Mesh2.cpp
 err code 6 ,  mpirank 0
668,0,20000,0.01,0.0141421,10201,0,15915.2,
668,1,345905,0.000598667,0.0532294,173724,0.000391855,8980.85,
668,2,176676,0.000302933,0.114865,90010,0.000692949,3953.98,
668,3,73290,0.000294287,0.20628,38390,0.00404365,3891.71,
668,4,59592,0.000285345,0.243079,31542,0.00747576,3820.7,
668,5,57881,0.000276047,0.239696,30686,0.00814556,3759.75,
668,6,57563,0.000281937,0.239453,30527,0.00794378,3716.22,
674,0,20000,0.01,0.0141421,10201,0,18760.4,
674,1,54214,0.000741504,0.0517265,27548,0.0296155,12748.9,
674,2,68429,0.000304528,0.120541,35763,0.013183,4952.9,
674,3,29539,0.000288702,0.228449,16445,0.00845078,5243.2,
674,4,24462,0.000284299,0.279864,13722,0.0112813,5310.79,
674,5,23556,0.000275231,0.271896,13165,0.0093121,5358.85,
674,6,23106,0.000273914,0.264308,12914,0.00948178,5414.08,
674,7,22818,0.000271843,0.26792,12763,0.00933137,5478.69,
674,8,22642,0.000279166,0.269811,12675,0.00942829,5490.7,
675,0,20000,0.01,0.0141421,10201,0,18760.4,
675,1,32984,0.000943672,0.0519814,16839,0.0515103,14162.9,
675,2,42787,0.000324254,0.117088,22456,0.0416926,6807.09,
675,3,25585,0.000295049,0.197763,14195,0.0232486,5631.36,
675,4,18730,0.000285837,0.253422,10564,0.0183645,6173.15,
675,5,16959,0.0002871,0.268539,9582,0.0236921,6566.51,
675,6,16204,0.000288523,0.282016,9174,0.0248828,6761.4,
675,7,15816,0.00028413,0.27313,8970,0.0285885,6818.79,
675,8,15521,0.000283617,0.271082,8815,0.0286218,6869.35,
675,9,15319,0.000294647,0.265143,8707,0.0306362,6944.18,
675,10,15144,0.000282153,0.281109,8617,0.0316481,6993.54,
675,11,14996,0.000291086,0.279409,8538,0.0326893,7033.91,
671,0,20000,0.01,0.0141421,10201,0,18760.4,
671,1,350560,0.000594293,0.0530537,176052,0.000461703,10633,
671,2,179529,0.00030411,0.122101,91437,0.00080553,4726.97,
671,3,74668,0.000302036,0.206724,39080,0.00480438,4652.87,
671,4,60724,0.000289537,0.236282,32109,0.00895391,4568.24,
671,5,58922,0.000278331,0.244095,31207,0.00972652,4494.25,
671,6,58636,0.000290024,0.244546,31064,0.00952536,4448.74,
667,0,20000,0.01,0.0141421,10201,0,15915.2,
667,1,405317,0.000600985,0.050719,203441,0.00032495,8982.52,
667,2,210874,0.000305802,0.125238,107121,0.00058319,3942.18,
667,3,94949,0.000299099,0.238643,49232,0.00365903,3901.92,
667,4,75050,0.000285842,0.232643,39283,0.00686951,3834.75,
667,5,72990,0.000280702,0.236402,38252,0.00775485,3784.1,
667,6,72493,0.000285069,0.244773,38003,0.0075208,3747.27,
679,0,20000,0.01,0.0141421,10201,0,12.9486,
679,1,32066,0.000680007,0.0490715,16379,1.20847e-05,8.85017,
679,2,15190,0.000325528,0.0930905,7833,3.60478e-05,8.96403,
679,3,10339,0.000306212,0.163812,5355,0.000383555,10.1168,
679,4,9233,0.000302284,0.156366,4785,0.000622997,10.4084,
679,5,8963,0.000298661,0.155622,4647,0.000704131,10.4962,
679,6,8865,0.000298815,0.174137,4598,0.000732929,10.4651,
679,7,8834,0.00029721,0.153964,4583,0.000733043,10.4663,
680,0,20000,0.01,0.0141421,10201,0,12.9486,
680,1,17965,0.000625714,0.0490855,9246,2.83154e-05,11.2531,
680,2,7323,0.000322108,0.119066,3833,7.55213e-05,11.5355,
680,3,4753,0.000313963,0.192903,2505,0.000829297,13.8526,
680,4,4144,0.000316413,0.185588,2188,0.00137297,14.6611,
680,5,3980,0.000316758,0.180535,2104,0.00154669,14.7981,
680,6,3903,0.000316398,0.175656,2065,0.00162563,14.8729,
680,7,3892,0.000316182,0.188515,2059,0.00165235,14.8577,
672,0,20000,0.01,0.0141421,10201,0,18760.4,
672,1,281199,0.000599157,0.0517751,141349,0.000825405,10639.2,
672,2,147247,0.0003027,0.117693,75276,0.000994558,4705.51,
672,3,58572,0.000298382,0.199744,31019,0.00575738,4630.4,
672,4,46565,0.000289231,0.240907,25017,0.0105108,4526.27,
672,5,45145,0.00028705,0.247772,24306,0.0107345,4442.77,
672,6,44971,0.00028169,0.24707,24218,0.0102905,4390.83,
678,0,20000,0.01,0.0141421,10201,0,12.9486,
678,1,88486,0.000648263,0.0517833,44819,2.99293e-06,9.21792,
678,2,58682,0.000315242,0.102593,29774,1.30094e-05,7.32189,
678,3,39358,0.000282875,0.129877,20027,0.000106656,7.81808,
678,4,35485,0.000282156,0.143742,18062,0.000177375,7.86691,
678,5,34806,0.00028646,0.124229,17717,0.000197636,7.876,
678,6,34564,0.000287946,0.155186,17596,0.000202564,7.85336,
683,0,20000,0.01,0.0141421,10201,0,7.87897,
683,1,31767,0.00065775,0.041279,16141,6.47591e-07,8.44222,
683,2,24626,0.000317372,0.0513198,12560,3.67617e-05,8.27657,
683,3,17592,0.000304138,0.0470271,9009,0.000265526,8.7558,
683,4,16521,0.000302358,0.0536719,8460,0.000410651,8.74582,
683,5,16291,0.000304163,0.0503524,8346,0.000442505,8.75653,
683,6,16215,0.000304588,0.0532502,8308,0.000453083,8.73149,
684,0,20000,0.01,0.0141421,10201,0,7.87897,
684,1,22081,0.000633992,0.0418855,11264,9.87659e-07,8.26177,
684,2,13544,0.000327288,0.0764806,6962,5.15933e-05,7.12344,
684,3,9199,0.000324137,0.061852,4756,0.000439083,7.57695,
684,4,8276,0.000319459,0.0674114,4285,0.00068277,7.63858,
684,5,8137,0.000319647,0.0762844,4215,0.000758957,7.61067,
684,6,8076,0.000319613,0.0755005,4184,0.000767826,7.59042,
685,0,20000,0.01,0.0141421,10201,0,7.87897,
685,1,16906,0.000642119,0.0499725,8656,1.49675e-06,8.12017,
685,2,9290,0.000325903,0.0840771,4804,5.97617e-05,7.31693,
685,3,5739,0.000306211,0.0770634,2996,0.00059785,7.93326,
685,4,5064,0.000298788,0.0876765,2648,0.00103502,8.03108,
685,5,4985,0.00029697,0.0910733,2609,0.00116029,8.04311,
685,6,4953,0.000295669,0.0916484,2593,0.00117945,8.07116,
682,0,20000,0.01,0.0141421,10201,0,7.87897,
682,1,52237,0.000615653,0.036743,26433,5.00285e-07,7.98117,
682,2,53640,0.000300052,0.0296656,27172,2.34417e-05,7.34141,
682,3,39436,0.000288813,0.0301542,20034,0.000110277,7.7434,
682,4,37211,0.000303833,0.0323616,18902,0.000163962,7.75806,
682,5,36821,0.000301364,0.0336069,18707,0.000176507,7.73428,
682,6,36715,0.000299851,0.0324722,18653,0.000179324,7.70979,
666,0,20000,0.01,0.0141421,10201,0,15915.2,
666,1,465538,0.000579293,0.0500998,233559,0.000309871,8984.28,
666,2,260204,0.000303963,0.117542,131794,0.000499505,3961.89,
666,3,123995,0.000294024,0.19405,63761,0.00272336,3924.1,
666,4,95523,0.000286399,0.238286,49526,0.00513862,3878.75,
666,5,92805,0.000281781,0.240761,48166,0.00608695,3833.5,
666,6,92209,0.000284598,0.25014,47868,0.00589706,3800.1,
681,0,20000,0.01,0.0141421,10201,0,7.87897,
681,1,79266,0.000629492,0.0366645,40006,4.70177e-07,8.39318,
681,2,100456,0.00030173,0.0173659,50693,1.49715e-05,6.68661,
681,3,79314,0.000305891,0.0218127,40087,6.15074e-05,7.0542,
681,4,72309,0.000299607,0.0238578,36563,8.35642e-05,7.08335,
681,5,71366,0.000298244,0.0248052,36084,9.19457e-05,7.0714,
681,6,71110,0.000297974,0.0260042,35957,9.28457e-05,7.0796,
689,0,20000,0.01,0.0141421,10201,0,921.981,
689,1,53757,0.000597184,0.0490682,27599,0.000640258,94.2621,
689,2,43069,0.000319009,0.109654,22440,5.58024e-05,52.8155,
689,3,25107,0.000313324,0.22901,13163,0.000149143,77.1933,
689,4,20930,0.000314826,0.229857,10981,0.000249196,87.9018,
689,5,19857,0.000315013,0.220689,10419,0.000296889,90.1842,
689,6,19398,0.000316003,0.230043,10180,0.000313123,91.1313,
689,7,19181,0.00031375,0.233168,10069,0.000314305,91.6773,
689,8,19018,0.000313132,0.229942,9986,0.000324193,92.2912,
690,0,20000,0.01,0.0141421,10201,0,921.981,
690,1,25527,0.000702499,0.0516212,13232,0.00238171,145.548,
690,2,11473,0.000399516,0.116401,6165,0.000537556,166.375,
690,3,6554,0.000324553,0.218537,3573,0.00101082,236.397,
690,4,4909,0.000319047,0.276043,2694,0.00172456,306.346,
690,5,4510,0.000318134,0.260256,2483,0.00209724,321.155,
690,6,4379,0.000306734,0.253627,2413,0.00249353,324.608,
690,7,4281,0.000299064,0.253605,2361,0.00265515,330.546,
690,8,4254,0.000296247,0.248351,2347,0.00275203,329.692,
688,0,20000,0.01,0.0141421,10201,0,921.981,
688,1,68106,0.000604573,0.0490591,34844,0.000167726,91.6858,
688,2,101727,0.000310693,0.111684,52321,3.42034e-05,27.5789,
688,3,77264,0.00030873,0.208432,39835,5.93314e-05,31.5065,
688,4,72850,0.000305664,0.21589,37486,8.15757e-05,31.9904,
688,5,72065,0.000299317,0.204159,37066,8.63873e-05,31.8365,
688,6,71716,0.000297767,0.203882,36887,8.58397e-05,31.7813,
677,0,20000,0.01,0.0141421,10201,0,12.9486,
677,1,187233,0.000600728,0.0524536,94485,9.68916e-07,7.84262,
677,2,184438,0.00030339,0.0798892,92981,6.13407e-06,7.47634,
677,3,145055,0.000298706,0.10957,73151,3.58631e-05,7.65465,
677,4,129803,0.000296072,0.100892,65498,4.67919e-05,7.69606,
677,5,127354,0.000297316,0.10202,64257,5.18364e-05,7.69571,
677,6,126401,0.000293713,0.108263,63781,5.24468e-05,7.66713,
687,0,20000,0.01,0.0141421,10201,0,921.981,
687,1,76995,0.000605401,0.0512435,39312,6.31126e-05,88.9619,
687,2,150299,0.000291062,0.121673,76883,2.85228e-05,23.4522,
687,3,142399,0.000295165,0.21442,72823,4.34909e-05,23.7238,
687,4,135257,0.000290804,0.22314,69195,5.00262e-05,23.8715,
687,5,135436,0.000296994,0.225496,69254,5.31809e-05,23.7531,
693,0,20000,0.01,0.0141421,10201,0,7.90093,
693,1,48463,0.000631633,0.0453234,24532,3.83776e-07,7.6226,
693,2,46698,0.000312227,0.065749,23662,2.33075e-05,7.34528,
693,3,33576,0.000310235,0.0800262,17071,0.000129222,7.81312,
693,4,31328,0.000309029,0.088,15930,0.000193978,7.85989,
693,5,31049,0.000307284,0.0767949,15789,0.000209715,7.83882,
694,0,20000,0.01,0.0141421,10201,0,7.90093,
694,1,30410,0.000641556,0.0501537,15456,3.54009e-07,7.63305,
694,2,21661,0.000307974,0.0878816,11056,3.62966e-05,7.00241,
694,3,15178,0.000306734,0.100055,7782,0.000268697,7.41382,
694,4,14081,0.000306608,0.110182,7222,0.0004123,7.41789,
694,5,13894,0.000307369,0.107155,7129,0.000445834,7.38437,
694,6,13816,0.000304392,0.105788,7091,0.000451195,7.35991,
695,0,20000,0.01,0.0141421,10201,0,7.90093,
695,1,16941,0.00067339,0.0500794,8672,6.28543e-07,7.80949,
695,2,8262,0.000322457,0.0943536,4282,6.14208e-05,7.61794,
695,3,5026,0.000321578,0.190362,2629,0.000656685,8.28263,
695,4,4348,0.000314088,0.162817,2281,0.0011233,8.44319,
695,5,4269,0.0003174,0.160059,2241,0.00129473,8.45281,
695,6,4237,0.000321726,0.175304,2224,0.00131936,8.40772,
697,0,20000,0.01,0.0141421,10201,0,12.2804,
697,1,118417,0.000635036,0.0451678,59879,1.76871e-06,8.35448,
697,2,85050,0.000305823,0.0863087,43046,1.01316e-05,7.06057,
697,3,59499,0.000313551,0.114064,30167,7.14478e-05,7.49484,
697,4,54340,0.000308232,0.12587,27561,0.000109328,7.53439,
697,5,53455,0.000306927,0.124765,27114,0.000119822,7.52944,
697,6,53146,0.000305657,0.128682,26958,0.000121755,7.50119,
686,0,20000,0.01,0.0141421,10201,0,921.981,
686,1,98915,0.000608656,0.0490524,50299,1.81262e-05,90.0384,
686,2,220239,0.000296001,0.110053,111911,2.84372e-05,20.8489,
686,3,232992,0.00029665,0.166821,118372,3.21906e-05,20.8152,
686,4,214695,0.000292738,0.2168,109226,3.37417e-05,20.8726,
686,5,216814,0.000284397,0.224537,110283,3.64266e-05,20.8049,
698,0,20000,0.01,0.0141421,10201,0,12.2804,
698,1,94425,0.000670986,0.0493975,47804,2.44089e-06,7.87378,
698,2,60850,0.000306529,0.0939478,30874,1.21809e-05,7.82414,
698,3,42101,0.000297249,0.13382,21410,9.97912e-05,8.31996,
698,4,38527,0.000295666,0.130221,19596,0.000160259,8.37285,
698,5,37876,0.000293082,0.135186,19268,0.000178211,8.33802,
698,6,37619,0.000292625,0.13913,19137,0.000182037,8.32778,
700,0,20000,0.01,0.0141421,10201,0,12.2804,
700,1,59045,0.000641498,0.0492904,29989,4.58258e-06,8.6922,
700,2,32793,0.000312163,0.104265,16738,2.032e-05,9.42634,
700,3,22667,0.000309136,0.14044,11600,0.000190612,9.2542,
700,4,20584,0.000297512,0.155839,10539,0.000329005,9.12895,
700,5,20163,0.000303592,0.143023,10326,0.000350413,9.11592,
700,6,19982,0.000300434,0.142141,10235,0.000356218,9.11631,
699,0,20000,0.01,0.0141421,10201,0,12.2804,
699,1,81781,0.000623556,0.0493241,41440,2.96993e-06,9.7688,
699,2,50071,0.000304781,0.0883226,25448,1.52114e-05,7.4396,
699,3,34503,0.000314101,0.134521,17580,0.000121555,8.04023,
699,4,31662,0.000313649,0.133351,16133,0.000186757,8.12387,
699,5,31048,0.000316006,0.1445,15821,0.00020227,8.13752,
699,6,30859,0.000315155,0.146294,15727,0.000205446,8.1535,
696,0,20000,0.01,0.0141421,10201,0,12.2804,
696,1,179071,0.000612286,0.0507521,90384,9.62866e-07,9.36227,
696,2,168036,0.000307785,0.0831746,84740,7.2067e-06,7.08581,
696,3,130522,0.000288287,0.111427,65855,3.84205e-05,7.39887,
696,4,116908,0.000298725,0.113753,59021,5.46351e-05,7.42101,
696,5,114676,0.000299531,0.101708,57888,6.1466e-05,7.43773,
696,6,113899,0.000298558,0.107651,57501,6.29467e-05,7.44549,
692,0,20000,0.01,0.0141421,10201,0,7.90093,
692,1,140803,0.000621298,0.0445302,70860,4.57109e-07,9.77198,
692,2,216323,0.000305868,0.0434345,108808,9.32088e-06,6.7438,
692,3,199557,0.000289278,0.041324,100390,2.87343e-05,7.15086,
692,4,174637,0.000285334,0.0422007,87916,3.34218e-05,7.17564,
692,5,173223,0.000285088,0.0390173,87189,3.79904e-05,7.16549,
704,0,20000,0.01,0.0141421,10201,0,12.7696,
704,1,86626,0.000661607,0.0518988,43882,2.9844e-06,9.80494,
704,2,57339,0.000316824,0.113988,29097,1.43302e-05,7.97375,
704,3,38217,0.000303352,0.127401,19453,0.000114319,7.68038,
704,4,34674,0.00031044,0.123538,17653,0.000180563,7.78757,
704,5,34035,0.000312282,0.132282,17329,0.000195693,7.7734,
704,6,33764,0.000315929,0.128771,17192,0.000196923,7.7792,
705,0,20000,0.01,0.0141421,10201,0,12.7696,
705,1,62760,0.000648447,0.0516204,31865,4.6039e-06,10.2576,
705,2,37665,0.000309601,0.118078,19187,1.99892e-05,7.73052,
705,3,25161,0.000301683,0.138071,12864,0.000158752,8.31152,
705,4,22540,0.000311767,0.142083,11529,0.000254884,8.40484,
705,5,21993,0.000318288,0.147199,11249,0.000281815,8.41327,
705,6,21744,0.000326864,0.136012,11122,0.000287622,8.38864,
705,7,21668,0.000327582,0.146447,11085,0.000288083,8.39301,
703,0,20000,0.01,0.0141421,10201,0,12.7696,
703,1,124920,0.000642184,0.052213,63154,1.77729e-06,8.0046,
703,2,94712,0.000305209,0.110523,47899,8.97601e-06,7.95882,
703,3,66584,0.000303125,0.116931,33729,6.82968e-05,7.64385,
703,4,59655,0.000301212,0.121809,30237,0.00010299,7.74848,
703,5,58532,0.000297842,0.119192,29668,0.000112262,7.73724,
703,6,58152,0.000313701,0.122224,29477,0.000112446,7.76038,
702,0,20000,0.01,0.0141421,10201,0,12.7696,
702,1,185325,0.000611568,0.0464672,93526,9.66583e-07,7.83862,
702,2,179271,0.000308546,0.0908758,90388,6.11592e-06,7.49829,
702,3,140471,0.000305655,0.110338,70850,3.73245e-05,7.08206,
702,4,125910,0.000314,0.115791,63542,4.90987e-05,7.1686,
702,5,123687,0.000310702,0.117744,62415,5.41543e-05,7.16828,
702,6,122893,0.000310753,0.108167,62020,5.45186e-05,7.1687,
691,0,20000,0.01,0.0141421,10201,0,7.90093,
691,1,187129,0.000611606,0.0383632,94079,4.69621e-07,7.61991,
691,2,311337,0.000305713,0.0337711,156436,6.41636e-06,7.07632,
691,3,303954,0.000294924,0.0365037,152711,2.03358e-05,7.50899,
691,4,268953,0.000294033,0.0344889,135205,2.30858e-05,7.54285,
691,5,266508,0.000288509,0.0376254,133957,2.63559e-05,7.54397,
709,0,20000,0.01,0.0141421,10201,0,7.7202,
709,1,73619,0.000612554,0.044944,37183,4.26894e-07,7.74517,
709,2,87407,0.000303996,0.0315283,44154,1.53458e-05,7.16088,
709,3,68690,0.000288621,0.03258,34759,7.05668e-05,7.55533,
709,4,62905,0.000285611,0.0364223,31844,0.000100421,7.60059,
709,5,62444,0.000292539,0.038067,31610,0.000111918,7.58682,
710,0,20000,0.01,0.0141421,10201,0,7.7202,
710,1,49404,0.000607026,0.0386918,25018,4.1812e-07,7.67471,
710,2,47758,0.000307065,0.0450614,24220,2.40045e-05,7.2866,
710,3,35089,0.000305071,0.0465485,17851,0.000122129,7.62415,
710,4,32874,0.000304577,0.0555577,16726,0.000178129,7.622,
710,5,32608,0.000299243,0.0556686,16592,0.000190723,7.61855,
708,0,20000,0.01,0.0141421,10201,0,7.7202,
708,1,98244,0.000625952,0.0382181,49545,4.37418e-07,7.36916,
708,2,132549,0.000306058,0.0289352,66817,1.2091e-05,7.35583,
708,3,111019,0.000296911,0.0269042,56019,5.01332e-05,7.69698,
708,4,99806,0.000301444,0.0281726,50390,6.58023e-05,7.72224,
708,5,98609,0.000303236,0.0278097,49782,7.40136e-05,7.70745,
708,6,98280,0.000301231,0.0284759,49619,7.49576e-05,7.70369,
707,0,20000,0.01,0.0141421,10201,0,7.7202,
707,1,148252,0.000622935,0.03607,74629,4.52654e-07,7.54241,
707,2,229962,0.00029709,0.0166925,115679,7.93593e-06,7.24794,
707,3,213006,0.000296125,0.0197389,107175,2.55951e-05,7.68108,
707,4,187033,0.000288853,0.0186156,94171,2.9833e-05,7.69931,
707,5,185563,0.000295422,0.0196735,93416,3.42862e-05,7.67816,
676,0,20000,0.01,0.0141421,10201,0,12.9486,
676,1,265220,0.000603159,0.0506179,133587,5.94966e-07,7.61792,
676,2,414180,0.00030713,0.0778529,208269,4.40522e-06,8.01133,
676,3,372891,0.000300192,0.0845385,187430,1.59937e-05,8.33613,
676,4,328290,0.000299713,0.0823593,165085,1.96519e-05,8.33125,
676,5,322654,0.000300594,0.0826374,162223,2.2645e-05,8.318,
676,6,320105,0.000300313,0.0892943,160950,2.32135e-05,8.28301,
714,0,20000,0.01,0.0141421,10201,0,7.73729,
714,1,81042,0.000617701,0.0514326,40907,4.14622e-07,7.57369,
714,2,98357,0.000305208,0.0579055,49640,1.42716e-05,7.38483,
714,3,79422,0.000290324,0.056525,40144,6.4148e-05,7.76123,
714,4,73482,0.000287759,0.061989,37153,8.72226e-05,7.79778,
714,5,72717,0.000288349,0.0628386,36767,9.53711e-05,7.80254,
714,6,72421,0.000286645,0.0646264,36618,9.65125e-05,7.79774,
715,0,20000,0.01,0.0141421,10201,0,7.73729,
715,1,57401,0.000635331,0.044047,29035,3.88334e-07,8.23384,
715,2,58537,0.000307703,0.0789019,29636,1.89707e-05,6.9888,
715,3,44319,0.000301457,0.0651433,22496,0.000104879,7.33034,
715,4,41572,0.000296721,0.0827313,21101,0.000146091,7.34267,
715,5,41167,0.000293288,0.0749803,20899,0.000154159,7.32489,
713,0,20000,0.01,0.0141421,10201,0,7.73729,
713,1,100996,0.000641364,0.0455573,50922,4.28878e-07,7.2924,
713,2,134520,0.00030146,0.0560474,67793,1.14739e-05,6.7649,
713,3,115000,0.000301581,0.0496395,58006,4.59714e-05,7.12332,
713,4,103542,0.000297312,0.0501686,52258,6.01024e-05,7.16031,
713,5,102403,0.00029624,0.0592207,51678,6.75872e-05,7.17079,
713,6,101924,0.000295276,0.051461,51438,6.85331e-05,7.17508,
717,0,20000,0.01,0.0141421,10201,0,8.40594,
717,1,79229,0.000614742,0.0510185,40071,8.3404e-07,9.84403,
717,2,70268,0.00031065,0.0560968,35559,1.57464e-05,6.73095,
717,3,51912,0.00030039,0.0716647,26330,8.67415e-05,7.08877,
717,4,47840,0.000309053,0.0686063,24267,0.000126222,7.09609,
717,5,47031,0.00030794,0.0701369,23858,0.000136791,7.08611,
717,6,46764,0.000307521,0.0720532,23725,0.000138911,7.07088,
712,0,20000,0.01,0.0141421,10201,0,7.73729,
712,1,140311,0.000611438,0.0411357,70640,4.46943e-07,7.86576,
712,2,213617,0.000306228,0.046787,107469,8.06556e-06,6.93771,
712,3,196289,0.000282859,0.040248,98780,2.82422e-05,7.16011,
712,4,172556,0.000291545,0.0458379,86894,3.31054e-05,7.18657,
712,5,171240,0.000289156,0.0473743,86219,3.76522e-05,7.19309,
718,0,20000,0.01,0.0141421,10201,0,8.40594,
718,1,44321,0.000653394,0.0451075,22510,1.42589e-06,7.23398,
718,2,32728,0.000314673,0.094933,16664,2.51646e-05,7.55708,
718,3,24255,0.000293796,0.0873731,12389,0.000186425,8.02019,
718,4,22960,0.000283076,0.0965516,11725,0.000279814,8.05008,
718,5,22555,0.000287391,0.0922531,11523,0.000298525,8.01679,
718,6,22385,0.000289142,0.0947172,11437,0.000302559,8.04003,
719,0,20000,0.01,0.0141421,10201,0,8.40594,
719,1,35843,0.000624841,0.0517605,18240,1.8246e-06,9.36251,
719,2,26207,0.000323303,0.0745083,13369,3.40343e-05,7.0924,
719,3,18642,0.00030628,0.0988493,9552,0.000231389,7.57429,
719,4,17115,0.00030171,0.0920697,8774,0.000363312,7.64997,
719,5,16836,0.00030002,0.100984,8633,0.000400403,7.62758,
719,6,16749,0.000298538,0.0994026,8590,0.000405183,7.61801,
720,0,20000,0.01,0.0141421,10201,0,8.40594,
720,1,29981,0.000624064,0.0506909,15284,2.29202e-06,9.55618,
720,2,20329,0.000306013,0.0877093,10402,3.95886e-05,7.21059,
720,3,14727,0.000298456,0.104631,7569,0.000288788,7.75058,
720,4,13659,0.000295977,0.103477,7023,0.000423168,7.79805,
720,5,13421,0.000297144,0.107663,6902,0.000450405,7.79262,
720,6,13307,0.000299146,0.116842,6845,0.000454346,7.80745,
706,0,20000,0.01,0.0141421,10201,0,7.7202,
706,1,198208,0.000612036,0.0372039,99674,4.6232e-07,8.21203,
706,2,333857,0.000300044,0.0111495,167769,6.11189e-06,7.10244,
706,3,325483,0.000299424,0.0146327,163545,1.81942e-05,7.44786,
706,4,288868,0.000294906,0.0149131,145233,2.09246e-05,7.4838,
706,5,286427,0.000287578,0.0151199,143983,2.40176e-05,7.48321,
716,0,20000,0.01,0.0141421,10201,0,8.40594,
716,1,165257,0.000625676,0.0506963,83279,5.56691e-07,8.1979,
716,2,171160,0.000303143,0.0410757,86225,6.40501e-06,6.62956,
716,3,135740,0.000300969,0.0463465,68435,3.65085e-05,6.99663,
716,4,120598,0.000299133,0.0536726,60837,4.92266e-05,7.02604,
716,5,118725,0.000296736,0.0515623,59885,5.51188e-05,7.00894,
716,6,117932,0.000298432,0.0464768,59490,5.56032e-05,7.00533,
723,0,20000,0.01,0.0141421,10201,0,7.73962,
723,1,94290,0.000615299,0.0421601,47556,4.2462e-07,7.19047,
723,2,122331,0.000304628,0.0612692,61672,1.26124e-05,6.92833,
723,3,101648,0.00028988,0.0548566,51303,5.05901e-05,7.56855,
723,4,92653,0.000287202,0.0572806,46787,7.38845e-05,7.33004,
723,5,91821,0.000296623,0.05796,46364,7.83055e-05,7.30381,
725,0,20000,0.01,0.0141421,10201,0,7.73962,
725,1,48124,0.00063119,0.0454452,24372,3.73044e-07,7.25878,
725,2,45905,0.000311267,0.0679708,23280,2.33706e-05,8.74777,
725,3,33137,0.000283795,0.0826591,16862,0.000141838,7.2537,
725,4,30945,0.000281688,0.0871822,15748,0.000203684,7.57572,
725,5,30658,0.000283408,0.0843355,15605,0.000215566,7.57862,
711,0,20000,0.01,0.0141421,10201,0,7.73729,
711,1,185880,0.000619413,0.0418461,93483,4.59383e-07,9.07622,
711,2,308855,0.000301553,0.0376592,155218,6.91463e-06,7.12756,
711,3,301347,0.000294106,0.0370282,151434,2.13185e-05,7.49393,
711,4,267177,0.000295613,0.0380324,134343,2.41274e-05,7.51363,
711,5,264810,0.000293823,0.0366874,133133,2.74007e-05,7.50938,
724,0,20000,0.01,0.0141421,10201,0,7.73962,
724,1,71035,0.000635003,0.0450001,35883,4.04948e-07,8.81324,
724,2,81930,0.000305402,0.0721684,41388,1.57803e-05,7.34913,
724,3,64104,0.000294964,0.0594763,32444,8.11125e-05,7.72587,
724,4,59139,0.00029542,0.0644578,29943,0.000114169,7.74359,
724,5,58656,0.000294605,0.0676809,29698,0.000124713,7.72141,
701,0,20000,0.01,0.0141421,10201,0,12.7696,
701,1,262244,0.000608192,0.0459208,132097,5.93894e-07,7.82176,
701,2,402507,0.000303938,0.0659551,202415,4.49397e-06,6.83254,
701,3,360761,0.000300354,0.0822917,181346,1.57076e-05,7.13935,
701,4,317677,0.000299686,0.0841585,159767,1.95217e-05,7.15605,
701,5,312815,0.000296018,0.0902165,157290,2.24722e-05,7.15754,
701,6,310024,0.000295753,0.083451,155898,2.28855e-05,7.16037,
729,0,20000,0.01,0.0141421,10201,0,7.72024,
729,1,73354,0.000618518,0.0390306,37050,4.25423e-07,7.40368,
729,2,87371,0.000305882,0.0318858,44130,1.56878e-05,7.36225,
729,3,68757,0.000310427,0.0347851,34792,7.72961e-05,7.7181,
729,4,63114,0.000311809,0.0361129,31947,0.000107824,7.7255,
729,5,62412,0.000311165,0.0367663,31593,0.000118103,7.70252,
729,6,62221,0.000311217,0.0338582,31497,0.000119243,7.68719,
722,0,20000,0.01,0.0141421,10201,0,7.73962,
722,1,139597,0.000620484,0.0443635,70282,4.47053e-07,7.7663,
722,2,212356,0.000305693,0.0457177,106837,8.12021e-06,7.54502,
722,3,196095,0.000290204,0.0404703,98679,2.8608e-05,8.10612,
722,4,172610,0.000288147,0.0413829,86920,3.34016e-05,8.15711,
722,5,170937,0.00028451,0.042098,86067,3.81723e-05,8.14719,
730,0,20000,0.01,0.0141421,10201,0,7.72024,
730,1,30638,0.000623009,0.0446435,15578,4.35614e-07,7.95139,
730,2,22354,0.000317786,0.0797594,11419,3.55169e-05,7.70552,
730,3,15800,0.00030214,0.0763933,8110,0.000277859,7.20737,
730,4,14776,0.000305963,0.0797716,7584,0.000414445,7.26016,
730,5,14578,0.00030469,0.0844973,7486,0.000434372,7.26243,
730,6,14492,0.000298496,0.0793779,7442,0.000434925,7.25571,
728,0,20000,0.01,0.0141421,10201,0,7.72024,
728,1,98246,0.000620893,0.037907,49546,4.36528e-07,8.10147,
728,2,131707,0.000307724,0.0260794,66395,1.17343e-05,7.70589,
728,3,111292,0.000302999,0.0251204,56153,4.74732e-05,8.02078,
728,4,99593,0.000291338,0.0276291,50283,6.28693e-05,8.05636,
728,5,98037,0.000286766,0.0293265,49497,7.14744e-05,8.04825,
728,6,97676,0.000290528,0.028436,49315,7.29117e-05,8.0382,
727,0,20000,0.01,0.0141421,10201,0,7.72024,
727,1,147679,0.000615774,0.0385393,74342,4.522e-07,9.1643,
727,2,228076,0.000301462,0.0158516,114736,8.62131e-06,6.8141,
727,3,211681,0.000286739,0.0187482,106510,2.72497e-05,7.19814,
727,4,185766,0.000291388,0.0198512,93534,3.25967e-05,7.20285,
727,5,184329,0.000292426,0.0207013,92798,3.75125e-05,7.21286,
721,0,20000,0.01,0.0141421,10201,0,7.73962,
721,1,185100,0.000606683,0.0455653,93091,4.59546e-07,7.1753,
721,2,307858,0.000302075,0.0370639,154716,6.24992e-06,7.00662,
721,3,300818,0.000293192,0.0365992,151165,1.97532e-05,7.4383,
721,4,265841,0.000288631,0.036769,133671,2.26419e-05,7.46656,
721,5,263944,0.000292229,0.0374727,132696,2.60068e-05,7.46464,
735,0,20000,0.01,0.0141421,10201,0,7.72048,
735,1,97594,0.000631099,0.0374093,49217,4.33355e-07,7.40332,
735,2,129190,0.000297313,0.0258782,65128,1.19485e-05,7.57297,
735,3,109258,0.000299072,0.0261946,55130,4.93525e-05,7.97191,
735,4,98294,0.00029646,0.0279434,49631,6.46875e-05,7.97011,
735,5,97105,0.000293571,0.0305754,49022,7.27791e-05,7.94047,
735,6,96658,0.000289961,0.0301355,48801,7.38979e-05,7.92822,
726,0,20000,0.01,0.0141421,10201,0,7.72024,
726,1,197826,0.000599327,0.0367762,99481,4.62031e-07,8.11313,
726,2,332716,0.000295622,0.0109094,167195,5.81216e-06,7.19532,
726,3,324090,0.000301036,0.015802,162848,1.76988e-05,7.56604,
726,4,287707,0.000297166,0.0145806,144648,1.95786e-05,7.57678,
726,5,285025,0.000293328,0.0161268,143281,2.22299e-05,7.56673,
734,0,20000,0.01,0.0141421,10201,0,7.72048,
734,1,146282,0.000625193,0.0388923,73639,4.50574e-07,7.8273,
734,2,226079,0.000306031,0.0165824,113735,7.84674e-06,8.13893,
734,3,208309,0.000301671,0.0194839,104814,3.11512e-05,8.59969,
734,4,183047,0.000295646,0.0194707,92168,3.72078e-05,8.63419,
734,5,181273,0.000294192,0.0208536,91262,4.30069e-05,8.60875,
733,0,20000,0.01,0.0141421,10201,0,7.72048,
733,1,167933,0.00063634,0.0386452,84494,4.55615e-07,7.33223,
733,2,268788,0.000300206,0.0131011,135145,6.86339e-06,6.73295,
733,3,254153,0.000296018,0.0190423,127798,2.20421e-05,7.08942,
733,4,225067,0.000290303,0.018182,113239,2.51234e-05,7.09025,
733,5,222820,0.000288463,0.0186292,112095,2.85174e-05,7.05924,
733,6,221368,0.000290003,0.0182177,111372,2.87849e-05,7.04655,
732,0,20000,0.01,0.0141421,10201,0,7.72048,
732,1,195565,0.000624402,0.0333349,98345,4.60993e-07,7.41452,
732,2,328004,0.000300222,0.0135145,164829,5.91837e-06,6.92841,
732,3,320177,0.000297556,0.0174764,160882,1.85715e-05,7.2407,
732,4,283990,0.000293731,0.0157049,142783,2.03676e-05,7.23316,
732,5,281547,0.000286165,0.0161843,141536,2.30228e-05,7.23323,
731,0,20000,0.01,0.0141421,10201,0,7.72048,
731,1,235750,0.000621155,0.0348433,118483,4.66739e-07,7.63791,
731,2,416727,0.00030075,0.0111505,209290,4.7995e-06,7.5286,
731,3,416793,0.000294083,0.0153207,209290,1.59839e-05,7.93458,
731,4,369137,0.000283961,0.0133335,185458,1.76067e-05,7.95228,
731,5,366509,0.000287095,0.0140769,184112,2.00496e-05,7.93967,
740,0,20000,0.01,0.0141421,10201,0,993356,
740,1,451188,0.000604083,0.0513187,226425,0.00396415,659152,
740,2,148589,0.000301144,0.105881,75992,0.0485897,329069,
740,3,54826,0.000288207,0.26941,29173,0.416616,325366,
740,4,39507,0.000281156,0.345998,21511,0.963369,318333,
740,5,37552,0.000286387,0.352111,20531,1.18695,313706,
740,6,37278,0.000275707,0.391208,20394,1.15894,309182,
739,0,20000,0.01,0.0141421,10201,0,993356,
739,1,572894,0.000616488,0.0454895,287303,0.00277558,659555,
739,2,177205,0.000282871,0.113274,90312,0.0381836,328695,
739,3,64118,0.000293417,0.203652,33824,0.35276,326493,
739,4,45583,0.000290402,0.284473,24551,0.906609,320310,
739,5,42762,0.000285841,0.419982,23137,1.15065,315741,
739,6,42403,0.000289536,0.392425,22957,1.15449,311725,
741,0,20000,0.01,0.0141421,10201,0,59665.1,
741,1,88997,0.000586871,0.0520524,45288,0.000124789,8100.35,
741,2,197735,0.000301225,0.126078,100580,0.00365026,1882.82,
741,3,197549,0.000294509,0.255559,100546,0.00373505,1825.09,
741,4,188694,0.00029159,0.379135,96123,0.00368951,1976,
741,5,189641,0.000286419,0.373952,96592,0.00444158,2010.64,
742,0,20000,0.01,0.0141421,10201,0,59665.1,
742,1,84005,0.000601128,0.0491537,42787,0.000129777,7886,
742,2,145234,0.000297878,0.111756,74174,0.00355741,1957.99,
742,3,126318,0.000278464,0.225102,64503,0.00555101,1792.98,
742,4,122598,0.000289316,0.396721,62543,0.00567687,1915.87,
742,5,122017,0.00029908,0.379202,62238,0.00661331,1936.69,
744,0,20000,0.01,0.0141421,10201,0,59665.1,
744,1,48915,0.000604779,0.0514423,25045,0.000197593,8199.24,
744,2,64852,0.000303754,0.128992,33335,0.0055808,2048.95,
744,3,53711,0.000295239,0.239,27740,0.0112048,2014.62,
744,4,52988,0.000287439,0.378506,27356,0.0127074,1973.58,
744,5,52777,0.000286637,0.358829,27250,0.0123605,2077.98,
745,0,20000,0.01,0.0141421,10201,0,59665.1,
745,1,41459,0.000585942,0.0463248,21237,0.000267511,8020.14,
745,2,54749,0.000309496,0.10786,28217,0.00625103,1988.93,
745,3,43008,0.000296909,0.221326,22319,0.0113156,1978.41,
745,4,42043,0.000303962,0.382803,21820,0.0127513,1978.35,
745,5,41882,0.000301047,0.368464,21746,0.013212,1941.45,
738,0,20000,0.01,0.0141421,10201,0,993356,
738,1,687006,0.000606732,0.0452732,344384,0.00254978,656550,
738,2,203030,0.000301509,0.113856,103237,0.0334198,328922,
738,3,72178,0.000298183,0.220228,37861,0.30947,327606,
738,4,50562,0.00027594,0.338845,27043,0.823743,323975,
738,5,47321,0.0002857,0.333998,25419,1.09242,318861,
738,6,46924,0.000280961,0.33839,25220,1.09558,316302,
743,0,20000,0.01,0.0141421,10201,0,59665.1,
743,1,71802,0.000592199,0.0458991,36643,0.000148881,7977.32,
743,2,90844,0.000305733,0.113722,46515,0.00411161,1902.39,
743,3,75635,0.000302087,0.237858,38824,0.00754586,1832.1,
743,4,74482,0.000297348,0.369355,38235,0.00816589,1924.87,
743,5,74188,0.000288012,0.351047,38084,0.0092957,2030.99,
749,0,20000,0.01,0.0141421,10201,0,1250.9,
749,1,72086,0.000590161,0.04531,36496,0.000113169,772.304,
749,2,63440,0.000310146,0.10986,32160,0.00120619,610.285,
749,3,45988,0.000312969,0.224842,23337,0.00819812,713.266,
749,4,42289,0.00030664,0.342801,21472,0.0133511,679.485,
749,5,41601,0.000303584,0.322918,21120,0.0138925,821.031,
749,6,41338,0.000301034,0.330013,20987,0.0171177,711.866,
750,0,20000,0.01,0.0141421,10201,0,1250.9,
750,1,50167,0.000603851,0.0513695,25465,0.000304379,998.253,
750,2,23642,0.000322879,0.133705,12110,0.00216502,679.404,
750,3,15144,0.000316271,0.236967,7780,0.0215684,958.707,
750,4,12814,0.000320241,0.306772,6595,0.0475944,832.923,
750,5,12357,0.000321867,0.363417,6360,0.0463184,850.578,
750,6,12203,0.00032116,0.345142,6282,0.0489529,727.293,
750,7,12149,0.000321347,0.342694,6255,0.041708,970.576,
737,0,20000,0.01,0.0141421,10201,0,993356,
737,1,763546,0.000582933,0.0510629,382673,0.0025306,655989,
737,2,220280,0.000302495,0.121347,111869,0.0289574,330015,
737,3,77571,0.000296535,0.251937,40561,0.293129,327778,
737,4,54471,0.000281127,0.291211,29000,0.799945,325958,
737,5,50984,0.000285119,0.368891,27252,1.01728,322017,
737,6,50539,0.000290176,0.385032,27028,1.00908,318909,
736,0,20000,0.01,0.0141421,10201,0,993356,
736,1,816676,0.000614619,0.0453982,409254,0.00253637,659319,
736,2,243826,0.000304843,0.10772,123650,0.0268577,326873,
736,3,84130,0.000289174,0.259121,43844,0.268182,325508,
736,4,57577,0.000288668,0.244584,30555,0.687163,323242,
736,5,53464,0.000279117,0.328916,28493,0.924347,319648,
736,6,52955,0.000289071,0.400208,28237,0.944855,317576,
748,0,20000,0.01,0.0141421,10201,0,1250.9,
748,1,97990,0.000621232,0.0515102,49520,6.23586e-05,903.515,
748,2,179541,0.000301972,0.119487,90495,0.000977722,706.78,
748,3,155702,0.000306908,0.249632,78478,0.00336379,623.515,
748,4,138580,0.000305019,0.312729,69851,0.00347015,691.481,
748,5,137333,0.000305405,0.324532,69211,0.00434723,709.777,
747,0,20000,0.01,0.0141421,10201,0,1250.9,
747,1,109650,0.000606214,0.0506227,55382,5.62468e-05,857.019,
747,2,230508,0.000292089,0.126692,116099,0.000840505,935.476,
747,3,226623,0.000301994,0.231675,114050,0.00326191,738.328,
747,4,203096,0.000293747,0.320158,102222,0.0026448,982.496,
747,5,201557,0.000290021,0.400415,101440,0.00392998,743.489,
746,0,20000,0.01,0.0141421,10201,0,1250.9,
746,1,142687,0.000587636,0.0452199,71986,4.97767e-05,728.109,
746,2,345385,0.000303386,0.106743,173654,0.000568207,586.848,
746,3,385029,0.000288705,0.230688,193541,0.00140317,746.491,
746,4,342403,0.000285224,0.381121,172194,0.00159242,838.164,
746,5,344301,0.000283183,0.362174,173132,0.00203356,772.894,
755,0,20000,0.01,0.0141421,10201,0,989890,
755,1,570136,0.000589554,0.0460507,285923,0.00276764,657781,
755,2,175086,0.000301156,0.114449,89253,0.0398989,330882,
755,3,63522,0.00028774,0.204228,33527,0.371689,328035,
755,4,45356,0.000282716,0.305361,24438,0.896443,322022,
755,5,42622,0.000285954,0.33281,23068,1.15585,317079,
755,6,42289,0.000277773,0.332917,22901,1.17704,313831,
753,0,20000,0.01,0.0141421,10201,0,989890,
753,1,759544,0.000608766,0.0510729,380672,0.00252212,658995,
753,2,224431,0.000301153,0.124257,113945,0.0291874,330174,
753,3,78575,0.000297541,0.211096,41062,0.273391,328406,
753,4,54639,0.000290257,0.322433,29083,0.697888,324417,
753,5,50914,0.000280972,0.322966,27216,0.967916,321343,
753,6,50428,0.000288477,0.331394,26971,1.00959,318191,
754,0,20000,0.01,0.0141421,10201,0,989890,
754,1,685792,0.000606323,0.0452476,343777,0.00254153,659103,
754,2,203685,0.000307691,0.110921,103566,0.0316444,328629,
754,3,72270,0.00028545,0.228774,37908,0.2976,327060,
754,4,50770,0.000280958,0.319131,27148,0.775614,322492,
754,5,47559,0.000280913,0.322189,25539,1.01634,317897,
754,6,47150,0.000284694,0.3345,25333,1.079,314556,
752,0,20000,0.01,0.0141421,10201,0,989890,
752,1,810418,0.000576248,0.0519247,406124,0.00252776,658806,
752,2,232753,0.000302103,0.116014,118113,0.0289753,330198,
752,3,82093,0.00029224,0.225069,42825,0.27535,328435,
752,4,57125,0.000286771,0.305429,30328,0.69949,326085,
752,5,53243,0.000283883,0.322302,28382,0.925844,322919,
752,6,52751,0.000284121,0.336948,28134,0.946676,319698,
751,0,20000,0.01,0.0141421,10201,0,989890,
751,1,844506,0.000573283,0.0513232,423180,0.00253422,657536,
751,2,242290,0.00029975,0.113118,122888,0.0253835,330403,
751,3,85232,0.000291954,0.192179,44397,0.278529,327056,
751,4,59411,0.000286962,0.27289,31472,0.722279,324299,
751,5,55372,0.000281053,0.330808,29447,0.959263,320553,
751,6,54834,0.00028715,0.334142,29176,0.998322,318596,
760,0,20000,0.01,0.0141421,10201,0,993347,
760,1,154687,0.000608426,0.0516466,77793,0.0922579,661377,
760,2,105128,0.000293574,0.121041,53904,0.142974,329744,
760,3,36103,0.00030808,0.241478,19575,0.604684,324551,
760,4,19451,0.00028741,0.299668,10932,1.35448,317345,
760,5,16366,0.000283011,0.334855,9254,1.69539,311715,
760,6,15725,0.000272086,0.446247,8895,1.71296,308510,
760,7,15480,0.000278962,0.433989,8760,1.65209,307307,
760,8,15357,0.000275047,0.426536,8693,1.59369,306665,
759,0,20000,0.01,0.0141421,10201,0,993347,
759,1,195522,0.000611011,0.0466363,98279,0.0436263,661979,
759,2,129254,0.000295294,0.108859,66290,0.113573,330731,
759,3,41514,0.000293446,0.20317,22509,0.541418,323787,
759,4,27303,0.000292551,0.34591,15134,1.28094,315672,
759,5,23167,0.000289089,0.35415,12899,1.56884,309569,
759,6,21598,0.000282477,0.368457,12059,1.59167,306324,
759,7,21063,0.000283205,0.364559,11785,1.53035,304105,
759,8,20811,0.000279005,0.362247,11661,1.50759,302455,
759,9,20692,0.000276334,0.361972,11605,1.49594,301369,
763,0,20000,0.01,0.0141421,10201,0,1090.7,
763,1,50354,0.000616051,0.0493395,25552,0.000295242,451.47,
763,2,22453,0.00032058,0.11012,11502,0.000950036,388.451,
763,3,13537,0.000309584,0.233187,6959,0.014394,401.751,
763,4,11274,0.000306451,0.282364,5806,0.0250621,411.64,
763,5,10819,0.000306461,0.32281,5571,0.0293591,418.648,
763,6,10695,0.000306933,0.33079,5509,0.0308448,418.885,
763,7,10613,0.000307919,0.334196,5468,0.0310229,415.805,
762,0,20000,0.01,0.0141421,10201,0,1090.7,
762,1,71205,0.000616986,0.0518978,36051,0.000102734,463.112,
762,2,61920,0.000313899,0.11653,31391,0.000708358,346.162,
762,3,43818,0.000319258,0.255708,22236,0.00480799,370.298,
762,4,39725,0.000306891,0.305924,20172,0.00733023,374.518,
762,5,38979,0.000304692,0.391239,19789,0.00818533,374.374,
762,6,38692,0.000301686,0.36717,19645,0.00836095,370.927,
758,0,20000,0.01,0.0141421,10201,0,993347,
758,1,291469,0.000593732,0.0447759,146437,0.0128865,658585,
758,2,120181,0.00029653,0.106754,61772,0.0785638,330243,
758,3,44021,0.000282612,0.223725,23765,0.486164,323903,
758,4,32587,0.000278533,0.372178,18048,1.10315,315790,
758,5,31008,0.000277914,0.361172,17253,1.29439,310158,
758,6,30765,0.00027305,0.347457,17128,1.21545,305959,
764,0,20000,0.01,0.0141421,10201,0,1090.7,
764,1,31530,0.000607559,0.0489659,16051,0.000766976,502.769,
764,2,10349,0.000308337,0.118121,5364,0.00195879,429.406,
764,3,4817,0.00032359,0.241691,2533,0.0280093,543.253,
764,4,3797,0.000320533,0.379908,2001,0.0615238,583.628,
764,5,3576,0.00032235,0.367465,1886,0.0759421,595.025,
764,6,3526,0.000321013,0.36677,1860,0.0802516,594.063,
764,7,3489,0.000322915,0.366393,1841,0.0807077,597.002,
764,8,3470,0.000324193,0.3651,1831,0.0824329,598.993,
765,0,20000,0.01,0.0141421,10201,0,1090.7,
765,1,20781,0.000645951,0.0455212,10623,0.001427,455.541,
765,2,6011,0.000310326,0.111645,3149,0.00396377,478.846,
765,3,2500,0.000313774,0.218791,1344,0.0498902,691.599,
765,4,1959,0.000312906,0.290213,1055,0.118643,772.921,
765,5,1831,0.000312045,0.366878,988,0.143034,797.302,
765,6,1780,0.000309883,0.331378,962,0.15613,803.442,
765,7,1753,0.000308846,0.330369,948,0.159916,808.878,
765,8,1740,0.000306937,0.336322,941,0.163485,806.508,
761,0,20000,0.01,0.0141421,10201,0,1090.7,
761,1,98176,0.000606749,0.0515102,49613,5.158e-05,457.931,
761,2,177057,0.0003021,0.120628,89245,0.000513997,335.17,
761,3,154105,0.000300942,0.243133,77675,0.00171109,356.667,
761,4,136306,0.000299709,0.321939,68706,0.00213554,357.669,
761,5,134920,0.000301162,0.328705,67998,0.00241569,355.761,
761,6,133618,0.000295442,0.331483,67346,0.00242612,355.091,
768,0,20000,0.01,0.0141421,10201,0,555.104,
768,1,109515,0.000608437,0.0451086,55197,3.10623e-05,441.509,
768,2,120477,0.000306485,0.0782619,60751,0.000467187,337.175,
768,3,99879,0.00028941,0.0691402,50408,0.00255512,355.534,
768,4,93253,0.000288898,0.0667364,47081,0.00331046,355.22,
768,5,92448,0.000295915,0.0707307,46669,0.00353369,354.938,
770,0,20000,0.01,0.0141421,10201,0,555.104,
770,1,33863,0.000647249,0.0516961,17211,7.04207e-05,447.508,
770,2,21205,0.000310113,0.121825,10834,0.00132759,358.847,
770,3,13660,0.00031426,0.191405,7015,0.01381,383.526,
770,4,12123,0.00030863,0.172316,6233,0.0229713,382.919,
770,5,11902,0.000307939,0.180966,6122,0.0258952,384.021,
770,6,11847,0.00030355,0.190909,6093,0.026722,381.526,
769,0,20000,0.01,0.0141421,10201,0,555.104,
769,1,66516,0.000610244,0.0454504,33621,3.19143e-05,422.436,
769,2,58269,0.000304944,0.0851745,29503,0.000697533,337.226,
769,3,43254,0.000309819,0.10297,21951,0.00522252,357.041,
769,4,40870,0.000298982,0.104664,20740,0.00758994,356.498,
769,5,40501,0.000290918,0.107056,20556,0.00806067,356.706,
757,0,20000,0.01,0.0141421,10201,0,993347,
757,1,570736,0.000604247,0.0454848,286224,0.00277556,659587,
757,2,176823,0.000299139,0.108004,90123,0.0389823,329243,
757,3,63707,0.000298246,0.226088,33620,0.368718,325750,
757,4,45537,0.000282619,0.310106,24528,0.911988,320946,
757,5,42738,0.000284679,0.341989,23126,1.13422,315926,
757,6,42409,0.000282201,0.33611,22961,1.14633,312040,
756,0,20000,0.01,0.0141421,10201,0,993347,
756,1,685934,0.000595507,0.0452732,343848,0.00254976,656843,
756,2,205413,0.000309861,0.114399,104428,0.0330911,329743,
756,3,72321,0.00029824,0.211746,37932,0.300144,328379,
756,4,50529,0.000287512,0.280601,27026,0.748512,324534,
756,5,47289,0.000284142,0.360797,25402,1.02466,320432,
756,6,46863,0.000283888,0.390346,25188,1.01343,316858,
774,0,20000,0.01,0.0141421,10201,0,59158.4,
774,1,72297,0.000595283,0.0458991,36893,0.000131915,7436.93,
774,2,91698,0.000308424,0.110105,46939,0.00329689,1508.71,
774,3,76110,0.000294979,0.231887,39059,0.00432891,1528.64,
774,4,75008,0.000294595,0.341979,38498,0.00522012,1527.79,
774,5,74720,0.00029342,0.36667,38350,0.00533303,1524.61,
767,0,20000,0.01,0.0141421,10201,0,555.104,
767,1,162019,0.000608812,0.0516814,81519,3.19023e-05,446.02,
767,2,214867,0.000301966,0.0558001,108096,0.000292749,342.587,
767,3,196097,0.000293454,0.0532222,98666,0.0013674,362.033,
767,4,174385,0.000298099,0.053458,87803,0.00163008,361.508,
767,5,172493,0.00029782,0.0535998,86835,0.00184598,361.048,
767,6,171558,0.000298777,0.0511938,86370,0.00187642,360.877,
775,0,20000,0.01,0.0141421,10201,0,59158.4,
775,1,45930,0.000598575,0.0512377,23522,0.000204804,7465.39,
775,2,60982,0.000302424,0.117,31371,0.00457995,1563.26,
775,3,48985,0.000283309,0.227292,25342,0.00545958,1627.73,
775,4,48329,0.000287329,0.416431,25000,0.00689963,1615.87,
775,5,48143,0.00029585,0.439791,24908,0.00681311,1612.35,
772,0,20000,0.01,0.0141421,10201,0,59158.4,
772,1,88394,0.000602213,0.0486973,44989,0.000107847,7463.97,
772,2,185747,0.000298353,0.112676,94588,0.00292422,1487.95,
772,3,180743,0.000287174,0.243959,92054,0.00248945,1499.21,
772,4,173917,0.00029577,0.30398,88615,0.00261376,1499.83,
772,5,174153,0.000294116,0.367257,88718,0.00270148,1496.2,
778,0,20000,0.01,0.0141421,10201,0,554.336,
778,1,33342,0.000628099,0.0451,16949,3.38349e-05,448.992,
778,2,20666,0.000315535,0.0981569,10566,0.00145407,353.044,
778,3,13640,0.000318625,0.126929,7010,0.0146175,375.012,
778,4,12161,0.000314906,0.125652,6256,0.0238158,374.964,
778,5,11930,0.000319179,0.135926,6138,0.026585,376.093,
778,6,11873,0.000318207,0.133898,6110,0.0272723,374.66,
773,0,20000,0.01,0.0141421,10201,0,59158.4,
773,1,83762,0.000621349,0.0518814,42669,0.000112265,7416.11,
773,2,145611,0.000298249,0.118616,74359,0.00306516,1490.91,
773,3,126872,0.000283156,0.266904,64779,0.00322708,1507.56,
773,4,123013,0.000291873,0.30603,62752,0.00378951,1508.69,
773,5,122463,0.000291906,0.332406,62461,0.00391549,1501,
779,0,20000,0.01,0.0141421,10201,0,554.336,
779,1,17568,0.00062734,0.0516505,8996,0.000190127,425.694,
779,2,7586,0.000326711,0.117107,3940,0.00241864,467.741,
779,3,4073,0.00031462,0.202546,2144,0.0405958,477.576,
779,4,3486,0.000319561,0.21457,1840,0.0712648,491.46,
779,5,3393,0.000320394,0.205186,1792,0.0826165,495.207,
779,6,3352,0.000320848,0.216485,1771,0.0852493,494.247,
779,7,3316,0.000321694,0.213348,1753,0.0856353,493.634,
779,8,3299,0.00032076,0.213067,1744,0.0863011,495.857,
780,0,20000,0.01,0.0141421,10201,0,554.336,
780,1,12986,0.000617071,0.0461982,6675,0.000645509,460.74,
780,2,4570,0.000320075,0.121509,2403,0.00325764,480.105,
780,3,2100,0.000333204,0.20927,1132,0.0587133,583.848,
780,4,1669,0.000335416,0.243867,904,0.131846,619.975,
780,5,1593,0.000330439,0.258272,864,0.166638,628.613,
780,6,1575,0.000317472,0.270256,855,0.176947,619.043,
780,7,1567,0.000313156,0.258601,851,0.176579,618.233,
777,0,20000,0.01,0.0141421,10201,0,554.336,
777,1,63217,0.000611077,0.0507026,31970,2.65666e-05,407.6,
777,2,58754,0.000307711,0.0845562,29751,0.000772543,324.254,
777,3,43323,0.000307077,0.0677234,21996,0.00538616,342.33,
777,4,40766,0.000311351,0.0686294,20695,0.00797129,341.623,
777,5,40401,0.000309206,0.06758,20512,0.00848164,341.956,
783,0,20000,0.01,0.0141421,10201,0,1094.72,
783,1,71298,0.000610092,0.0518862,36098,0.000102553,416.618,
783,2,62138,0.000314972,0.108983,31502,0.000682091,354.667,
783,3,44099,0.00030465,0.241274,22378,0.00510213,381.147,
783,4,39906,0.000301536,0.334341,20262,0.00762393,382.666,
783,5,39182,0.000299277,0.333488,19892,0.00833872,384.119,
783,6,38955,0.000299348,0.333521,19777,0.00848135,383.906,
771,0,20000,0.01,0.0141421,10201,0,59158.4,
771,1,92945,0.000583004,0.0520524,47268,0.00010597,7367.62,
771,2,236501,0.000293301,0.121212,119979,0.00274393,1479.22,
771,3,244707,0.000281659,0.239921,124173,0.00211411,1486.07,
771,4,231248,0.000276966,0.30271,117447,0.00211958,1485.42,
771,5,233412,0.000282981,0.327369,118530,0.00223186,1484.07,
785,0,20000,0.01,0.0141421,10201,0,1094.72,
785,1,20294,0.000633128,0.0514128,10380,0.00141953,485.292,
785,2,5882,0.000316032,0.128848,3084,0.00372828,534.323,
785,3,2493,0.000312755,0.218409,1340,0.05311,740.011,
785,4,1925,0.000314239,0.413581,1039,0.119828,829.163,
785,5,1792,0.000314493,0.35577,968,0.149619,847.867,
785,6,1744,0.000313852,0.344741,944,0.160925,855.342,
785,7,1712,0.000313226,0.33749,927,0.166798,857.573,
785,8,1693,0.000311986,0.335952,917,0.170165,864.291,
785,9,1689,0.000311311,0.333537,915,0.174296,864.596,
784,0,20000,0.01,0.0141421,10201,0,1094.72,
784,1,50408,0.000612421,0.049716,25579,0.000294181,463.327,
784,2,22360,0.000326094,0.106925,11455,0.000950507,389.868,
784,3,13568,0.000323866,0.236293,6975,0.0133564,436.276,
784,4,11215,0.000324763,0.365172,5777,0.0234752,450.758,
784,5,10780,0.000321949,0.321319,5552,0.0284745,451.196,
784,6,10647,0.000326235,0.327866,5485,0.0295613,452.418,
784,7,10584,0.000326964,0.327242,5454,0.0300371,453.559,
782,0,20000,0.01,0.0141421,10201,0,1094.72,
782,1,97912,0.000618118,0.0514949,49482,5.15535e-05,464.618,
782,2,178080,0.000301037,0.120265,89761,0.0005091,335.353,
782,3,154502,0.000306847,0.228988,77877,0.00174585,355.042,
782,4,136536,0.000304111,0.296124,68824,0.00220946,353.012,
782,5,135387,0.000299935,0.395651,68235,0.00249977,350.507,
788,0,20000,0.01,0.0141421,10201,0,1091.71,
788,1,71077,0.000614897,0.0518949,35987,0.000102688,453.892,
788,2,62319,0.000308996,0.113698,31591,0.000656911,359.958,
788,3,44124,0.000312894,0.215159,22392,0.00469183,383.709,
788,4,39897,0.000315766,0.370331,20256,0.00715048,381.533,
788,5,39264,0.000319193,0.374241,19932,0.00786443,383.661,
788,6,39007,0.000319627,0.372918,19803,0.00810342,383.665,
766,0,20000,0.01,0.0141421,10201,0,555.104,
766,1,212292,0.000612529,0.0502834,106711,3.25973e-05,454.45,
766,2,314535,0.000298173,0.0447925,158053,0.000238457,339.326,
766,3,303294,0.000289532,0.040832,152387,0.000966564,357.568,
766,4,267805,0.000275845,0.0425648,134644,0.00108362,357.784,
766,5,264402,0.000290317,0.0445454,132914,0.00123357,357.051,
766,6,262948,0.000284962,0.0433093,132189,0.00125015,356.484,
790,0,20000,0.01,0.0141421,10201,0,1091.71,
790,1,20809,0.000623917,0.0455255,10637,0.00142512,470.254,
790,2,6049,0.000334733,0.111544,3168,0.00390929,496.293,
790,3,2472,0.000316497,0.212733,1330,0.0496054,718.714,
790,4,1917,0.000336739,0.361221,1035,0.115307,809.192,
790,5,1797,0.000336308,0.379267,971,0.140377,832.144,
790,6,1754,0.00033405,0.378709,949,0.150087,843.683,
790,7,1731,0.000332248,0.378163,937,0.156922,849.146,
790,8,1723,0.000329943,0.376695,933,0.161571,849.72,
776,0,20000,0.01,0.0141421,10201,0,554.336,
776,1,152435,0.00060061,0.0428311,76722,3.09371e-05,426.234,
776,2,213489,0.000302719,0.0472383,107426,0.00031236,356.601,
776,3,194539,0.000302548,0.0440959,97906,0.00141209,384.543,
776,4,174611,0.000296986,0.0441164,87933,0.0016573,386.538,
776,5,172434,0.000294155,0.0439908,86825,0.00183253,387.796,
776,6,171613,0.000282542,0.043849,86416,0.00185235,388.083,
789,0,20000,0.01,0.0141421,10201,0,1091.71,
789,1,50474,0.000620433,0.0494327,25612,0.00029498,429.987,
789,2,22427,0.000330109,0.117365,11489,0.000980968,395.462,
789,3,13485,0.000330521,0.245188,6932,0.0133996,435.524,
789,4,11161,0.000332562,0.278905,5749,0.0230835,450.622,
789,5,10750,0.00033148,0.40707,5537,0.0279367,453.219,
789,6,10594,0.000329723,0.403981,5459,0.0291752,446.019,
789,7,10516,0.000328721,0.402999,5419,0.0292118,446.877,
793,0,20000,0.01,0.0141421,10201,0,428.653,
793,1,36952,0.000614955,0.0517336,18740,2.3726e-05,403.57,
793,2,28654,0.000309546,0.0944371,14580,0.00120461,356.906,
793,3,20251,0.000291948,0.0726694,10348,0.00922953,402.698,
793,4,18836,0.000285495,0.078478,9627,0.0151916,409.654,
793,5,18627,0.000285284,0.088089,9522,0.0165825,409.985,
793,6,18562,0.000284475,0.0843886,9489,0.016794,410.852,
794,0,20000,0.01,0.0141421,10201,0,428.653,
794,1,19016,0.000607689,0.0518617,9708,3.80547e-05,432.343,
794,2,10610,0.000324425,0.102929,5465,0.00239064,330.603,
794,3,6573,0.000309771,0.16011,3418,0.0270059,353.788,
794,4,5862,0.000312639,0.166697,3054,0.0468689,355.118,
794,5,5774,0.000315991,0.14651,3009,0.0526235,353.45,
794,6,5723,0.00031576,0.150752,2983,0.0532947,351.516,
795,0,20000,0.01,0.0141421,10201,0,428.653,
795,1,11082,0.000648843,0.0464197,5699,0.000270505,442.323,
795,2,4350,0.00031136,0.110744,2284,0.00376851,427.642,
795,3,2182,0.000308053,0.21102,1169,0.0623255,485.713,
795,4,1799,0.000300971,0.26383,968,0.129761,502.857,
795,5,1731,0.000295354,0.267514,931,0.157806,506.273,
795,6,1694,0.000291141,0.248882,912,0.165221,505.443,
795,7,1673,0.000290125,0.27441,901,0.169015,510.487,
795,8,1665,0.000288699,0.283895,896,0.174011,513.176,
787,0,20000,0.01,0.0141421,10201,0,1091.71,
787,1,98314,0.000591799,0.0515064,49682,5.15733e-05,454.647,
787,2,177850,0.000295988,0.117318,89642,0.000516094,337.742,
787,3,153948,0.000296924,0.233849,77598,0.00171343,354.438,
787,4,136503,0.000303709,0.287039,68805,0.00213227,356.486,
787,5,135025,0.000298461,0.390117,68053,0.00242758,355.772,
787,6,133954,0.000297505,0.381628,67516,0.00245208,354.908,
792,0,20000,0.01,0.0141421,10201,0,428.653,
792,1,77248,0.000625866,0.0509723,38989,2.44857e-05,452.523,
792,2,79729,0.000315166,0.0506029,40275,0.000636784,383.569,
792,3,62129,0.000304009,0.0461863,31436,0.00356291,410.975,
792,4,58282,0.000294008,0.0458066,29498,0.0049995,414.1,
792,5,57608,0.000301239,0.0451991,29156,0.00540949,414.206,
792,6,57399,0.000300338,0.0446871,29052,0.0054965,414.085,
798,0,20000,0.01,0.0141421,10201,0,429.734,
798,1,36031,0.000635347,0.0468133,18276,2.20604e-05,388.123,
798,2,27995,0.000321669,0.0872972,14252,0.00128312,326.626,
798,3,20364,0.000320958,0.088265,10406,0.0110561,345.286,
798,4,19010,0.00032193,0.089615,9715,0.0162212,344.264,
798,5,18854,0.000322249,0.0844531,9638,0.017299,343.06,
799,0,20000,0.01,0.0141421,10201,0,429.734,
799,1,19173,0.000644044,0.0473186,9785,2.95215e-05,428.222,
799,2,10412,0.000311968,0.0982973,5367,0.00238059,349.535,
799,3,6562,0.000306676,0.151363,3413,0.0267985,376.859,
799,4,5826,0.000305839,0.162715,3036,0.0445615,382.963,
799,5,5734,0.000305642,0.157702,2990,0.0504612,382.935,
799,6,5694,0.000304673,0.155996,2969,0.0512542,380.091,
791,0,20000,0.01,0.0141421,10201,0,428.653,
791,1,98943,0.000605693,0.0452327,49876,2.48804e-05,425.423,
791,2,109061,0.000301777,0.0411643,55008,0.000497889,324.883,
791,3,89871,0.000300672,0.0353556,45374,0.0027432,344.967,
791,4,83670,0.000304152,0.0364888,42259,0.00357824,345.587,
791,5,82513,0.000306004,0.0371799,41675,0.00383244,346.68,
791,6,82247,0.000302855,0.0371851,41540,0.00388897,346.74,
800,0,20000,0.01,0.0141421,10201,0,429.734,
800,1,11160,0.00060801,0.0450204,5737,0.000175858,536.923,
800,2,4391,0.000322803,0.103282,2305,0.00414573,344.129,
800,3,2160,0.000308124,0.180111,1158,0.0642185,393.31,
800,4,1764,0.000315183,0.227615,950,0.133574,408.226,
800,5,1689,0.000321195,0.239253,910,0.158121,409.488,
800,6,1672,0.000325358,0.230672,901,0.162448,405.786,
800,7,1657,0.000327789,0.228333,893,0.160843,408.689,
797,0,20000,0.01,0.0141421,10201,0,429.734,
797,1,73336,0.000611666,0.0500832,37025,2.40198e-05,392.924,
797,2,79218,0.00030783,0.0677759,40020,0.000602346,318.902,
797,3,61540,0.000301314,0.0536902,31146,0.00391674,333.267,
797,4,58054,0.000299211,0.054691,29386,0.00536931,333.408,
797,5,57531,0.000296137,0.0552731,29121,0.00567368,332.682,
803,0,20000,0.01,0.0141421,10201,0,490.219,
803,1,49421,0.000611424,0.0514314,25019,0.000129335,391.55,
803,2,24497,0.000321334,0.137567,12496,0.000942893,330.549,
803,3,14656,0.000302841,0.226222,7512,0.0125877,350.378,
803,4,12467,0.000310381,0.32089,6398,0.0225084,350.912,
803,5,12165,0.000309246,0.358507,6243,0.0261682,349.414,
803,6,12014,0.000309766,0.356181,6167,0.0266422,346.93,
803,7,11963,0.000310414,0.355391,6142,0.0266767,347.606,
796,0,20000,0.01,0.0141421,10201,0,429.734,
796,1,93861,0.000617631,0.0418515,47326,2.46206e-05,390.877,
796,2,108499,0.000302572,0.0579645,54731,0.000499995,330.066,
796,3,89507,0.000300392,0.052387,45194,0.00276493,350.26,
796,4,83277,0.000290481,0.0514843,42065,0.00359789,349.713,
796,5,82021,0.000298639,0.0524625,41430,0.0038696,349.214,
796,6,81692,0.000297689,0.0531958,41265,0.00393687,348.259,
804,0,20000,0.01,0.0141421,10201,0,490.219,
804,1,21421,0.000619159,0.0452791,10921,0.000444717,406.001,
804,2,8143,0.000311399,0.117429,4220,0.00222892,355.231,
804,3,4256,0.000319723,0.227307,2233,0.0342975,398.634,
804,4,3471,0.000323207,0.277438,1826,0.0684137,411.297,
804,5,3350,0.000321295,0.324119,1763,0.0829704,415.912,
804,6,3305,0.000318747,0.333735,1740,0.0875808,410.952,
804,7,3279,0.000315053,0.336176,1726,0.0868437,411.003,
805,0,20000,0.01,0.0141421,10201,0,490.219,
805,1,16474,0.000676037,0.0452934,8425,0.000677399,393.52,
805,2,5907,0.000317414,0.120676,3081,0.00294975,392.152,
805,3,2895,0.000311695,0.216487,1536,0.0472086,453.433,
805,4,2357,0.000313481,0.350101,1254,0.0996114,469.296,
805,5,2219,0.000313613,0.35076,1182,0.120549,478.323,
805,6,2182,0.00031474,0.355878,1163,0.129422,473.963,
805,7,2162,0.000313496,0.357596,1152,0.129841,478.231,
802,0,20000,0.01,0.0141421,10201,0,490.219,
802,1,94360,0.000589306,0.0452266,47618,4.99328e-05,406.966,
802,2,67362,0.000310477,0.115235,34075,0.000496846,337.239,
802,3,46689,0.000303106,0.21031,23651,0.00434233,358.029,
802,4,42597,0.000303112,0.294955,21587,0.0067008,360.279,
802,5,41913,0.000309405,0.318505,21239,0.0073795,358.03,
802,6,41688,0.000307369,0.325822,21126,0.00746774,357.424,
808,0,20000,0.01,0.0141421,10201,0,429.884,
808,1,18744,0.00060757,0.0516919,9570,2.92745e-05,433.541,
808,2,10626,0.00032254,0.102625,5474,0.00219778,346.838,
808,3,6530,0.000305862,0.126841,3398,0.0256757,373.965,
808,4,5828,0.000310354,0.168772,3036,0.0446083,373.968,
808,5,5756,0.000313643,0.172686,3001,0.0497406,374.961,
808,6,5726,0.000316504,0.169136,2986,0.050745,373.66,
807,0,20000,0.01,0.0141421,10201,0,429.884,
807,1,35590,0.000598583,0.0516471,18055,2.20468e-05,448.809,
807,2,28434,0.000309198,0.103894,14473,0.00120543,315.612,
807,3,20295,0.00031027,0.0798204,10373,0.011071,335.85,
807,4,18838,0.000309115,0.0817704,9629,0.0166061,335.042,
807,5,18634,0.000310282,0.0826438,9527,0.01761,335.753,
807,6,18566,0.000307001,0.0806867,9492,0.0177197,334.508,
809,0,20000,0.01,0.0141421,10201,0,429.884,
809,1,11170,0.000605494,0.0463489,5742,0.000171174,430.654,
809,2,4336,0.000315036,0.108473,2277,0.00344783,367.405,
809,3,2125,0.000320697,0.215527,1141,0.0566654,425.214,
809,4,1762,0.000323917,0.241762,950,0.120647,435.838,
809,5,1685,0.000324383,0.265672,909,0.141811,438.438,
809,6,1662,0.000319553,0.258361,897,0.147637,436.424,
809,7,1651,0.000318784,0.262129,891,0.148273,436.754,
810,0,20000,0.01,0.0141421,10201,0,429.884,
810,1,9020,0.000624764,0.0515259,4656,0.000342331,410.581,
810,2,3316,0.000321919,0.113935,1754,0.00428132,474.528,
810,3,1525,0.000317647,0.213475,829,0.0940759,410.957,
810,4,1203,0.000323678,0.270141,658,0.169088,437.039,
810,5,1153,0.000312662,0.265561,632,0.206852,445.881,
810,6,1118,0.000308102,0.260534,613,0.218888,442.56,
810,7,1118,0.000308352,0.260197,613,0.218466,446.124,
806,0,20000,0.01,0.0141421,10201,0,429.884,
806,1,73069,0.00062088,0.0411577,36891,2.40349e-05,444.805,
806,2,78208,0.000302419,0.0719726,39512,0.00068217,324.306,
806,3,61537,0.000297871,0.0588471,31144,0.00383236,342.106,
806,4,58253,0.000294584,0.0568312,29487,0.00532567,341.758,
806,5,57713,0.000292912,0.0559384,29211,0.00568041,339.636,
813,0,20000,0.01,0.0141421,10201,0,428.664,
813,1,37136,0.000590854,0.051776,18832,2.37891e-05,556.151,
813,2,28561,0.000313208,0.090323,14534,0.00131904,318.511,
813,3,20296,0.000295975,0.0758895,10371,0.0104685,338.835,
813,4,18944,0.000300985,0.0827833,9680,0.0158704,339.537,
813,5,18750,0.000301236,0.0818827,9584,0.0168551,339.189,
813,6,18685,0.000299693,0.0810956,9551,0.0169316,338.694,
814,0,20000,0.01,0.0141421,10201,0,428.664,
814,1,19070,0.000612756,0.0518706,9735,3.85125e-05,398.765,
814,2,10740,0.000318715,0.109279,5531,0.00213751,331.446,
814,3,6628,0.000318467,0.135787,3446,0.0268015,357.843,
814,4,5846,0.000318019,0.149489,3045,0.0461644,362.397,
814,5,5779,0.000310357,0.149755,3012,0.0521896,362.941,
814,6,5741,0.000302252,0.152267,2993,0.0526007,363.306,
815,0,20000,0.01,0.0141421,10201,0,428.664,
815,1,11128,0.000639631,0.0464203,5722,0.000273475,425.401,
815,2,4353,0.000315305,0.120615,2285,0.00344007,341.027,
815,3,2244,0.000288974,0.18717,1200,0.0601253,388.348,
815,4,1793,0.000281834,0.286925,965,0.124282,401.086,
815,5,1720,0.000277987,0.27096,927,0.151074,402.625,
815,6,1692,0.000271209,0.271642,911,0.15805,403.048,
815,7,1683,0.000275698,0.274484,906,0.161039,398.13,
812,0,20000,0.01,0.0141421,10201,0,428.664,
812,1,77448,0.000637461,0.0510277,39089,2.45041e-05,387.068,
812,2,79865,0.000305389,0.0452403,40342,0.00061256,308.837,
812,3,62344,0.000305928,0.0430113,31546,0.00385767,322.747,
812,4,58254,0.000301658,0.046251,29483,0.00535269,325.082,
812,5,57604,0.000298878,0.0457959,29155,0.0057448,325.824,
812,6,57445,0.000297224,0.0444836,29076,0.005792,326.176,
811,0,20000,0.01,0.0141421,10201,0,428.664,
811,1,99369,0.000613834,0.0465711,50089,2.48931e-05,411.459,
811,2,109775,0.000308685,0.0377022,55365,0.00045261,311.915,
811,3,90462,0.000296973,0.0375607,45670,0.00278219,330.577,
811,4,83566,0.00030116,0.0370406,42206,0.00365332,331.537,
811,5,82405,0.000298997,0.0374974,41619,0.00396321,331.219,
811,6,82129,0.00029727,0.0373671,41480,0.00401042,330.537,
818,0,20000,0.01,0.0141421,10201,0,428.708,
818,1,37508,0.000619537,0.0449595,19019,2.40397e-05,411.715,
818,2,28208,0.000307823,0.0864754,14358,0.00118583,348.546,
818,3,20348,0.000313765,0.0820482,10396,0.010605,363.59,
818,4,18914,0.00031211,0.085737,9665,0.0157866,364.487,
818,5,18676,0.000310269,0.0848777,9547,0.0170471,364.961,
818,6,18591,0.000308345,0.0851785,9504,0.0173022,365.255,
819,0,20000,0.01,0.0141421,10201,0,428.708,
819,1,19080,0.000602555,0.0518502,9740,4.04538e-05,399.076,
819,2,10651,0.000323262,0.109998,5486,0.00228429,324.711,
819,3,6622,0.000309826,0.164024,3443,0.0267633,354.624,
819,4,5912,0.000309196,0.171422,3078,0.0473796,355.551,
819,5,5818,0.000307995,0.157345,3031,0.0528425,358.552,
819,6,5804,0.00030729,0.155378,3024,0.0544211,357.14,
817,0,20000,0.01,0.0141421,10201,0,428.708,
817,1,77875,0.000591454,0.0512877,39303,2.45775e-05,449.85,
817,2,80306,0.000300287,0.0501555,40563,0.000636237,330.814,
817,3,62455,0.000278326,0.0458458,31601,0.00364492,354.123,
817,4,58458,0.000287094,0.0464484,29584,0.00506372,355.803,
817,5,57774,0.000290984,0.0514676,29239,0.00545271,355.003,
817,6,57599,0.000288842,0.0473811,29153,0.00552098,355.054,
820,0,20000,0.01,0.0141421,10201,0,428.708,
820,1,11100,0.000655319,0.0474172,5708,0.000284857,426.882,
820,2,4404,0.000334981,0.110897,2311,0.00352203,360.487,
820,3,2221,0.000326101,0.200399,1189,0.0591077,415.967,
820,4,1794,0.000321491,0.253102,965,0.122688,427.045,
820,5,1714,0.00032436,0.28752,923,0.146552,428.104,
820,6,1684,0.000328407,0.285313,907,0.152536,429.231,
820,7,1670,0.00032364,0.285675,899,0.155691,429.396,
801,0,20000,0.01,0.0141421,10201,0,490.219,
801,1,149500,0.000597477,0.0453148,75306,3.07368e-05,414.585,
801,2,191759,0.000294065,0.105111,96500,0.000330086,316.341,
801,3,155137,0.000303861,0.209706,78093,0.00154704,335.927,
801,4,138941,0.000303319,0.240038,69972,0.00207888,334.952,
801,5,137125,0.000300012,0.32045,69050,0.00231877,335.801,
801,6,136206,0.000294326,0.314275,68591,0.00236528,334.639,
816,0,20000,0.01,0.0141421,10201,0,428.708,
816,1,100215,0.000611109,0.0451569,50513,2.49436e-05,415.938,
816,2,109767,0.000305541,0.0400415,55362,0.000446038,317.844,
816,3,89667,0.000304087,0.0378455,45270,0.00283212,337.457,
816,4,83572,0.000303733,0.0393194,42208,0.00372617,338.888,
816,5,82422,0.000299516,0.0396457,41626,0.00396475,339.708,
816,6,82084,0.000297463,0.0399594,41457,0.0039919,339.602,
781,0,20000,0.01,0.0141421,10201,0,1094.72,
781,1,143136,0.000600388,0.0452083,72213,3.88507e-05,488.388,
781,2,344690,0.000300821,0.110724,173306,0.000356209,344.03,
781,3,383152,0.000294544,0.258606,192602,0.000863753,360.899,
781,4,341247,0.000290046,0.26088,171618,0.000841104,359.303,
781,5,344074,0.000281281,0.325012,173018,0.000950945,357.266,
786,0,20000,0.01,0.0141421,10201,0,1091.71,
786,1,142098,0.000589428,0.050225,71693,3.88472e-05,445.713,
786,2,344389,0.000292011,0.129584,173153,0.000329099,329.846,
786,3,383357,0.000289311,0.25384,192705,0.000943513,346.223,
786,4,340672,0.00028771,0.27058,171328,0.000912548,346.338,
786,5,342269,0.000292838,0.377775,172114,0.00102543,344.249,
825,0,20000,0.01,0.0141421,10201,0,1.11973e+06,
825,1,216581,0.000602934,0.0514455,108707,0.0529143,733821,
825,2,94492,0.000301316,0.127747,47999,0.111319,369630,
825,3,28650,0.000305197,0.232347,15092,0.701971,364429,
825,4,17963,0.000290635,0.359392,9740,1.7386,355794,
825,5,16851,0.000283466,0.348659,9179,1.98273,347940,
825,6,16694,0.000278775,0.372505,9099,1.93067,345303,
824,0,20000,0.01,0.0141421,10201,0,1.11973e+06,
824,1,301375,0.000591061,0.0533071,151128,0.0148098,734327,
824,2,126160,0.000297648,0.115037,63854,0.0830035,368288,
824,3,40951,0.000295518,0.265772,21260,0.565828,362268,
824,4,26638,0.000292793,0.298957,14095,1.3482,352540,
824,5,24618,0.000287218,0.411226,13080,1.7694,344715,
824,6,24360,0.000280269,0.397386,12950,1.66225,340104,
824,7,24284,0.000279819,0.376204,12911,1.62714,337341,
828,0,20000,0.01,0.0141421,10201,0,64210.4,
828,1,99628,0.000586411,0.0528801,50341,0.000768874,8317.11,
828,2,123721,0.000290479,0.144158,62788,0.00306592,1989.24,
828,3,108900,0.000300526,0.262832,55374,0.00587485,2024.72,
828,4,104944,0.00029969,0.288887,53391,0.00724898,2024.56,
828,5,104978,0.000280985,0.315577,53405,0.0076061,2017.47,
823,0,20000,0.01,0.0141421,10201,0,1.11973e+06,
823,1,444777,0.000609096,0.0469225,222851,0.00392234,732821,
823,2,214594,0.000303991,0.117483,108095,0.0544948,367874,
823,3,86806,0.000300819,0.209005,44209,0.33137,365196,
823,4,55022,0.000289394,0.294622,28308,0.7465,358902,
823,5,49933,0.00029073,0.376438,25759,1.0604,351616,
823,6,49285,0.000283082,0.362943,25434,1.10959,347386,
823,7,49065,0.000287217,0.376508,25323,1.06613,344063,
829,0,20000,0.01,0.0141421,10201,0,64210.4,
829,1,68495,0.000582735,0.051052,34753,0.0021554,8364.05,
829,2,89260,0.000293803,0.116143,45504,0.00403792,2035.7,
829,3,74132,0.000286669,0.250944,37934,0.00766291,2090.63,
829,4,71624,0.000298136,0.385727,36671,0.00991898,2088.17,
829,5,71593,0.000288574,0.374017,36653,0.0102978,2079.44,
827,0,20000,0.01,0.0141421,10201,0,64210.4,
827,1,171675,0.000605651,0.0506305,86390,0.000270657,8113.6,
827,2,201536,0.000295969,0.112488,101765,0.0018723,2017.42,
827,3,182486,0.00028265,0.209182,92237,0.00406695,1967.6,
827,4,174265,0.000291217,0.29806,88122,0.00447506,1972.64,
827,5,174212,0.000291407,0.328785,88093,0.00461834,1973.44,
830,0,20000,0.01,0.0141421,10201,0,64210.4,
830,1,56921,0.000619439,0.0472424,28951,0.00428884,8347.8,
830,2,73368,0.000304293,0.100281,37524,0.00446045,2015.72,
830,3,58367,0.000301909,0.202463,30015,0.00866445,2110.31,
830,4,56450,0.000292776,0.342165,29041,0.011867,2111.21,
830,5,56404,0.000298756,0.354708,29014,0.0124447,2102.27,
833,0,20000,0.01,0.0141421,10201,0,1299.62,
833,1,64016,0.000629603,0.0518616,32463,0.00033725,762.309,
833,2,37942,0.000308309,0.10933,19298,0.00176907,750.877,
833,3,24159,0.000307675,0.173628,12330,0.0164682,807.928,
833,4,20757,0.000305354,0.276821,10604,0.0289554,819.011,
833,5,20157,0.00030075,0.278606,10297,0.0341195,817.608,
833,6,19957,0.000301661,0.253621,10197,0.035128,816.968,
833,7,19870,0.000301502,0.257416,10153,0.0355812,814.918,
834,0,20000,0.01,0.0141421,10201,0,1299.62,
834,1,35189,0.00062305,0.0473112,17925,0.00108839,820.919,
834,2,14904,0.000319738,0.101589,7672,0.00328503,809.774,
834,3,8259,0.000306968,0.209079,4288,0.0387704,934.21,
834,4,6950,0.0003016,0.309327,3611,0.0766697,970.549,
834,5,6755,0.000299018,0.303824,3511,0.091643,974.791,
834,6,6706,0.000299703,0.3004,3486,0.0950127,970.716,
835,0,20000,0.01,0.0141421,10201,0,1299.62,
835,1,22088,0.000667553,0.0469083,11309,0.00234728,823.177,
835,2,8095,0.000319781,0.111393,4216,0.00517207,930.826,
835,3,4205,0.000307739,0.191332,2220,0.0715696,1157.96,
835,4,3504,0.000304367,0.293485,1852,0.147464,1228.97,
835,5,3397,0.000304185,0.322424,1795,0.176348,1222.66,
835,6,3328,0.000304348,0.317002,1760,0.180547,1227.63,
835,7,3315,0.000300747,0.315972,1754,0.183294,1230.79,
832,0,20000,0.01,0.0141421,10201,0,1299.62,
832,1,109646,0.00060668,0.0518389,55414,9.91235e-05,757.287,
832,2,110744,0.000305876,0.124248,55915,0.00103295,731.617,
832,3,80894,0.000301226,0.198103,40884,0.00587301,772.85,
832,4,72292,0.000298908,0.210988,36553,0.00894498,774.931,
832,5,70795,0.000296884,0.212469,35794,0.0101458,770.838,
832,6,70319,0.000298368,0.213266,35555,0.0103409,770.666,
822,0,20000,0.01,0.0141421,10201,0,1.11973e+06,
822,1,545151,0.000607209,0.0470772,273059,0.00257364,735176,
822,2,403636,0.000298449,0.101922,202633,0.0435877,369001,
822,3,174909,0.000283245,0.186987,88277,0.178267,364975,
822,4,123541,0.000275052,0.342839,62583,0.380221,360948,
822,5,113867,0.0002835,0.344422,57743,0.494176,356186,
822,6,112230,0.000289387,0.341462,56922,0.525059,352217,
822,7,111697,0.000286061,0.34226,56656,0.524188,349053,
826,0,20000,0.01,0.0141421,10201,0,64210.4,
826,1,307204,0.000611471,0.0518118,154178,0.000154719,8377.24,
826,2,383611,0.000293104,0.111842,192872,0.00116444,1908.96,
826,3,347281,0.000282696,0.215995,174708,0.00211715,1940,
826,4,325359,0.000280957,0.329941,163743,0.00244454,1936.37,
826,5,323233,0.00029118,0.349864,162676,0.0025902,1931.13,
839,0,20000,0.01,0.0141421,10201,0,998538,
839,1,303467,0.000605595,0.0475287,152173,0.0145202,658849,
839,2,125899,0.00030627,0.132862,63722,0.070278,331084,
839,3,40110,0.000303696,0.199807,20837,0.501532,323274,
839,4,25915,0.000297986,0.357727,13731,1.226,314580,
839,5,23812,0.000285074,0.354463,12674,1.56559,308472,
839,6,23514,0.000288932,0.367167,12524,1.54502,304888,
839,7,23437,0.000277791,0.367312,12485,1.45609,302131,
831,0,20000,0.01,0.0141421,10201,0,1299.62,
831,1,177770,0.000599588,0.0470349,89585,5.15586e-05,781.606,
831,2,323976,0.000302976,0.104462,162963,0.000624562,843.773,
831,3,288740,0.000288869,0.14818,145167,0.00220073,919.15,
831,4,249769,0.000280364,0.17044,125620,0.00275967,925.235,
831,5,245311,0.000285047,0.181025,123363,0.00322662,923.714,
831,6,242631,0.000287531,0.181087,122024,0.0032812,922.76,
831,7,242120,0.000288706,0.180957,121767,0.00331577,922.126,
838,0,20000,0.01,0.0141421,10201,0,998538,
838,1,409310,0.000608741,0.0473432,205111,0.00481233,659453,
838,2,181205,0.000300757,0.107391,91393,0.0541931,331800,
838,3,68466,0.000291158,0.213079,35032,0.361044,325051,
838,4,42705,0.000288262,0.283581,22142,0.782041,318337,
838,5,38856,0.000291498,0.322501,20214,1.09999,311669,
838,6,38447,0.000276581,0.380855,20007,1.12209,308025,
838,7,38266,0.000281021,0.36791,19917,1.06687,305196,
840,0,20000,0.01,0.0141421,10201,0,998538,
840,1,220939,0.000609026,0.0470166,110885,0.0522881,659206,
840,2,95339,0.000290995,0.107394,48422,0.102494,332360,
840,3,28766,0.000298908,0.210162,15149,0.661036,326316,
840,4,17739,0.000277617,0.278953,9627,1.44968,317607,
840,5,16669,0.000278575,0.330296,9087,1.66858,310960,
840,6,16513,0.000276751,0.38024,9007,1.58691,308099,
837,0,20000,0.01,0.0141421,10201,0,998538,
837,1,551203,0.000606958,0.0476539,276083,0.00234222,659755,
837,2,387944,0.000295403,0.10232,194785,0.038841,331703,
837,3,167690,0.000290096,0.224801,84666,0.169934,328571,
837,4,116367,0.000281049,0.317454,58995,0.358603,323732,
837,5,106732,0.000281146,0.326175,54173,0.495064,319673,
837,6,105401,0.000287653,0.324177,53507,0.504255,316071,
837,7,104900,0.000290254,0.328805,53256,0.504817,313221,
843,0,20000,0.01,0.0141421,10201,0,1.1194e+06,
843,1,300781,0.000605037,0.0532876,150831,0.0148093,734167,
843,2,126111,0.000301584,0.124108,63829,0.0836469,369657,
843,3,40955,0.00029059,0.227368,21262,0.570275,363063,
843,4,26493,0.000287535,0.385763,14022,1.43778,354061,
843,5,24413,0.000289889,0.371069,12977,1.84242,346361,
843,6,24119,0.000284682,0.371995,12829,1.8525,342116,
843,7,24052,0.000273815,0.381751,12795,1.7827,338953,
844,0,20000,0.01,0.0141421,10201,0,1.1194e+06,
844,1,216467,0.000603322,0.0514456,108650,0.0529132,733551,
844,2,94087,0.000306382,0.120242,47797,0.112312,370939,
844,3,28644,0.00029828,0.265258,15090,0.68951,364022,
844,4,17947,0.000288106,0.362876,9732,1.67552,355382,
844,5,16924,0.000280567,0.335979,9216,1.90246,347774,
844,6,16756,0.000268192,0.338494,9131,1.80455,343970,
844,7,16716,0.000272263,0.379077,9110,1.76993,341860,
845,0,20000,0.01,0.0141421,10201,0,1.1194e+06,
845,1,173088,0.000601167,0.0511791,86946,0.11317,738853,
845,2,79920,0.000303561,0.112887,40704,0.139377,368018,
845,3,24159,0.00029858,0.263869,12839,0.81408,364198,
845,4,15379,0.000279339,0.313259,8438,1.72868,356675,
845,5,14686,0.000275079,0.320985,8088,1.79337,349964,
845,6,14589,0.000276087,0.373977,8037,1.67611,346313,
847,0,20000,0.01,0.0141421,10201,0,1299.62,
847,1,109658,0.000610259,0.0518389,55420,9.91235e-05,786.56,
847,2,110834,0.000308183,0.107367,55961,0.00101331,753.063,
847,3,81277,0.000300065,0.166354,41075,0.00614274,793.739,
847,4,72615,0.000310838,0.215886,36714,0.00923486,796.638,
847,5,71049,0.00030552,0.216143,35920,0.0104029,793.624,
847,6,70533,0.000317424,0.217219,35661,0.0105812,793.18,
848,0,20000,0.01,0.0141421,10201,0,1299.62,
848,1,63938,0.000631875,0.0518616,32424,0.00033725,826.701,
848,2,38085,0.000313126,0.127475,19370,0.00172633,809.045,
848,3,24146,0.000307771,0.197158,12324,0.0169235,876.44,
848,4,20759,0.000299912,0.243321,10606,0.0287289,839.907,
848,5,20069,0.000296471,0.248342,10252,0.031292,836.694,
848,6,19863,0.000293163,0.249054,10150,0.0325038,834.407,
848,7,19771,0.000290459,0.253523,10104,0.0328869,836.388,
849,0,20000,0.01,0.0141421,10201,0,1299.62,
849,1,42696,0.00066249,0.047566,21712,0.00078287,829.789,
849,2,19097,0.000315711,0.105876,9794,0.00263583,808.308,
849,3,11301,0.000314708,0.210803,5830,0.0314377,903.627,
849,4,9538,0.000311089,0.265016,4926,0.0593238,923.56,
849,5,9211,0.000310149,0.280573,4759,0.0701831,922.02,
849,6,9086,0.000308636,0.276209,4697,0.0728411,924.746,
849,7,9030,0.000307285,0.277158,4668,0.0746883,926.079,
850,0,20000,0.01,0.0141421,10201,0,1299.62,
850,1,22058,0.000630227,0.0469083,11294,0.00234728,868.006,
850,2,8083,0.000326147,0.110901,4210,0.00533901,943,
850,3,4251,0.000308879,0.194918,2242,0.0718398,1150.58,
850,4,3545,0.000304118,0.314167,1873,0.144182,1226.43,
850,5,3405,0.000301787,0.313116,1800,0.175005,1231.28,
850,6,3347,0.000302506,0.317266,1770,0.183896,1231.7,
850,7,3322,0.000302435,0.314547,1757,0.185843,1227.08,
821,0,20000,0.01,0.0141421,10201,0,1.11973e+06,
821,1,628036,0.000608609,0.0467833,314531,0.00238784,734446,
821,2,761610,0.000297432,0.101775,381639,0.0379892,366363,
821,3,361030,0.000283312,0.212846,181355,0.0988169,364307,
821,4,293412,0.000285187,0.259393,147536,0.201759,360718,
821,5,285871,0.000282846,0.332908,143762,0.23271,357633,
821,6,283185,0.000289445,0.331702,142417,0.23317,354578,
842,0,20000,0.01,0.0141421,10201,0,1.1194e+06,
842,1,544801,0.000597514,0.0470652,272884,0.00257298,735748,
842,2,403650,0.000297306,0.104652,202640,0.0445062,370086,
842,3,176006,0.000283022,0.213491,88827,0.192136,365983,
842,4,123538,0.000282671,0.327211,62582,0.392243,360479,
842,5,114036,0.000294514,0.33326,57827,0.534218,355961,
842,6,112580,0.00027531,0.366778,57098,0.545939,352150,
842,7,112024,0.000292704,0.35586,56820,0.538046,349896,
853,0,20000,0.01,0.0141421,10201,0,789.293,
853,1,63735,0.000612754,0.0445979,32209,4.37289e-05,742.201,
853,2,68113,0.000306132,0.0375947,34437,0.00172819,790.726,
853,3,51146,0.000285197,0.0365894,25919,0.0097675,785.164,
853,4,47136,0.000294636,0.0398705,23893,0.0137802,792.025,
853,5,46634,0.000294378,0.0459693,23640,0.0151394,794.08,
853,6,46457,0.000294818,0.0433984,23551,0.015386,794.616,
854,0,20000,0.01,0.0141421,10201,0,789.293,
854,1,31965,0.000616344,0.0453062,16244,4.81141e-05,881.586,
854,2,24898,0.000316504,0.0725035,12689,0.00360911,691.056,
854,3,16835,0.000307626,0.0676119,8625,0.0248621,736.655,
854,4,15460,0.000303619,0.0802409,7922,0.0411895,737.731,
854,5,15265,0.000301435,0.080702,7825,0.0448759,739.494,
854,6,15197,0.00030026,0.0805408,7790,0.0457072,738.777,
855,0,20000,0.01,0.0141421,10201,0,789.293,
855,1,17507,0.000627575,0.0472942,8959,8.6047e-05,896.968,
855,2,8798,0.000309245,0.0962409,4556,0.00592455,709.328,
855,3,5460,0.000304735,0.145312,2851,0.0660023,768.217,
855,4,4761,0.000303352,0.140291,2493,0.111505,778.11,
855,5,4696,0.000299801,0.136258,2460,0.126435,780.987,
855,6,4669,0.000297499,0.136212,2446,0.12843,776.803,
852,0,20000,0.01,0.0141421,10201,0,789.293,
852,1,166269,0.000588688,0.0385561,83645,4.63001e-05,767.786,
852,2,249728,0.00030185,0.0132156,125564,0.000707618,745.835,
852,3,227862,0.000297801,0.0200768,114591,0.00271174,788.273,
852,4,200246,0.00029508,0.0175787,100769,0.00328182,791.059,
852,5,197957,0.000291995,0.019403,99600,0.00376786,789.967,
852,6,196720,0.000290209,0.0178634,98986,0.0038171,789.141,
846,0,20000,0.01,0.0141421,10201,0,1299.62,
846,1,178150,0.000596692,0.0470349,89775,5.15586e-05,816.198,
846,2,324642,0.000302381,0.0871382,163296,0.000667376,715.163,
846,3,289215,0.000294885,0.157401,145407,0.0018469,753.841,
846,4,250162,0.000296137,0.172396,125819,0.00221182,756.149,
846,5,245857,0.000298013,0.173466,123636,0.00256385,755.034,
846,6,243279,0.000297701,0.174977,122349,0.0026127,753.414,
846,7,242765,0.000294765,0.175618,122090,0.00264159,750.786,
836,0,20000,0.01,0.0141421,10201,0,998538,
836,1,634261,0.000585148,0.0516607,317640,0.00215115,658206,
836,2,723722,0.000303009,0.113651,362693,0.0341801,328973,
836,3,339623,0.000289825,0.218509,170650,0.098481,325938,
836,4,274650,0.000288053,0.298292,138154,0.179471,322961,
836,5,266968,0.000286129,0.318181,134309,0.214132,320460,
836,6,264498,0.000291133,0.399074,133073,0.207461,317910,
859,0,20000,0.01,0.0141421,10201,0,64210.4,
859,1,99780,0.000588052,0.0528802,50417,0.000768874,8404.7,
859,2,123698,0.000291799,0.132764,62777,0.00318834,2037.21,
859,3,108875,0.000287963,0.268137,55362,0.00568284,2085.34,
859,4,104835,0.00028692,0.360312,53337,0.00703398,2084.75,
859,5,104964,0.000285832,0.34994,53400,0.00736935,2082.93,
851,0,20000,0.01,0.0141421,10201,0,789.293,
851,1,226044,0.000600237,0.0320204,113605,4.72019e-05,720.577,
851,2,368617,0.000300858,0.0105572,185153,0.00052133,684.714,
851,3,350893,0.00028921,0.0149185,176242,0.00171745,720.325,
851,4,310387,0.000281028,0.0134445,155983,0.00202141,725.024,
851,5,307574,0.000288468,0.014702,154548,0.00231851,725.283,
860,0,20000,0.01,0.0141421,10201,0,64210.4,
860,1,63535,0.000609256,0.0533761,32268,0.00278484,8241.43,
860,2,83465,0.000305482,0.12007,42594,0.00400982,1973.35,
860,3,68492,0.00029524,0.226215,35101,0.0077951,2043.19,
860,4,66441,0.000296686,0.297033,34064,0.00976711,2042.26,
860,5,66424,0.000292939,0.360966,34053,0.0100252,2038.86,
858,0,20000,0.01,0.0141421,10201,0,64210.4,
858,1,171871,0.000600346,0.0506307,86488,0.000270657,8120.42,
858,2,201119,0.000290314,0.130343,101556,0.00184562,2031.44,
858,3,183493,0.000294551,0.240399,92740,0.00376241,2043.17,
858,4,174421,0.000291723,0.294545,88200,0.00443126,2038.98,
858,5,174257,0.000291719,0.330134,88116,0.00463954,2035.1,
863,0,20000,0.01,0.0141421,10201,0,790.184,
863,1,58334,0.000617711,0.0457697,29493,3.97513e-05,754.118,
863,2,58564,0.000301957,0.0924713,29632,0.00201031,699.456,
863,3,44486,0.000305936,0.0712919,22565,0.01068,719.551,
863,4,41887,0.000297024,0.0749297,21246,0.0158533,721.412,
863,5,41471,0.000292638,0.0744181,21037,0.0170427,721.002,
863,6,41347,0.000290758,0.0661354,20975,0.0172545,720.866,
864,0,20000,0.01,0.0141421,10201,0,790.184,
864,1,30501,0.000616577,0.0438687,15505,3.51089e-05,728.137,
864,2,21657,0.000307347,0.0945575,11055,0.00349263,737.974,
864,3,15112,0.000304905,0.105296,7748,0.0288759,777.519,
864,4,13989,0.000305799,0.117483,7176,0.0457741,780.801,
864,5,13820,0.000302494,0.115714,7092,0.0499656,782.734,
864,6,13735,0.000302722,0.113828,7048,0.051041,779.736,
865,0,20000,0.01,0.0141421,10201,0,790.184,
865,1,16522,0.00064529,0.0508402,8464,6.27172e-05,778.226,
865,2,8413,0.000327754,0.0958922,4358,0.00603992,784.002,
865,3,4939,0.000310604,0.142833,2586,0.0735871,844.637,
865,4,4295,0.000303581,0.168374,2254,0.135096,855.791,
865,5,4224,0.000301527,0.174986,2218,0.156427,850.302,
865,6,4205,0.000300105,0.176499,2208,0.157915,851.488,
862,0,20000,0.01,0.0141421,10201,0,790.184,
862,1,141113,0.000599848,0.0396643,71021,4.56964e-05,811.883,
862,2,215788,0.000300295,0.0455578,108538,0.000819949,764.302,
862,3,198777,0.000297855,0.0436749,99996,0.00296662,812.826,
862,4,173670,0.000300339,0.0418479,87430,0.00345813,814.441,
862,5,172277,0.00029948,0.0438608,86713,0.00398229,813.38,
857,0,20000,0.01,0.0141421,10201,0,64210.4,
857,1,264886,0.000604077,0.0502102,133013,0.000170606,8253.81,
857,2,318680,0.000300155,0.125198,160388,0.00130207,1963.46,
857,3,289591,0.000280221,0.24159,145843,0.00273753,1978.51,
857,4,273045,0.000289755,0.293984,137567,0.00322616,1983.42,
857,5,271849,0.000289152,0.342076,136964,0.00343395,1982.43,
856,0,20000,0.01,0.0141421,10201,0,64210.4,
856,1,306594,0.000604793,0.0518118,153873,0.000154719,8330.99,
856,2,383385,0.000300125,0.125455,192759,0.00116626,1940.93,
856,3,347079,0.000288121,0.225309,174606,0.00208291,1970.58,
856,4,324438,0.000287177,0.297076,163282,0.00237617,1969.42,
856,5,322631,0.000287856,0.356803,162375,0.00251764,1970.92,
841,0,20000,0.01,0.0141421,10201,0,1.1194e+06,
841,1,626346,0.00059624,0.0467818,313686,0.00238713,733756,
841,2,759099,0.000298442,0.130713,380383,0.0377224,367008,
841,3,360427,0.000295233,0.223266,181053,0.100194,363058,
841,4,293439,0.000290797,0.289177,147549,0.188684,360409,
841,5,286127,0.000290039,0.351667,143890,0.219231,357116,
841,6,283418,0.000289333,0.334446,142534,0.216432,354890,
870,0,20000,0.01,0.0141421,10201,0,1258.98,
870,1,21034,0.00066841,0.0469327,10776,0.00237028,886.241,
870,2,7588,0.000325662,0.102998,3958,0.00564689,1046.86,
870,3,4004,0.000308112,0.193849,2116,0.0757174,1265.32,
870,4,3282,0.0003044,0.303401,1738,0.15465,1339.39,
870,5,3131,0.000304354,0.312578,1659,0.18756,1336.81,
870,6,3092,0.000302128,0.303563,1639,0.194388,1344.27,
870,7,3085,0.00029977,0.300752,1636,0.201333,1344.32,
869,0,20000,0.01,0.0141421,10201,0,1258.98,
869,1,61432,0.00060429,0.0505942,31158,0.00034069,793.008,
869,2,33754,0.000315596,0.1049,17194,0.00176349,733.996,
869,3,22039,0.000317956,0.223782,11259,0.0174992,803.296,
869,4,19048,0.000316627,0.24209,9740,0.0286508,814.167,
869,5,18461,0.000312053,0.24903,9442,0.0329555,813.998,
869,6,18245,0.000306102,0.259721,9333,0.0337812,815.521,
869,7,18175,0.000305352,0.254335,9298,0.0342014,813.23,
868,0,20000,0.01,0.0141421,10201,0,1258.98,
868,1,106104,0.000601121,0.0470117,53631,0.000100003,801.867,
868,2,102129,0.00031277,0.121134,51589,0.00108365,700.43,
868,3,74252,0.000317903,0.208974,37547,0.00597115,738.24,
868,4,67201,0.000310542,0.20445,33993,0.00881271,739.651,
868,5,65748,0.000308068,0.209065,33255,0.00976286,734.983,
868,6,65303,0.000308224,0.20876,33034,0.00991462,734.46,
861,0,20000,0.01,0.0141421,10201,0,790.184,
861,1,187077,0.000612647,0.044514,94060,4.69526e-05,723.293,
861,2,310818,0.000300901,0.0338842,156176,0.00062701,696.145,
861,3,302798,0.000288702,0.0370644,152128,0.00200495,734.984,
861,4,267606,0.000282898,0.0341012,134526,0.0023138,736.188,
861,5,265607,0.000288631,0.0365068,133503,0.00265717,735.094,
874,0,20000,0.01,0.0141421,10201,0,1288.97,
874,1,63622,0.000611802,0.0469374,32263,0.000338093,787.699,
874,2,35235,0.000309041,0.115161,17942,0.00172203,730.409,
874,3,23280,0.000318047,0.18935,11885,0.0168838,796.506,
874,4,20112,0.000309947,0.242448,10279,0.0272042,811.828,
874,5,19515,0.000308933,0.261019,9974,0.0313909,810.621,
874,6,19301,0.000308526,0.256766,9867,0.0320635,813.104,
874,7,19208,0.000308784,0.258983,9819,0.032421,810.848,
875,0,20000,0.01,0.0141421,10201,0,1288.97,
875,1,21831,0.000642587,0.0469144,11179,0.00235294,815.243,
875,2,7934,0.000321003,0.113449,4134,0.00515326,942.96,
875,3,4112,0.000307818,0.197503,2172,0.0665585,1171.14,
875,4,3437,0.000316621,0.324931,1817,0.131391,1229.29,
875,5,3298,0.000320018,0.340285,1745,0.153713,1230.86,
875,6,3226,0.000320882,0.32241,1709,0.159521,1237.94,
875,7,3203,0.000320407,0.315035,1697,0.163719,1242.5,
873,0,20000,0.01,0.0141421,10201,0,1288.97,
873,1,108645,0.000612745,0.0518836,54911,9.93384e-05,768.212,
873,2,108953,0.000297809,0.100098,55015,0.0010302,779.997,
873,3,79230,0.000304352,0.176252,40047,0.00617712,827.223,
873,4,71248,0.000300819,0.215266,36026,0.00935687,827.335,
873,5,69697,0.000298499,0.214804,35241,0.0104196,829.252,
873,6,69243,0.000305615,0.216616,35014,0.0107273,826.176,
877,0,20000,0.01,0.0141421,10201,0,761.092,
877,1,58595,0.000623433,0.0460796,29626,3.94126e-05,738.975,
877,2,60954,0.000298073,0.0731304,30835,0.00185221,729.884,
877,3,45273,0.000294696,0.0601846,22963,0.0103873,766.059,
877,4,42148,0.000290421,0.0654959,21380,0.0154665,766.594,
877,5,41736,0.000294786,0.0691532,21173,0.0168415,763.915,
878,0,20000,0.01,0.0141421,10201,0,761.092,
878,1,30523,0.000645039,0.0469753,15516,3.69262e-05,748.976,
878,2,21541,0.00031059,0.0862246,10998,0.00348141,709.468,
878,3,15105,0.000305344,0.0954779,7747,0.0263611,718.026,
878,4,13983,0.000302081,0.104154,7174,0.0413144,720.664,
878,5,13843,0.000300881,0.0981199,7104,0.0441547,716.24,
878,6,13761,0.000298188,0.0986465,7063,0.0439593,718.395,
879,0,20000,0.01,0.0141421,10201,0,761.092,
879,1,16403,0.000639849,0.0503508,8404,6.50298e-05,723.083,
879,2,8408,0.000314086,0.0975821,4355,0.00599525,711.539,
879,3,5001,0.000305162,0.157571,2618,0.0654349,776.175,
879,4,4323,0.000301475,0.159953,2268,0.122087,785.57,
879,5,4249,0.000298686,0.143186,2232,0.140525,788.797,
879,6,4210,0.000299067,0.159753,2211,0.144886,783.526,
880,0,20000,0.01,0.0141421,10201,0,761.092,
880,1,12482,0.000606715,0.0442148,6421,0.000173734,889.106,
880,2,4964,0.000321425,0.105115,2605,0.00753599,760.3,
880,3,2612,0.00031197,0.192749,1393,0.108976,855.533,
880,4,2213,0.000311687,0.213535,1184,0.218272,877.101,
880,5,2151,0.000310852,0.206648,1152,0.253284,879.443,
880,6,2113,0.000310655,0.209394,1133,0.260069,883.312,
880,7,2108,0.000309761,0.197885,1131,0.266299,880.353,
876,0,20000,0.01,0.0141421,10201,0,761.092,
876,1,116787,0.000630016,0.0411324,58828,4.31748e-05,723.994,
876,2,162137,0.000294305,0.0347782,81634,0.000946241,658.931,
876,3,141781,0.000290999,0.0343762,71424,0.0037408,694.373,
876,4,125764,0.000295964,0.0378282,63399,0.00479094,697.553,
876,5,124155,0.00029506,0.0368637,62581,0.00547328,697.589,
876,6,123690,0.000294069,0.0370645,62350,0.00555941,697.247,
882,0,20000,0.01,0.0141421,10201,0,762.185,
882,1,56859,0.000611137,0.0470667,28753,3.81416e-05,747.343,
882,2,58227,0.000305572,0.0851098,29461,0.0018949,739.073,
882,3,43646,0.00029626,0.0645652,22140,0.0110192,781.02,
882,4,40503,0.000302646,0.0783487,20550,0.0161564,782.677,
882,5,40103,0.000295798,0.0730782,20348,0.0175724,781.55,
883,0,20000,0.01,0.0141421,10201,0,762.185,
883,1,29540,0.000616819,0.0463972,15022,3.36363e-05,736.377,
883,2,21690,0.000304448,0.106846,11068,0.00354591,687.269,
883,3,14653,0.000291241,0.1049,7517,0.0260938,732.349,
883,4,13329,0.0002942,0.114159,6843,0.04297,737.452,
883,5,13120,0.000299143,0.109068,6737,0.0480233,737.682,
883,6,13059,0.000296374,0.112332,6707,0.0491196,736.835,
884,0,20000,0.01,0.0141421,10201,0,762.185,
884,1,16744,0.000633198,0.0443114,8574,6.33712e-05,747.292,
884,2,8179,0.000308043,0.0919932,4240,0.0060224,726.184,
884,3,4895,0.000306115,0.16649,2561,0.0684517,784.936,
884,4,4182,0.000301065,0.176096,2197,0.123901,797.282,
884,5,4097,0.000298146,0.169483,2153,0.145305,798.224,
884,6,4077,0.000297811,0.162953,2143,0.148925,795.547,
881,0,20000,0.01,0.0141421,10201,0,762.185,
881,1,111053,0.000607868,0.0387269,55948,4.28446e-05,746.997,
881,2,153324,0.000305579,0.0527989,77209,0.00101395,700.243,
881,3,134038,0.000289497,0.0445976,67533,0.00407386,732.199,
881,4,119374,0.000294897,0.0537924,60186,0.00515687,732.048,
881,5,118166,0.000299718,0.0529783,59570,0.0058527,729.995,
881,6,117690,0.000301461,0.0452114,59332,0.00592755,727.974,
885,0,20000,0.01,0.0141421,10201,0,762.185,
885,1,11775,0.000635981,0.051373,6067,0.00021094,772.538,
885,2,4823,0.000326256,0.113444,2533,0.0081117,769.73,
885,3,2522,0.000310662,0.215471,1347,0.108708,863.903,
885,4,2097,0.000309655,0.205349,1125,0.219276,887.061,
885,5,2037,0.000308866,0.231734,1093,0.259883,888.224,
885,6,2021,0.000308391,0.205724,1085,0.268539,888.316,
867,0,20000,0.01,0.0141421,10201,0,1258.98,
867,1,171799,0.000613747,0.0504213,86589,5.18352e-05,783.02,
867,2,306087,0.000297761,0.118082,153975,0.000683051,679.314,
867,3,267492,0.000300103,0.161179,134514,0.00204956,718.134,
867,4,230844,0.000299281,0.175375,116132,0.00251041,718.662,
867,5,226739,0.00029333,0.176802,114051,0.00290177,718.621,
867,6,224447,0.000298227,0.178489,112904,0.0029555,716.052,
867,7,223895,0.000297227,0.177507,112627,0.00297758,715.991,
888,0,20000,0.01,0.0141421,10201,0,840.065,
888,1,72885,0.000601628,0.0501631,36850,7.01219e-05,748.289,
888,2,55246,0.000309212,0.105658,27979,0.00142594,660.675,
888,3,36876,0.000306761,0.129609,18734,0.0106177,705.083,
888,4,33115,0.000302919,0.157429,16829,0.0170788,709.11,
888,5,32573,0.000304643,0.142687,16555,0.0189562,708.545,
888,6,32387,0.000305032,0.150141,16461,0.0191911,706.152,
889,0,20000,0.01,0.0141421,10201,0,840.065,
889,1,29936,0.000625583,0.0505948,15245,0.000207278,752.158,
889,2,16845,0.000310547,0.111613,8634,0.00350278,710.106,
889,3,10947,0.000306121,0.177549,5642,0.0344038,765.859,
889,4,9573,0.00030322,0.217434,4939,0.0590285,776.295,
889,5,9370,0.000302046,0.217955,4835,0.0673204,776.387,
889,6,9266,0.000301601,0.22073,4784,0.0685304,777.045,
889,7,9217,0.000300662,0.220484,4759,0.0691494,778.029,
890,0,20000,0.01,0.0141421,10201,0,840.065,
890,1,10863,0.000624354,0.0517506,5613,0.00153885,813.386,
890,2,4217,0.000326255,0.11031,2225,0.00934983,862.968,
890,3,2199,0.000305355,0.228975,1182,0.120022,1063.2,
890,4,1772,0.000300438,0.311498,957,0.246939,1147.05,
890,5,1689,0.000299667,0.305262,913,0.300082,1144.43,
890,6,1658,0.000296829,0.288558,898,0.310867,1155.47,
890,7,1642,0.000295275,0.296412,889,0.32248,1152.97,
872,0,20000,0.01,0.0141421,10201,0,1288.97,
872,1,176158,0.000618429,0.0470708,88777,5.1627e-05,771.589,
872,2,319262,0.000288568,0.0999439,160594,0.000644372,767.546,
872,3,282321,0.000292348,0.143465,141951,0.0020557,816.823,
872,4,245734,0.000299091,0.172951,123596,0.00260576,822.431,
872,5,241427,0.000298638,0.17815,121414,0.00304782,821.931,
872,6,239082,0.000295577,0.177836,120241,0.0031104,821.788,
887,0,20000,0.01,0.0141421,10201,0,840.065,
887,1,151542,0.000596303,0.0504813,76363,4.62935e-05,743.269,
887,2,163261,0.000302705,0.0746582,82221,0.000739925,745.773,
887,3,127734,0.000295731,0.0958388,64371,0.00400602,784.212,
887,4,112308,0.000308946,0.107693,56633,0.00562617,784.536,
887,5,110122,0.000308748,0.104631,55527,0.00643649,782.922,
887,6,109327,0.000306296,0.0991434,55129,0.00657171,781.506,
892,0,20000,0.01,0.0141421,10201,0,762.348,
892,1,56694,0.000611312,0.0457059,28670,3.81102e-05,770.538,
892,2,57009,0.000307458,0.0651694,28850,0.0019906,672.066,
892,3,42955,0.000305649,0.0762002,21792,0.0103346,707.715,
892,4,40659,0.000302141,0.0799658,20626,0.0153708,708.076,
892,5,40189,0.000299824,0.071979,20392,0.0164281,708.686,
892,6,40069,0.000298321,0.0719507,20331,0.0167605,708.524,
893,0,20000,0.01,0.0141421,10201,0,762.348,
893,1,29566,0.000636466,0.0469233,15035,3.34885e-05,713.909,
893,2,21696,0.000306757,0.0953295,11070,0.00354983,739.887,
893,3,14550,0.000316569,0.104854,7466,0.0289254,776.271,
893,4,13271,0.000317973,0.109575,6813,0.047646,776.108,
893,5,13143,0.0003177,0.107095,6748,0.0527944,772.191,
894,0,20000,0.01,0.0141421,10201,0,762.348,
894,1,16791,0.000608698,0.0446332,8597,6.39736e-05,746.508,
894,2,8145,0.000320736,0.102928,4223,0.00573771,818.472,
894,3,4848,0.0003096,0.151509,2538,0.0706452,890.007,
894,4,4213,0.00030472,0.180248,2212,0.128409,907.014,
894,5,4140,0.000303962,0.168043,2174,0.15039,902.045,
894,6,4115,0.000302505,0.1757,2162,0.152008,902.731,
895,0,20000,0.01,0.0141421,10201,0,762.348,
895,1,12104,0.000605874,0.0505538,6231,0.000217376,883.048,
895,2,4952,0.000326442,0.116281,2598,0.00778776,728.229,
895,3,2544,0.000305379,0.222792,1359,0.105677,824.741,
895,4,2134,0.0003016,0.245245,1143,0.218724,848.318,
895,5,2066,0.00029964,0.197472,1109,0.256677,852.197,
895,6,2049,0.000298408,0.238212,1099,0.265991,850.092,
897,0,20000,0.01,0.0141421,10201,0,761.092,
897,1,58290,0.000618713,0.0416626,29473,3.9282e-05,726.234,
897,2,59468,0.00031059,0.0720059,30093,0.00186705,711.682,
897,3,44627,0.00029143,0.0619812,22638,0.0102311,748.586,
897,4,41994,0.000286811,0.0599915,21303,0.0151287,750.718,
897,5,41530,0.000291799,0.0661556,21069,0.016252,749.992,
897,6,41416,0.000289408,0.066755,21012,0.0164538,750.024,
898,0,20000,0.01,0.0141421,10201,0,761.092,
898,1,30475,0.000631669,0.0470582,15492,3.65416e-05,750.428,
898,2,21541,0.000299183,0.100855,10998,0.00340163,787.899,
898,3,15071,0.000309222,0.099467,7730,0.0300231,834.718,
898,4,14058,0.000305004,0.103731,7211,0.0469631,839.586,
898,5,13887,0.000303909,0.104445,7127,0.0512361,840.111,
898,6,13793,0.000299978,0.110815,7078,0.0523427,838.182,
899,0,20000,0.01,0.0141421,10201,0,761.092,
899,1,16357,0.000627299,0.0503251,8381,6.43799e-05,890.527,
899,2,8448,0.000320437,0.0936687,4375,0.00601972,686.429,
899,3,4962,0.000308787,0.158677,2598,0.0642383,749.083,
899,4,4308,0.000323523,0.163218,2260,0.114873,757.234,
899,5,4250,0.000325092,0.16158,2231,0.1304,758.117,
899,6,4225,0.000326079,0.156409,2218,0.132452,755.381,
900,0,20000,0.01,0.0141421,10201,0,761.092,
900,1,12480,0.000658,0.0442248,6420,0.00017509,891.631,
900,2,5064,0.000322251,0.0996044,2655,0.00760667,799.53,
900,3,2621,0.000310216,0.189562,1398,0.114146,895.784,
900,4,2164,0.000312705,0.210235,1160,0.231979,925.016,
900,5,2089,0.000314276,0.217155,1121,0.280785,924.054,
900,6,2070,0.000315264,0.213203,1111,0.288525,920.938,
891,0,20000,0.01,0.0141421,10201,0,762.348,
891,1,110573,0.000606987,0.0401477,55707,4.28512e-05,721.753,
891,2,152536,0.000303575,0.0517895,76813,0.000989385,740.323,
891,3,133169,0.000284685,0.0478905,67095,0.00422697,736.034,
891,4,119077,0.000296605,0.0483363,60035,0.00492221,738.589,
891,5,117624,0.000295162,0.048132,59296,0.00548718,738.777,
891,6,117181,0.000294186,0.0481558,59075,0.00555953,737.948,
902,0,20000,0.01,0.0141421,10201,0,761.099,
902,1,58427,0.000620525,0.0443813,29541,3.8857e-05,741.21,
902,2,60385,0.000301361,0.0733263,30549,0.0019043,726.825,
902,3,44849,0.000296261,0.0624183,22747,0.0108478,763.801,
902,4,41813,0.000293274,0.0711059,21209,0.0160862,766.605,
902,5,41442,0.000287402,0.0681972,21023,0.0174443,764.426,
903,0,20000,0.01,0.0141421,10201,0,761.099,
903,1,30451,0.000640963,0.0469697,15480,3.54363e-05,716.099,
903,2,21516,0.000307988,0.0792534,10984,0.00347172,716.475,
903,3,15132,0.00030293,0.0926179,7758,0.0276525,746.712,
903,4,13939,0.000300074,0.0998837,7152,0.0432728,750.197,
903,5,13805,0.000298665,0.108743,7084,0.0480843,748.28,
904,0,20000,0.01,0.0141421,10201,0,761.099,
904,1,16365,0.000632323,0.0502876,8385,6.40285e-05,759.028,
904,2,8274,0.000318727,0.106492,4288,0.00575534,757.645,
904,3,4911,0.000308712,0.169718,2572,0.063253,829.089,
904,4,4321,0.000302492,0.163496,2267,0.111858,846.31,
904,5,4239,0.000300459,0.152441,2225,0.127665,849.887,
904,6,4208,0.000300278,0.152467,2209,0.130266,844.562,
905,0,20000,0.01,0.0141421,10201,0,761.099,
905,1,12418,0.000625411,0.044261,6389,0.000184539,731.111,
905,2,4995,0.000330242,0.108873,2620,0.00718673,726.644,
905,3,2644,0.000332034,0.180192,1409,0.102052,820.112,
905,4,2174,0.000338052,0.214382,1165,0.195746,846.48,
905,5,2098,0.000338893,0.209886,1125,0.233146,848.142,
905,6,2078,0.000334712,0.20199,1115,0.240551,843.626,
896,0,20000,0.01,0.0141421,10201,0,761.092,
896,1,116612,0.000616646,0.0412552,58740,4.31347e-05,704.666,
896,2,161618,0.000297514,0.0379066,81372,0.000944841,718.137,
896,3,141877,0.000298257,0.0344286,71472,0.0040942,752.764,
896,4,125462,0.000294359,0.0377094,63245,0.00516176,751.526,
896,5,124207,0.000294267,0.0376197,62604,0.0058711,750.225,
896,6,123676,0.000293285,0.0390163,62340,0.0059477,748.306,
901,0,20000,0.01,0.0141421,10201,0,761.099,
901,1,115819,0.000612236,0.0398955,58340,4.30022e-05,779.759,
901,2,159700,0.000307938,0.0377184,80409,0.000947987,666.414,
901,3,139408,0.000305383,0.0363376,70229,0.00363573,710.871,
901,4,124190,0.000300226,0.0399468,62603,0.00448209,712.769,
901,5,122543,0.000301706,0.0419057,61769,0.00504851,711.878,
901,6,121971,0.000299084,0.043504,61481,0.00511685,710.273,
866,0,20000,0.01,0.0141421,10201,0,1258.98,
866,1,220401,0.000579424,0.0472039,110945,4.62669e-05,764.874,
866,2,465434,0.000299528,0.102218,233881,0.000519647,664.877,
866,3,460698,0.000291142,0.128342,231368,0.00133007,703.111,
866,4,408802,0.000286774,0.158638,205367,0.00145686,702.769,
866,5,403740,0.000293266,0.160129,202801,0.00164354,701.365,
866,6,400425,0.000292578,0.160928,201140,0.00166693,700.994,
909,0,20000,0.01,0.0141421,10201,0,1750.97,
909,1,47639,0.000579875,0.0458258,24162,0.000310359,423.853,
909,2,97081,0.000122811,0.109796,49982,0.000154849,39.5426,
909,3,44557,0.000121506,0.215756,23240,7.70582e-05,64.5669,
909,4,31818,0.000128769,0.357345,16578,0.000161875,83.4803,
909,5,28836,0.000130677,0.365078,15063,0.000205396,88.9138,
909,6,27963,0.000130398,0.360594,14600,0.000225276,90.3137,
909,7,27605,0.000130528,0.35862,14412,0.000235064,90.7727,
909,8,27356,0.000130656,0.357171,14284,0.000239169,91.2637,
910,0,20000,0.01,0.0141421,10201,0,1750.97,
910,1,27367,0.000692119,0.0473422,13985,0.00176295,459.481,
910,2,21131,0.000180297,0.112994,11123,0.00134953,144.521,
910,3,8037,0.00013643,0.221911,4384,0.00112552,288.014,
910,4,5343,0.000123835,0.348089,2942,0.00229044,388.807,
910,5,4647,0.000120106,0.332704,2562,0.00316946,433.839,
910,6,4411,0.000119466,0.332066,2437,0.00387328,452.86,
910,7,4283,0.000118796,0.332432,2370,0.00436066,461.687,
910,8,4208,0.000117862,0.339832,2330,0.00449161,467.594,
910,9,4156,0.000117869,0.333113,2304,0.00467159,469.116,
910,10,4109,0.000117126,0.339622,2279,0.00482679,471.868,
910,11,4095,0.000117291,0.332904,2272,0.00491528,472.834,
908,0,20000,0.01,0.0141421,10201,0,1750.97,
908,1,64021,0.000599941,0.0512705,32372,8.15883e-05,439.765,
908,2,145218,0.000121526,0.121604,74166,4.39576e-05,32.7881,
908,3,92548,0.000116072,0.244537,47872,4.76396e-05,37.3399,
908,4,85577,0.000116724,0.337448,44272,7.57792e-05,38.0476,
908,5,85546,0.000114533,0.321514,44206,8.09587e-05,37.5404,
907,0,20000,0.01,0.0141421,10201,0,1750.97,
907,1,97450,0.000583789,0.0459266,49112,1.41056e-05,439.314,
907,2,216868,0.000122156,0.112157,110112,1.60013e-05,30.9316,
907,3,172324,0.000116725,0.257016,87918,3.6851e-05,31.6218,
907,4,160405,0.00011471,0.338548,81941,4.76946e-05,31.6972,
907,5,161635,0.000113177,0.351969,82553,5.03912e-05,31.5862,
906,0,20000,0.01,0.0141421,10201,0,1750.97,
906,1,103103,0.000581611,0.0514793,51942,1.09912e-05,440.496,
906,2,227653,0.000122164,0.130011,115518,1.46827e-05,30.8978,
906,3,186829,0.000120244,0.236692,95187,3.46326e-05,31.461,
906,4,173262,0.000118271,0.292754,88392,4.38709e-05,31.5315,
906,5,174675,0.000118326,0.352313,89094,4.70485e-05,31.456,
871,0,20000,0.01,0.0141421,10201,0,1288.97,
871,1,225896,0.000617709,0.0470866,113701,4.61505e-05,743.062,
871,2,486676,0.000285797,0.0962559,244528,0.000513414,721.784,
871,3,487206,0.00029114,0.147189,244660,0.00132449,752.151,
871,4,431333,0.000289035,0.15076,216669,0.00146457,753.558,
871,5,428451,0.000290975,0.158587,215193,0.00167301,752.356,
912,0,20000,0.01,0.0141421,10201,0,8093.16,
912,1,246492,0.000573357,0.045153,123578,5.5817e-05,5103.18,
912,2,121647,0.000244844,0.115511,61558,0.000361756,2244.45,
912,3,46199,0.000233532,0.216836,23850,0.00231856,2218.29,
912,4,31774,0.000223568,0.355405,16629,0.00575779,2166.69,
912,5,29801,0.000226691,0.359619,15637,0.00751997,2114.59,
912,6,29516,0.000239352,0.359393,15493,0.00736465,2078.54,
911,0,20000,0.01,0.0141421,10201,0,8093.16,
911,1,253698,0.000596693,0.0507238,127182,5.04762e-05,5104.6,
911,2,125843,0.000243806,0.121869,63657,0.000353805,2246.73,
911,3,49065,0.000234534,0.227002,25284,0.0021369,2222.07,
911,4,33475,0.000240375,0.345367,17481,0.00510877,2167.4,
911,5,31266,0.000227178,0.339217,16371,0.00680589,2117.23,
911,6,30953,0.000234226,0.335223,16213,0.00681646,2080.26,
911,7,30858,0.000230333,0.334915,16165,0.00670413,2054.92,
914,0,20000,0.01,0.0141421,10201,0,8093.16,
914,1,233083,0.000600307,0.0477978,116871,6.76078e-05,5100.75,
914,2,114754,0.00025143,0.104583,58107,0.000387017,2252.03,
914,3,42374,0.000238392,0.203919,21934,0.00222137,2223.42,
914,4,29096,0.000223175,0.281132,15286,0.00562002,2168.39,
914,5,27294,0.000229045,0.371783,14381,0.00729659,2113.42,
914,6,27039,0.00021883,0.369296,14251,0.00727601,2072.82,
913,0,20000,0.01,0.0141421,10201,0,8093.16,
913,1,238844,0.000596463,0.0513334,119753,6.15298e-05,5102.83,
913,2,117861,0.000249077,0.121711,59662,0.000373521,2254.55,
913,3,44287,0.000239874,0.266582,22892,0.00249304,2227.49,
913,4,30219,0.000224565,0.270058,15849,0.00590488,2164.43,
913,5,28403,0.000219788,0.356158,14936,0.00797443,2113.84,
913,6,28138,0.000232861,0.330884,14802,0.00786395,2080.45,
915,0,20000,0.01,0.0141421,10201,0,8093.16,
915,1,226998,0.000584241,0.047637,113828,7.40509e-05,5098.54,
915,2,115393,0.000249769,0.106771,58426,0.000383305,2246.93,
915,3,42031,0.000246148,0.212604,21761,0.00253799,2209.98,
915,4,28136,0.00024403,0.266144,14804,0.00592025,2157.66,
915,5,26273,0.000238532,0.365044,13867,0.00764844,2109.41,
915,6,26050,0.000232849,0.351445,13754,0.0075231,2072.88,
917,0,20000,0.01,0.0141421,10201,0,1746.61,
917,1,123974,0.00059895,0.0469558,62387,7.83924e-06,420.15,
917,2,117510,0.000251334,0.105083,59698,5.09328e-05,85.3722,
917,3,88906,0.000235866,0.207622,45412,0.000130319,85.2127,
917,4,85839,0.000230857,0.244905,43873,0.000166091,84.7299,
917,5,85575,0.000228453,0.275141,43738,0.000168844,84.3885,
916,0,20000,0.01,0.0141421,10201,0,1746.61,
916,1,127084,0.000596579,0.0489716,63943,7.44612e-06,421.047,
916,2,120484,0.000247321,0.109032,61188,4.77916e-05,85.2338,
916,3,92096,0.000229547,0.208792,47012,0.000132167,85.237,
916,4,88728,0.000238232,0.292236,45319,0.000169537,84.9096,
916,5,88378,0.000232809,0.377755,45141,0.000174478,84.5897,
918,0,20000,0.01,0.0141421,10201,0,1746.61,
918,1,121355,0.000590271,0.0506316,61076,8.24874e-06,422.158,
918,2,114309,0.000243397,0.120104,58094,5.24554e-05,84.6626,
918,3,86629,0.000232551,0.201554,44271,0.000138973,84.7144,
918,4,83390,0.000236066,0.271174,42645,0.000177985,84.3766,
918,5,83141,0.000222355,0.277134,42518,0.000181822,84.1288,
919,0,20000,0.01,0.0141421,10201,0,1746.61,
919,1,118699,0.000591767,0.0516713,59747,8.67421e-06,421.344,
919,2,111582,0.000239718,0.113886,56727,5.35513e-05,85.2279,
919,3,84557,0.000230109,0.227652,43233,0.000134261,85.4149,
919,4,81408,0.000227982,0.282836,41651,0.000172629,85.1195,
919,5,81134,0.000232437,0.267481,41511,0.000177033,84.6587,
920,0,20000,0.01,0.0141421,10201,0,1746.61,
920,1,116551,0.000594855,0.0518209,58673,9.11537e-06,423.226,
920,2,109882,0.000246882,0.12162,55875,5.41319e-05,85.3863,
920,3,82563,0.000233691,0.199963,42233,0.000144612,85.3603,
920,4,79411,0.000233083,0.307671,40649,0.000184556,84.9365,
920,5,79102,0.00023126,0.300462,40493,0.000189001,84.6423,
924,0,20000,0.01,0.0141421,10201,0,39.3315,
924,1,50861,0.000603358,0.0446676,25861,5.74766e-06,9.7162,
924,2,53335,0.000120333,0.113943,27131,3.74637e-06,7.63797,
924,3,36694,0.000121321,0.25384,18701,0.000110081,8.36168,
924,4,32635,0.000121488,0.263554,16645,0.000172626,8.49278,
924,5,31995,0.000119295,0.340233,16316,0.000193493,8.51993,
924,6,31743,0.000118081,0.328429,16189,0.000197531,8.50064,
925,0,20000,0.01,0.0141421,10201,0,39.3315,
925,1,46283,0.000603271,0.0502308,23559,8.33993e-06,11.062,
925,2,38443,0.000123827,0.126886,19620,4.32264e-06,7.85991,
925,3,26584,0.000126385,0.228846,13596,0.000154045,8.71029,
925,4,23828,0.000128438,0.273074,12192,0.000241489,8.87889,
925,5,23246,0.000128178,0.337496,11893,0.000267212,8.8924,
925,6,23012,0.000124883,0.323282,11776,0.000273305,8.87649,
925,7,22918,0.000122627,0.3177,11729,0.000274227,8.89,
923,0,20000,0.01,0.0141421,10201,0,39.3315,
923,1,56426,0.000574541,0.0464555,28659,3.65482e-06,10.5754,
923,2,78517,0.000119659,0.103516,39819,2.93996e-06,7.22724,
923,3,57328,0.00011695,0.20795,29104,7.70578e-05,7.85507,
923,4,49598,0.000114597,0.283642,25200,0.000114698,7.98645,
923,5,48626,0.000113761,0.32005,24702,0.000132152,7.9742,
923,6,48245,0.000115074,0.304561,24512,0.000133538,7.98575,
922,0,20000,0.01,0.0141421,10201,0,39.3315,
922,1,64991,0.000577825,0.0451265,32962,2.05321e-06,9.7746,
922,2,136045,0.000120784,0.116369,68755,2.49611e-06,6.93601,
922,3,108526,0.000113926,0.186728,54852,4.46889e-05,7.37604,
922,4,88450,0.000123198,0.288925,44760,6.1022e-05,7.46051,
922,5,86179,0.000122827,0.299756,43595,7.45405e-05,7.46036,
922,6,85072,0.000122594,0.295754,43042,7.60319e-05,7.47717,
922,7,84752,0.000121838,0.296198,42881,7.68917e-05,7.47135,
927,0,20000,0.01,0.0141421,10201,0,1750.97,
927,1,64053,0.000593461,0.0512705,32388,8.15883e-05,438.758,
927,2,144926,0.000120002,0.114099,74019,4.36962e-05,32.9603,
927,3,92691,0.000111561,0.249896,47943,4.74151e-05,37.546,
927,4,85935,0.00011316,0.322211,44450,7.48563e-05,38.0743,
927,5,85668,0.000117519,0.383931,44266,7.96309e-05,37.6895,
928,0,20000,0.01,0.0141421,10201,0,1750.97,
928,1,53542,0.000624267,0.0506207,27121,0.000178425,438.294,
928,2,118456,0.000120233,0.11545,60722,9.19235e-05,36.646,
928,3,65422,0.000120122,0.269556,33945,5.67726e-05,46.9473,
928,4,55369,0.000125978,0.307316,28624,0.00010253,51.6973,
928,5,52893,0.000128398,0.329245,27288,0.00012003,52.6988,
928,6,51730,0.000128317,0.336184,26690,0.000125129,53.5076,
928,7,51027,0.000128745,0.331225,26341,0.00012593,54.0784,
928,8,50548,0.000128867,0.33429,26104,0.000127452,54.5434,
886,0,20000,0.01,0.0141421,10201,0,840.065,
886,1,269390,0.000610661,0.0459658,135466,4.37221e-05,758.096,
886,2,465654,0.00030423,0.0521984,233811,0.000418283,666.26,
886,3,415358,0.000287507,0.0525953,208546,0.0013042,701.874,
886,4,359693,0.0002892,0.0594798,180679,0.00157301,703.341,
886,5,355091,0.000295226,0.06418,178345,0.00181913,702.179,
886,6,351795,0.000294882,0.0641964,176702,0.00184064,701.404,
930,0,20000,0.01,0.0141421,10201,0,1750.97,
930,1,39203,0.000647213,0.0453854,19931,0.000674395,412.945,
930,2,61947,0.000132356,0.113284,32003,0.00036428,59.6074,
930,3,22885,0.000127082,0.229057,12113,0.000166121,115.177,
930,4,14544,0.000128924,0.280243,7743,0.000371895,165.679,
930,5,12682,0.00012916,0.400014,6757,0.000511932,183.345,
930,6,12065,0.000128844,0.402387,6434,0.000594166,189.279,
930,7,11713,0.000128403,0.371657,6252,0.00062433,193.287,
930,8,11538,0.000127539,0.371704,6162,0.000648634,194.989,
930,9,11431,0.000127352,0.371869,6106,0.00066812,195.981,
929,0,20000,0.01,0.0141421,10201,0,1750.97,
929,1,47589,0.000637871,0.0458258,24137,0.000310359,424.323,
929,2,96966,0.000125365,0.113207,49924,0.000154716,39.5275,
929,3,44518,0.000125449,0.243807,23220,7.80434e-05,64.5223,
929,4,31958,0.000129024,0.280659,16644,0.000164675,82.9887,
929,5,28977,0.000129813,0.32989,15134,0.000205824,88.4623,
929,6,28110,0.00013062,0.334267,14675,0.000224854,89.7341,
929,7,27726,0.000130758,0.335993,14475,0.000234098,90.1556,
929,8,27447,0.000131207,0.332549,14330,0.000237321,90.6851,
929,9,27259,0.000130985,0.336239,14235,0.000239289,91.1108,
934,0,20000,0.01,0.0141421,10201,0,8.95289,
934,1,22934,0.000636172,0.0456206,11695,6.06577e-07,9.3919,
934,2,22326,0.000124739,0.0858887,11405,5.48514e-06,6.68371,
934,3,14333,0.000122119,0.101334,7376,0.00027144,7.16454,
934,4,11905,0.000126002,0.118948,6137,0.000459187,7.27001,
934,5,11530,0.000126996,0.114816,5945,0.000547304,7.26081,
934,6,11419,0.000127347,0.115442,5891,0.000557938,7.28073,
933,0,20000,0.01,0.0141421,10201,0,8.95289,
933,1,34017,0.000585723,0.0469227,17277,2.93323e-07,8.80519,
933,2,40496,0.000120919,0.0818091,20570,4.06512e-06,6.71099,
933,3,27799,0.000117034,0.0807688,14188,0.000145025,7.17822,
933,4,23699,0.000114741,0.083277,12104,0.000230429,7.22195,
933,5,23189,0.00012058,0.0831145,11846,0.0002694,7.23789,
933,6,23021,0.00011932,0.0836591,11761,0.000275432,7.21043,
935,0,20000,0.01,0.0141421,10201,0,8.95289,
935,1,18218,0.000565838,0.0448351,9313,1.08854e-06,9.13228,
935,2,15017,0.000125591,0.101506,7710,6.6602e-06,7.05111,
935,3,9020,0.000120053,0.117852,4678,0.000372848,7.74388,
935,4,7248,0.000119391,0.132003,3771,0.000675647,7.89879,
935,5,6952,0.000130401,0.148567,3619,0.000828011,7.95524,
935,6,6877,0.000131717,0.147143,3581,0.000866071,7.8955,
935,7,6836,0.000129798,0.14948,3561,0.000865076,7.94242,
932,0,20000,0.01,0.0141421,10201,0,8.95289,
932,1,58128,0.000596812,0.0464327,29403,1.44014e-07,9.22689,
932,2,89050,0.000121693,0.0603851,44991,2.53936e-06,6.48869,
932,3,68494,0.000117788,0.0517443,34680,6.84138e-05,6.93125,
932,4,56346,0.000117003,0.0573649,28563,9.74304e-05,6.95076,
932,5,54899,0.000117624,0.0538318,27825,0.000118052,6.93187,
932,6,54417,0.000117896,0.0543008,27586,0.000120348,6.93832,
938,0,20000,0.01,0.0141421,10201,0,38.6377,
938,1,56229,0.00059357,0.0476446,28561,3.26692e-06,9.70281,
938,2,77707,0.000124492,0.11592,39416,3.16102e-06,7.08315,
938,3,56095,0.000126302,0.204725,28494,7.94761e-05,7.63513,
938,4,49368,0.00012555,0.23983,25094,0.000119294,7.73217,
938,5,48374,0.000123922,0.221965,24583,0.000134905,7.7109,
938,6,48012,0.00012389,0.217956,24402,0.000136243,7.72103,
939,0,20000,0.01,0.0141421,10201,0,38.6377,
939,1,50633,0.000619692,0.0477165,25747,5.1669e-06,10.2155,
939,2,52375,0.000122095,0.0982714,26651,3.66872e-06,7.37979,
939,3,36230,0.000118031,0.213406,18474,0.000115399,8.03311,
939,4,32353,0.000125902,0.237717,16506,0.000182475,8.13201,
939,5,31762,0.000123948,0.277043,16201,0.000203449,8.12778,
939,6,31522,0.000123073,0.273372,16081,0.000206517,8.12291,
940,0,20000,0.01,0.0141421,10201,0,38.6377,
940,1,46059,0.000598916,0.0502014,23447,7.53674e-06,10.4352,
940,2,38168,0.000120732,0.120394,19484,4.46879e-06,7.80406,
940,3,26263,0.000120938,0.188562,13437,0.000160008,8.61451,
940,4,23234,0.000116924,0.261602,11896,0.000250738,8.80535,
940,5,22719,0.000116663,0.310624,11631,0.000278304,8.8368,
940,6,22493,0.000117864,0.301649,11517,0.000282591,8.84644,
940,7,22402,0.000118603,0.305081,11471,0.000283338,8.82846,
937,0,20000,0.01,0.0141421,10201,0,38.6377,
937,1,64467,0.000581145,0.0504784,32701,1.82391e-06,9.64319,
937,2,132468,0.000122737,0.11749,66968,2.36952e-06,6.92971,
937,3,107483,0.000119033,0.186573,54344,4.62431e-05,7.44517,
937,4,87968,0.000119197,0.202699,44533,6.22345e-05,7.53121,
937,5,85412,0.000119564,0.189638,43223,7.56343e-05,7.52321,
937,6,84392,0.000119446,0.196235,42712,7.73526e-05,7.51905,
937,7,84067,0.000118714,0.193366,42549,7.801e-05,7.52463,
942,0,20000,0.01,0.0141421,10201,0,11.9704,
942,1,57793,0.000619079,0.0500381,29307,1.72011e-06,9.23917,
942,2,48817,0.000120781,0.11246,24789,2.69276e-06,6.82688,
942,3,31717,0.000115675,0.17088,16164,0.000123679,7.35549,
942,4,27211,0.000115958,0.228915,13875,0.000207784,7.41572,
942,5,26525,0.000127476,0.243094,13525,0.000240667,7.39906,
942,6,26322,0.000126638,0.245373,13423,0.000245299,7.40496,
943,0,20000,0.01,0.0141421,10201,0,11.9704,
943,1,45591,0.000600857,0.0449372,23159,3.15551e-06,8.67909,
943,2,32234,0.000119019,0.102645,16432,3.79565e-06,6.85872,
943,3,19717,0.000124266,0.206076,10104,0.000188893,7.41439,
943,4,16164,0.000122764,0.234816,8294,0.000333574,7.55313,
943,5,15546,0.000120634,0.262677,7978,0.000402785,7.5504,
943,6,15359,0.000118699,0.266503,7884,0.000415379,7.55114,
943,7,15307,0.000117806,0.262663,7858,0.000418211,7.56422,
921,0,20000,0.01,0.0141421,10201,0,39.3315,
921,1,80255,0.000587047,0.046026,40624,9.36662e-07,10.859,
921,2,300744,0.000123198,0.123027,151467,1.99107e-06,6.66552,
921,3,260704,0.000117701,0.203628,131254,2.07358e-05,7.05574,
921,4,199764,0.000115156,0.250876,100666,2.61255e-05,7.08996,
921,5,187306,0.000118989,0.280908,94382,3.38825e-05,7.08975,
921,6,184516,0.00011833,0.28487,92986,3.58737e-05,7.09351,
921,7,183604,0.000116695,0.284664,92533,3.63304e-05,7.09,
941,0,20000,0.01,0.0141421,10201,0,11.9704,
941,1,77794,0.000581181,0.0458186,39361,7.53804e-07,9.36648,
941,2,90978,0.000122536,0.106205,45986,1.90132e-06,6.65161,
941,3,65441,0.00011729,0.215403,33141,6.71955e-05,7.10482,
941,4,55921,0.000119479,0.212136,28342,0.000102031,7.13913,
941,5,54297,0.000121122,0.218229,27517,0.000118834,7.1353,
941,6,54001,0.000120857,0.21837,27370,0.000121628,7.13256,
945,0,20000,0.01,0.0141421,10201,0,11.9704,
945,1,29190,0.000623709,0.0518724,14887,7.50509e-06,10.3289,
945,2,17027,0.000122205,0.104701,8749,7.03184e-06,7.341,
945,3,9773,0.000125691,0.203746,5062,0.00033729,8.19291,
945,4,7572,0.0001267,0.249246,3935,0.000640078,8.58782,
945,5,7176,0.000127493,0.283851,3732,0.0008104,8.64232,
945,6,7100,0.000127978,0.287692,3694,0.000849515,8.63788,
945,7,7064,0.000128223,0.286168,3676,0.000854517,8.62389,
944,0,20000,0.01,0.0141421,10201,0,11.9704,
944,1,36534,0.00061849,0.0443897,18591,5.07899e-06,9.58414,
944,2,23026,0.000119146,0.100169,11783,5.07937e-06,7.04307,
944,3,13538,0.000124911,0.213423,6973,0.000258808,7.70053,
944,4,10652,0.000126387,0.250349,5501,0.000475877,7.97979,
944,5,10203,0.000127012,0.276804,5270,0.000599071,7.99822,
944,6,10078,0.000127611,0.280817,5207,0.00062452,7.98453,
944,7,9996,0.000127898,0.280071,5166,0.000629882,7.97571,
926,0,20000,0.01,0.0141421,10201,0,1750.97,
926,1,139429,0.000580523,0.0513192,70118,4.08258e-06,436.225,
926,2,296496,0.000121091,0.124158,150012,1.0489e-05,30.2466,
926,3,265930,0.000114733,0.238442,134810,2.99451e-05,30.5549,
926,4,242335,0.000116706,0.276989,123007,3.51292e-05,30.5854,
926,5,244500,0.000114893,0.32498,124085,3.79975e-05,30.5344,
949,0,20000,0.01,0.0141421,10201,0,36.6636,
949,1,50301,0.00059454,0.0453909,25585,5.01203e-06,10.5335,
949,2,50679,0.000122739,0.103939,25809,3.61356e-06,7.53107,
949,3,35225,0.000119252,0.17694,17981,0.000117939,8.14844,
949,4,31514,0.000117501,0.22297,16094,0.00018526,8.2636,
949,5,30965,0.000117224,0.195945,15811,0.000205509,8.29732,
949,6,30765,0.00011692,0.195966,15711,0.000209269,8.30365,
948,0,20000,0.01,0.0141421,10201,0,36.6636,
948,1,55921,0.000582522,0.0455766,28414,3.16663e-06,10.8643,
948,2,74711,0.000122145,0.105003,37925,2.95821e-06,7.0732,
948,3,54472,0.000125307,0.175554,27689,8.2366e-05,7.6448,
948,4,47924,0.000126607,0.187196,24381,0.000123007,7.72155,
948,5,47015,0.000127737,0.204121,23913,0.000138747,7.74096,
948,6,46696,0.000128235,0.192704,23754,0.000140619,7.75252,
950,0,20000,0.01,0.0141421,10201,0,36.6636,
950,1,46230,0.000604654,0.0448788,23535,7.30775e-06,10.7964,
950,2,37413,0.000125235,0.106138,19114,4.59684e-06,7.71104,
950,3,25455,0.000127716,0.174929,13039,0.000160078,8.47482,
950,4,22624,0.000129452,0.22318,11599,0.00025448,8.69457,
950,5,22022,0.000129948,0.202645,11288,0.000285825,8.69464,
950,6,21777,0.000130136,0.21565,11165,0.000290892,8.71332,
950,7,21684,0.000130271,0.208216,11119,0.000293272,8.71356,
951,0,20000,0.01,0.0141421,10201,0,8.94471,
951,1,34049,0.000574306,0.0446346,17292,2.56469e-07,9.19125,
951,2,39801,0.000121806,0.0776045,20223,4.11316e-06,6.64617,
951,3,26918,0.000116416,0.0538916,13748,0.000151629,7.07318,
951,4,23380,0.000115443,0.0716803,11946,0.000243647,7.09508,
951,5,22982,0.000122304,0.0712665,11741,0.000278553,7.10241,
951,6,22867,0.000122897,0.069797,11686,0.000282503,7.11986,
952,0,20000,0.01,0.0141421,10201,0,8.94471,
952,1,22878,0.000588206,0.0489216,11666,5.1989e-07,9.57842,
952,2,22200,0.00012078,0.0848232,11343,6.37333e-06,6.72581,
952,3,14349,0.000126154,0.0809126,7385,0.000269686,7.18191,
952,4,11799,0.000125503,0.0850446,6085,0.000451209,7.26384,
952,5,11441,0.000123005,0.0871438,5902,0.000542552,7.25504,
952,6,11298,0.000122602,0.088132,5830,0.000554045,7.26338,
952,7,11248,0.000122245,0.0882268,5805,0.000559003,7.27397,
953,0,20000,0.01,0.0141421,10201,0,8.94471,
953,1,17593,0.000612361,0.0512675,9000,9.03724e-07,9.26301,
953,2,14965,0.000123911,0.0948523,7684,7.17206e-06,7.05509,
953,3,8992,0.00013302,0.0984798,4665,0.000370676,7.64891,
953,4,7228,0.000132997,0.118115,3761,0.000668872,7.816,
953,5,6916,0.000133211,0.112429,3601,0.000826239,7.80847,
953,6,6830,0.000131632,0.115599,3559,0.000855176,7.83066,
953,7,6770,0.000131417,0.117731,3527,0.000868986,7.8203,
954,0,20000,0.01,0.0141421,10201,0,8.94471,
954,1,15102,0.000590436,0.0432099,7739,1.42616e-06,9.63999,
954,2,11008,0.00013275,0.0979728,5679,8.22632e-06,7.19915,
954,3,6184,0.000127767,0.146885,3233,0.000504897,7.90218,
954,4,4675,0.000129418,0.136906,2460,0.000969772,8.2069,
954,5,4510,0.000129948,0.136259,2373,0.00125762,8.2105,
954,6,4456,0.000130246,0.132944,2346,0.00130133,8.206,
954,7,4428,0.000130631,0.131587,2332,0.00131358,8.18651,
955,0,20000,0.01,0.0141421,10201,0,8.94471,
955,1,12515,0.000625462,0.0502169,6435,2.12878e-06,9.93787,
955,2,8452,0.000119612,0.0983834,4383,8.71159e-06,7.13912,
955,3,4591,0.000124334,0.176043,2418,0.000655112,7.91808,
955,4,3437,0.000125137,0.146631,1824,0.00128408,8.42357,
955,5,3289,0.000126522,0.166191,1746,0.0016879,8.38793,
955,6,3228,0.000126699,0.169838,1715,0.00172184,8.41384,
955,7,3212,0.00012682,0.168962,1707,0.00174607,8.4464,
947,0,20000,0.01,0.0141421,10201,0,36.6636,
947,1,64668,0.000586351,0.044905,32813,1.76525e-06,10.5604,
947,2,128756,0.000120657,0.108287,65120,2.39043e-06,7.07744,
947,3,103363,0.000115512,0.172937,52296,4.66961e-05,7.66963,
947,4,84809,0.000118527,0.201348,42964,6.33946e-05,7.76501,
947,5,82611,0.000119688,0.198815,41835,7.65457e-05,7.78213,
947,6,81620,0.000119576,0.200918,41340,7.81471e-05,7.79251,
947,7,81380,0.000119221,0.197652,41219,7.88162e-05,7.7941,
958,0,20000,0.01,0.0141421,10201,0,8.8554,
958,1,30930,0.000588532,0.0452173,15717,1.76721e-07,9.44552,
958,2,37422,0.000120088,0.0610623,19020,4.41139e-06,6.5843,
958,3,24863,0.000125442,0.0555945,12710,0.000163201,7.04254,
958,4,21064,0.000124087,0.0574425,10776,0.000266667,7.07478,
958,5,20658,0.000122566,0.0591199,10569,0.000311007,7.07109,
958,6,20522,0.000121623,0.0589604,10502,0.000314537,7.0696,
957,0,20000,0.01,0.0141421,10201,0,8.8554,
957,1,50421,0.000578788,0.0414103,25520,1.00314e-07,9.34764,
957,2,78775,0.000121936,0.0379432,39831,3.04396e-06,6.64249,
957,3,59515,0.000116308,0.0347523,30169,7.63821e-05,7.11037,
957,4,48924,0.000115819,0.0358877,24831,0.000109836,7.1365,
957,5,47968,0.000115577,0.0381459,24342,0.000133246,7.11103,
957,6,47550,0.000116075,0.0389765,24135,0.000134994,7.11675,
959,0,20000,0.01,0.0141421,10201,0,8.8554,
959,1,21490,0.000585824,0.0455877,10962,3.43627e-07,9.69446,
959,2,20946,0.000129614,0.0796568,10706,6.1142e-06,6.69187,
959,3,12980,0.000126539,0.07243,6693,0.000281441,7.16858,
959,4,10515,0.000128115,0.0811493,5434,0.000494328,7.23243,
959,5,10207,0.000126247,0.0816452,5275,0.000603858,7.22199,
959,6,10140,0.00012373,0.0830762,5243,0.000618026,7.22638,
960,0,20000,0.01,0.0141421,10201,0,8.8554,
960,1,16830,0.000576964,0.0506643,8612,5.87219e-07,9.70372,
960,2,14192,0.000129287,0.0934017,7290,6.43457e-06,6.84681,
960,3,8228,0.00012483,0.0830685,4277,0.000403403,7.41943,
960,4,6466,0.000126267,0.122638,3373,0.000755294,7.59914,
960,5,6235,0.000127494,0.119792,3255,0.000951807,7.5922,
960,6,6153,0.000128203,0.117235,3214,0.000978618,7.59965,
960,7,6128,0.000128452,0.114507,3201,0.000989833,7.59044,
936,0,20000,0.01,0.0141421,10201,0,38.6377,
936,1,80184,0.000573471,0.0453017,40591,8.26139e-07,9.81035,
936,2,295646,0.000118846,0.122922,148925,1.89676e-06,6.65995,
936,3,256384,0.000111775,0.17736,129113,2.08925e-05,7.06074,
936,4,197331,0.000115585,0.178689,99469,2.63137e-05,7.09745,
936,5,185547,0.000112166,0.189471,93522,3.41379e-05,7.09152,
936,6,182935,0.000119573,0.18828,92216,3.61968e-05,7.08567,
936,7,182023,0.0001203,0.194778,91761,3.6619e-05,7.09069,
963,0,20000,0.01,0.0141421,10201,0,14.375,
963,1,86014,0.000576226,0.0453813,43499,8.58028e-07,9.47474,
963,2,112795,0.000120553,0.105367,56967,1.83282e-06,6.61309,
963,3,86490,0.000119899,0.198478,43725,5.54388e-05,7.05395,
963,4,73695,0.000122257,0.22308,37289,7.84409e-05,7.10526,
963,5,71821,0.000123626,0.246863,36335,9.13867e-05,7.1063,
963,6,71274,0.000123735,0.247939,36062,9.30442e-05,7.10405,
962,0,20000,0.01,0.0141421,10201,0,14.375,
962,1,97895,0.000593021,0.0449487,49464,5.61538e-07,9.14438,
962,2,161832,0.00012126,0.108483,81593,1.64339e-06,6.60697,
962,3,134114,0.000116507,0.187412,67631,3.92695e-05,6.99664,
962,4,111390,0.000114593,0.219152,56238,5.12387e-05,7.01537,
962,5,108718,0.000119483,0.228657,54876,6.11408e-05,7.01409,
962,6,107614,0.000119004,0.232078,54324,6.21903e-05,7.00727,
962,7,107291,0.000118912,0.232822,54161,6.25477e-05,7.00738,
964,0,20000,0.01,0.0141421,10201,0,14.375,
964,1,67025,0.000597625,0.0457167,33960,1.93906e-06,9.05014,
964,2,60699,0.000121981,0.108699,30776,2.32556e-06,6.80719,
964,3,41021,0.00011855,0.209436,20854,0.000101003,7.26988,
964,4,35328,0.00011737,0.233145,17972,0.000163127,7.29129,
964,5,34508,0.000116214,0.26597,17554,0.000188072,7.28475,
964,6,34228,0.000119496,0.270004,17414,0.000192336,7.27242,
965,0,20000,0.01,0.0141421,10201,0,14.375,
965,1,55050,0.000624144,0.0476967,27938,3.52418e-06,9.19305,
965,2,39465,0.00012234,0.0977083,20088,3.37951e-06,7.05383,
965,3,24914,0.000119356,0.185045,12732,0.00015177,7.62882,
965,4,20868,0.000121393,0.230937,10675,0.000259869,7.7738,
965,5,20218,0.000119438,0.281407,10343,0.000307434,7.77875,
965,6,20006,0.000119321,0.279646,10237,0.000315142,7.78436,
965,7,19916,0.000118351,0.277719,10191,0.000318116,7.77678,
946,0,20000,0.01,0.0141421,10201,0,36.6636,
946,1,80336,0.000575144,0.0462657,40687,7.98615e-07,9.68063,
946,2,285570,0.000121457,0.113075,143895,1.9202e-06,6.80319,
946,3,249372,0.000115118,0.148017,125631,2.13248e-05,7.25799,
946,4,192172,0.000114381,0.175051,96912,2.65568e-05,7.31707,
946,5,181032,0.000114495,0.171534,91283,3.43725e-05,7.31888,
946,6,178051,0.000114768,0.172199,89791,3.63275e-05,7.30822,
946,7,177239,0.000117037,0.198735,89388,3.68116e-05,7.30537,
968,0,20000,0.01,0.0141421,10201,0,8.80816,
968,1,30477,0.000603418,0.0425352,15486,4.74051e-08,9.31049,
968,2,35607,0.000123189,0.0785988,18108,4.46447e-06,6.69492,
968,3,23303,0.000117501,0.0731257,11924,0.000164823,7.15925,
968,4,19948,0.000115198,0.0688987,10213,0.000275915,7.19124,
968,5,19541,0.000126557,0.070471,10006,0.000321736,7.18584,
968,6,19451,0.000126589,0.0715027,9961,0.000327887,7.17575,
967,0,20000,0.01,0.0141421,10201,0,8.80816,
967,1,48291,0.000580448,0.0451244,24446,5.02614e-08,9.35801,
967,2,78560,0.000122233,0.0664029,39723,2.75266e-06,6.54962,
967,3,56718,0.000120594,0.0480991,28765,7.69663e-05,6.97038,
967,4,45974,0.000121012,0.0535434,23347,0.00011696,6.97215,
967,5,44991,0.000121409,0.0501051,22847,0.000143825,6.95212,
967,6,44708,0.000117992,0.0498087,22707,0.000146375,6.96755,
969,0,20000,0.01,0.0141421,10201,0,8.80816,
969,1,21072,0.00060766,0.0454755,10751,8.10084e-08,9.28295,
969,2,20310,0.000122904,0.0756362,10385,5.62284e-06,6.61244,
969,3,12308,0.000120449,0.0846909,6354,0.000300443,7.04937,
969,4,10104,0.000118633,0.0905382,5226,0.000537483,7.1207,
969,5,9848,0.000118394,0.0849081,5095,0.000643925,7.1341,
969,6,9760,0.000118901,0.0854224,5051,0.000656473,7.14448,
970,0,20000,0.01,0.0141421,10201,0,8.80816,
970,1,17041,0.000580626,0.0455299,8716,1.83403e-07,9.46619,
970,2,13619,0.00012161,0.101442,7001,6.11862e-06,6.91084,
970,3,7877,0.000126465,0.100909,4099,0.000413106,7.52998,
970,4,6079,0.000124102,0.107099,3178,0.000771239,7.75545,
970,5,5877,0.000130574,0.104718,3073,0.00098965,7.75181,
970,6,5828,0.000131441,0.105439,3049,0.0010132,7.71724,
972,0,20000,0.01,0.0141421,10201,0,8.85289,
972,1,50245,0.000584689,0.0445434,25431,8.56422e-08,9.36472,
972,2,80284,0.000119804,0.044984,40589,2.71752e-06,6.44419,
972,3,59669,0.000116599,0.0340986,30250,7.66042e-05,6.87413,
972,4,48573,0.000115966,0.0400595,24656,0.000113371,6.88569,
972,5,47667,0.000116331,0.0393018,24193,0.000138332,6.87569,
972,6,47327,0.000116032,0.0394311,24024,0.000140047,6.87056,
973,0,20000,0.01,0.0141421,10201,0,8.85289,
973,1,31124,0.000600029,0.0439226,15813,1.36562e-07,8.67787,
973,2,36842,0.000123584,0.0731184,18731,4.43316e-06,6.71543,
973,3,24086,0.000121364,0.0492214,12320,0.000161322,7.18835,
973,4,20749,0.000122021,0.0665688,10618,0.000268716,7.21861,
973,5,20397,0.000122388,0.0606174,10438,0.000310414,7.21214,
973,6,20324,0.000122057,0.0583903,10404,0.000314814,7.20189,
974,0,20000,0.01,0.0141421,10201,0,8.85289,
974,1,21446,0.000600385,0.0501497,10940,2.54573e-07,9.09943,
974,2,21006,0.000122529,0.0780909,10738,5.9355e-06,6.82476,
974,3,12898,0.000122322,0.0734184,6652,0.000285028,7.34901,
974,4,10561,0.00011822,0.0868529,5458,0.000505703,7.4822,
974,5,10264,0.000122874,0.0828939,5305,0.00061981,7.45679,
974,6,10174,0.000117567,0.0821645,5262,0.000633045,7.58866,
975,0,20000,0.01,0.0141421,10201,0,8.85289,
975,1,16814,0.000588044,0.0510095,8604,4.53194e-07,9.44564,
975,2,14063,0.00012852,0.0959058,7226,6.50167e-06,6.85027,
975,3,8137,0.000124845,0.0971231,4231,0.000405481,7.4682,
975,4,6446,0.000124786,0.0928724,3363,0.000761355,7.60662,
975,5,6181,0.000126958,0.0939367,3228,0.000941215,7.6635,
975,6,6087,0.000127603,0.0996825,3181,0.000980635,7.64545,
975,7,6053,0.000126976,0.0979187,3163,0.000987314,7.60531,
961,0,20000,0.01,0.0141421,10201,0,14.375,
961,1,116586,0.00057789,0.0443746,58840,3.39896e-07,9.34622,
961,2,261840,0.000121408,0.0978888,131779,1.31645e-06,6.68113,
961,3,234208,0.000116315,0.193834,117851,2.36815e-05,7.10578,
961,4,192212,0.00011596,0.213044,96805,2.87816e-05,7.1264,
961,5,185761,0.000116369,0.212068,93542,3.49817e-05,7.11383,
961,6,183125,0.000117066,0.213389,92222,3.60087e-05,7.11309,
961,7,182636,0.000117341,0.213994,91978,3.64439e-05,7.11483,
977,0,20000,0.01,0.0141421,10201,0,8.81983,
977,1,48557,0.000584015,0.0452357,24581,6.12217e-08,9.42612,
977,2,78184,0.00011831,0.0508639,39535,2.78733e-06,6.58487,
977,3,57572,0.000115717,0.0427208,29191,7.4798e-05,7.05149,
977,4,46381,0.00011487,0.0417924,23554,0.000112331,7.06696,
977,5,45588,0.000113696,0.0423641,23145,0.000140093,7.05013,
977,6,45227,0.000121959,0.0419301,22967,0.000142698,7.05185,
978,0,20000,0.01,0.0141421,10201,0,8.81983,
978,1,30180,0.000599836,0.0453579,15338,7.17373e-08,9.28616,
978,2,36610,0.000121299,0.0788553,18611,4.35322e-06,6.62908,
978,3,23921,0.000121304,0.054357,12235,0.000165975,7.07612,
978,4,20182,0.000116889,0.067883,10331,0.00027551,7.0775,
978,5,19728,0.000123185,0.0663364,10100,0.000322427,7.07369,
978,6,19606,0.000122255,0.0632304,10039,0.0003277,7.07493,
979,0,20000,0.01,0.0141421,10201,0,8.81983,
979,1,21082,0.00062867,0.0461288,10756,1.273e-07,8.51751,
979,2,20497,0.000123792,0.100252,10479,5.6253e-06,6.71992,
979,3,12532,0.000126481,0.0780152,6466,0.000285364,7.2702,
979,4,10130,0.000121107,0.0876035,5239,0.000505083,7.36072,
979,5,9895,0.000119119,0.080965,5118,0.000615909,7.39141,
979,6,9807,0.000115645,0.0803701,5075,0.000629482,7.38082,
980,0,20000,0.01,0.0141421,10201,0,8.81983,
980,1,16654,0.000625411,0.0509166,8523,2.61412e-07,8.85563,
980,2,13790,0.000121171,0.103682,7087,6.50961e-06,6.97474,
980,3,7914,0.000131629,0.0943765,4119,0.000399266,7.56243,
980,4,6211,0.000132439,0.11022,3244,0.00074765,7.77475,
980,5,5991,0.000133372,0.0971761,3131,0.000949493,7.79685,
980,6,5940,0.0001335,0.100728,3105,0.000984874,7.76905,
956,0,20000,0.01,0.0141421,10201,0,8.8554,
956,1,153579,0.000579603,0.0312883,77301,7.7841e-08,9.24438,
956,2,401307,0.000121012,0.0134503,201601,1.05806e-06,6.54107,
956,3,379980,0.000117487,0.0146076,190929,1.53463e-05,6.95779,
956,4,302628,0.000118989,0.0137357,152186,1.76881e-05,6.96352,
956,5,289094,0.000117565,0.0140705,145379,2.21346e-05,6.95173,
956,6,286368,0.000115825,0.0138665,144014,2.30616e-05,6.95008,
931,0,20000,0.01,0.0141421,10201,0,8.95289,
931,1,195012,0.000578862,0.0411965,98100,8.42975e-08,9.68849,
931,2,477268,0.000118123,0.0215928,239660,7.3233e-07,6.44199,
931,3,457400,0.00011457,0.0200053,229686,1.3128e-05,6.86803,
931,4,359357,0.00011558,0.0201033,180621,1.49612e-05,6.88884,
931,5,340852,0.000115313,0.0213287,171307,1.8903e-05,6.88495,
931,6,336961,0.0001154,0.0215973,169361,1.97756e-05,6.88549,
931,7,336051,0.000113995,0.0216512,168906,1.992e-05,6.89037,
982,0,20000,0.01,0.0141421,10201,0,8.85483,
982,1,50356,0.000595236,0.0445442,25487,9.68897e-08,9.11489,
982,2,79840,0.000121614,0.0380764,40365,2.7412e-06,6.73278,
982,3,59813,0.000116242,0.0315429,30318,7.24697e-05,7.1884,
982,4,48945,0.000117088,0.0351148,24842,0.000106113,7.23046,
982,5,48039,0.000117494,0.033858,24378,0.000130408,7.22028,
982,6,47642,0.000117706,0.0341079,24182,0.000132965,7.21982,
983,0,20000,0.01,0.0141421,10201,0,8.85483,
983,1,30836,0.000573056,0.0451962,15670,1.67378e-07,8.42475,
983,2,37509,0.000120878,0.0615231,19065,4.40871e-06,6.58472,
983,3,24928,0.00011444,0.0463177,12742,0.000163207,7.03941,
983,4,21121,0.000125042,0.0568257,10805,0.000265811,7.0806,
983,5,20597,0.000123905,0.0561564,10539,0.000309836,7.09597,
983,6,20440,0.000124016,0.0551902,10459,0.00031529,7.07465,
985,0,20000,0.01,0.0141421,10201,0,8.85483,
985,1,16810,0.000586008,0.0507395,8602,5.50691e-07,9.14931,
985,2,14208,0.000121323,0.0951313,7298,6.58925e-06,6.73078,
985,3,8179,0.00012348,0.0904467,4252,0.000413576,7.31922,
985,4,6408,0.000127566,0.0983634,3344,0.000774069,7.48891,
985,5,6174,0.000128699,0.100311,3224,0.000969822,7.52927,
985,6,6115,0.00012911,0.102998,3194,0.00100246,7.52105,
984,0,20000,0.01,0.0141421,10201,0,8.85483,
984,1,21480,0.000608506,0.0454429,10957,3.2274e-07,9.15872,
984,2,21101,0.000121026,0.0824434,10784,5.56196e-06,6.57845,
984,3,12936,0.000122576,0.0635929,6671,0.000280149,7.0663,
984,4,10561,0.000125623,0.0792484,5457,0.000497452,7.15694,
984,5,10281,0.000123292,0.0754137,5314,0.000604463,7.19957,
984,6,10225,0.000122934,0.0745475,5286,0.000622881,7.17916,
987,0,20000,0.01,0.0141421,10201,0,8.80779,
987,1,48481,0.000588001,0.0394261,24542,5.21182e-08,9.10131,
987,2,77090,0.000121586,0.0625635,38984,2.8213e-06,6.41846,
987,3,57268,0.000126922,0.04131,29038,7.97234e-05,6.83516,
987,4,46299,0.000127782,0.0513755,23513,0.00011745,6.86217,
987,5,45183,0.000127195,0.0487187,22942,0.000144977,6.83746,
987,6,44911,0.000127083,0.0506651,22810,0.000147372,6.85204,
988,0,20000,0.01,0.0141421,10201,0,8.80779,
988,1,30485,0.000617073,0.0435934,15490,5.08762e-08,9.53359,
988,2,35716,0.000121306,0.0739342,18164,4.18224e-06,6.79398,
988,3,23290,0.000118323,0.0675766,11917,0.000163261,7.28141,
988,4,19927,0.000125378,0.0712468,10203,0.000272412,7.32905,
988,5,19566,0.000125299,0.0690555,10019,0.000319382,7.28723,
988,6,19469,0.000123286,0.0676987,9971,0.000323691,7.28363,
989,0,20000,0.01,0.0141421,10201,0,8.80779,
989,1,21055,0.000602687,0.0502109,10743,8.68308e-08,9.5288,
989,2,20406,0.000121403,0.0782072,10435,5.57669e-06,6.90904,
989,3,12554,0.000119256,0.087937,6477,0.000289162,7.43768,
989,4,10163,0.000124535,0.0851359,5257,0.000503952,7.55442,
989,5,9826,0.000124164,0.0848872,5083,0.000618685,7.5338,
989,6,9743,0.00012409,0.0843173,5042,0.000633631,7.53984,
990,0,20000,0.01,0.0141421,10201,0,8.80779,
990,1,17105,0.000626374,0.0449811,8748,1.90485e-07,8.21228,
990,2,14011,0.000120917,0.0838806,7198,6.50263e-06,6.84753,
990,3,7900,0.000127141,0.103228,4111,0.000404102,7.44779,
990,4,6241,0.000128819,0.119288,3260,0.000775214,7.60301,
990,5,6003,0.000130125,0.113644,3137,0.000968779,7.5989,
990,6,5941,0.000130832,0.108435,3106,0.000997608,7.58449,
990,7,5905,0.000131053,0.106871,3088,0.00100046,7.60715,
966,0,20000,0.01,0.0141421,10201,0,8.80816,
966,1,141112,0.000561929,0.0401765,71040,7.08544e-08,8.6853,
966,2,376374,0.00012237,0.0243964,189114,1.02327e-06,6.38604,
966,3,351783,0.000116096,0.0261983,176807,1.70053e-05,6.73574,
966,4,280743,0.000115785,0.0258067,141221,1.97185e-05,6.72571,
966,5,270487,0.000113073,0.0252289,136058,2.45956e-05,6.71392,
966,6,267843,0.000114553,0.0253157,134735,2.54256e-05,6.71037,
971,0,20000,0.01,0.0141421,10201,0,8.85289,
971,1,152771,0.000594276,0.0378803,76898,7.60391e-08,9.07718,
971,2,396096,0.000121502,0.0137798,198998,1.06992e-06,6.48336,
971,3,375661,0.000118734,0.0165659,188767,1.58509e-05,6.9174,
971,4,299012,0.000116639,0.0142173,150382,1.8172e-05,6.93467,
971,5,286274,0.000113593,0.0148193,143971,2.26881e-05,6.92464,
971,6,283841,0.000115116,0.0143725,142752,2.35226e-05,6.92243,
976,0,20000,0.01,0.0141421,10201,0,8.81983,
976,1,143122,0.000584982,0.0387581,72049,7.24882e-08,9.14631,
976,2,377374,0.000121817,0.0162168,189617,1.05357e-06,6.53006,
976,3,355951,0.000118481,0.0227841,178890,1.63174e-05,7.01373,
976,4,285516,0.000116071,0.0173699,143612,1.89201e-05,7.04608,
976,5,273483,0.000117442,0.0208258,137556,2.35055e-05,7.04172,
976,6,271035,0.000117424,0.020638,136332,2.44083e-05,7.0372,
981,0,20000,0.01,0.0141421,10201,0,8.85483,
981,1,153196,0.000558485,0.0333248,77109,7.74127e-08,8.5209,
981,2,399562,0.000121855,0.0106677,200729,9.38054e-07,6.52124,
981,3,378262,0.000117306,0.015415,190068,1.54993e-05,6.96773,
981,4,301527,0.000116224,0.0132484,151635,1.78148e-05,6.98872,
981,5,288267,0.000119185,0.0156286,144968,2.22183e-05,6.98388,
981,6,285407,0.00011652,0.0143641,143535,2.30946e-05,6.98565,
981,7,284649,0.000119838,0.0139294,143156,2.32426e-05,6.98397,
986,0,20000,0.01,0.0141421,10201,0,8.80779,
986,1,142267,0.000579014,0.0381991,71621,7.12934e-08,8.98024,
986,2,377706,0.000120249,0.0205567,189781,1.07542e-06,6.79887,
986,3,352551,0.000117571,0.0232617,177193,1.60476e-05,7.34544,
986,4,280955,0.000117377,0.0229523,141329,1.87015e-05,7.37795,
986,5,270370,0.000117571,0.0224246,135998,2.33721e-05,7.37705,
986,6,268022,0.000117419,0.0222034,134824,2.41846e-05,7.37292,
1013,0,20000,0.01,0.0141421,10201,0,8093.16,
1013,1,238358,0.000594372,0.0513334,119510,6.15298e-05,5108.67,
1013,2,117407,0.000244746,0.114997,59434,0.000381471,2244.89,
1013,3,44141,0.00024064,0.254908,22819,0.00246569,2221.31,
1013,4,30414,0.000236251,0.268461,15947,0.00589755,2165.6,
1013,5,28483,0.00021961,0.326871,14976,0.00745095,2114.63,
1013,6,28177,0.000225404,0.334448,14822,0.00748594,2079.39,
1013,7,28107,0.000227021,0.334309,14787,0.00723231,2053.95,
1014,0,20000,0.01,0.0141421,10201,0,8093.16,
1014,1,233363,0.000603869,0.0477978,117011,6.76078e-05,5098,
1014,2,114347,0.000245715,0.105671,57904,0.000380039,2255.64,
1014,3,42561,0.000241106,0.244854,22027,0.00237057,2222.63,
1014,4,28935,0.000236254,0.268129,15205,0.00576621,2170.15,
1014,5,27043,0.000230736,0.329289,14254,0.00746004,2116.57,
1014,6,26809,0.000221651,0.33646,14135,0.00759412,2080.68,
1015,0,20000,0.01,0.0141421,10201,0,8093.16,
1015,1,226972,0.000565425,0.047637,113815,7.40509e-05,5111.56,
1015,2,112061,0.000248121,0.103798,56759,0.000397898,2270.29,
1015,3,41146,0.000242749,0.208428,21318,0.00242234,2236.83,
1015,4,27928,0.000225559,0.337944,14700,0.00586477,2176.44,
1015,5,26107,0.000228007,0.347237,13784,0.00746533,2122.15,
1015,6,25898,0.000229355,0.343559,13678,0.00747365,2086.58,
1016,0,20000,0.01,0.0141421,10201,0,1751.23,
1016,1,127332,0.00060196,0.047945,64067,7.4667e-06,422.693,
1016,2,120352,0.000245173,0.111482,61121,4.88277e-05,85.35,
1016,3,92122,0.000217814,0.218903,47023,0.000134338,85.3162,
1016,4,88662,0.000223491,0.276658,45286,0.00017114,85.0015,
1016,5,88393,0.000229083,0.372967,45149,0.000176992,84.637,
1017,0,20000,0.01,0.0141421,10201,0,1751.23,
1017,1,124322,0.000616547,0.046617,62561,7.86008e-06,421.488,
1017,2,117624,0.000240526,0.107016,59754,5.1213e-05,85.1894,
1017,3,89228,0.000227393,0.229353,45574,0.00013085,85.2908,
1017,4,85784,0.000222717,0.266682,43844,0.00016652,84.7603,
1017,5,85585,0.000227256,0.328959,43742,0.000171315,84.3991,
1018,0,20000,0.01,0.0141421,10201,0,1751.23,
1018,1,121416,0.000580362,0.0506298,61107,8.26983e-06,419.765,
1018,2,113987,0.000243654,0.124604,57933,5.17716e-05,85.0784,
1018,3,86868,0.000224591,0.22262,44390,0.000136861,85.0661,
1018,4,83682,0.000228666,0.321478,42789,0.000174744,84.7918,
1018,5,83339,0.000225472,0.352649,42616,0.000177637,84.3984,
1019,0,20000,0.01,0.0141421,10201,0,1751.23,
1019,1,118876,0.000601171,0.05167,59836,8.69589e-06,422.758,
1019,2,111712,0.000245663,0.113991,56793,5.30487e-05,85.6301,
1019,3,84495,0.000240414,0.225107,43201,0.00013851,85.8167,
1019,4,81328,0.00023189,0.301468,41610,0.000177691,85.3014,
1019,5,81075,0.000228363,0.325968,41481,0.000181605,84.8496,
1020,0,20000,0.01,0.0141421,10201,0,1751.23,
1020,1,116741,0.000636056,0.0518205,58768,9.13768e-06,422.503,
1020,2,109980,0.000243543,0.117379,55924,5.47581e-05,85.4701,
1020,3,82724,0.000240169,0.245655,42313,0.000137743,85.5915,
1020,4,79466,0.000223529,0.376387,40676,0.000176797,85.0935,
1020,5,79203,0.000231082,0.372327,40543,0.000181317,84.8355,
1023,0,20000,0.01,0.0141421,10201,0,39.3315,
1023,1,56598,0.000585683,0.0464294,28745,3.65482e-06,10.1707,
1023,2,78968,0.000121291,0.107892,40044,3.06644e-06,7.01515,
1023,3,56725,0.000125626,0.186851,28803,7.86492e-05,7.56428,
1023,4,49824,0.000121743,0.254623,25314,0.000119572,7.64385,
1023,5,48717,0.000120949,0.312299,24748,0.000135437,7.62382,
1023,6,48332,0.00012278,0.298336,24556,0.000137092,7.64876,
1024,0,20000,0.01,0.0141421,10201,0,39.3315,
1024,1,50789,0.000602832,0.0446676,25825,5.74766e-06,10.4037,
1024,2,53170,0.00012091,0.104624,27048,3.60275e-06,7.2808,
1024,3,36642,0.000117081,0.205745,18675,0.000118267,7.88459,
1024,4,32860,0.000117073,0.257319,16758,0.000185095,7.99068,
1024,5,32199,0.000117732,0.327111,16418,0.000204797,7.9846,
1024,6,31938,0.000118844,0.316721,16287,0.000207285,7.99735,
1022,0,20000,0.01,0.0141421,10201,0,39.3315,
1022,1,65055,0.000599866,0.0451265,32994,2.05321e-06,10.221,
1022,2,135858,0.000123125,0.110524,68660,2.42583e-06,6.88519,
1022,3,108625,0.000116165,0.206885,54903,4.43715e-05,7.31383,
1022,4,88662,0.000116289,0.24926,44866,6.08976e-05,7.39549,
1022,5,85957,0.000121048,0.314941,43484,7.48579e-05,7.38591,
1022,6,85014,0.000120843,0.304087,43014,7.70735e-05,7.38111,
1022,7,84708,0.000120596,0.300585,42859,7.77149e-05,7.38519,
1025,0,20000,0.01,0.0141421,10201,0,39.3315,
1025,1,46309,0.000610203,0.0502308,23572,8.33993e-06,9.72133,
1025,2,38399,0.000121873,0.115952,19598,4.41987e-06,7.66211,
1025,3,26600,0.000125038,0.208192,13603,0.000162159,8.37257,
1025,4,23757,0.000126416,0.278635,12157,0.000251916,8.54698,
1025,5,23187,0.000127303,0.326541,11864,0.00027975,8.57525,
1025,6,22977,0.000128182,0.317177,11758,0.000284881,8.56563,
1026,0,20000,0.01,0.0141421,10201,0,1750.97,
1026,1,67019,0.00057655,0.0513103,33874,6.65613e-05,437.659,
1026,2,151491,0.000124321,0.114795,77318,3.69447e-05,32.8075,
1026,3,100098,0.000118489,0.226812,51673,4.45354e-05,36.4564,
1026,4,93323,0.000117297,0.340211,48225,6.85122e-05,36.878,
1026,5,93513,0.000115864,0.391899,48301,7.21599e-05,36.4828,
1027,0,20000,0.01,0.0141421,10201,0,1750.97,
1027,1,64027,0.000609625,0.0512705,32375,8.15883e-05,438.471,
1027,2,144762,0.00012179,0.120825,73938,4.36531e-05,33.0405,
1027,3,92521,0.000116396,0.249315,47857,4.66769e-05,37.4586,
1027,4,85489,0.000114503,0.339879,44227,7.38932e-05,38.1143,
1027,5,85270,0.000116227,0.331397,44066,7.93831e-05,37.6367,
1029,0,20000,0.01,0.0141421,10201,0,1750.97,
1029,1,47701,0.000622307,0.0458258,24193,0.000310359,422.243,
1029,2,96931,0.000122081,0.106462,49907,0.000156437,39.5964,
1029,3,44659,0.000126522,0.217375,23290,7.88652e-05,64.4154,
1029,4,32020,0.000126565,0.309912,16677,0.000164913,82.5855,
1029,5,29046,0.000129812,0.352663,15167,0.000207689,88.3833,
1029,6,28174,0.000129659,0.357796,14705,0.000226798,89.6951,
1029,7,27809,0.000129249,0.359969,14516,0.000233766,90.2389,
1029,8,27575,0.000128778,0.360506,14395,0.000237933,90.6202,
1030,0,20000,0.01,0.0141421,10201,0,1750.97,
1030,1,39203,0.000629536,0.0453854,19931,0.000674395,414.261,
1030,2,61936,0.000129407,0.105665,31999,0.000363664,59.5713,
1030,3,22958,0.000124514,0.218245,12150,0.000165541,114.515,
1030,4,14690,0.000128933,0.367063,7814,0.000371657,164.015,
1030,5,12644,0.000129349,0.373818,6739,0.000511476,183.103,
1030,6,12015,0.000128287,0.374541,6408,0.00059824,189.071,
1030,7,11733,0.000128362,0.372157,6260,0.00063848,192.018,
1030,8,11543,0.000127496,0.372321,6163,0.000660065,194.462,
1030,9,11415,0.000127095,0.369707,6097,0.00066861,195.411,
1030,10,11350,0.000126796,0.368465,6063,0.000681067,195.748,
1028,0,20000,0.01,0.0141421,10201,0,1750.97,
1028,1,53486,0.000576767,0.0506207,27093,0.000178425,433.685,
1028,2,118163,0.00012283,0.123683,60577,9.05635e-05,35.8049,
1028,3,65240,0.000119422,0.225613,33857,5.93092e-05,46.9337,
1028,4,55429,0.000125062,0.297783,28656,0.000106885,51.3137,
1028,5,52743,0.000125892,0.376252,27214,0.000123856,52.5999,
1028,6,51447,0.000126688,0.368261,26548,0.00012887,53.5539,
1028,7,50767,0.00012678,0.366995,26211,0.000130892,54.1948,
1028,8,50368,0.000124267,0.365486,26016,0.000132551,54.5358,
1021,0,20000,0.01,0.0141421,10201,0,39.3315,
1021,1,80345,0.000590773,0.046026,40669,9.36662e-07,9.97631,
1021,2,301053,0.000119719,0.116158,151621,1.91133e-06,6.663,
1021,3,260459,0.000115573,0.190028,131129,2.08533e-05,7.07219,
1021,4,199185,0.000116203,0.269625,100376,2.6165e-05,7.12071,
1021,5,187146,0.000117231,0.2863,94303,3.39223e-05,7.13521,
1021,6,184269,0.000117224,0.287349,92862,3.58487e-05,7.14267,
1021,7,183406,0.000116352,0.288348,92435,3.62817e-05,7.14531,
1033,0,20000,0.01,0.0141421,10201,0,8.95289,
1033,1,34093,0.000592457,0.0469227,17315,2.93323e-07,8.91501,
1033,2,40623,0.000122175,0.0846678,20633,4.09513e-06,6.7362,
1033,3,27813,0.000117964,0.0739508,14194,0.000147079,7.26117,
1033,4,23843,0.000115149,0.0872035,12177,0.000233964,7.32379,
1033,5,23411,0.00011504,0.0863103,11956,0.000271083,7.32275,
1033,6,23247,0.000118566,0.0893714,11875,0.000274151,7.33918,
1034,0,20000,0.01,0.0141421,10201,0,8.95289,
1034,1,22988,0.000598579,0.0456206,11722,6.06577e-07,9.2612,
1034,2,22202,0.000120348,0.0878629,11343,5.43691e-06,6.7014,
1034,3,14291,0.000114606,0.0944866,7355,0.000264519,7.22165,
1034,4,11920,0.000126482,0.142025,6144,0.000450156,7.30573,
1034,5,11566,0.000127869,0.105037,5965,0.000536203,7.30837,
1034,6,11465,0.000128526,0.130711,5915,0.000550012,7.32975,
1035,0,20000,0.01,0.0141421,10201,0,8.95289,
1035,1,18172,0.000613563,0.0448351,9290,1.08854e-06,9.67472,
1035,2,15028,0.000123858,0.0957066,7715,7.1256e-06,6.81244,
1035,3,8937,0.000119956,0.120982,4636,0.000384144,7.37109,
1035,4,7203,0.000122132,0.14947,3748,0.000703647,7.50971,
1035,5,6897,0.000122857,0.161408,3591,0.000864472,7.50441,
1035,6,6834,0.000123105,0.158248,3560,0.00089454,7.51461,
1032,0,20000,0.01,0.0141421,10201,0,8.95289,
1032,1,58172,0.000599695,0.0464327,29425,1.44014e-07,9.44431,
1032,2,89147,0.00012155,0.0593095,45040,2.81518e-06,6.46845,
1032,3,68571,0.000116008,0.0491447,34717,6.90824e-05,6.8959,
1032,4,56144,0.000114334,0.0556942,28461,9.77911e-05,6.91412,
1032,5,54975,0.00011594,0.0587611,27864,0.00011846,6.93821,
1032,6,54524,0.000116153,0.0563792,27641,0.000120645,6.93188,
1037,0,20000,0.01,0.0141421,10201,0,39.491,
1037,1,65359,0.000577221,0.045098,33149,2.05722e-06,10.0696,
1037,2,136707,0.000122942,0.105207,69088,2.51938e-06,6.88393,
1037,3,109289,0.000117974,0.202558,55239,4.48536e-05,7.36312,
1037,4,89270,0.000119721,0.236475,45177,6.13793e-05,7.44562,
1037,5,86622,0.000120142,0.299502,43819,7.49213e-05,7.38043,
1037,6,85521,0.000120366,0.300203,43270,7.63441e-05,7.36627,
1037,7,85272,0.000121384,0.300242,43145,7.73301e-05,7.35104,
1038,0,20000,0.01,0.0141421,10201,0,39.491,
1038,1,56361,0.000606498,0.0500883,28629,3.66301e-06,10.6543,
1038,2,77843,0.000126737,0.113136,39484,2.90322e-06,7.08109,
1038,3,57497,0.000126591,0.200061,29189,7.7474e-05,7.62448,
1038,4,50219,0.000128277,0.284129,25514,0.000115484,7.70364,
1038,5,49152,0.000129076,0.307,24967,0.0001319,7.70106,
1038,6,48712,0.000129607,0.304384,24748,0.000134527,7.69618,
1039,0,20000,0.01,0.0141421,10201,0,39.491,
1039,1,51054,0.000595462,0.0448529,25960,5.76168e-06,11.0614,
1039,2,53279,0.000122475,0.110611,27106,3.57174e-06,7.62841,
1039,3,36978,0.000124739,0.204653,18846,0.000111106,8.40219,
1039,4,32871,0.000127354,0.264551,16764,0.000173478,8.56664,
1039,5,32304,0.000126606,0.316427,16472,0.000194528,8.5541,
1039,6,32058,0.000125045,0.3107,16348,0.00019614,8.58803,
1040,0,20000,0.01,0.0141421,10201,0,39.491,
1040,1,46995,0.000595477,0.0445928,23917,8.35991e-06,10.65,
1040,2,39263,0.00012339,0.103134,20035,4.54596e-06,7.79733,
1040,3,26688,0.000122952,0.202365,13650,0.000152269,8.55375,
1040,4,23725,0.000123134,0.268457,12143,0.000240513,8.75364,
1040,5,23175,0.000118274,0.336286,11858,0.000269736,8.77061,
1040,6,22975,0.00012374,0.323951,11760,0.000273965,8.79406,
1041,0,20000,0.01,0.0141421,10201,0,11.9704,
1041,1,77696,0.000608864,0.0458186,39312,7.53804e-07,9.17242,
1041,2,90688,0.000118397,0.107268,45840,2.11306e-06,6.64371,
1041,3,65137,0.000113717,0.149826,32989,6.89378e-05,7.06938,
1041,4,56018,0.000116667,0.20758,28390,0.000103618,7.11923,
1041,5,54777,0.000117392,0.215019,27758,0.000119166,7.12453,
1041,6,54460,0.00011886,0.217451,27600,0.000120546,7.12125,
1042,0,20000,0.01,0.0141421,10201,0,11.9704,
1042,1,57873,0.000579381,0.0500381,29347,1.72011e-06,9.3962,
1042,2,48906,0.000124078,0.109919,24834,2.90093e-06,6.68412,
1042,3,31843,0.000117902,0.172449,16227,0.000125761,7.1591,
1042,4,27220,0.000116973,0.227172,13880,0.000209557,7.24107,
1042,5,26588,0.000119081,0.242497,13556,0.000244128,7.22241,
1042,6,26359,0.000119326,0.235924,13441,0.000247445,7.22604,
1043,0,20000,0.01,0.0141421,10201,0,11.9704,
1043,1,45631,0.000576111,0.0449372,23179,3.15551e-06,9.5151,
1043,2,32394,0.000123199,0.109487,16511,3.8762e-06,7.04651,
1043,3,19634,0.000124065,0.179129,10062,0.000182147,7.76502,
1043,4,16182,0.00012361,0.27299,8303,0.000327041,7.93258,
1043,5,15626,0.000121932,0.267574,8018,0.000391563,7.94524,
1043,6,15396,0.000121951,0.262764,7903,0.00040196,7.95877,
1043,7,15331,0.000120266,0.259255,7871,0.000406662,7.96078,
1044,0,20000,0.01,0.0141421,10201,0,11.9704,
1044,1,36546,0.000618588,0.0443897,18597,5.07899e-06,9.86726,
1044,2,23030,0.000124704,0.113897,11785,5.3547e-06,7.01272,
1044,3,13432,0.00012572,0.199651,6920,0.000263715,7.69172,
1044,4,10674,0.000126278,0.258548,5513,0.000487488,7.981,
1044,5,10274,0.000127342,0.279212,5305,0.000604685,7.99314,
1044,6,10091,0.00012848,0.279906,5214,0.000620713,8.0053,
1044,7,10061,0.000128572,0.27945,5200,0.000629017,8.03102,
1045,0,20000,0.01,0.0141421,10201,0,11.9704,
1045,1,29138,0.000655485,0.0518724,14861,7.50509e-06,8.97586,
1045,2,16978,0.000122167,0.105052,8725,7.02729e-06,7.35488,
1045,3,9609,0.000124304,0.215269,4980,0.000336093,8.1774,
1045,4,7537,0.00012714,0.250477,3918,0.000643574,8.57209,
1045,5,7238,0.000128152,0.304835,3763,0.000811239,8.59462,
1045,6,7130,0.00012858,0.298229,3709,0.000840015,8.60199,
1045,7,7054,0.000128568,0.295832,3671,0.000851061,8.60358,
1045,8,7003,0.000128879,0.294081,3645,0.000859147,8.63496,
1036,0,20000,0.01,0.0141421,10201,0,39.491,
1036,1,80665,0.000581413,0.04601,40833,9.38144e-07,10.1265,
1036,2,301939,0.000121121,0.121991,152075,1.92921e-06,6.72784,
1036,3,262038,0.000119323,0.164061,131928,2.02916e-05,7.14997,
1036,4,201010,0.000119923,0.29037,101297,2.56225e-05,7.2902,
1036,5,188288,0.000122329,0.291811,94880,3.3619e-05,7.28228,
1036,6,185619,0.000121845,0.290341,93543,3.55916e-05,7.28059,
1036,7,184659,0.000122079,0.288915,93066,3.60183e-05,7.26732,
1047,0,20000,0.01,0.0141421,10201,0,39.9747,
1047,1,66225,0.000574096,0.0510247,33592,2.06813e-06,10.3999,
1047,2,138648,0.000121385,0.118259,70076,2.4883e-06,7.04908,
1047,3,112146,0.000124424,0.211748,56684,4.45924e-05,7.48109,
1047,4,91309,0.000126088,0.247955,46206,5.9733e-05,7.55573,
1047,5,88573,0.000125488,0.31047,44808,7.31328e-05,7.5495,
1047,6,87588,0.000126118,0.299534,44315,7.51573e-05,7.54221,
1047,7,87249,0.000125817,0.293693,44145,7.56757e-05,7.53635,
1048,0,20000,0.01,0.0141421,10201,0,39.9747,
1048,1,57322,0.000584594,0.0516633,29118,3.68283e-06,10.1611,
1048,2,79404,0.000122631,0.117836,40278,2.9007e-06,7.31765,
1048,3,58498,0.00012047,0.213434,29700,7.39216e-05,7.90203,
1048,4,51261,0.000119197,0.262038,26046,0.000109189,7.96751,
1048,5,50315,0.000118619,0.315011,25557,0.000123914,7.97473,
1048,6,49896,0.000117929,0.306685,25349,0.000126515,7.963,
1049,0,20000,0.01,0.0141421,10201,0,39.9747,
1049,1,51836,0.000595181,0.0516553,26358,5.79358e-06,10.4575,
1049,2,53690,0.000118232,0.114624,27320,3.558e-06,7.41989,
1049,3,37763,0.000113411,0.21013,19244,0.00011293,8.04398,
1049,4,33774,0.000113912,0.260833,17225,0.000174522,8.16354,
1049,5,33148,0.000114166,0.314465,16902,0.000195038,8.16962,
1049,6,32893,0.000123092,0.311534,16773,0.000198385,8.17129,
1050,0,20000,0.01,0.0141421,10201,0,39.9747,
1050,1,47602,0.000597461,0.0445779,24227,8.4063e-06,10.8665,
1050,2,39566,0.00012352,0.118023,20194,4.55332e-06,7.89072,
1050,3,26932,0.00012631,0.202375,13778,0.000150893,8.60785,
1050,4,23975,0.000124867,0.260825,12271,0.000239824,8.76373,
1050,5,23399,0.000128958,0.322643,11976,0.000267754,8.77202,
1050,6,23178,0.000129567,0.316657,11865,0.000273229,8.76501,
1051,0,20000,0.01,0.0141421,10201,0,8.96248,
1051,1,35452,0.00058323,0.047727,17997,3.1354e-07,8.6968,
1051,2,40245,0.000123953,0.0862895,20446,4.07983e-06,6.60423,
1051,3,28072,0.000126011,0.0710211,14326,0.00015256,7.04577,
1051,4,24241,0.000122385,0.0827081,12379,0.000236933,7.09643,
1051,5,23768,0.000121803,0.0917163,12137,0.000272535,7.0793,
1051,6,23616,0.000120297,0.0931965,12061,0.000275045,7.08671,
1052,0,20000,0.01,0.0141421,10201,0,8.96248,
1052,1,23191,0.000570739,0.0505699,11825,6.53008e-07,9.14897,
1052,2,22753,0.000117545,0.090941,11620,5.77571e-06,6.95746,
1052,3,14545,0.0001301,0.0964095,7483,0.000253117,7.51044,
1052,4,12159,0.0001295,0.123869,6265,0.000430364,7.61037,
1052,5,11763,0.00012978,0.116626,6065,0.000514975,7.61742,
1052,6,11681,0.000129631,0.115985,6024,0.000532961,7.59473,
1053,0,20000,0.01,0.0141421,10201,0,8.96248,
1053,1,17960,0.000618116,0.0500428,9185,1.17837e-06,9.36026,
1053,2,15150,0.000121329,0.0914731,7776,6.78976e-06,6.98296,
1053,3,9201,0.000129781,0.117689,4769,0.000369759,7.60276,
1053,4,7300,0.0001306,0.150894,3797,0.000661368,7.76328,
1053,5,7039,0.000132019,0.144272,3664,0.000820822,7.79507,
1053,6,6970,0.000132311,0.141371,3629,0.000848881,7.80598,
1054,0,20000,0.01,0.0141421,10201,0,8.96248,
1054,1,14685,0.000629154,0.0503723,7532,1.94581e-06,9.02763,
1054,2,11050,0.000125595,0.0934004,5701,8.05668e-06,7.13985,
1054,3,6290,0.000132646,0.148844,3288,0.000481318,7.83903,
1054,4,4882,0.000133274,0.167319,2564,0.000926741,8.11236,
1054,5,4672,0.000133038,0.186327,2455,0.00118364,8.12504,
1054,6,4603,0.000132236,0.191393,2421,0.00123313,8.14011,
1054,7,4586,0.000132432,0.195202,2411,0.00125823,8.06667,
1055,0,20000,0.01,0.0141421,10201,0,8.96248,
1055,1,12538,0.000631927,0.0482163,6447,3.01554e-06,9.67881,
1055,2,8530,0.000122188,0.107812,4422,9.21162e-06,7.15842,
1055,3,4639,0.000117653,0.166014,2442,0.000639333,7.95449,
1055,4,3509,0.000114161,0.184041,1860,0.00125869,8.36216,
1055,5,3353,0.00012515,0.212331,1778,0.00162672,8.40935,
1055,6,3301,0.000126132,0.218471,1753,0.00169066,8.42458,
1055,7,3277,0.000126591,0.221573,1740,0.00171956,8.45905,
1046,0,20000,0.01,0.0141421,10201,0,39.9747,
1046,1,82066,0.000566305,0.050841,41545,9.42768e-07,10.0158,
1046,2,310214,0.00012037,0.108618,156236,1.82209e-06,6.80093,
1046,3,267841,0.000116932,0.20537,134852,2.02477e-05,7.18366,
1046,4,205940,0.000114647,0.253563,103780,2.5491e-05,7.22761,
1046,5,193155,0.000123518,0.284958,97331,3.3101e-05,7.21494,
1046,6,190089,0.000124294,0.28607,95796,3.50624e-05,7.20473,
1046,7,189182,0.000124934,0.285421,95346,3.55317e-05,7.20834,
1057,0,20000,0.01,0.0141421,10201,0,8.8554,
1057,1,50421,0.000576511,0.0414103,25520,1.00314e-07,9.37607,
1057,2,79275,0.000122151,0.0382319,40080,2.71655e-06,6.87978,
1057,3,60061,0.000117355,0.0346697,30442,7.50273e-05,7.41277,
1057,4,49055,0.000116671,0.0372488,24897,0.000107663,7.46314,
1057,5,48007,0.000116584,0.0381606,24362,0.000131148,7.46386,
1057,6,47558,0.000115442,0.0388058,24139,0.000133404,7.47659,
1058,0,20000,0.01,0.0141421,10201,0,8.8554,
1058,1,30816,0.000590014,0.0452173,15660,1.76721e-07,8.69734,
1058,2,37552,0.000121429,0.0647535,19085,4.60743e-06,6.56126,
1058,3,24956,0.000114292,0.049725,12757,0.000161786,6.99452,
1058,4,21125,0.000110354,0.0603793,10807,0.00026419,7.00841,
1058,5,20656,0.000119933,0.0590216,10568,0.000309078,7.01925,
1058,6,20508,0.000120166,0.0586575,10494,0.000315359,6.99671,
1059,0,20000,0.01,0.0141421,10201,0,8.8554,
1059,1,21448,0.000559956,0.0455877,10941,3.43627e-07,9.549,
1059,2,20965,0.000123537,0.0848712,10716,5.5012e-06,6.63164,
1059,3,12927,0.000120307,0.0656452,6666,0.0002834,7.08204,
1059,4,10599,0.000118963,0.0833664,5476,0.000503018,7.1363,
1059,5,10334,0.000119226,0.0843088,5340,0.000610114,7.12883,
1059,6,10240,0.000117707,0.0851435,5293,0.000625734,7.11109,
1060,0,20000,0.01,0.0141421,10201,0,8.8554,
1060,1,16816,0.000576756,0.0506643,8605,5.87219e-07,8.74556,
1060,2,14188,0.00012339,0.102104,7289,6.63372e-06,6.90268,
1060,3,8199,0.00012052,0.08456,4262,0.000400792,7.52004,
1060,4,6440,0.000120889,0.104568,3360,0.000746799,7.71532,
1060,5,6220,0.00012157,0.109549,3247,0.0009418,7.7011,
1060,6,6177,0.000121831,0.110686,3227,0.000967383,7.69439,
1031,0,20000,0.01,0.0141421,10201,0,8.95289,
1031,1,194536,0.00058173,0.0411965,97862,8.42975e-08,8.37412,
1031,2,478243,0.000120466,0.0216498,240147,7.73444e-07,6.95874,
1031,3,458216,0.00011345,0.0194279,230095,1.31173e-05,7.36268,
1031,4,359578,0.000113454,0.0201908,180729,1.47405e-05,7.38591,
1031,5,341159,0.000115354,0.0212752,171459,1.87241e-05,7.387,
1031,6,337382,0.000118882,0.0214877,169572,1.96382e-05,7.39022,
1031,7,336485,0.000117752,0.021521,169122,1.98014e-05,7.39602,
1062,0,20000,0.01,0.0141421,10201,0,14.375,
1062,1,98091,0.000592283,0.0449487,49562,5.61538e-07,10.172,
1062,2,161829,0.000120609,0.115109,81591,1.51748e-06,6.716,
1062,3,133010,0.000113527,0.206489,67080,3.70116e-05,7.29491,
1062,4,111195,0.000121957,0.241751,56141,4.94319e-05,7.3544,
1062,5,108614,0.000118306,0.232392,54824,5.91004e-05,7.35132,
1062,6,107533,0.000117076,0.233248,54285,6.03315e-05,7.35682,
1062,7,107201,0.000116929,0.233263,54119,6.09381e-05,7.36116,
1063,0,20000,0.01,0.0141421,10201,0,14.375,
1063,1,85952,0.000592201,0.0453606,43468,8.58028e-07,8.95772,
1063,2,113178,0.000120546,0.109874,57158,1.72991e-06,6.83013,
1063,3,85989,0.000117829,0.202276,43474,5.4029e-05,7.30493,
1063,4,73768,0.000117872,0.234647,37323,7.70987e-05,7.35884,
1063,5,71951,0.00012091,0.251144,36400,8.99735e-05,7.36115,
1063,6,71375,0.000122867,0.245045,36114,9.20605e-05,7.35474,
1064,0,20000,0.01,0.0141421,10201,0,14.375,
1064,1,67187,0.000616506,0.0457167,34041,1.93906e-06,9.50007,
1064,2,60869,0.000120097,0.100456,30861,2.49572e-06,6.80639,
1064,3,40862,0.000114115,0.193753,20775,9.8664e-05,7.31451,
1064,4,35448,0.000115111,0.220413,18032,0.000160675,7.36181,
1064,5,34636,0.000114015,0.264936,17619,0.000184623,7.35848,
1064,6,34403,0.000112243,0.270531,17503,0.000189009,7.3452,
1061,0,20000,0.01,0.0141421,10201,0,14.375,
1061,1,116548,0.000579067,0.0443746,58821,3.39896e-07,9.42094,
1061,2,262182,0.000119519,0.105079,131950,1.26404e-06,6.56467,
1061,3,234243,0.000111664,0.148331,117869,2.44668e-05,7.03709,
1061,4,192013,0.000110814,0.211968,96708,2.96971e-05,7.06475,
1061,5,186006,0.000115777,0.216335,93662,3.59338e-05,7.06899,
1061,6,183454,0.000116584,0.217665,92386,3.68379e-05,7.07431,
1061,7,182788,0.000116478,0.216612,92052,3.71635e-05,7.07387,
1065,0,20000,0.01,0.0141421,10201,0,14.375,
1065,1,54986,0.000576756,0.0476967,27906,3.52418e-06,9.59294,
1065,2,39530,0.000123321,0.10599,20120,3.24739e-06,6.99892,
1065,3,24934,0.000120633,0.192053,12741,0.000153398,7.6124,
1065,4,20996,0.0001221,0.258465,10740,0.000263372,7.75257,
1065,5,20334,0.000123139,0.279503,10401,0.000310483,7.77388,
1065,6,20105,0.000121396,0.274132,10287,0.000318829,7.76072,
1065,7,19980,0.000122603,0.274619,10224,0.000320716,7.76236,
1067,0,20000,0.01,0.0141421,10201,0,8.80816,
1067,1,48319,0.000580756,0.0451244,24460,5.02614e-08,9.72355,
1067,2,78418,0.000121656,0.0570306,39652,2.83655e-06,6.64996,
1067,3,57099,0.000117267,0.048383,28953,7.46804e-05,7.17321,
1067,4,45792,0.000117567,0.0517891,23259,0.000112897,7.21274,
1067,5,44803,0.000117197,0.0489468,22752,0.000140884,7.20506,
1067,6,44496,0.000117519,0.0484133,22599,0.00014388,7.20515,
1068,0,20000,0.01,0.0141421,10201,0,8.80816,
1068,1,30553,0.00058196,0.0425352,15524,4.74051e-08,9.24486,
1068,2,35599,0.000121241,0.0737573,18105,4.3251e-06,6.72608,
1068,3,23324,0.000117229,0.06551,11935,0.00016957,7.17115,
1068,4,19922,0.000115557,0.0675009,10200,0.000281405,7.19949,
1068,5,19567,0.000124236,0.0687363,10019,0.000328014,7.18682,
1068,6,19468,0.000124002,0.0662424,9970,0.000332253,7.19015,
1069,0,20000,0.01,0.0141421,10201,0,8.80816,
1069,1,21066,0.000608015,0.0454755,10748,8.10084e-08,9.60268,
1069,2,20213,0.000123835,0.0878484,10337,5.57077e-06,6.64182,
1069,3,12344,0.000119518,0.0772731,6372,0.000294531,7.15583,
1069,4,9992,0.00012536,0.107575,5169,0.000522321,7.23767,
1069,5,9691,0.000123517,0.105821,5016,0.000636054,7.27194,
1069,6,9607,0.000121398,0.0891552,4974,0.000653847,7.23416,
992,0,20000,0.01,0.0141421,10201,0,23680,
992,1,879292,0.000575956,0.0514565,440115,1.18626e-05,19039.3,
992,2,1400096,0.000118417,0.112094,701666,0.00016201,7039.68,
992,3,532648,0.000116821,0.192583,268015,0.00072811,7007.38,
992,4,331041,0.000115908,0.22775,167199,0.00198761,6934.42,
992,5,281752,0.000114859,0.259714,142545,0.00325539,6840.57,
992,6,275390,0.000114803,0.298904,139360,0.00388763,6761.51,
992,7,273244,0.000115926,0.349707,138286,0.00396113,6694.46,
1070,0,20000,0.01,0.0141421,10201,0,8.80816,
1070,1,17067,0.00062947,0.0455299,8729,1.83403e-07,9.73335,
1070,2,13626,0.00012092,0.0856797,7005,6.29117e-06,6.79464,
1070,3,7896,0.000125266,0.0955326,4108,0.000415005,7.39114,
1070,4,6158,0.000124206,0.116426,3217,0.000776915,7.52567,
1070,5,5967,0.000127946,0.109304,3118,0.000978075,7.5536,
1070,6,5900,0.000128448,0.105138,3085,0.00101142,7.52902,
1070,7,5860,0.000128744,0.108198,3064,0.00101788,7.53857,
993,0,20000,0.01,0.0141421,10201,0,23680,
993,1,870474,0.000569166,0.050686,435702,1.21942e-05,19034.8,
993,2,1338724,0.000119798,0.111432,670979,0.000160659,7050.86,
993,3,507135,0.000116315,0.192822,255257,0.000782187,7009.45,
993,4,310408,0.000114313,0.23377,156881,0.00216139,6932,
993,5,263167,0.000113842,0.268669,133251,0.00358154,6844.68,
993,6,256960,0.000112467,0.312625,130143,0.00426035,6762.37,
993,7,254849,0.000112599,0.414007,129087,0.00430779,6693.2,
991,0,20000,0.01,0.0141421,10201,0,23680,
991,1,881065,0.000569301,0.0450862,441003,1.17832e-05,19017.8,
991,2,1411374,0.000122441,0.116275,707306,0.00015659,7023.97,
991,3,541268,0.000117929,0.19242,272326,0.000722401,6986.95,
991,4,337433,0.00011807,0.223834,170396,0.00199139,6912.18,
991,5,287875,0.000112216,0.249018,145607,0.00327725,6829.71,
991,6,281061,0.000111496,0.300566,142196,0.00381712,6746.68,
991,7,278765,0.000113042,0.393887,141047,0.00386081,6680.25,
1073,0,20000,0.01,0.0141421,10201,0,8.86085,
1073,1,31414,0.0005962,0.0424101,15960,2.14656e-07,8.54853,
1073,2,37748,0.000125283,0.0685208,19182,4.41479e-06,6.66529,
1073,3,25098,0.00012454,0.0471043,12828,0.000161213,7.11387,
1073,4,21415,0.000125075,0.0761067,10953,0.000263793,7.14999,
1073,5,20931,0.000124627,0.06094,10707,0.000305337,7.12786,
1073,6,20760,0.000123662,0.0594136,10621,0.000308396,7.13844,
1074,0,20000,0.01,0.0141421,10201,0,8.86085,
1074,1,21951,0.000595897,0.0449174,11193,4.28265e-07,9.64545,
1074,2,20819,0.000122386,0.0818362,10644,5.8274e-06,6.91717,
1074,3,12923,0.000122828,0.0821522,6664,0.000281856,7.42589,
1074,4,10668,0.000123159,0.076119,5511,0.000488894,7.51401,
1074,5,10382,0.000123229,0.0892823,5365,0.000588005,7.52213,
1074,6,10290,0.000123687,0.0853501,5318,0.000602207,7.47652,
1056,0,20000,0.01,0.0141421,10201,0,8.8554,
1056,1,153251,0.000563437,0.0310734,77137,7.7841e-08,9.41721,
1056,2,401634,0.000118583,0.0109381,201764,9.27052e-07,6.40825,
1056,3,381322,0.000118761,0.0158182,191599,1.56553e-05,6.8328,
1056,4,302675,0.000117055,0.0135489,152207,1.8096e-05,6.83554,
1056,5,288745,0.000117192,0.0146019,145205,2.26634e-05,6.82507,
1056,6,286291,0.000115239,0.0137482,143976,2.35929e-05,6.82043,
1072,0,20000,0.01,0.0141421,10201,0,8.86085,
1072,1,51142,0.000590389,0.0462536,25882,1.14248e-07,8.77798,
1072,2,81299,0.00012132,0.0379923,41095,2.65372e-06,6.73417,
1072,3,61076,0.000120785,0.0368175,30955,7.5262e-05,7.17208,
1072,4,50204,0.000119873,0.0379663,25473,0.000108468,7.1949,
1072,5,49121,0.000119971,0.0381612,24922,0.000131433,7.18999,
1072,6,48672,0.000118867,0.0385676,24698,0.000133846,7.17434,
1075,0,20000,0.01,0.0141421,10201,0,8.86085,
1075,1,16823,0.000576832,0.0507174,8609,7.36956e-07,9.48844,
1075,2,14214,0.000122301,0.0924756,7302,7.09953e-06,6.76795,
1075,3,8294,0.000125874,0.0837489,4310,0.000410328,7.30875,
1075,4,6537,0.000120349,0.110833,3409,0.00075697,7.50341,
1075,5,6299,0.00012882,0.113228,3287,0.000949742,7.50394,
1075,6,6231,0.000129439,0.113924,3253,0.000976807,7.47758,
1075,7,6208,0.000129575,0.11402,3241,0.000978036,7.47852,
1079,0,20000,0.01,0.0141421,10201,0,8.81983,
1079,1,21102,0.00059755,0.0461288,10766,1.273e-07,9.48902,
1079,2,20393,0.000128138,0.0881342,10427,5.48671e-06,6.83283,
1079,3,12493,0.000125594,0.0762131,6447,0.000289701,7.35014,
1079,4,10169,0.000126888,0.0917548,5258,0.000510434,7.41302,
1079,5,9908,0.000127782,0.0930048,5125,0.000616965,7.43761,
1079,6,9810,0.000128262,0.0934648,5075,0.000632931,7.42347,
1080,0,20000,0.01,0.0141421,10201,0,8.81983,
1080,1,16662,0.00062733,0.0509166,8527,2.61412e-07,9.29845,
1080,2,13784,0.000124737,0.107474,7084,6.56386e-06,6.96272,
1080,3,7900,0.000129514,0.089301,4111,0.000407193,7.59306,
1080,4,6210,0.000131206,0.119356,3243,0.000765586,7.78004,
1080,5,5949,0.000131376,0.11447,3111,0.000963324,7.80906,
1080,6,5896,0.000131477,0.112311,3083,0.00100278,7.79421,
1078,0,20000,0.01,0.0141421,10201,0,8.81983,
1078,1,30206,0.000607151,0.0453579,15351,7.17373e-08,9.26767,
1078,2,36319,0.000122098,0.0783571,18466,4.48549e-06,6.54402,
1078,3,23815,0.000122902,0.0612759,12182,0.000169419,6.97035,
1078,4,20183,0.000120266,0.0638252,10331,0.000281438,6.98398,
1078,5,19757,0.000118637,0.0653338,10115,0.000330369,6.93958,
1078,6,19611,0.000117186,0.065854,10043,0.000334832,6.93135,
1077,0,20000,0.01,0.0141421,10201,0,8.81983,
1077,1,48587,0.000598495,0.0452357,24596,6.12217e-08,9.3742,
1077,2,78521,0.000118606,0.0549961,39704,2.98973e-06,6.6822,
1077,3,57697,0.000113775,0.0409218,29255,7.70407e-05,7.19561,
1077,4,46386,0.000117947,0.04556,23556,0.000114134,7.24319,
1077,5,45437,0.000118208,0.0454347,23070,0.000140918,7.23336,
1077,6,45079,0.000117883,0.0442837,22893,0.000142776,7.22468,
1083,0,20000,0.01,0.0141421,10201,0,8.85646,
1083,1,31265,0.000587233,0.0442339,15885,1.8475e-07,9.03071,
1083,2,37209,0.000121962,0.0668895,18914,4.13069e-06,6.57982,
1083,3,24607,0.00012084,0.051133,12581,0.000162765,7.06635,
1083,4,21125,0.000118546,0.0575314,10806,0.000267019,7.11269,
1083,5,20725,0.000122795,0.0594867,10603,0.000309233,7.13416,
1083,6,20596,0.00012133,0.0615709,10539,0.000314238,7.14113,
1084,0,20000,0.01,0.0141421,10201,0,8.85646,
1084,1,21536,0.000582264,0.04561,10985,3.61544e-07,9.39738,
1084,2,20985,0.000122946,0.0920602,10726,5.50076e-06,6.68665,
1084,3,12946,0.000125108,0.074475,6676,0.000282468,7.2133,
1084,4,10573,0.000126145,0.0808413,5463,0.000497585,7.30934,
1084,5,10303,0.000127559,0.0863647,5324,0.000601255,7.31158,
1084,6,10236,0.000128105,0.0868787,5292,0.000611906,7.33145,
1082,0,20000,0.01,0.0141421,10201,0,8.85646,
1082,1,50528,0.000613612,0.0446044,25574,1.03261e-07,8.91641,
1082,2,81052,0.000122328,0.0381081,40971,2.77761e-06,6.65013,
1082,3,60718,0.000118572,0.0348848,30772,7.52921e-05,7.12994,
1082,4,49400,0.000118294,0.0344858,25071,0.000108779,7.17028,
1082,5,48156,0.000117059,0.0367953,24437,0.000132964,7.15961,
1082,6,47818,0.000122721,0.0374562,24269,0.000135464,7.15601,
1085,0,20000,0.01,0.0141421,10201,0,8.85646,
1085,1,16806,0.0006156,0.0502767,8600,6.18924e-07,9.58804,
1085,2,14233,0.000124076,0.0953615,7311,7.21746e-06,6.83661,
1085,3,8246,0.000121202,0.0834699,4286,0.00040408,7.42517,
1085,4,6487,0.000126359,0.105253,3384,0.000751636,7.58853,
1085,5,6196,0.000127752,0.111303,3235,0.000936979,7.59103,
1085,6,6099,0.000127879,0.107911,3186,0.000966135,7.6321,
1085,7,6076,0.000128319,0.109337,3174,0.000983422,7.59909,
1087,0,20000,0.01,0.0141421,10201,0,8.81169,
1087,1,48667,0.000588493,0.0396593,24635,5.96834e-08,8.87035,
1087,2,76881,0.000122689,0.0603622,38882,2.88285e-06,6.61067,
1087,3,57457,0.000116088,0.0413138,29133,8.16465e-05,7.03322,
1087,4,46602,0.000114871,0.0474743,23665,0.000118056,7.06266,
1087,5,45371,0.000117892,0.0449347,23037,0.000144403,7.05533,
1087,6,45062,0.000116169,0.0433017,22885,0.000147193,7.05323,
1088,0,20000,0.01,0.0141421,10201,0,8.81169,
1088,1,30477,0.000572489,0.0433709,15486,6.73818e-08,9.13685,
1088,2,35839,0.000122514,0.0666846,18226,4.30124e-06,6.65909,
1088,3,23375,0.000117712,0.0618319,11962,0.000164768,7.09195,
1088,4,20039,0.000122038,0.0654871,10259,0.000276655,7.09058,
1088,5,19707,0.000121399,0.0665557,10090,0.000321339,7.09487,
1088,6,19598,0.000122137,0.0670097,10035,0.000327496,7.07033,
1089,0,20000,0.01,0.0141421,10201,0,8.81169,
1089,1,21178,0.000579051,0.0454799,10804,1.17025e-07,8.97362,
1089,2,20379,0.000124385,0.0869762,10421,6.10118e-06,6.68224,
1089,3,12541,0.00012828,0.0795501,6471,0.000288902,7.1548,
1089,4,10202,0.000125013,0.0802089,5275,0.000508301,7.22887,
1089,5,9892,0.000124284,0.0795729,5116,0.000618997,7.22842,
1089,6,9802,0.000122355,0.0823542,5072,0.000634344,7.2337,
1090,0,20000,0.01,0.0141421,10201,0,8.81169,
1090,1,18413,0.000591682,0.0455886,9411,1.67501e-07,9.35074,
1090,2,16351,0.000124379,0.102163,8384,6.02702e-06,6.71519,
1090,3,9785,0.000122957,0.0731961,5071,0.000348136,7.25539,
1090,4,7885,0.000121899,0.103794,4096,0.000637098,7.34367,
1090,5,7618,0.000122053,0.0922919,3960,0.000783126,7.35592,
1090,6,7556,0.000121934,0.0884104,3930,0.000809992,7.35106,
1091,0,20000,0.01,0.0141421,10201,0,5165.14,
1091,1,79699,0.000670553,0.0473412,40722,0.000124215,1078.84,
1091,2,162008,0.000135116,0.108398,83797,0.000338788,154.405,
1091,3,73249,0.000133567,0.232277,38588,7.76774e-05,257.7,
1091,4,53241,0.000133859,0.362783,28008,0.00013803,337.424,
1091,5,47964,0.000133049,0.360713,25297,0.000176232,363.787,
1091,6,46203,0.000131704,0.361272,24379,0.0001962,371.545,
1091,7,45348,0.000130879,0.361444,23932,0.000209347,375.502,
1091,8,44831,0.000130008,0.362493,23665,0.000213649,378.211,
1091,9,44437,0.000129329,0.363683,23465,0.000216824,380.461,
1092,0,20000,0.01,0.0141421,10201,0,5165.14,
1092,1,74910,0.00069045,0.0506992,38314,0.000138392,1122.43,
1092,2,146246,0.000130053,0.133846,75714,0.000409689,167.85,
  current line = 42
 call ZZAdapt  at  line 347
Assertion fail : (kkkk++ < 2000)
	line :4918, in file ../bamglib/Mesh2.cpp
Assertion fail : (kkkk++ < 2000)
	line :4918, in file ../bamglib/Mesh2.cpp
 err code 6 ,  mpirank 0
1066,0,20000,0.01,0.0141421,10201,0,8.80816,
1066,1,141198,0.000569935,0.0401765,71083,7.08544e-08,9.44571,
1066,2,377452,0.000121753,0.0244641,189653,1.02391e-06,6.44081,
1066,3,351531,0.000113896,0.0235083,176682,1.61139e-05,6.90273,
1066,4,280742,0.000112289,0.0239411,141217,1.91247e-05,6.91756,
1066,5,269632,0.000116684,0.0252843,135629,2.39316e-05,6.91037,
1066,6,267426,0.000119977,0.0256202,134524,2.48256e-05,6.91619,
1093,0,20000,0.01,0.0141421,10201,0,5165.14,
1093,1,71373,0.000624135,0.051792,36515,0.000153251,1161.69,
1093,2,130793,0.000131781,0.121791,67826,0.000487449,184.216,
1093,3,57741,0.000132201,0.241284,30608,0.000103886,320.147,
1093,4,42094,0.000129668,0.414379,22288,0.000202155,414.978,
1093,5,37595,0.000127546,0.406332,19954,0.000264851,451.898,
1093,6,36065,0.000124211,0.40585,19154,0.000296399,464.048,
1093,7,35261,0.000132828,0.405566,18738,0.00031506,471.777,
1093,8,34846,0.000131806,0.405784,18524,0.000326256,475.004,
1093,9,34501,0.000130921,0.405522,18347,0.000331135,478.268,
1094,0,20000,0.01,0.0141421,10201,0,5165.14,
1094,1,69651,0.000684246,0.047129,35641,0.000159409,1178.92,
1094,2,123914,0.000137781,0.111295,64322,0.000530868,193.027,
1094,3,55176,0.000136084,0.226441,29284,0.000112249,334.415,
1094,4,40459,0.00013512,0.390962,21444,0.000216302,432.089,
1094,5,35982,0.000135189,0.380997,19123,0.000277425,472.314,
1094,6,34459,0.000133474,0.37824,18325,0.000316234,484.894,
1094,7,33703,0.00013203,0.374778,17933,0.000337707,491.821,
1094,8,33237,0.000130902,0.371531,17691,0.000349397,496.396,
1094,9,32938,0.000127757,0.369641,17538,0.000358662,498.959,
1095,0,20000,0.01,0.0141421,10201,0,5165.14,
1095,1,65177,0.000665017,0.0516261,33381,0.000171955,1200.04,
1095,2,108537,0.000150872,0.128414,56485,0.000606469,215.621,
1095,3,49854,0.000134859,0.247464,26530,0.000132668,366.602,
1095,4,36901,0.00012517,0.328419,19600,0.000268719,468.148,
1095,5,32916,0.000118756,0.327971,17536,0.000340392,510.482,
1095,6,31507,0.000118834,0.337682,16802,0.00039834,525.871,
1095,7,30848,0.000119292,0.341475,16460,0.000429931,532.496,
1095,8,30475,0.00011925,0.342463,16266,0.000444732,534.886,
1095,9,30202,0.000118991,0.343086,16122,0.000449044,537.795,
1076,0,20000,0.01,0.0141421,10201,0,8.81983,
1076,1,143224,0.00059894,0.0387858,72100,7.24882e-08,9.86639,
1076,2,378012,0.000120881,0.0151709,189936,1.01178e-06,6.35228,
1076,3,356549,0.000117706,0.0209577,179193,1.65527e-05,6.7572,
1076,4,285550,0.000116733,0.0173664,143629,1.92611e-05,6.76927,
1076,5,273009,0.000115717,0.0207589,137320,2.40102e-05,6.75659,
1076,6,270646,0.000114068,0.0196513,136138,2.4947e-05,6.76485,
1071,0,20000,0.01,0.0141421,10201,0,8.86085,
1071,1,157610,0.000581446,0.0360712,79324,7.9609e-08,8.7414,
1071,2,407844,0.000117359,0.0119405,204874,9.46039e-07,6.70068,
1071,3,386757,0.000115137,0.0135283,194320,1.457e-05,7.24325,
1071,4,307492,0.000113435,0.0143464,154625,1.68214e-05,7.28634,
1071,5,293932,0.000116291,0.0143466,147803,2.11736e-05,7.29359,
1071,6,291147,0.000116422,0.0146142,146409,2.21088e-05,7.29729,
1086,0,20000,0.01,0.0141421,10201,0,8.81169,
1086,1,143040,0.000584059,0.0390819,72008,7.22854e-08,9.2706,
1086,2,374921,0.000120933,0.0160208,188385,1.08929e-06,6.50142,
1086,3,352914,0.000117864,0.0204445,177374,1.67605e-05,6.92571,
1086,4,282303,0.000119634,0.0174925,142002,1.93763e-05,6.94482,
1086,5,271376,0.000119119,0.0194806,136503,2.39709e-05,6.93775,
1086,6,269077,0.00011802,0.0181911,135353,2.46915e-05,6.93702,
1081,0,20000,0.01,0.0141421,10201,0,8.85646,
1081,1,154213,0.000584384,0.0372541,77619,7.82134e-08,9.36996,
1081,2,402038,0.000119148,0.0113528,201969,1.05723e-06,6.61073,
1081,3,379243,0.000116072,0.0146035,190556,1.48392e-05,7.09047,
1081,4,302219,0.000117393,0.0137004,151981,1.72781e-05,7.12327,
1081,5,289960,0.000117069,0.0144624,145813,2.17396e-05,7.12048,
1081,6,287162,0.000117481,0.0137267,144413,2.26469e-05,7.11733,
1101,0,20000,0.01,0.0141421,10201,0,5165.11,
1101,1,65095,0.000666008,0.0516269,33340,0.000171954,1202.65,
1101,2,75427,0.000249456,0.121482,39717,0.000637755,278.984,
  current line = 42
 call ZZAdapt  at  line 347
Assertion fail : (kkkk++ < 2000)
	line :4918, in file ../bamglib/Mesh2.cpp
Assertion fail : (kkkk++ < 2000)
	line :4918, in file ../bamglib/Mesh2.cpp
 err code 6 ,  mpirank 0
1102,0,20000,0.01,0.0141421,10201,0,5165.11,
1102,1,40644,0.00078111,0.0495256,20940,0.000322357,1537.22,
1102,2,46498,0.00032661,0.123646,24619,0.00191886,453.503,
1102,3,24417,0.00026537,0.268474,13242,0.000768703,677.94,
1102,4,18190,0.000267241,0.357531,9880,0.00104014,862.392,
1102,5,16003,0.000262431,0.356794,8721,0.00155789,953.927,
1102,6,15206,0.000259664,0.363185,8309,0.00180461,990.406,
1102,7,14850,0.000260041,0.365187,8125,0.00196186,1002.61,
1102,8,14631,0.000259677,0.366189,8012,0.00202614,1010.3,
1102,9,14529,0.000259177,0.366936,7959,0.0020537,1008.62,
1103,0,20000,0.01,0.0141421,10201,0,5165.11,
1103,1,28749,0.000925608,0.0502696,14893,0.000463184,1834.45,
1103,2,29999,0.000466327,0.117554,15997,0.00479644,670.646,
1103,3,16306,0.000295285,0.262108,8951,0.00195412,958.512,
1103,4,12693,0.00027279,0.312198,6971,0.00268361,1165.9,
1103,5,11361,0.000261668,0.336858,6263,0.00380273,1283.69,
1103,6,10870,0.000253032,0.338514,6008,0.00453477,1331.55,
1103,7,10633,0.000249408,0.340095,5887,0.00478099,1352.22,
1103,8,10492,0.000261699,0.339855,5814,0.00497826,1363.58,
1103,9,10370,0.000265005,0.340257,5751,0.00502932,1372.6,
1103,10,10308,0.000266991,0.340449,5719,0.00507586,1373.87,
1104,0,20000,0.01,0.0141421,10201,0,5165.11,
1104,1,22115,0.0010779,0.0494061,11505,0.000627304,2142.07,
1104,2,19378,0.000604622,0.121454,10467,0.00873402,1006.98,
1104,3,11634,0.00044106,0.247593,6452,0.00428727,1283.57,
1104,4,9561,0.000369511,0.367389,5300,0.00557742,1468.57,
1104,5,8765,0.000292921,0.380111,4869,0.00792185,1573.55,
1104,6,8331,0.000250489,0.38131,4642,0.00939274,1650.7,
1104,7,8078,0.000229848,0.380268,4512,0.0105739,1697.85,
1104,8,7931,0.000240886,0.379085,4436,0.0111193,1732.42,
1104,9,7863,0.000247262,0.377133,4402,0.0117135,1742.75,
1105,0,20000,0.01,0.0141421,10201,0,5165.11,
1105,1,16262,0.00132699,0.0475004,8497,0.000947232,2566.12,
1105,2,12158,0.00084004,0.107193,6635,0.0222154,1563.67,
1105,3,7933,0.000977522,0.236371,4434,0.013987,1729.17,
1105,4,6361,0.000894792,0.334893,3573,0.0200668,1983.99,
1105,5,5568,0.000878358,0.341258,3146,0.0293296,2204.54,
1105,6,5141,0.000901664,0.329927,2919,0.0394911,2354.2,
1105,7,4896,0.000952872,0.322909,2789,0.0465132,2453.86,
1105,8,4716,0.0010083,0.322932,2695,0.0506559,2511.1,
1105,9,4612,0.00108345,0.341648,2639,0.0542916,2544.02,
1105,10,4538,0.00114092,0.341408,2600,0.0555263,2552.94,
1105,11,4473,0.0011947,0.335345,2565,0.0567967,2582.21,
1105,12,4439,0.00124315,0.333653,2547,0.0591402,2589.39,
1097,0,20000,0.01,0.0141421,10201,0,30557.7,
1097,1,689523,0.000561695,0.0471492,345944,0.000160017,18191.6,
1097,2,305109,0.000244697,0.105704,155354,0.000447916,7180.74,
1097,3,117728,0.000234967,0.192937,61774,0.00319287,7110.45,
1097,4,86360,0.000231246,0.368646,46084,0.00683333,6977.26,
1097,5,83201,0.000220232,0.352776,44499,0.00792224,6856.49,
1097,6,82818,0.0002169,0.367751,44306,0.00762578,6756.91,
1096,0,20000,0.01,0.0141421,10201,0,30557.7,
1096,1,699749,0.000564888,0.0501145,351061,0.000155464,18164,
1096,2,307794,0.000243473,0.115241,156698,0.000436064,7198.32,
1096,3,118144,0.000233077,0.277457,61982,0.00292006,7121.03,
1096,4,87285,0.000228148,0.347653,46546,0.00639388,6997.71,
1096,5,84136,0.000221525,0.391175,44965,0.00734341,6872.01,
1096,6,83794,0.000224353,0.401571,44792,0.00726318,6772.93,
1108,0,20000,0.01,0.0141421,10201,0,97.5177,
1108,1,84722,0.000592898,0.0506126,43128,4.79595e-06,9.90085,
1108,2,57031,0.000127523,0.131004,29165,3.77733e-06,10.7444,
1108,3,42963,0.000124685,0.248581,21960,0.000105395,11.8939,
1108,4,40205,0.000119596,0.406589,20554,0.000149895,12.0962,
1108,5,39513,0.000118797,0.398383,20197,0.000159659,12.0515,
1108,6,39187,0.000118342,0.399823,20033,0.000160086,12.0726,
1098,0,20000,0.01,0.0141421,10201,0,30557.7,
1098,1,673459,0.000564204,0.047295,337909,0.000164997,18178.4,
1098,2,298860,0.000240328,0.106024,152226,0.000460383,7160.34,
1098,3,115112,0.000223896,0.212604,60465,0.00317384,7096.63,
1098,4,85179,0.000220504,0.324195,45493,0.00688825,6967.17,
1098,5,82084,0.000221752,0.31833,43940,0.00796312,6835.09,
1098,6,81677,0.000227917,0.327348,43734,0.00787152,6739.18,
1109,0,20000,0.01,0.0141421,10201,0,97.5177,
1109,1,40742,0.000668026,0.0469734,20889,1.69396e-05,13.7171,
1109,2,18781,0.000131401,0.110375,9764,2.30488e-05,18.8626,
1109,3,11965,0.000126091,0.230588,6246,0.000329012,24.3554,
1109,4,10210,0.000123268,0.372584,5338,0.000517055,26.7929,
1109,5,9768,0.000120187,0.394653,5107,0.000593932,27.2634,
1109,6,9561,0.000117952,0.37915,5002,0.000611242,27.5263,
1109,7,9486,0.000115592,0.369649,4963,0.000622898,27.6212,
1110,0,20000,0.01,0.0141421,10201,0,97.5177,
1110,1,14506,0.000821512,0.0437235,7551,5.91454e-05,26.7556,
1110,2,5534,0.000132772,0.115974,2971,0.000451819,47.311,
1110,3,3219,0.000127983,0.213944,1749,0.00155059,67.6118,
1110,4,2489,0.000129052,0.336386,1362,0.00199805,81.2982,
1110,5,2252,0.000128981,0.346255,1237,0.0023579,88.0788,
1110,6,2178,0.000128679,0.341489,1198,0.00259091,88.9336,
1110,7,2120,0.000128003,0.341007,1167,0.00281056,90.4715,
1110,8,2094,0.000125583,0.345243,1154,0.00285553,90.6392,
1110,9,2078,0.000123763,0.343218,1146,0.0029,90.5365,
1099,0,20000,0.01,0.0141421,10201,0,30557.7,
1099,1,663281,0.000574712,0.0503592,332816,0.00017041,18181.7,
1099,2,299054,0.000240846,0.110117,152321,0.000461388,7211.58,
1099,3,114403,0.000226834,0.232231,60110,0.00298944,7126.57,
1099,4,83961,0.000225117,0.305197,44884,0.00637304,6989.4,
1099,5,80958,0.000222827,0.321846,43377,0.00735943,6851.32,
  current line = 42
 call ZZAdapt  at  line 347
Assertion fail : (kkkk++ < 2000)
	line :4918, in file ../bamglib/Mesh2.cpp
Assertion fail : (kkkk++ < 2000)
	line :4918, in file ../bamglib/Mesh2.cpp
 err code 6 ,  mpirank 0
1111,0,20000,0.01,0.0141421,10201,0,5165.14,
1111,1,83939,0.000675332,0.043918,42854,0.000113432,1055.65,
1111,2,174124,0.000132339,0.116876,90042,0.000292821,143.052,
  current line = 42
 call ZZAdapt  at  line 347
Assertion fail : (kkkk++ < 2000)
	line :4918, in file ../bamglib/Mesh2.cpp
Assertion fail : (kkkk++ < 2000)
	line :4918, in file ../bamglib/Mesh2.cpp
 err code 6 ,  mpirank 0
1112,0,20000,0.01,0.0141421,10201,0,5165.14,
1112,1,74143,0.00062992,0.0516247,37926,0.000141321,1135.24,
1112,2,143304,0.000132073,0.131663,74212,0.000432098,171.413,
1112,3,63838,0.000130082,0.254326,33746,9.13111e-05,291.346,
  current line = 42
 call ZZAdapt  at  line 347
Assertion fail : (kkkk++ < 2000)
	line :4918, in file ../bamglib/Mesh2.cpp
Assertion fail : (kkkk++ < 2000)
	line :4918, in file ../bamglib/Mesh2.cpp
 err code 6 ,  mpirank 0
1113,0,20000,0.01,0.0141421,10201,0,5165.14,
1113,1,65105,0.000665644,0.0516261,33345,0.000171955,1199.02,
1113,2,108562,0.000165336,0.116697,56496,0.000599162,215.899,
1113,3,50043,0.000136048,0.212722,26625,0.000133382,365.757,
1113,4,36850,0.000140223,0.360771,19576,0.000261204,467.773,
1113,5,32865,0.000137536,0.335337,17509,0.000347324,508.583,
1113,6,31454,0.000134689,0.334578,16774,0.000397977,522.632,
1113,7,30803,0.00013332,0.332022,16433,0.000420418,529.525,
1113,8,30363,0.000130209,0.330398,16204,0.000435247,534.967,
1113,9,30077,0.000124836,0.329448,16057,0.000447147,538.035,
1107,0,20000,0.01,0.0141421,10201,0,97.5177,
1107,1,122862,0.000595373,0.047203,62328,1.89154e-06,9.33497,
1107,2,156449,0.000125067,0.107784,79289,2.00717e-06,8.1304,
1107,3,123655,0.00012194,0.228728,62620,3.91434e-05,8.67128,
1107,4,107205,0.000120136,0.36147,54363,5.36332e-05,8.83742,
1107,5,105142,0.000121304,0.356347,53288,6.16183e-05,8.81783,
1107,6,104362,0.000120484,0.361427,52902,6.25278e-05,8.81784,
1115,0,20000,0.01,0.0141421,10201,0,5165.14,
1115,1,50941,0.000763474,0.0519235,26172,0.000241839,1334.54,
1115,2,68993,0.000248139,0.123086,36196,0.00118131,316.953,
1115,3,33451,0.000128261,0.271617,17984,0.000330994,521.27,
1115,4,25093,0.00011918,0.428871,13491,0.000545557,656.311,
1115,5,22439,0.000114977,0.423685,12091,0.000760485,705.502,
1115,6,21332,0.000114814,0.418473,11510,0.000875595,732.843,
1115,7,20818,0.0001145,0.41284,11242,0.000936779,745.078,
1115,8,20486,0.000114346,0.410621,11070,0.000973116,750.615,
1115,9,20228,0.000114395,0.408521,10935,0.000998994,755.956,
1115,10,20013,0.000112893,0.406721,10823,0.00102438,760.24,
1115,11,19820,0.000109296,0.385499,10722,0.00103228,764.79,
1100,0,20000,0.01,0.0141421,10201,0,30557.7,
1100,1,653033,0.000569444,0.0471398,327689,0.000176245,18150.6,
1100,2,290729,0.000235919,0.0996922,148158,0.000458543,7181.48,
1100,3,112486,0.000232245,0.23455,59151,0.00303894,7098.1,
1100,4,83230,0.000225739,0.327416,44518,0.00652404,6962.5,
1100,5,80312,0.000225069,0.334209,43054,0.00743925,6824.78,
1100,6,79962,0.000228437,0.426835,42877,0.00727353,6728.62,
1114,0,20000,0.01,0.0141421,10201,0,5165.14,
1114,1,58034,0.000693605,0.0441179,29760,0.000205355,1265.17,
1114,2,86307,0.000207848,0.110324,45100,0.000822834,257.23,
1114,3,40158,0.000129615,0.238237,21492,0.000222658,445.729,
1114,4,30063,0.000123012,0.393724,16054,0.000418307,561.356,
1114,5,26890,0.00012106,0.404761,14415,0.000535805,608.412,
1114,6,25856,0.000121122,0.387969,13869,0.000615447,621.405,
1114,7,25263,0.000120788,0.384909,13558,0.000652613,631.17,
1114,8,24903,0.000120286,0.381123,13370,0.000677079,636.358,
1114,9,24607,0.000119882,0.378697,13216,0.000693318,641.165,
1114,10,24403,0.000119508,0.376769,13110,0.000708763,643.209,
1119,0,20000,0.01,0.0141421,10201,0,7.27698,
1119,1,26956,0.00064189,0.0507173,13735,1.6326e-06,6.87126,
1119,2,28895,0.000123562,0.107964,14727,7.50652e-06,6.78907,
1119,3,19378,0.000119259,0.221321,9922,0.000210467,7.26847,
1119,4,16772,0.000116363,0.266734,8592,0.000338395,7.32267,
1119,5,16411,0.000113998,0.275388,8408,0.000385809,7.32452,
1119,6,16259,0.000125196,0.277556,8331,0.000392162,7.31659,
1120,0,20000,0.01,0.0141421,10201,0,7.27698,
1120,1,20207,0.00061651,0.046965,10331,3.0493e-06,6.90529,
1120,2,18196,0.000122252,0.120623,9329,1.0191e-05,7.1254,
1120,3,11883,0.000125093,0.241641,6124,0.000318691,7.71927,
1120,4,10104,0.000126875,0.258127,5215,0.00052953,7.84544,
1120,5,9791,0.000127311,0.293435,5055,0.000617834,7.86512,
1120,6,9625,0.00012746,0.292106,4971,0.000635619,7.87567,
1120,7,9596,0.000126111,0.289716,4957,0.000645618,7.86873,
1118,0,20000,0.01,0.0141421,10201,0,7.27698,
1118,1,42799,0.000609199,0.051997,21707,6.8915e-07,6.95498,
1118,2,54417,0.000126778,0.116716,27575,4.68435e-06,6.78388,
1118,3,39824,0.000122872,0.179044,20234,0.000112624,7.20757,
1118,4,34503,0.000119985,0.232332,17540,0.000166119,7.22669,
1118,5,33843,0.000120137,0.236885,17202,0.000188846,7.20912,
1118,6,33544,0.000118537,0.231244,17053,0.0001904,7.22004,
1117,0,20000,0.01,0.0141421,10201,0,7.27698,
1117,1,80758,0.000567222,0.0506678,40777,2.5612e-07,6.67507,
1117,2,121333,0.000119787,0.12721,61196,2.56574e-06,6.5168,
1117,3,99237,0.000122109,0.139333,50096,5.17237e-05,6.9258,
1117,4,81946,0.000122007,0.178693,41417,6.86783e-05,6.94221,
1117,5,80609,0.000120488,0.179574,40728,8.25817e-05,6.91807,
1117,6,79823,0.000119505,0.182761,40336,8.33631e-05,6.88728,
1106,0,20000,0.01,0.0141421,10201,0,97.5177,
1106,1,149781,0.000565323,0.0470262,75875,9.2665e-07,9.64824,
1106,2,365705,0.000121924,0.126908,184493,1.54029e-06,7.3927,
1106,3,319269,0.000123946,0.253199,160911,1.71067e-05,7.74775,
1106,4,250945,0.000123304,0.412108,126637,2.11751e-05,7.87842,
1106,5,239037,0.000122099,0.420414,120576,2.67183e-05,7.88975,
1106,6,235686,0.000121297,0.422912,118899,2.78375e-05,7.89257,
1106,7,234672,0.000121247,0.420618,118397,2.81537e-05,7.85855,
1124,0,20000,0.01,0.0141421,10201,0,97.5648,
1124,1,40840,0.0006741,0.0469963,20938,1.69289e-05,13.6998,
1124,2,18908,0.00012858,0.116066,9828,2.27166e-05,18.9113,
1124,3,12187,0.000122819,0.226979,6358,0.000319799,24.0079,
1124,4,10280,0.000123065,0.324104,5374,0.000489704,26.8257,
1124,5,9806,0.000122888,0.334406,5127,0.00057902,27.651,
1124,6,9645,0.000124756,0.327266,5045,0.000616692,27.785,
1124,7,9512,0.000128341,0.335815,4976,0.000621554,27.8251,
1124,8,9459,0.000128734,0.334631,4949,0.000617269,27.8873,
1125,0,20000,0.01,0.0141421,10201,0,97.5648,
1125,1,13973,0.000825221,0.051397,7285,5.91097e-05,27.3044,
1125,2,5399,0.000134915,0.122361,2900,0.000436459,47.6141,
1125,3,3046,0.000128937,0.254722,1662,0.00147363,69.276,
1125,4,2433,0.000128545,0.447781,1333,0.00206252,81.4169,
1125,5,2246,0.000126967,0.32327,1234,0.00247345,85.4749,
1125,6,2145,0.000125534,0.337911,1180,0.00275784,88.6034,
1125,7,2120,0.000123841,0.336239,1167,0.00284387,88.1533,
1125,8,2078,0.000123946,0.338387,1145,0.00291007,89.1555,
1125,9,2041,0.000123594,0.377278,1126,0.00299478,90.0494,
1125,10,2024,0.000123263,0.37364,1117,0.00304771,90.4169,
1123,0,20000,0.01,0.0141421,10201,0,97.5648,
1123,1,102198,0.000639264,0.0473567,51925,3.18508e-06,9.35607,
1123,2,86579,0.000125689,0.11296,44087,2.76593e-06,9.28737,
1123,3,66220,0.000124384,0.256669,33705,7.10008e-05,10.0566,
1123,4,61232,0.000122558,0.342913,31178,0.000100755,10.2074,
1123,5,60283,0.000127817,0.328546,30687,0.000108497,10.1794,
1123,6,59952,0.000128017,0.33206,30521,0.000109488,10.1533,
1122,0,20000,0.01,0.0141421,10201,0,97.5648,
1122,1,122301,0.000599302,0.0517571,62048,1.89033e-06,9.83738,
1122,2,156076,0.000119144,0.131361,79099,2.01345e-06,8.06598,
1122,3,123798,0.000114593,0.214348,62691,4.07403e-05,8.52985,
1122,4,107249,0.000115152,0.382398,54391,5.55788e-05,8.67839,
1122,5,105009,0.000124945,0.371401,53224,6.36743e-05,8.66293,
1122,6,104126,0.000124291,0.370264,52784,6.44905e-05,8.69789,
1128,0,20000,0.01,0.0141421,10201,0,19.6757,
1128,1,124897,0.000623665,0.0469381,63180,2.32682e-06,7.12015,
1128,2,90464,0.0001195,0.110197,45841,1.78237e-06,7.13677,
1128,3,67687,0.000125071,0.244814,34310,6.88235e-05,7.59731,
1128,4,61887,0.000123978,0.288629,31375,9.95606e-05,7.63652,
1128,5,60737,0.000123743,0.330507,30798,0.000107957,7.62984,
1128,6,60314,0.000123581,0.330923,30587,0.000109352,7.62943,
1129,0,20000,0.01,0.0141421,10201,0,19.6757,
1129,1,96226,0.000619446,0.0475828,48754,3.50133e-06,7.16506,
1129,2,63435,0.00012625,0.108348,32232,2.44961e-06,7.5661,
1129,3,44813,0.000121476,0.222361,22800,9.68824e-05,8.15127,
1129,4,40742,0.00011917,0.295923,20723,0.000147566,8.19721,
1129,5,39881,0.00012045,0.328526,20292,0.000159682,8.16863,
1129,6,39572,0.000120939,0.331614,20135,0.000162235,8.15166,
1116,0,20000,0.01,0.0141421,10201,0,7.27698,
1116,1,137287,0.000607519,0.0503567,69141,1.38355e-07,6.763,
1116,2,232147,0.000121033,0.0977676,116784,1.48259e-06,6.48015,
1116,3,207348,0.000114804,0.118319,104331,2.71309e-05,6.89316,
1116,4,165884,0.000115046,0.14811,83563,3.31006e-05,6.89189,
1116,5,162061,0.000115237,0.149754,81614,4.10764e-05,6.85095,
1116,6,160533,0.000114636,0.150513,80853,4.17127e-05,6.85655,
1130,0,20000,0.01,0.0141421,10201,0,19.6757,
1130,1,76819,0.000636866,0.0473613,38976,4.90133e-06,7.57858,
1130,2,46619,0.000121717,0.125667,23755,3.177e-06,7.79044,
1130,3,32430,0.000125183,0.235115,16552,0.000131942,8.41408,
1130,4,29078,0.000123215,0.359651,14841,0.000202669,8.58742,
1130,5,28219,0.000127295,0.354138,14406,0.000224169,8.58501,
1130,6,27900,0.000127941,0.35532,14246,0.000228618,8.57314,
1130,7,27768,0.000127144,0.356059,14179,0.000229823,8.57171,
1127,0,20000,0.01,0.0141421,10201,0,19.6757,
1127,1,165207,0.000591768,0.0470336,83434,1.37985e-06,7.05285,
1127,2,142612,0.000124127,0.11559,72058,1.32543e-06,6.988,
1127,3,114952,0.000123933,0.246941,58070,4.39845e-05,7.29489,
1127,4,106335,0.000123634,0.366947,53731,5.95328e-05,7.32398,
1127,5,104925,0.000123411,0.377149,53015,6.36459e-05,7.30126,
1127,6,104283,0.000120932,0.385447,52696,6.38686e-05,7.3243,
1134,0,20000,0.01,0.0141421,10201,0,97.706,
1134,1,40202,0.000658214,0.0514592,20620,1.68972e-05,13.8487,
1134,2,18674,0.000132269,0.127095,9709,2.18015e-05,18.932,
1134,3,12088,0.000129118,0.262264,6306,0.000316168,24.2594,
1134,4,10127,0.000131018,0.351597,5298,0.000484949,27.1427,
1134,5,9636,0.000131422,0.349933,5041,0.000569959,27.6799,
1134,6,9461,0.000131802,0.357472,4951,0.000593666,27.9104,
1134,7,9389,0.000131915,0.361298,4915,0.000612617,27.9153,
1135,0,20000,0.01,0.0141421,10201,0,97.706,
1135,1,14614,0.000813157,0.0437249,7606,5.90031e-05,26.4922,
1135,2,5563,0.000134108,0.114101,2986,0.000448034,46.7792,
1135,3,3100,0.000127395,0.26494,1691,0.00151832,69.1829,
1135,4,2488,0.000128325,0.30928,1361,0.00202537,80.7624,
1135,5,2265,0.000128522,0.340617,1243,0.002367,86.0408,
1135,6,2170,0.000127022,0.334874,1194,0.00262211,88.2158,
1135,7,2121,0.000126482,0.338005,1168,0.00276194,89.5988,
1135,8,2085,0.000123979,0.337473,1149,0.00290444,90.211,
1135,9,2067,0.000122682,0.336829,1139,0.00300551,89.9494,
1136,0,20000,0.01,0.0141421,10201,0,7.28626,
1136,1,43669,0.000584206,0.0471911,22145,7.0451e-07,7.19975,
1136,2,54312,0.000126635,0.100393,27526,4.79173e-06,6.7093,
1136,3,39783,0.000124887,0.157123,20215,0.000114106,7.12414,
1136,4,34752,0.000122694,0.226988,17667,0.00016816,7.13066,
1136,5,34154,0.000121285,0.233958,17360,0.000190108,7.11955,
1136,6,33891,0.000119985,0.234125,17228,0.000191895,7.10159,
1133,0,20000,0.01,0.0141421,10201,0,97.706,
1133,1,101737,0.000597437,0.0518944,51695,3.17914e-06,9.59592,
1133,2,86574,0.000126717,0.121835,44083,2.6632e-06,9.33103,
1133,3,66096,0.000121232,0.277957,33643,6.96781e-05,10.1493,
1133,4,61353,0.000125396,0.432261,31237,9.91539e-05,10.2817,
1133,5,60433,0.000123423,0.396032,30763,0.000105965,10.3181,
1133,6,60074,0.000124186,0.386766,30583,0.000108198,10.2799,
1137,0,20000,0.01,0.0141421,10201,0,7.28626,
1137,1,27201,0.000603117,0.0507792,13859,1.66368e-06,7.03406,
1137,2,29027,0.000124997,0.11638,14794,7.30651e-06,7.02509,
1137,3,19519,0.000120381,0.206544,9995,0.000207058,7.44129,
1137,4,17112,0.000118168,0.26536,8763,0.000333832,7.46448,
1137,5,16729,0.000117013,0.277496,8567,0.000380463,7.40345,
1137,6,16604,0.000124954,0.275828,8505,0.000386528,7.41913,
1138,0,20000,0.01,0.0141421,10201,0,7.28626,
1138,1,20316,0.000601345,0.0469797,10387,3.09872e-06,7.29369,
1138,2,18264,0.000125325,0.112163,9363,9.91908e-06,6.99716,
1138,3,11990,0.0001242,0.201949,6179,0.000319457,7.53889,
1138,4,10170,0.000124011,0.271955,5247,0.000534134,7.63967,
1138,5,9885,0.000122411,0.294025,5103,0.000623117,7.61857,
1138,6,9785,0.000121214,0.291157,5053,0.000636318,7.62619,
1138,7,9735,0.000120122,0.291699,5027,0.000643041,7.6145,
1140,0,20000,0.01,0.0141421,10201,0,7.28626,
1140,1,13474,0.000637464,0.0518038,6934,7.46061e-06,7.25151,
1140,2,9882,0.000126935,0.117246,5120,1.74013e-05,7.48647,
1140,3,5968,0.000124521,0.214622,3118,0.000579289,8.26674,
1140,4,4853,0.00012337,0.36098,2543,0.00101988,8.54514,
1140,5,4660,0.000122589,0.353187,2444,0.00121727,8.58566,
1140,6,4621,0.000121613,0.352218,2424,0.00125948,8.59724,
1139,0,20000,0.01,0.0141421,10201,0,7.28626,
1139,1,16400,0.000613938,0.0473421,8411,5.02692e-06,7.12982,
1139,2,12909,0.000126475,0.117858,6656,1.32326e-05,7.33222,
1139,3,8155,0.000127318,0.195169,4231,0.000444421,8.13939,
1139,4,6788,0.000126149,0.274056,3530,0.000767807,8.1397,
1139,5,6539,0.000128718,0.308218,3403,0.00090984,8.13022,
1139,6,6475,0.000129869,0.304846,3370,0.000924862,8.12884,
1132,0,20000,0.01,0.0141421,10201,0,97.706,
1132,1,122870,0.000580038,0.0472088,62333,1.8867e-06,9.8349,
1132,2,156639,0.000120564,0.102751,79386,2.04102e-06,8.17166,
1132,3,124401,0.000114917,0.213804,62995,3.91342e-05,8.72099,
1132,4,107755,0.000117799,0.350097,54644,5.35474e-05,8.89766,
1132,5,105360,0.000118504,0.355547,53399,6.16417e-05,8.85115,
1132,6,104516,0.000118591,0.366281,52981,6.22012e-05,8.87205,
1142,0,20000,0.01,0.0141421,10201,0,7.0605,
1142,1,53949,0.000595208,0.0485244,27303,1.44732e-07,6.72228,
1142,2,89230,0.000125686,0.0740159,45079,3.7696e-06,6.57588,
1142,3,68570,0.000121945,0.0704043,34709,6.7956e-05,6.99522,
1142,4,56473,0.00011851,0.0716729,28618,9.62119e-05,6.98776,
1142,5,55428,0.000117362,0.0761708,28082,0.000116008,6.96333,
1142,6,55056,0.000116835,0.0762824,27899,0.000117703,6.94606,
1143,0,20000,0.01,0.0141421,10201,0,7.0605,
1143,1,32230,0.000640666,0.0473716,16384,3.1836e-07,6.94806,
1143,2,41179,0.000120887,0.0972242,20922,5.95747e-06,6.6702,
1143,3,28139,0.000117843,0.114632,14356,0.000147118,7.10028,
1143,4,23928,0.000117183,0.108656,12216,0.000231447,7.13335,
1143,5,23454,0.000119591,0.114261,11974,0.000270191,7.11479,
1143,6,23297,0.000122884,0.115323,11896,0.000273815,7.10721,
1145,0,20000,0.01,0.0141421,10201,0,7.0605,
1145,1,16801,0.000602621,0.0519314,8613,1.26023e-06,6.90978,
1145,2,14486,0.000123661,0.103033,7453,1.01729e-05,6.98717,
1145,3,8873,0.000122492,0.172143,4601,0.000399291,7.49425,
1145,4,7207,0.000126467,0.170463,3747,0.000701539,7.60472,
1145,5,7010,0.00012665,0.19204,3646,0.00085059,7.61266,
1145,6,6921,0.00012588,0.197143,3602,0.000874812,7.61396,
1145,7,6873,0.000125725,0.197385,3577,0.000886925,7.57561,
1144,0,20000,0.01,0.0141421,10201,0,7.0605,
1144,1,22171,0.000622192,0.0434977,11319,6.83558e-07,6.956,
1144,2,22453,0.000128846,0.0908169,11482,8.01197e-06,6.68343,
1144,3,14293,0.000126321,0.129852,7353,0.000271711,7.13229,
1144,4,12091,0.000124486,0.158183,6227,0.000460088,7.17924,
1144,5,11765,0.000123719,0.158102,6061,0.000538564,7.21291,
1144,6,11655,0.0001235,0.151176,6006,0.000555361,7.17957,
1126,0,20000,0.01,0.0141421,10201,0,19.6757,
1126,1,222912,0.000599763,0.0519594,112393,6.74957e-07,7.08299,
1126,2,297647,0.000117762,0.12733,149888,9.59176e-07,6.74348,
1126,3,259527,0.000120245,0.258224,130612,2.08053e-05,7.13832,
1126,4,227509,0.000123073,0.299328,114603,2.5901e-05,7.15389,
1126,5,225010,0.000121643,0.377795,113308,2.93836e-05,7.14668,
1126,6,223012,0.000121496,0.365244,112309,2.95827e-05,7.13069,
1121,0,20000,0.01,0.0141421,10201,0,97.5648,
1121,1,150023,0.000583788,0.047028,75996,9.26073e-07,9.7114,
1121,2,363846,0.00012582,0.106487,183559,1.52793e-06,7.33595,
1121,3,318553,0.000123247,0.241064,160551,1.72259e-05,7.67112,
1121,4,250513,0.000122951,0.381885,126419,2.14562e-05,7.81019,
1121,5,238713,0.000122156,0.374307,120413,2.70267e-05,7.78773,
1121,6,235235,0.000121654,0.376315,118676,2.79457e-05,7.80673,
1121,7,234314,0.000121219,0.374048,118217,2.83088e-05,7.79949,
1149,0,20000,0.01,0.0141421,10201,0,23.9516,
1149,1,128699,0.000583913,0.0434352,65107,2.17699e-06,7.30588,
1149,2,99780,0.000123674,0.114352,50546,1.70493e-06,7.23708,
1149,3,77921,0.000124127,0.197464,39475,6.22101e-05,7.71434,
1149,4,72249,0.000122636,0.396308,36601,8.60645e-05,7.75513,
1149,5,71043,0.00011991,0.391357,35987,9.16906e-05,7.73356,
1149,6,70465,0.000118159,0.39357,35701,9.22605e-05,7.7278,
1148,0,20000,0.01,0.0141421,10201,0,23.9516,
1148,1,165898,0.000622221,0.0469388,83782,1.29481e-06,7.08471,
1148,2,164651,0.000124342,0.112561,83156,1.28388e-06,6.97844,
1148,3,136408,0.000126377,0.221664,68859,3.70121e-05,7.40097,
1148,4,123632,0.000123715,0.398068,62444,4.84161e-05,7.43606,
1148,5,121529,0.000122247,0.386827,61372,5.3332e-05,7.40822,
1148,6,120787,0.000126962,0.386164,61003,5.39767e-05,7.39555,
1150,0,20000,0.01,0.0141421,10201,0,23.9516,
1150,1,84304,0.00062139,0.0431432,42771,4.57243e-06,7.45122,
1150,2,52748,0.000124717,0.110481,26857,2.93193e-06,7.96369,
1150,3,37156,0.000123948,0.229482,18945,0.000115372,8.58997,
1150,4,33490,0.000124176,0.327003,17076,0.000175047,8.79405,
1150,5,32659,0.000123126,0.34047,16657,0.000193749,8.76321,
1150,6,32375,0.000123518,0.355458,16513,0.000195827,8.77842,
1152,0,20000,0.01,0.0141421,10201,0,7.00651,
1152,1,48129,0.000591371,0.0450292,24383,4.33135e-08,6.54409,
1152,2,79090,0.000124005,0.0581686,40001,4.29567e-06,6.54064,
1152,3,57892,0.000118835,0.0401048,29352,7.89643e-05,6.88708,
1152,4,46340,0.00011814,0.0518855,23532,0.000116267,6.9126,
1152,5,45501,0.000116972,0.0497012,23101,0.000144356,6.90083,
1152,6,45160,0.000116243,0.0483205,22933,0.000146182,6.89661,
1153,0,20000,0.01,0.0141421,10201,0,7.00651,
1153,1,30113,0.000620005,0.0423227,15321,4.76209e-08,6.77071,
1153,2,36326,0.000121609,0.0755311,18482,6.33551e-06,6.62103,
1153,3,23906,0.00012523,0.0576189,12229,0.000165363,7.04316,
1153,4,20226,0.000124243,0.0758987,10353,0.000271672,7.05864,
1153,5,19722,0.000122608,0.0724635,10098,0.00031887,7.04648,
1153,6,19620,0.000121597,0.0675999,10046,0.000325796,7.0539,
1154,0,20000,0.01,0.0141421,10201,0,7.00651,
1154,1,20696,0.000612684,0.0487318,10580,9.14479e-08,7.08435,
1154,2,19970,0.000119115,0.0906428,10229,8.98358e-06,6.66375,
1154,3,12404,0.000114478,0.088758,6403,0.00029905,7.11351,
1154,4,10205,0.000124265,0.0937898,5276,0.000517599,7.19536,
1154,5,9913,0.000124536,0.0894136,5127,0.000623975,7.17683,
1154,6,9833,0.000124522,0.0883744,5087,0.00063616,7.18816,
1131,0,20000,0.01,0.0141421,10201,0,97.706,
1131,1,149821,0.000585455,0.0470334,75895,9.2435e-07,9.23647,
1131,2,366218,0.000124082,0.11553,184751,1.50202e-06,7.24193,
1131,3,318775,0.000120238,0.221783,160664,1.7203e-05,7.58173,
1131,4,251044,0.000119108,0.358317,126685,2.14127e-05,7.70719,
1131,5,238941,0.000119194,0.339361,120526,2.69947e-05,7.694,
1131,6,235898,0.000119112,0.344762,119007,2.80516e-05,7.696,
1131,7,234928,0.000119321,0.346394,118525,2.83773e-05,7.69382,
1155,0,20000,0.01,0.0141421,10201,0,7.00651,
1155,1,16193,0.000621568,0.0506874,8308,2.08449e-07,6.78203,
1155,2,13229,0.000125673,0.0935661,6817,1.00628e-05,6.81823,
1155,3,7619,0.000126448,0.103709,3969,0.000430287,7.37755,
1155,4,6132,0.000128865,0.117411,3203,0.000796863,7.56039,
1155,5,5947,0.000129919,0.100372,3110,0.000981773,7.53657,
1155,6,5880,0.000126086,0.0986518,3075,0.00100524,7.53303,
1155,7,5860,0.000124391,0.0979987,3065,0.00101652,7.5098,
1157,0,20000,0.01,0.0141421,10201,0,7.06442,
1157,1,54380,0.000591808,0.0501533,27520,1.50219e-07,6.71928,
1157,2,90678,0.000121709,0.0813273,45804,3.70682e-06,6.70641,
1157,3,70100,0.000119894,0.0700914,35479,6.7893e-05,7.07582,
1157,4,57444,0.000118236,0.0773751,29107,9.52627e-05,7.06514,
1157,5,56367,0.000118294,0.0784909,28555,0.000115464,7.04933,
1157,6,55921,0.000117528,0.0784124,28335,0.000117447,7.02589,
1158,0,20000,0.01,0.0141421,10201,0,7.06442,
1158,1,32359,0.000586318,0.050237,16450,3.32503e-07,6.84879,
1158,2,42254,0.000123829,0.0981046,21459,5.88807e-06,6.55041,
1158,3,29059,0.000125054,0.0957576,14819,0.00014331,7.00505,
1158,4,24479,0.000125266,0.121813,12493,0.000227113,7.02942,
1158,5,23977,0.000125576,0.116789,12237,0.000267585,7.01046,
1158,6,23804,0.000124682,0.12221,12151,0.000271406,6.98671,
1159,0,20000,0.01,0.0141421,10201,0,7.06442,
1159,1,22248,0.000617899,0.0435094,11358,7.18444e-07,6.95777,
1159,2,22643,0.000123789,0.0959564,11577,8.18599e-06,6.90919,
1159,3,14366,0.000115679,0.130105,7391,0.000261194,7.27873,
1159,4,12205,0.000120382,0.157031,6284,0.0004489,7.33035,
1159,5,11897,0.000119501,0.162916,6128,0.000523051,7.30428,
1159,6,11791,0.000119101,0.165806,6075,0.000532585,7.2857,
1160,0,20000,0.01,0.0141421,10201,0,7.06442,
1160,1,16840,0.000610072,0.0519154,8633,1.32961e-06,6.8539,
1160,2,14643,0.00012171,0.100353,7534,1.06717e-05,6.96481,
1160,3,9009,0.00012745,0.183323,4671,0.000393653,7.50043,
1160,4,7340,0.00012966,0.17673,3815,0.000687954,7.6283,
1160,5,7108,0.000130898,0.20743,3696,0.000834203,7.59234,
1160,6,7047,0.000131346,0.201671,3665,0.000852439,7.57251,
1147,0,20000,0.01,0.0141421,10201,0,23.9516,
1147,1,219838,0.000593777,0.0507073,110856,6.37192e-07,7.03451,
1147,2,359009,0.00011937,0.119852,180718,9.93127e-07,6.65837,
1147,3,316509,0.000126494,0.227804,159229,1.73111e-05,7.01654,
1147,4,268930,0.000124773,0.405923,135404,2.15413e-05,7.02627,
1147,5,262678,0.000122686,0.392095,132218,2.53847e-05,7.00624,
1147,6,260060,0.000121372,0.389654,130911,2.59683e-05,7.00734,
1147,7,259320,0.000120724,0.387583,130540,2.62656e-05,6.99498,
1162,0,20000,0.01,0.0141421,10201,0,7.01634,
1162,1,48867,0.00061995,0.0411225,24753,9.6875e-08,6.8958,
1162,2,79029,0.000119206,0.0396445,39968,4.29954e-06,6.53606,
1162,3,59655,0.000120796,0.0387515,30236,7.86126e-05,6.95873,
1162,4,48807,0.000129249,0.0399984,24772,0.000113258,6.96066,
1162,5,47729,0.000126506,0.0401799,24220,0.000137348,6.94325,
1162,6,47338,0.000125329,0.0383785,24027,0.000139503,6.92291,
1163,0,20000,0.01,0.0141421,10201,0,7.01634,
1163,1,30498,0.000619099,0.0429937,15514,1.9172e-07,6.61827,
1163,2,37435,0.000125694,0.0598417,19040,6.39504e-06,6.61055,
1163,3,24681,0.000123502,0.0603922,12618,0.000161841,7.03663,
1163,4,20857,0.000119311,0.0608416,10671,0.000265522,7.04046,
1163,5,20447,0.000117796,0.0631519,10461,0.000311285,7.01435,
1163,6,20348,0.000119157,0.0639281,10412,0.000315187,7.00176,
1164,0,20000,0.01,0.0141421,10201,0,7.01634,
1164,1,20802,0.000610717,0.0507915,10633,3.91619e-07,6.92478,
1164,2,20541,0.000124241,0.09618,10517,8.43538e-06,6.80642,
1164,3,12840,0.000125467,0.0706985,6622,0.000282479,7.35601,
1164,4,10571,0.000121816,0.0915128,5461,0.000495819,7.41784,
1164,5,10283,0.000122755,0.0906252,5314,0.000597945,7.39956,
1164,6,10157,0.000122574,0.0898573,5250,0.00061351,7.38057,
1164,7,10122,0.000127836,0.0896101,5233,0.000620645,7.40869,
1141,0,20000,0.01,0.0141421,10201,0,7.0605,
1141,1,176004,0.0005795,0.0424621,88541,6.97013e-08,6.6056,
1141,2,445640,0.000121731,0.0301994,223798,1.22995e-06,6.48344,
1141,3,438923,0.000110527,0.0302312,220421,1.41052e-05,6.93805,
1141,4,354348,0.000110946,0.030094,178080,1.57909e-05,6.75362,
1141,5,340613,0.000122507,0.029568,171164,1.93563e-05,6.75241,
1141,6,337375,0.000121918,0.0293862,169546,1.99958e-05,6.75066,
1165,0,20000,0.01,0.0141421,10201,0,7.01634,
1165,1,16317,0.000631444,0.0503801,8370,6.79022e-07,6.67743,
1165,2,13511,0.000118913,0.0964361,6959,1.05171e-05,7.00578,
1165,3,7947,0.000125013,0.111814,4135,0.000426301,7.57937,
1165,4,6447,0.000127512,0.107782,3363,0.000776212,7.73584,
1165,5,6241,0.000127796,0.115635,3257,0.00094106,7.69606,
1165,6,6180,0.000126596,0.116889,3227,0.000955056,7.72291,
1167,0,20000,0.01,0.0141421,10201,0,7.06126,
1167,1,53750,0.000575211,0.0473448,27204,1.45782e-07,6.66274,
1167,2,88738,0.000123637,0.0770773,44831,3.84818e-06,6.59808,
1167,3,68904,0.000117772,0.0601318,34879,6.93111e-05,7.04357,
1167,4,56850,0.000116118,0.0755647,28804,9.65742e-05,7.04796,
1167,5,55803,0.000114262,0.0770178,28272,0.000115637,7.03718,
1167,6,55396,0.000125197,0.0736232,28069,0.00011701,7.02901,
1168,0,20000,0.01,0.0141421,10201,0,7.06126,
1168,1,32334,0.000574849,0.04737,16436,3.21049e-07,6.70205,
1168,2,41348,0.000122697,0.091456,21007,6.17802e-06,6.57974,
1168,3,28333,0.000123538,0.0910479,14453,0.000146995,7.00044,
1168,4,24058,0.000122389,0.115724,12282,0.000232237,7.03553,
1168,5,23531,0.000121212,0.115286,12012,0.000272937,6.98247,
1168,6,23337,0.000120839,0.116024,11915,0.000275696,6.97889,
1169,0,20000,0.01,0.0141421,10201,0,7.06126,
1169,1,22187,0.000591899,0.0434996,11327,6.90145e-07,6.67935,
1169,2,22300,0.000129393,0.0971491,11404,8.58038e-06,6.73605,
1169,3,14291,0.000123756,0.132359,7353,0.000272463,7.22049,
1169,4,12146,0.000126538,0.155506,6255,0.000458425,7.25482,
1169,5,11811,0.00012879,0.151879,6084,0.000529697,7.24686,
1169,6,11713,0.000129123,0.152845,6036,0.000539993,7.26189,
1170,0,20000,0.01,0.0141421,10201,0,7.06126,
1170,1,16787,0.00060525,0.0519278,8606,1.27341e-06,7.12988,
1170,2,14476,0.000124256,0.103275,7448,1.0568e-05,6.95058,
1170,3,8887,0.000118712,0.151921,4608,0.000406757,7.48811,
1170,4,7246,0.000126176,0.180853,3767,0.000709384,7.6106,
1170,5,7053,0.000124848,0.196584,3668,0.000853133,7.59288,
1170,6,6964,0.000124346,0.201222,3624,0.000869213,7.62434,
1170,7,6937,0.000123293,0.203985,3609,0.00088545,7.58882,
1151,0,20000,0.01,0.0141421,10201,0,7.00651,
1151,1,141298,0.000587066,0.0392318,71151,5.62067e-08,6.60733,
1151,2,377266,0.000123415,0.017404,189571,1.48648e-06,6.47402,
1151,3,354722,0.000119934,0.0219343,178279,1.68307e-05,6.84652,
1151,4,281948,0.000119458,0.0196886,141823,1.95401e-05,6.83213,
1151,5,270847,0.000117453,0.0212634,136239,2.44965e-05,6.81593,
1151,6,268403,0.000114337,0.0205195,135013,2.54289e-05,6.80155,
1172,0,20000,0.01,0.0141421,10201,0,7.00625,
1172,1,48106,0.000581853,0.0445537,24371,5.52898e-08,6.83407,
1172,2,78009,0.000125005,0.0531068,39459,4.11866e-06,6.60203,
1172,3,57453,0.000123889,0.0337437,29133,7.83098e-05,7.01601,
1172,4,46617,0.000120907,0.0484159,23671,0.0001156,7.01462,
1172,5,45716,0.0001174,0.0428079,23210,0.000141564,6.99696,
1172,6,45370,0.000118209,0.0433866,23039,0.000143662,7.00078,
1173,0,20000,0.01,0.0141421,10201,0,7.00625,
1173,1,30137,0.000597121,0.0390328,15333,7.88663e-08,6.86984,
1173,2,36268,0.000125535,0.0690326,18454,6.28227e-06,6.61068,
1173,3,23822,0.000119755,0.0533068,12187,0.000165684,7.01898,
1173,4,20187,0.00011614,0.0620554,10334,0.000272929,7.03268,
1173,5,19773,0.000115423,0.0601129,10122,0.000319397,7.02135,
1173,6,19641,0.000114928,0.0572133,10056,0.000324719,6.99899,
1174,0,20000,0.01,0.0141421,10201,0,7.00625,
1174,1,21169,0.000595163,0.0404787,10816,1.40755e-07,6.86267,
1174,2,19840,0.000122673,0.0835484,10164,8.0641e-06,6.84147,
1174,3,12431,0.000116563,0.0732901,6417,0.000296895,7.29273,
1174,4,10312,0.000123602,0.0900711,5330,0.000514563,7.30558,
1174,5,10011,0.000123008,0.0791908,5177,0.000610051,7.29948,
1174,6,9901,0.000123801,0.0779765,5121,0.000626512,7.30096,
1174,7,9860,0.000123077,0.0775735,5101,0.000632582,7.29932,
1175,0,20000,0.01,0.0141421,10201,0,7.00625,
1175,1,16147,0.000614382,0.0506591,8285,2.67026e-07,6.89415,
1175,2,13316,0.00012543,0.0871137,6861,1.00348e-05,6.91782,
1175,3,7734,0.000124122,0.096128,4028,0.00043897,7.46467,
1175,4,6259,0.000125237,0.0932895,3268,0.000807397,7.5684,
1175,5,6035,0.00012358,0.098121,3153,0.000977183,7.57373,
1175,6,5981,0.000123067,0.0945587,3127,0.00100627,7.57639,
1176,0,20000,0.01,0.0141421,10201,0,5165.14,
1176,1,79739,0.000636601,0.0473412,40742,0.000124215,1075.91,
1176,2,161864,0.000133712,0.115927,83724,0.000337891,153.788,
1176,3,72959,0.00012786,0.240701,38441,7.97617e-05,259.046,
1176,4,53168,0.000129682,0.381613,27971,0.000144085,337.132,
1176,5,47736,0.000129625,0.370518,25183,0.000178216,365.06,
1176,6,45973,0.000129333,0.373106,24263,0.000196878,373.747,
1176,7,45178,0.000129219,0.361221,23848,0.000209329,377.826,
1176,8,44663,0.000128991,0.35647,23583,0.000215573,380.705,
1176,9,44332,0.000129238,0.35262,23412,0.000220096,382.856,
1161,0,20000,0.01,0.0141421,10201,0,7.01634,
1161,1,146989,0.000573851,0.0378969,74000,6.30766e-08,6.74471,
1161,2,390452,0.000118651,0.0113684,196173,1.41168e-06,6.60434,
1161,3,373049,0.000114182,0.0146006,187443,1.58264e-05,7.00094,
1161,4,298593,0.000117329,0.0146305,150162,1.80029e-05,7.00235,
1161,5,286215,0.000116938,0.0155522,143931,2.24106e-05,6.98459,
1161,6,283427,0.000115375,0.0155751,142535,2.32824e-05,6.97606,
1177,0,20000,0.01,0.0141421,10201,0,5165.14,
1177,1,72942,0.000685174,0.0471115,37312,0.000147223,1151.91,
1177,2,137415,0.000134338,0.117593,71207,0.000462272,177.845,
1177,3,61061,0.00012882,0.215795,32317,9.88822e-05,303.787,
1177,4,44318,0.000128444,0.359647,23431,0.000186028,396.324,
1177,5,39403,0.000129679,0.348032,20889,0.000243002,433.725,
1177,6,37780,0.000130371,0.348723,20039,0.000275414,446.38,
1177,7,37039,0.000129716,0.348662,19655,0.0002888,451.896,
1177,8,36549,0.00012938,0.348248,19403,0.000297406,455.088,
1177,9,36179,0.000128901,0.34825,19213,0.000303573,458.394,
1177,10,35934,0.000128596,0.34798,19087,0.00031001,460.462,
1178,0,20000,0.01,0.0141421,10201,0,5165.14,
1178,1,65051,0.000677645,0.0516261,33318,0.000171955,1202.55,
1178,2,108582,0.000164435,0.124038,56506,0.000614118,215.393,
1178,3,49897,0.000136337,0.259189,26550,0.000135124,367.846,
1178,4,37096,0.0001238,0.297822,19701,0.000260204,463.855,
1178,5,33020,0.00012031,0.327877,17588,0.000345886,508.239,
1178,6,31672,0.000121481,0.339122,16885,0.000396132,522.325,
1178,7,31037,0.000120415,0.338577,16555,0.000414602,528.617,
1178,8,30580,0.000118988,0.345393,16317,0.00043388,533.739,
1178,9,30267,0.000118061,0.349266,16155,0.000439809,537.366,
1178,10,29981,0.000115925,0.351984,16008,0.0004459,540.752,
1179,0,20000,0.01,0.0141421,10201,0,5165.14,
1179,1,50865,0.000734701,0.0519235,26134,0.000241839,1338.16,
1179,2,68943,0.00024881,0.116358,36170,0.0011907,317.986,
1179,3,33736,0.000129873,0.254307,18131,0.000332902,518.84,
1179,4,25288,0.000119848,0.403793,13592,0.000532772,647.335,
1179,5,22364,0.000117465,0.352471,12051,0.000740492,710.538,
1179,6,21237,0.000115727,0.347491,11464,0.000877895,737.488,
1179,7,20700,0.000114494,0.348442,11184,0.000950727,749.555,
1179,8,20314,0.000113622,0.350611,10984,0.000988343,760.06,
1179,9,20039,0.000113489,0.352234,10841,0.00102492,765.894,
1179,10,19865,0.000113354,0.353473,10750,0.00104023,768.587,
1156,0,20000,0.01,0.0141421,10201,0,7.06442,
1156,1,181252,0.00057145,0.0433595,91173,7.04521e-08,6.79417,
1156,2,455229,0.000122237,0.0343753,228598,1.15536e-06,6.9237,
1156,3,448208,0.000119808,0.0286638,225071,1.34358e-05,7.3365,
1156,4,361992,0.000118796,0.02931,181906,1.47689e-05,7.32178,
1156,5,348981,0.000117127,0.0299954,175357,1.8224e-05,7.30562,
1156,6,345660,0.000114719,0.0310836,173696,1.88873e-05,7.28184,
1180,0,20000,0.01,0.0141421,10201,0,5165.14,
1180,1,40638,0.000794408,0.0495256,20937,0.00032236,1534.68,
1180,2,46479,0.000331138,0.133822,24609,0.00191582,454.07,
1180,3,24575,0.000130168,0.279889,13324,0.000756671,677.134,
1180,4,18256,0.000127373,0.457554,9917,0.00103771,856.253,
1180,5,15958,0.000126354,0.33057,8701,0.0015551,956.672,
1180,6,15164,0.000128923,0.333534,8288,0.00183466,993.407,
1180,7,14865,0.000129816,0.336074,8133,0.0019519,1005.11,
1180,8,14652,0.00012947,0.335121,8024,0.00201403,1014.29,
1180,9,14521,0.000128406,0.331994,7956,0.00203526,1017.45,
1146,0,20000,0.01,0.0141421,10201,0,23.9516,
1146,1,247008,0.000576433,0.051386,124495,4.40887e-07,7.32541,
1146,2,556067,0.000120116,0.116412,279557,9.01396e-07,6.53518,
1146,3,516523,0.000125393,0.220792,259500,1.13574e-05,6.90735,
1146,4,421699,0.000123445,0.301902,212030,1.33436e-05,6.92639,
1146,5,404814,0.000121928,0.328413,203496,1.6259e-05,6.92997,
1146,6,399690,0.00012111,0.328972,200934,1.68807e-05,6.92354,
1146,7,398283,0.00012103,0.330005,200227,1.70396e-05,6.91492,
1171,0,20000,0.01,0.0141421,10201,0,7.00625,
1171,1,140893,0.000563641,0.0389534,70947,5.77e-08,6.61931,
1171,2,376324,0.000118854,0.012565,189105,1.52428e-06,6.48595,
1171,3,355747,0.00011442,0.0182164,178792,1.64348e-05,6.96709,
1171,4,285692,0.000117883,0.0161208,143701,1.95214e-05,6.98482,
1171,5,273640,0.000115863,0.0166268,137637,2.39824e-05,6.98882,
1171,6,270687,0.000114514,0.0159896,136159,2.47781e-05,7.00241,
1171,7,269833,0.000118078,0.0161574,135732,2.4915e-05,7.00616,
1166,0,20000,0.01,0.0141421,10201,0,7.06126,
1166,1,177448,0.000584033,0.0425236,89264,6.98477e-08,6.72552,
1166,2,446659,0.000121228,0.0313044,224311,1.21718e-06,6.36739,
1166,3,440368,0.000114625,0.0288832,221140,1.42641e-05,6.74807,
1166,4,356859,0.000116463,0.0289397,179333,1.57496e-05,6.74703,
1166,5,342647,0.000115307,0.0299687,172184,1.93443e-05,6.73291,
1166,6,339216,0.000119229,0.0304056,170469,2.00362e-05,6.7255,
1166,7,338367,0.000118869,0.0305328,170043,2.01771e-05,6.72623,
1181,0,20000,0.01,0.0141421,10201,0,30557.7,
1181,1,698281,0.000563838,0.0501145,350327,0.000155464,18148.9,
1181,2,307264,0.000243227,0.116241,156432,0.000430392,7226.11,
1181,3,118191,0.000232249,0.251679,62006,0.00292067,7151.25,
1181,4,87027,0.000228672,0.316588,46417,0.00622815,7025.89,
1181,5,83877,0.000222015,0.398571,44836,0.00711944,6901.38,
  current line = 42
 call ZZAdapt  at  line 347
Assertion fail : (kkkk++ < 2000)
	line :4918, in file ../bamglib/Mesh2.cpp
Assertion fail : (kkkk++ < 2000)
	line :4918, in file ../bamglib/Mesh2.cpp
 err code 6 ,  mpirank 0
1182,0,20000,0.01,0.0141421,10201,0,30557.7,
1182,1,688429,0.000568696,0.0471492,345397,0.000160017,18174.4,
1182,2,304471,0.000239765,0.110085,155033,0.00044627,7179.74,
1182,3,116963,0.000223121,0.191731,61390,0.00299679,7106.18,
1182,4,85881,0.000226469,0.30441,45843,0.00657582,6986.26,
1182,5,82854,0.000219302,0.32131,44325,0.00755882,6858.39,
1182,6,82488,0.000219747,0.344912,44140,0.0075528,6762.25,
1183,0,20000,0.01,0.0141421,10201,0,30557.7,
1183,1,674621,0.000568179,0.047295,338490,0.000164997,18174.1,
1183,2,303939,0.000241188,0.101419,154766,0.000456179,7224.38,
1183,3,116348,0.000228339,0.224637,61083,0.00289729,7134.36,
1183,4,85197,0.000220079,0.338231,45502,0.00641304,7010.71,
1183,5,81998,0.000219994,0.370757,43897,0.00750808,6879.58,
1183,6,81629,0.000217274,0.321253,43711,0.00732075,6778.84,
1184,0,20000,0.01,0.0141421,10201,0,30557.7,
1184,1,661171,0.000568079,0.0503592,331761,0.00017041,18168.7,
1184,2,296740,0.000244305,0.115999,151164,0.000458254,7219.2,
1184,3,114198,0.000236093,0.241225,60007,0.00300567,7143.12,
1184,4,84001,0.000221032,0.342695,44903,0.00650687,6999.86,
1184,5,80985,0.00022055,0.354776,43390,0.00758287,6868.4,
1184,6,80651,0.000221235,0.376965,43221,0.00739025,6764.21,
1190,0,20000,0.01,0.0141421,10201,0,65608.7,
1190,1,262495,0.000702836,0.0472673,132058,0.0162455,53546.2,
1190,2,282496,0.000237948,0.105546,144012,0.00520148,28813.3,
1190,3,82377,0.0002277,0.206806,44109,0.0223663,28378.7,
1190,4,49808,0.000222745,0.346084,27825,0.0516959,27999.4,
1190,5,45427,0.000209426,0.41071,25630,0.0522997,27702.7,
1190,6,44532,0.000192185,0.353346,25182,0.0465838,27407.1,
  current line = 42
 call ZZAdapt  at  line 347
Assertion fail : (kkkk++ < 2000)
	line :4918, in file ../bamglib/Mesh2.cpp
Assertion fail : (kkkk++ < 2000)
	line :4918, in file ../bamglib/Mesh2.cpp
 err code 6 ,  mpirank 0
1186,0,20000,0.01,0.0141421,10201,0,65608.7,
1186,1,545856,0.000608096,0.0451731,274033,0.00476658,50453.2,
1186,2,303079,0.000247641,0.105952,154338,0.0024291,30227.3,
1186,3,87878,0.000231638,0.211902,46847,0.0138517,29739.4,
1186,4,53329,0.000216079,0.341374,29565,0.036156,28918,
1186,5,49332,0.000220095,0.312391,27560,0.0403688,28257,
1186,6,48415,0.000215459,0.342784,27099,0.0362738,27741.2,
1186,7,47731,0.00021221,0.34522,26757,0.0346817,27408.5,
1186,8,47042,0.000210358,0.345424,26413,0.0336285,27146.4,
  current line = 42
 call ZZAdapt  at  line 347
Assertion fail : (kkkk++ < 2000)
	line :4918, in file ../bamglib/Mesh2.cpp
Assertion fail : (kkkk++ < 2000)
	line :4918, in file ../bamglib/Mesh2.cpp
 err code 6 ,  mpirank 0
1189,0,20000,0.01,0.0141421,10201,0,65608.7,
1189,1,321133,0.000639423,0.0403516,161457,0.0124382,52629.4,
1189,2,279930,0.000240444,0.0971111,142734,0.00427588,29527.6,
1189,3,82504,0.000232115,0.175174,44169,0.021901,28961.5,
1189,4,51046,0.000223083,0.327419,28439,0.0521916,28338.5,
1189,5,46775,0.000207785,0.354559,26299,0.0553436,27924.8,
1189,6,45604,0.000209053,0.350386,25713,0.0491572,27522.5,
1189,7,44887,0.000209971,0.355884,25354,0.0436378,27310,
1189,8,44433,0.000203182,0.357342,25127,0.0408652,27133.7,
1189,9,43938,0.000198288,0.357811,24880,0.0396876,27162.4,
  current line = 42
 call ZZAdapt  at  line 347
Assertion fail : (kkkk++ < 2000)
	line :4918, in file ../bamglib/Mesh2.cpp
Assertion fail : (kkkk++ < 2000)
	line :4918, in file ../bamglib/Mesh2.cpp
 err code 6 ,  mpirank 0
1188,0,20000,0.01,0.0141421,10201,0,65608.7,
1188,1,393084,0.000634318,0.0423879,197529,0.00913829,51359.8,
1188,2,278286,0.000233172,0.108192,141923,0.00347619,29839,
1188,3,82238,0.000232307,0.233004,44032,0.0169468,29359.4,
1188,4,51878,0.000228085,0.280957,28849,0.040377,28656.4,
1188,5,48087,0.000219392,0.373667,26948,0.0409285,28050.6,
1188,6,46940,0.000207999,0.347167,26373,0.0376505,27574.4,
  current line = 42
 call ZZAdapt  at  line 347
Assertion fail : (kkkk++ < 2000)
	line :4918, in file ../bamglib/Mesh2.cpp
Assertion fail : (kkkk++ < 2000)
	line :4918, in file ../bamglib/Mesh2.cpp
 err code 6 ,  mpirank 0
1185,0,20000,0.01,0.0141421,10201,0,30557.7,
1185,1,651237,0.000564046,0.0471398,326791,0.000176245,18149.4,
1185,2,290615,0.00024162,0.106901,148101,0.000459375,7192.52,
1185,3,112724,0.000231088,0.22791,59270,0.00323552,7109.19,
1185,4,83242,0.000220766,0.314832,44524,0.00674227,6971.6,
1185,5,80156,0.000219289,0.331408,42976,0.00752371,6834.63,
1185,6,79847,0.000222216,0.339326,42819,0.00751696,6737.5,
1194,0,20000,0.01,0.0141421,10201,0,5156.27,
1194,1,31795,0.000863237,0.0515641,16445,0.000413418,1761.48,
1194,2,35026,0.000409722,0.122383,18618,0.0036363,584.144,
1194,3,18559,0.000258132,0.270685,10147,0.0013987,852.883,
1194,4,14133,0.0002387,0.357044,7736,0.00207713,1066.08,
1194,5,12560,0.00023173,0.365529,6904,0.00294939,1172.04,
1194,6,11972,0.000230755,0.367786,6598,0.00344542,1215.54,
1194,7,11732,0.000244765,0.366853,6473,0.00364205,1229.3,
1194,8,11550,0.000249979,0.367353,6379,0.00378698,1241.5,
1194,9,11428,0.000248849,0.36748,6316,0.00383974,1248.23,
1194,10,11380,0.00024762,0.367612,6291,0.00386084,1248.22,
1191,0,20000,0.01,0.0141421,10201,0,5156.27,
1191,1,61399,0.000635501,0.0473294,31461,0.00019147,1233.47,
1191,2,72072,0.000247359,0.106931,37994,0.000742151,289.04,
1191,3,38002,0.000249138,0.244422,20387,0.000309834,468.263,
1191,4,30810,0.000254604,0.347774,16455,0.000405233,537.595,
1191,5,28442,0.000254647,0.326685,15206,0.000446236,570.081,
1191,6,27404,0.000255756,0.328822,14670,0.000496386,586.152,
1191,7,26799,0.000255077,0.330077,14359,0.000526017,595.953,
1191,8,26439,0.00025337,0.329922,14173,0.00054201,600.309,
1191,9,26112,0.000251636,0.329112,14004,0.000555219,605.908,
1191,10,25872,0.00025006,0.328744,13880,0.000569759,610.069,
1192,0,20000,0.01,0.0141421,10201,0,5156.27,
1192,1,58019,0.00072993,0.0441202,29752,0.000205208,1264.66,
1192,2,68481,0.000251456,0.111071,36125,0.000837169,302.683,
1192,3,35871,0.000259637,0.223793,19271,0.00034187,493.201,
1192,4,28712,0.000262639,0.338085,15367,0.000441492,577.816,
1192,5,26333,0.000262085,0.338246,14115,0.000525536,616.329,
1192,6,25301,0.000260938,0.349046,13581,0.000574769,633.006,
1192,7,24692,0.000259477,0.342563,13266,0.000604118,643.273,
1192,8,24325,0.000257571,0.341598,13076,0.000624719,649.11,
1192,9,24041,0.000256772,0.340168,12929,0.00064199,653.587,
1192,10,23837,0.000256384,0.34092,12822,0.000652307,656.501,
1195,0,20000,0.01,0.0141421,10201,0,5156.27,
1195,1,22171,0.000993766,0.0494103,11533,0.000626964,2133.18,
1195,2,19512,0.000586963,0.121128,10533,0.00891812,993.372,
1195,3,11735,0.000484349,0.26362,6502,0.00434865,1265.58,
1195,4,9501,0.000316139,0.412854,5271,0.00555068,1465.73,
1195,5,8631,0.00025591,0.437408,4800,0.00820569,1597.57,
1195,6,8168,0.000256919,0.428209,4559,0.00976109,1685.08,
1195,7,7978,0.00025421,0.422133,4461,0.0108721,1714.53,
1195,8,7805,0.000253673,0.416314,4372,0.0114451,1753.81,
1195,9,7662,0.000253038,0.413388,4300,0.0119674,1781.71,
1195,10,7592,0.000252823,0.411376,4264,0.0123963,1793.44,
1193,0,20000,0.01,0.0141421,10201,0,5156.27,
1193,1,50848,0.000681596,0.0519336,26125,0.000241673,1340.53,
1193,2,60099,0.000266659,0.122578,31747,0.0012514,343.623,
1193,3,31016,0.00025809,0.241181,16727,0.00046017,558.212,
1193,4,24365,0.000258841,0.321815,13108,0.000577419,663.31,
1193,5,22006,0.000259222,0.331443,11858,0.000749651,720.422,
1193,6,21067,0.000258682,0.332603,11374,0.000849447,740.466,
1193,7,20514,0.00025771,0.336099,11086,0.000912291,755.016,
1193,8,20175,0.000253382,0.341194,10910,0.000958935,762.24,
1193,9,19897,0.000249079,0.343452,10765,0.000976659,768.956,
1193,10,19680,0.000246679,0.344984,10653,0.000996065,772.8,
1193,11,19535,0.000245568,0.345683,10577,0.00101372,775.904,
1200,0,20000,0.01,0.0141421,10201,0,97.5177,
1200,1,40824,0.000660092,0.0469732,20930,1.69396e-05,13.7673,
1200,2,18937,0.000125893,0.11565,9843,2.27928e-05,18.681,
1200,3,12018,0.00012374,0.234902,6273,0.000320917,24.0942,
1200,4,10116,0.00012401,0.352593,5292,0.000498632,26.8635,
1200,5,9677,0.000120474,0.331418,5061,0.000581211,27.407,
1200,6,9463,0.000126898,0.334702,4952,0.00060478,27.8527,
1200,7,9376,0.000126916,0.328042,4908,0.000629168,27.918,
1187,0,20000,0.01,0.0141421,10201,0,65608.7,
1187,1,479379,0.000620081,0.0425922,240742,0.00634603,50633.5,
1187,2,287108,0.000237071,0.104513,146344,0.00268945,29950.5,
1187,3,84295,0.000234068,0.195864,45055,0.0158039,29426.7,
1187,4,52282,0.00021954,0.310904,29043,0.0399678,28708.6,
1187,5,48597,0.000216636,0.426086,27195,0.0418643,28096.3,
  current line = 42
 call ZZAdapt  at  line 347
Assertion fail : (kkkk++ < 2000)
	line :4918, in file ../bamglib/Mesh2.cpp
Assertion fail : (kkkk++ < 2000)
	line :4918, in file ../bamglib/Mesh2.cpp
 err code 6 ,  mpirank 0
1199,0,20000,0.01,0.0141421,10201,0,97.5177,
1199,1,101595,0.000597054,0.0518879,51623,3.18708e-06,9.47123,
1199,2,86776,0.000127873,0.121968,44184,2.7465e-06,9.31437,
1199,3,65821,0.000122593,0.250816,33504,7.11214e-05,10.0843,
1199,4,61215,0.000126294,0.371813,31165,0.000101019,10.2337,
1199,5,60351,0.000127059,0.359251,30719,0.000107999,10.2022,
1199,6,60015,0.000127138,0.35942,30553,0.000108354,10.19,
1203,0,20000,0.01,0.0141421,10201,0,7.27698,
1203,1,42919,0.000593371,0.051997,21767,6.8915e-07,6.63991,
1203,2,54104,0.000129129,0.104855,27417,4.86435e-06,6.61295,
1203,3,39368,0.000127885,0.183281,20004,0.00011236,7.02897,
1203,4,34367,0.000127622,0.225177,17471,0.000167507,7.03767,
1203,5,33814,0.000125659,0.237192,17187,0.00019053,7.04954,
1203,6,33548,0.000125652,0.238456,17054,0.000193438,7.02679,
1204,0,20000,0.01,0.0141421,10201,0,7.27698,
1204,1,26950,0.000644158,0.0507173,13732,1.6326e-06,6.86425,
1204,2,28874,0.000126181,0.114273,14716,7.51794e-06,6.86586,
1204,3,19462,0.00011716,0.212026,9964,0.000205167,7.35759,
1204,4,16843,0.000114291,0.264976,8627,0.000329329,7.39822,
1204,5,16457,0.000127545,0.270951,8430,0.000376031,7.40879,
1204,6,16309,0.000124936,0.271723,8356,0.000384,7.38195,
1205,0,20000,0.01,0.0141421,10201,0,7.27698,
1205,1,20175,0.000579134,0.046965,10315,3.0493e-06,7.0517,
1205,2,18129,0.000124949,0.1115,9294,1.008e-05,6.97465,
1205,3,11948,0.000121971,0.1817,6157,0.000325477,7.46693,
1205,4,10188,0.000129125,0.273745,5257,0.000535648,7.5673,
1205,5,9856,0.000129576,0.298914,5088,0.000617999,7.56364,
1205,6,9745,0.000128677,0.277691,5032,0.000632905,7.54708,
1205,7,9682,0.000126565,0.2944,5000,0.000636387,7.55931,
1202,0,20000,0.01,0.0141421,10201,0,7.27698,
1202,1,80732,0.000570561,0.0506678,40764,2.5612e-07,6.67071,
1202,2,121557,0.000124758,0.110996,61308,2.62232e-06,6.60022,
1202,3,98114,0.000122524,0.146854,49534,5.13544e-05,7.00718,
1202,4,81815,0.000117146,0.17652,41350,6.81823e-05,7.03454,
1202,5,80303,0.000113247,0.18734,40573,8.08222e-05,7.02761,
1202,6,79647,0.000119562,0.187683,40246,8.16969e-05,7.02289,
1198,0,20000,0.01,0.0141421,10201,0,97.5177,
1198,1,122988,0.000578234,0.047203,62391,1.89154e-06,9.33995,
1198,2,156719,0.000120653,0.113474,79423,1.99474e-06,8.21591,
1198,3,123814,0.000118189,0.24845,62700,3.8927e-05,8.7172,
1198,4,107014,0.000113914,0.407399,54271,5.30663e-05,8.88828,
1198,5,104879,0.000119964,0.397358,53158,6.11945e-05,8.87458,
1198,6,104062,0.00011975,0.389607,52752,6.23158e-05,8.87666,
1197,0,20000,0.01,0.0141421,10201,0,97.5177,
1197,1,135691,0.000598654,0.0517208,68787,1.36752e-06,9.26531,
1197,2,228225,0.000125881,0.112401,115402,1.71113e-06,7.78625,
1197,3,188815,0.000122589,0.21894,95407,2.68918e-05,8.23216,
1197,4,157632,0.00011842,0.426992,79752,3.50206e-05,8.35306,
1197,5,153248,0.000118423,0.420987,77493,4.14808e-05,8.35664,
1197,6,151665,0.000117784,0.414616,76694,4.2614e-05,8.33559,
1197,7,151188,0.00011745,0.40895,76452,4.29284e-05,8.33434,
1201,0,20000,0.01,0.0141421,10201,0,7.27698,
1201,1,137059,0.000614094,0.0503567,69027,1.38355e-07,6.75996,
1201,2,231677,0.000120818,0.103333,116548,1.48484e-06,6.52738,
1201,3,206851,0.000114358,0.125916,104083,2.69148e-05,6.92318,
1201,4,165806,0.00011956,0.142478,83525,3.27771e-05,6.91468,
1201,5,161747,0.000118949,0.151486,81455,4.07257e-05,6.88155,
1201,6,160178,0.000117541,0.146614,80674,4.1534e-05,6.8796,
1208,0,20000,0.01,0.0141421,10201,0,96.0207,
1208,1,124457,0.000597018,0.0472078,63137,1.84642e-06,9.26454,
1208,2,155123,0.000123897,0.110063,78622,1.93694e-06,8.42718,
1208,3,122903,0.000117859,0.225254,62237,3.9464e-05,8.70154,
1208,4,106436,0.000116024,0.284993,53979,5.41257e-05,8.87956,
1208,5,104121,0.000115771,0.313448,52775,6.20846e-05,8.85548,
1208,6,103181,0.000115902,0.315678,52307,6.27637e-05,8.86383,
1210,0,20000,0.01,0.0141421,10201,0,96.0207,
1210,1,102706,0.000593491,0.0519033,52190,3.11644e-06,9.50086,
1210,2,86764,0.000125496,0.125749,44174,2.63096e-06,9.40218,
1210,3,65405,0.000126651,0.226117,33293,6.92048e-05,10.1731,
1210,4,60410,0.000125514,0.374369,30763,9.88075e-05,10.3345,
1210,5,59497,0.000126525,0.348077,30291,0.000106953,10.3002,
1210,6,59157,0.000125881,0.350635,30120,0.000108102,10.3182,
1209,0,20000,0.01,0.0141421,10201,0,96.0207,
1209,1,112236,0.000584198,0.0518061,56988,2.43772e-06,9.73005,
1209,2,114224,0.000125578,0.122907,58014,2.28007e-06,8.73755,
1209,3,87254,0.000125557,0.260819,44291,5.36606e-05,9.44779,
1209,4,78001,0.000127006,0.323737,39649,7.62504e-05,9.59241,
1209,5,76755,0.000126445,0.330166,39000,8.41496e-05,9.60726,
1209,6,76261,0.000125947,0.32984,38750,8.53669e-05,9.56257,
1207,0,20000,0.01,0.0141421,10201,0,96.0207,
1207,1,136885,0.000608919,0.0485821,69394,1.33533e-06,9.13915,
1207,2,228046,0.000124764,0.111768,115314,1.72386e-06,7.76053,
1207,3,187418,0.000120271,0.213523,94699,2.7334e-05,8.2149,
1207,4,154998,0.000122786,0.264347,78430,3.62673e-05,8.32236,
1207,5,150880,0.000122031,0.257758,76299,4.28447e-05,8.29632,
1207,6,149318,0.000120299,0.270864,75514,4.34072e-05,8.28232,
1207,7,148781,0.000120891,0.251451,75243,4.36389e-05,8.25819,
1213,0,20000,0.01,0.0141421,10201,0,19.6757,
1213,1,124981,0.000638494,0.0469381,63222,2.32682e-06,7.1943,
1213,2,90499,0.000124986,0.107425,45859,1.73635e-06,7.21263,
1213,3,67748,0.000122363,0.242849,34340,6.77683e-05,7.6816,
1213,4,61847,0.000122411,0.39402,31355,9.76967e-05,7.74752,
1213,5,60680,0.000123745,0.326356,30768,0.000106395,7.74796,
1213,6,60207,0.000122906,0.331837,30533,0.000108186,7.71629,
1214,0,20000,0.01,0.0141421,10201,0,19.6757,
1214,1,96440,0.000633058,0.0475828,48861,3.50133e-06,7.28793,
1214,2,63405,0.000126254,0.111556,32217,2.40554e-06,7.30967,
1214,3,44939,0.000122028,0.233486,22863,9.75434e-05,7.87859,
1214,4,40608,0.000120409,0.389865,20656,0.000149871,7.96206,
1214,5,39746,0.000119482,0.388276,20224,0.00016382,7.9797,
1214,6,39413,0.000117472,0.38906,20057,0.000166897,7.97219,
1215,0,20000,0.01,0.0141421,10201,0,19.6757,
1215,1,76819,0.000617063,0.0473613,38976,4.90133e-06,7.58649,
1215,2,46612,0.000124449,0.108371,23752,3.18872e-06,7.85787,
1215,3,32435,0.000125942,0.205106,16555,0.000128644,8.5892,
1215,4,29008,0.000128916,0.342905,14806,0.000203207,8.75544,
1215,5,28239,0.000127043,0.359147,14416,0.000225168,8.7647,
1215,6,27980,0.000130618,0.369043,14286,0.000229513,8.77827,
1212,0,20000,0.01,0.0141421,10201,0,19.6757,
1212,1,165425,0.000609123,0.0470336,83543,1.37985e-06,6.95338,
1212,2,142566,0.000122423,0.115531,72037,1.31723e-06,6.8349,
1212,3,116085,0.000122873,0.235166,58637,4.3921e-05,7.2341,
1212,4,106959,0.000119942,0.351873,54045,5.86499e-05,7.24881,
1212,5,105219,0.000118868,0.37706,53165,6.32384e-05,7.24401,
1212,6,104574,0.000118012,0.379164,52843,6.41272e-05,7.23808,
1196,0,20000,0.01,0.0141421,10201,0,97.5177,
1196,1,149715,0.000586101,0.0470262,75842,9.2665e-07,9.48712,
1196,2,366223,0.000123054,0.106642,184752,1.50841e-06,7.2918,
1196,3,318473,0.000119024,0.203204,160512,1.71603e-05,7.63505,
1196,4,249788,0.000118802,0.405279,126053,2.14911e-05,7.74693,
1196,5,238528,0.000117859,0.401452,120318,2.71544e-05,7.74803,
1196,6,235232,0.000118277,0.403966,118671,2.82297e-05,7.74874,
1196,7,234318,0.000118596,0.403567,118218,2.85789e-05,7.74052,
1206,0,20000,0.01,0.0141421,10201,0,96.0207,
1206,1,150465,0.000594747,0.0470322,76228,9.02859e-07,9.31856,
1206,2,361778,0.000125047,0.114879,182525,1.45737e-06,7.46742,
1206,3,312798,0.000119708,0.207249,157666,1.71058e-05,7.62015,
1206,4,246348,0.000117767,0.271108,124327,2.14115e-05,7.72411,
1206,5,235564,0.000116392,0.255431,118831,2.7126e-05,7.73706,
1206,6,232166,0.000113798,0.255991,117134,2.84367e-05,7.69604,
1206,7,231225,0.000119105,0.256389,116666,2.8715e-05,7.68373,
1211,0,20000,0.01,0.0141421,10201,0,19.6757,
1211,1,222978,0.000584605,0.0519594,112426,6.74957e-07,6.84302,
1211,2,297268,0.000122935,0.118048,149696,9.81442e-07,6.70772,
1211,3,259302,0.000120023,0.279496,130501,2.0864e-05,7.12102,
1211,4,227488,0.000115243,0.299788,114591,2.59483e-05,7.12413,
1211,5,224647,0.000117789,0.328819,113127,2.93857e-05,7.09788,
1211,6,222862,0.000116957,0.326573,112235,2.95467e-05,7.08914,
1221,0,20000,0.01,0.0141421,10201,0,7.25586,
1221,1,41704,0.000616903,0.0425667,21155,5.49828e-07,6.89659,
1221,2,51966,0.000124075,0.0896133,26346,4.79185e-06,6.68117,
1221,3,37545,0.000121028,0.097591,19091,0.000115185,7.05556,
1221,4,32896,0.000118421,0.104427,16733,0.000174603,7.05212,
1221,5,32310,0.000118406,0.11087,16434,0.000199572,7.02423,
1221,6,32042,0.000117762,0.0996033,16301,0.00020307,7.02884,
1219,0,20000,0.01,0.0141421,10201,0,91.7115,
1219,1,136537,0.000609971,0.0515735,69215,1.78086e-06,9.14849,
1219,2,186234,0.000123427,0.11523,94285,1.71464e-06,7.9655,
1219,3,145529,0.000117802,0.204617,73636,3.30287e-05,8.52164,
1219,4,122193,0.000116577,0.26472,61907,4.58498e-05,8.71161,
1219,5,119047,0.000115272,0.239001,60282,5.43256e-05,8.73259,
1219,6,117932,0.000115159,0.234893,59724,5.57754e-05,8.71551,
1223,0,20000,0.01,0.0141421,10201,0,7.25586,
1223,1,19789,0.00062983,0.0471695,10121,1.99253e-06,6.96652,
1223,2,17606,0.000123596,0.10641,9032,9.89303e-06,7.08781,
1223,3,11447,0.000122884,0.186637,5905,0.000341849,7.57552,
1223,4,9679,0.000125384,0.170693,5000,0.00056368,7.67593,
1223,5,9356,0.000126627,0.172058,4836,0.000657169,7.6426,
1223,6,9278,0.000126935,0.17162,4797,0.000670479,7.6676,
1222,0,20000,0.01,0.0141421,10201,0,7.25586,
1222,1,26331,0.000600554,0.0516179,13419,1.08819e-06,6.83665,
1222,2,27616,0.000127677,0.111389,14084,7.55144e-06,6.81971,
1222,3,18729,0.00012665,0.128947,9594,0.00021705,7.30644,
1222,4,16256,0.000122685,0.134314,8333,0.000344678,7.35788,
1222,5,15812,0.000121202,0.129549,8106,0.000392493,7.30368,
1222,6,15698,0.000127969,0.129607,8051,0.000400135,7.31363,
1224,0,20000,0.01,0.0141421,10201,0,7.25586,
1224,1,16083,0.000614563,0.0427066,8250,3.34276e-06,7.07618,
1224,2,12709,0.000124123,0.106967,6554,1.24725e-05,7.21325,
1224,3,7848,0.000124586,0.220169,4076,0.000459782,7.84402,
1224,4,6353,0.000126946,0.208216,3311,0.000797937,8.06793,
1224,5,6153,0.000128689,0.210772,3207,0.000966893,8.0706,
1224,6,6071,0.000128894,0.202845,3166,0.000987726,8.08817,
1224,7,6054,0.000129253,0.204684,3157,0.00100041,8.06208,
1225,0,20000,0.01,0.0141421,10201,0,7.25586,
1225,1,13687,0.000644546,0.0470347,7039,5.17532e-06,7.08065,
1225,2,9520,0.000130967,0.107865,4937,1.55386e-05,7.47931,
1225,3,5695,0.000125039,0.191411,2978,0.000592269,8.22485,
1225,4,4667,0.000127197,0.221964,2449,0.00106891,8.55303,
1225,5,4497,0.00012845,0.242443,2361,0.00128848,8.52827,
1225,6,4418,0.000128959,0.24676,2322,0.00131997,8.5686,
1225,7,4395,0.000128889,0.250396,2310,0.00134537,8.56948,
1218,0,20000,0.01,0.0141421,10201,0,91.7115,
1218,1,143277,0.000607138,0.0486717,72610,1.54041e-06,9.55649,
1218,2,225917,0.000128876,0.10967,114251,1.63908e-06,7.79766,
1218,3,181317,0.000124366,0.200785,91635,2.71661e-05,8.22489,
1218,4,149072,0.000121896,0.230181,75451,3.68505e-05,8.36357,
1218,5,145074,0.00012104,0.234035,73383,4.45405e-05,8.35871,
1218,6,143309,0.00012123,0.220821,72495,4.56605e-05,8.35905,
1218,7,142806,0.000121882,0.227787,72240,4.61906e-05,8.35192,
1228,0,20000,0.01,0.0141421,10201,0,7.0605,
1228,1,32296,0.000640689,0.0473716,16417,3.1836e-07,6.94882,
1228,2,41229,0.00012522,0.0956446,20948,5.94731e-06,6.68337,
1228,3,28331,0.000117879,0.0969802,14452,0.000146897,7.10499,
1228,4,23778,0.000117163,0.116326,12142,0.000231793,7.13879,
1228,5,23309,0.000116203,0.114059,11902,0.000275267,7.0991,
1228,6,23129,0.00011584,0.11387,11812,0.000278888,7.08178,
1229,0,20000,0.01,0.0141421,10201,0,7.0605,
1229,1,22231,0.000598202,0.0434977,11349,6.83558e-07,7.28357,
1229,2,22576,0.00012854,0.0961646,11543,8.50131e-06,6.74513,
1229,3,14214,0.000123413,0.124513,7315,0.000262982,7.19557,
1229,4,12038,0.000117706,0.144559,6201,0.00046226,7.26362,
1229,5,11719,0.000118334,0.159081,6037,0.000544105,7.2444,
1229,6,11635,0.000117587,0.153668,5996,0.000555316,7.22572,
1230,0,20000,0.01,0.0141421,10201,0,7.0605,
1230,1,16797,0.000604047,0.0519314,8611,1.26023e-06,6.95217,
1230,2,14591,0.000125463,0.107291,7505,1.01703e-05,6.98694,
1230,3,8947,0.000128542,0.166006,4639,0.000389902,7.53669,
1230,4,7327,0.000130684,0.180908,3808,0.000691268,7.63583,
1230,5,7081,0.000130227,0.176149,3682,0.000835856,7.62788,
1230,6,7022,0.000130026,0.180356,3652,0.000861939,7.62935,
1227,0,20000,0.01,0.0141421,10201,0,7.0605,
1227,1,53839,0.000589858,0.0485244,27248,1.44732e-07,6.70947,
1227,2,89399,0.000122026,0.0752213,45163,3.82898e-06,6.63111,
1227,3,68586,0.000116766,0.0717575,34719,6.84071e-05,7.06759,
1227,4,56445,0.000116038,0.0724727,28603,9.70046e-05,7.09362,
1227,5,55517,0.000114246,0.0745444,28129,0.000116463,7.07727,
1227,6,55115,0.00011815,0.0762839,27928,0.000117585,7.05826,
1220,0,20000,0.01,0.0141421,10201,0,91.7115,
1220,1,131099,0.000613676,0.0472241,66474,2.03624e-06,9.04743,
1220,2,156100,0.000126221,0.110585,79117,1.86615e-06,8.09067,
1220,3,118829,0.000125823,0.224097,60189,3.94194e-05,8.65186,
1220,4,102380,0.000124112,0.265291,51931,5.61181e-05,8.8378,
1220,5,99893,0.000122142,0.246427,50648,6.49629e-05,8.86122,
1220,6,99050,0.000120868,0.245657,50231,6.65754e-05,8.83256,
1217,0,20000,0.01,0.0141421,10201,0,91.7115,
1217,1,148995,0.000574442,0.0516012,75495,1.31104e-06,9.18074,
1217,2,280814,0.000125427,0.118194,141852,1.52801e-06,7.45886,
1217,3,232705,0.000122437,0.212229,117450,2.2061e-05,7.79842,
1217,4,187356,0.000119538,0.239047,94708,2.88918e-05,7.91131,
1217,5,180523,0.000118957,0.250048,91202,3.57659e-05,7.91546,
1217,6,177961,0.000119137,0.247547,89916,3.7204e-05,7.89591,
1217,7,177231,0.000119138,0.25081,89548,3.76752e-05,7.89796,
1234,0,20000,0.01,0.0141421,10201,0,23.9516,
1234,1,128689,0.000582472,0.0434369,65102,2.17699e-06,7.21131,
1234,2,99902,0.000121304,0.0999022,50608,1.7487e-06,7.22131,
1234,3,78771,0.000115881,0.210168,39900,6.17678e-05,7.63945,
1234,4,72642,0.000124369,0.319232,36798,8.45704e-05,7.69269,
1234,5,71356,0.000117178,0.358406,36146,9.14228e-05,7.68572,
1234,6,70797,0.000113854,0.360394,35870,9.2631e-05,7.71146,
1235,0,20000,0.01,0.0141421,10201,0,23.9516,
1235,1,103134,0.000623918,0.0466222,52252,3.27024e-06,7.34922,
1235,2,70537,0.000127166,0.121152,35822,2.23498e-06,7.56421,
1235,3,51862,0.000123907,0.281299,26355,8.63517e-05,8.10144,
1235,4,47118,0.000126076,0.38323,23947,0.000126614,8.18543,
1235,5,46230,0.000125311,0.37778,23500,0.00013786,8.1628,
1235,6,45868,0.000124729,0.37934,23320,0.00013919,8.16695,
1216,0,20000,0.01,0.0141421,10201,0,91.7115,
1216,1,155987,0.000584318,0.0470724,79006,1.10236e-06,9.28375,
1216,2,358998,0.000129976,0.110385,181134,1.42381e-06,7.29535,
1216,3,303412,0.000121204,0.206587,152958,1.70362e-05,7.62189,
1216,4,236644,0.000119352,0.234306,119458,2.2387e-05,7.7609,
1216,5,226475,0.00011675,0.22848,114271,2.8536e-05,7.77466,
1216,6,223175,0.00011652,0.222357,112628,2.9683e-05,7.74779,
1216,7,222240,0.000115392,0.221097,112160,2.98846e-05,7.76867,
1233,0,20000,0.01,0.0141421,10201,0,23.9516,
1233,1,165902,0.000598403,0.0469388,83784,1.29481e-06,7.11297,
1233,2,164706,0.000125683,0.113018,83182,1.30368e-06,7.00476,
1233,3,136338,0.000125138,0.256988,68824,3.71619e-05,7.39722,
1233,4,123706,0.000123237,0.323723,62479,4.85071e-05,7.3935,
1233,5,121698,0.000120947,0.331902,61458,5.29712e-05,7.38749,
1233,6,120823,0.000119603,0.33985,61023,5.37351e-05,7.36623,
1238,0,20000,0.01,0.0141421,10201,0,7.00651,
1238,1,30185,0.000623105,0.0423227,15357,4.76209e-08,6.77862,
1238,2,36282,0.000123686,0.0694701,18459,6.32235e-06,6.60868,
1238,3,23889,0.000123345,0.0685484,12220,0.000167273,7.01768,
1238,4,20121,0.000122708,0.0691689,10301,0.00027414,7.0386,
1238,5,19630,0.000121761,0.065794,10050,0.000323159,7.0135,
1238,6,19541,0.000121735,0.0660578,10007,0.000328881,7.02338,
1239,0,20000,0.01,0.0141421,10201,0,7.00651,
1239,1,20722,0.000612913,0.0487318,10593,9.14479e-08,7.0888,
1239,2,20135,0.000125001,0.0881983,10312,8.9741e-06,6.67708,
1239,3,12560,0.000123471,0.0884891,6481,0.0003021,7.1444,
1239,4,10268,0.000119012,0.0874499,5309,0.00052021,7.211,
1239,5,9915,0.000123077,0.0855373,5128,0.000625924,7.21059,
1239,6,9834,0.000122734,0.0851448,5088,0.00064184,7.24296,
1240,0,20000,0.01,0.0141421,10201,0,7.00651,
1240,1,16157,0.000624785,0.0506874,8290,2.08449e-07,6.78993,
1240,2,13335,0.000125417,0.0916569,6870,1.00848e-05,6.82606,
1240,3,7720,0.000126346,0.095305,4020,0.000439143,7.3644,
1240,4,6151,0.00012521,0.116513,3213,0.000810452,7.52906,
1240,5,5910,0.000123524,0.113703,3089,0.00100333,7.49329,
1240,6,5866,0.000122528,0.114015,3068,0.00103,7.48431,
1237,0,20000,0.01,0.0141421,10201,0,7.00651,
1237,1,47965,0.000570122,0.0450292,24301,4.33135e-08,6.5557,
1237,2,78835,0.000125118,0.053849,39872,4.31025e-06,6.5278,
1237,3,57884,0.000120077,0.0403717,29348,7.75613e-05,6.92862,
1237,4,46516,0.000118268,0.0443861,23623,0.000114807,6.94169,
1237,5,45533,0.000117687,0.0455447,23118,0.000142169,6.91456,
1237,6,45216,0.000117102,0.0428699,22961,0.000144441,6.89913,
1242,0,20000,0.01,0.0141421,10201,0,7.05402,
1242,1,53198,0.000610343,0.0449277,26925,1.543e-07,6.74207,
1242,2,85835,0.000118207,0.042083,43379,3.70542e-06,6.60025,
1242,3,66664,0.000120351,0.0376475,33756,7.40545e-05,7.00618,
1242,4,55145,0.000119715,0.0397111,27954,0.00010415,7.01591,
1242,5,54137,0.000119923,0.042594,27438,0.000125447,6.98921,
1242,6,53661,0.000120241,0.0405495,27201,0.000126831,6.98286,
1243,0,20000,0.01,0.0141421,10201,0,7.05402,
1243,1,31795,0.000606677,0.0431292,16165,3.47816e-07,6.78036,
1243,2,40306,0.000127608,0.0750934,20483,6.0291e-06,6.54077,
1243,3,27542,0.000127457,0.0539653,14056,0.000149197,6.97979,
1243,4,23221,0.000126328,0.0632648,11864,0.000237968,7.01052,
1243,5,22732,0.000127907,0.0668215,11612,0.00028117,6.97294,
1243,6,22554,0.000125223,0.0691069,11525,0.000284999,6.96081,
1244,0,20000,0.01,0.0141421,10201,0,7.05402,
1244,1,21606,0.000627169,0.0504039,11036,7.38506e-07,6.89669,
1244,2,21840,0.000127316,0.0933891,11173,8.31871e-06,6.74321,
1244,3,13989,0.000126801,0.0810616,7201,0.000271,7.19198,
1244,4,11737,0.00012282,0.0888805,6050,0.000456549,7.27188,
1244,5,11363,0.000120326,0.0896397,5860,0.000543128,7.23146,
1244,6,11273,0.000127919,0.0856513,5815,0.000557004,7.22803,
1245,0,20000,0.01,0.0141421,10201,0,7.05402,
1245,1,16687,0.000663578,0.0502765,8556,1.28636e-06,6.81142,
1245,2,14300,0.000126912,0.0941038,7358,1.06151e-05,7.1711,
1245,3,8623,0.000124385,0.102095,4476,0.000404754,7.70752,
1245,4,7087,0.000126117,0.121256,3688,0.000723043,7.80263,
1245,5,6888,0.000126535,0.114458,3585,0.000862303,7.8175,
1245,6,6813,0.00012654,0.111995,3548,0.000884479,7.79102,
1245,7,6771,0.000126806,0.113497,3526,0.000890774,7.77888,
1232,0,20000,0.01,0.0141421,10201,0,23.9516,
1232,1,219980,0.000578539,0.0507073,110927,6.37192e-07,7.34064,
1232,2,359074,0.000119544,0.120652,180751,9.57726e-07,6.57328,
1232,3,317003,0.000124958,0.253756,159479,1.76266e-05,6.93684,
1232,4,267741,0.00012316,0.435217,134813,2.17922e-05,6.93816,
1232,5,262001,0.000119049,0.425702,131879,2.56478e-05,6.92955,
1232,6,259533,0.000120933,0.423122,130645,2.61717e-05,6.90647,
1247,0,20000,0.01,0.0141421,10201,0,7.01634,
1247,1,48955,0.000601056,0.0411225,24797,9.6875e-08,6.6937,
1247,2,79175,0.000123849,0.0396853,40041,4.17242e-06,6.54267,
1247,3,59707,0.000118776,0.0388048,30262,7.8319e-05,6.91553,
1247,4,49053,0.000117645,0.0401116,24894,0.000112632,6.91958,
1247,5,47974,0.000119176,0.0401048,24343,0.000136925,6.88428,
1247,6,47612,0.000118798,0.0400952,24163,0.000139113,6.88107,
1248,0,20000,0.01,0.0141421,10201,0,7.01634,
1248,1,30436,0.000606117,0.0429937,15483,1.9172e-07,6.62265,
1248,2,37301,0.000126212,0.0738689,18973,6.40848e-06,6.5678,
1248,3,25120,0.000123033,0.0567363,12838,0.000161165,6.99525,
1248,4,21026,0.000118816,0.0632652,10757,0.000259258,7.04141,
1248,5,20450,0.000118175,0.0638676,10462,0.000308972,6.99625,
1248,6,20359,0.000116251,0.0651861,10418,0.000314218,7.01082,
1249,0,20000,0.01,0.0141421,10201,0,7.01634,
1249,1,20780,0.00060568,0.0507915,10622,3.91619e-07,6.91261,
1249,2,20396,0.000124368,0.0783781,10444,8.44207e-06,6.64519,
1249,3,12760,0.000124312,0.0819617,6581,0.000288998,7.3495,
1249,4,10524,0.000123922,0.0833368,5437,0.000507536,7.38499,
1249,5,10232,0.000124519,0.0910514,5287,0.000604026,7.34015,
1249,6,10136,0.000124759,0.0916344,5239,0.000611723,7.33363,
1250,0,20000,0.01,0.0141421,10201,0,7.01634,
1250,1,16375,0.000636047,0.0503801,8399,6.79022e-07,6.94205,
1250,2,13457,0.000127138,0.100283,6932,1.02291e-05,6.88776,
1250,3,7992,0.00012764,0.0947668,4157,0.000426396,7.42451,
1250,4,6382,0.00012947,0.133215,3331,0.000770842,7.54273,
1250,5,6177,0.000130509,0.114751,3225,0.000946461,7.55597,
1250,6,6109,0.000131508,0.112854,3190,0.000973476,7.54895,
1250,7,6081,0.000131391,0.113218,3177,0.000979902,7.55169,
1236,0,20000,0.01,0.0141421,10201,0,7.00651,
1236,1,141046,0.000585742,0.0392318,71025,5.62067e-08,6.60421,
1236,2,376908,0.000120933,0.0173481,189392,1.48901e-06,6.53724,
1236,3,354714,0.000114148,0.0198618,178277,1.6754e-05,6.94285,
1236,4,282532,0.000118053,0.0195329,142116,1.9276e-05,6.93163,
1236,5,270583,0.000115652,0.0195813,136108,2.39856e-05,6.91609,
1236,6,268177,0.000115698,0.0195216,134902,2.49112e-05,6.90604,
1226,0,20000,0.01,0.0141421,10201,0,7.0605,
1226,1,175946,0.000573681,0.0424621,88512,6.97013e-08,6.80052,
1226,2,446637,0.00011989,0.0302934,224298,1.16641e-06,6.4762,
1226,3,440121,0.000118468,0.0305274,221022,1.43409e-05,6.84392,
1226,4,353537,0.000115995,0.0301841,177672,1.57794e-05,6.84634,
1226,5,340398,0.000116813,0.0299106,171058,1.95206e-05,6.83099,
1226,6,337070,0.000116408,0.0295858,169393,2.01364e-05,6.8254,
1253,0,20000,0.01,0.0141421,10201,0,7.05911,
1253,1,32246,0.000610353,0.0473771,16392,3.32532e-07,6.75697,
1253,2,40799,0.000123167,0.0856549,20731,6.10991e-06,6.605,
1253,3,27905,0.000123354,0.0819934,14238,0.000150934,7.05137,
1253,4,23610,0.000121521,0.0882784,12057,0.000243136,7.07085,
1253,5,23094,0.000119689,0.088115,11793,0.000283543,7.0653,
1253,6,22958,0.000118689,0.0892204,11726,0.000286968,7.05815,
1254,0,20000,0.01,0.0141421,10201,0,7.05911,
1254,1,21788,0.000611806,0.0518842,11127,6.84609e-07,6.70874,
1254,2,22088,0.000126781,0.0978028,11296,8.57613e-06,7.13674,
1254,3,14189,0.000121665,0.111291,7301,0.000268497,7.6078,
1254,4,12033,0.000124454,0.127562,6199,0.000448527,7.67483,
1254,5,11677,0.000124627,0.131122,6017,0.000524226,7.66321,
1254,6,11551,0.000125721,0.13399,5954,0.000536435,7.64377,
1254,7,11520,0.000125111,0.134854,5938,0.000540034,7.649,
1255,0,20000,0.01,0.0141421,10201,0,7.05911,
1255,1,16787,0.000587005,0.0517099,8606,1.18887e-06,6.72125,
1255,2,14399,0.000124665,0.0980796,7409,1.06877e-05,6.92306,
1255,3,8863,0.000124726,0.135837,4597,0.000410439,7.44422,
1255,4,7211,0.000126882,0.168708,3749,0.00073168,7.59587,
1255,5,7003,0.000124397,0.159698,3643,0.000882898,7.56958,
1255,6,6905,0.000123293,0.164973,3593,0.000894423,7.60065,
1255,7,6875,0.000122882,0.169427,3578,0.00090096,7.5891,
1252,0,20000,0.01,0.0141421,10201,0,7.05911,
1252,1,53405,0.000610448,0.0504903,27030,1.49628e-07,6.90687,
1252,2,89021,0.000121913,0.0651392,44973,3.65746e-06,6.64342,
1252,3,69127,0.000118665,0.0537724,34990,6.82993e-05,7.03918,
1252,4,56173,0.000114524,0.0577948,28469,9.58384e-05,7.02182,
1252,5,55047,0.000117976,0.0598328,27892,0.000117445,6.99468,
1252,6,54586,0.00011722,0.0547937,27663,0.000119716,6.97702,
1257,0,20000,0.01,0.0141421,10201,0,7.00542,
1257,1,47831,0.000610823,0.0450685,24233,3.78783e-08,7.02764,
1257,2,78274,0.000121868,0.0550076,39594,4.18878e-06,6.79878,
1257,3,57736,0.000121365,0.0497389,29274,7.73689e-05,7.07183,
1257,4,46377,0.000117294,0.0481156,23552,0.000113843,7.08996,
1257,5,45293,0.000115045,0.0492057,22998,0.000141423,7.08955,
1257,6,45023,0.00011511,0.049588,22865,0.000144582,7.06948,
1258,0,20000,0.01,0.0141421,10201,0,7.00542,
1258,1,30139,0.000591818,0.0422963,15334,3.73682e-08,7.01536,
1258,2,36332,0.000124303,0.0757775,18486,6.27814e-06,6.56205,
1258,3,23922,0.000124203,0.0681916,12237,0.000169739,6.97243,
1258,4,20268,0.000125181,0.0721537,10375,0.000280474,6.98788,
1258,5,19835,0.000124997,0.0719904,10154,0.00032842,6.98764,
1258,6,19716,0.000124802,0.0732461,10095,0.000334147,6.98662,
1259,0,20000,0.01,0.0141421,10201,0,7.00542,
1259,1,20660,0.000643959,0.0454567,10562,7.34651e-08,6.8048,
1259,2,19904,0.000125211,0.090458,10196,8.55393e-06,6.91774,
1259,3,12269,0.000119685,0.0770279,6336,0.000300081,7.36488,
1259,4,10182,0.000115933,0.105218,5264,0.000526374,7.38399,
1259,5,9923,0.000118963,0.0965026,5133,0.000627497,7.38909,
1259,6,9828,0.000126662,0.100316,5085,0.000644645,7.36096,
1260,0,20000,0.01,0.0141421,10201,0,7.00542,
1260,1,16117,0.000609793,0.050261,8270,1.80642e-07,6.87332,
1260,2,13196,0.000127017,0.106564,6801,1.01151e-05,7.06814,
1260,3,7692,0.000123232,0.0951641,4008,0.000450417,7.53789,
1260,4,6200,0.00012517,0.108314,3238,0.000821861,7.65102,
1260,5,6013,0.000125671,0.104159,3142,0.000996548,7.64994,
1260,6,5942,0.00012547,0.104935,3107,0.00101805,7.69734,
1260,7,5916,0.000124729,0.105584,3093,0.00103654,7.66415,
1241,0,20000,0.01,0.0141421,10201,0,7.05402,
1241,1,168842,0.000571619,0.0347568,84953,7.04492e-08,6.6277,
1241,2,433312,0.000120016,0.014032,217641,1.26224e-06,6.41092,
1241,3,426134,0.000115442,0.0161368,214026,1.48257e-05,6.81089,
1241,4,343114,0.000114919,0.0159275,172465,1.63566e-05,6.82196,
1241,5,328931,0.000118788,0.0164422,165327,2.01698e-05,6.80903,
1241,6,326159,0.000119006,0.0156363,163938,2.08799e-05,6.80252,
1246,0,20000,0.01,0.0141421,10201,0,7.01634,
1246,1,146703,0.000575665,0.0378969,73857,6.30766e-08,6.79513,
1246,2,390698,0.000122152,0.011266,196295,1.40796e-06,6.60142,
1246,3,373743,0.00011833,0.0143804,187792,1.58963e-05,6.99476,
1246,4,299365,0.000116278,0.0143326,150546,1.79822e-05,6.99576,
1246,5,286885,0.000116187,0.0149255,144266,2.22761e-05,6.97705,
1246,6,283828,0.000116182,0.0151794,142734,2.30896e-05,6.96705,
1246,7,282947,0.000116921,0.0152476,142293,2.32888e-05,6.96218,
1231,0,20000,0.01,0.0141421,10201,0,23.9516,
1231,1,247352,0.000571219,0.0513811,124667,4.40887e-07,7.12598,
1231,2,558470,0.000123692,0.114552,280757,8.7343e-07,6.56506,
1231,3,517778,0.000122361,0.296084,260125,1.10273e-05,6.96405,
1231,4,422752,0.000117859,0.375608,212560,1.30589e-05,6.98448,
1231,5,405626,0.000115211,0.362038,203901,1.60327e-05,6.97234,
1231,6,400665,0.000119534,0.363917,201421,1.67159e-05,6.95594,
1231,7,399257,0.000119517,0.36369,200715,1.69258e-05,6.94663,
1256,0,20000,0.01,0.0141421,10201,0,7.00542,
1256,1,139886,0.000569426,0.0390038,70443,5.5349e-08,6.54453,
1256,2,374084,0.000121438,0.0216163,187981,1.54606e-06,6.37056,
1256,3,352379,0.000116487,0.0298162,177108,1.69679e-05,6.78001,
1256,4,280992,0.000114282,0.0274688,141349,1.95742e-05,6.79469,
1256,5,269573,0.00011267,0.0285455,135604,2.4357e-05,6.78477,
1256,6,267247,0.000112475,0.0289108,134435,2.52076e-05,6.77427,
1251,0,20000,0.01,0.0141421,10201,0,7.05911,
1251,1,174691,0.00057883,0.0375485,87883,7.01351e-08,6.7603,
1251,2,443108,0.000121687,0.0201728,222535,1.19331e-06,6.62118,
1251,3,436194,0.000114333,0.0179497,219059,1.39657e-05,6.90635,
1251,4,352319,0.00011631,0.0198643,177062,1.56067e-05,6.8974,
1251,5,337895,0.000116576,0.0224457,169809,1.92328e-05,6.87954,
1251,6,334742,0.000116153,0.0204028,168231,1.99674e-05,6.87481,
995,0,20000,0.01,0.0141421,10201,0,23680,
995,1,860121,0.000573886,0.0514189,430521,1.25474e-05,19056.7,
995,2,1300374,0.000121822,0.112461,651801,0.000165353,7043.66,
995,3,487700,0.000120569,0.193796,245537,0.000792148,7008.02,
995,4,292861,0.000116782,0.239764,148106,0.0021761,6926.81,
995,5,246753,0.000117717,0.25056,125042,0.00370174,6833.92,
995,6,240596,0.000112874,0.315735,121959,0.00441069,6752.16,
995,7,238753,0.00011344,0.354303,121037,0.00445164,6680.05,
994,0,20000,0.01,0.0141421,10201,0,23680,
994,1,865941,0.000569949,0.0455821,433433,1.23679e-05,19029.9,
994,2,1316295,0.000122944,0.104558,659761,0.000157063,7068.43,
994,3,495133,0.0001207,0.210286,249255,0.000796803,7026.18,
994,4,300172,0.000114746,0.23501,151762,0.00218387,6945.34,
994,5,254549,0.000114718,0.273583,128941,0.0036448,6853.44,
994,6,248507,0.000110918,0.29916,125916,0.0043329,6765.7,
994,7,246590,0.000114872,0.335811,124956,0.00436494,6701.37,
996,0,20000,0.01,0.0141421,10201,0,974161,
996,1,86527,0.00187614,0.0513579,43451,0.668903,250360,
996,2,119071,0.000236795,0.114814,59893,0.19918,243831,
996,3,146514,0.000120487,0.207552,74351,0.113912,213158,
996,4,61330,0.000118293,0.259047,32103,0.280245,212250,
996,5,34622,0.000112667,0.314953,18788,0.295173,219632,
  current line = 42
 call ZZAdapt  at  line 347
Assertion fail : (kkkk++ < 2000)
	line :4918, in file ../bamglib/Mesh2.cpp
Assertion fail : (kkkk++ < 2000)
	line :4918, in file ../bamglib/Mesh2.cpp
 err code 6 ,  mpirank 0
998,0,20000,0.01,0.0141421,10201,0,974161,
998,1,67383,0.00216487,0.0516038,33863,0.856272,251184,
998,2,73908,0.00035609,0.126197,37195,0.327152,241618,
998,3,79344,0.000155116,0.161315,40227,0.129531,245022,
998,4,74967,0.000117438,0.285322,38700,0.0776682,223314,
998,5,38020,0.000116896,0.297313,20432,0.210657,229926,
  current line = 42
 call ZZAdapt  at  line 347
Assertion fail : (kkkk++ < 2000)
	line :4918, in file ../bamglib/Mesh2.cpp
Assertion fail : (kkkk++ < 2000)
	line :4918, in file ../bamglib/Mesh2.cpp
 err code 6 ,  mpirank 0
997,0,20000,0.01,0.0141421,10201,0,974161,
997,1,83608,0.00199214,0.0471336,41988,0.698926,253017,
997,2,111581,0.000219179,0.0968466,56146,0.129412,247201,
997,3,137566,0.000127403,0.178679,69815,0.150255,221488,
997,4,64354,0.000110993,0.277248,33614,0.231651,208556,
997,5,34811,0.000111855,0.317642,18882,0.277487,215210,
  current line = 42
 call ZZAdapt  at  line 347
Assertion fail : (kkkk++ < 2000)
	line :4918, in file ../bamglib/Mesh2.cpp
Assertion fail : (kkkk++ < 2000)
	line :4918, in file ../bamglib/Mesh2.cpp
 err code 6 ,  mpirank 0
999,0,20000,0.01,0.0141421,10201,0,974161,
999,1,60917,0.00228075,0.0517092,30624,0.940395,252398,
999,2,61573,0.000359765,0.122248,31004,0.480553,245872,
999,3,60667,0.00014635,0.194208,30767,0.121794,240644,
999,4,58268,0.000115625,0.264993,30003,0.0568547,252952,
999,5,45099,0.00011598,0.351414,23884,0.14011,219330,
999,6,29354,0.000111053,0.39642,16106,0.25406,157836,
  current line = 42
 call ZZAdapt  at  line 347
Assertion fail : (kkkk++ < 2000)
	line :4918, in file ../bamglib/Mesh2.cpp
Assertion fail : (kkkk++ < 2000)
	line :4918, in file ../bamglib/Mesh2.cpp
 err code 6 ,  mpirank 0
1000,0,20000,0.01,0.0141421,10201,0,974161,
1000,1,50855,0.00259226,0.0450654,25584,1.11923,252252,
1000,2,43537,0.000396324,0.116325,21960,0.181666,243394,
1000,3,36607,0.000249733,0.220774,18609,0.20449,244126,
1000,4,31906,0.000154344,0.244143,16422,0.100374,232349,
1000,5,25147,0.000137934,0.330499,13268,0.155011,256628,
1000,6,21786,0.000124848,0.288597,11757,0.158289,216340,
1000,7,17695,0.00012411,0.269787,9751,0.212481,219643,
1000,8,15199,0.000121114,0.291686,8509,0.227827,239572,
1000,9,14506,0.000116762,0.29058,8142,0.290049,221569,
1000,10,13276,0.000115372,0.417314,7484,0.263008,202304,
1000,11,11780,0.000125203,0.368167,6657,0.274276,192004,
1000,12,9875,0.000122728,0.415049,5615,0.250902,238358,
1000,13,9545,0.000113044,0.395597,5385,0.289396,212508,
1000,14,8314,0.000115096,0.39233,4721,0.263314,214442,
1000,15,7475,0.000135427,0.387007,4243,0.3042,254680,
1000,16,7149,0.000152015,0.387839,4054,0.322048,221070,
1000,17,6298,0.000146806,0.385634,3580,0.347557,198856,
1000,18,5495,0.000153747,0.382803,3117,0.408092,205558,
1000,19,4752,0.00015455,0.389386,2707,0.457059,209044,
1000,20,4209,0.00016777,0.386433,2401,0.409763,217997,
1000,21,3667,0.000172615,0.388917,2093,0.520253,206596,
1000,22,3168,0.000163724,0.38963,1806,0.562109,255919,
1000,23,3089,0.000151663,0.38769,1749,0.817287,292559,
1000,24,3235,0.000186119,0.388398,1814,0.907484,353511,
1000,25,3794,0.000164774,0.387101,2100,0.753898,337817,
1000,26,4207,0.000169832,0.385753,2317,0.661604,409613,
1000,27,5224,0.00013495,0.390722,2851,0.533588,180067,
1000,28,3819,0.0001732,0.383415,2108,0.490859,205116,
1000,29,3228,0.000220593,0.380802,1786,0.524929,202297,
1000,30,2691,0.000173994,0.374843,1499,0.819584,189857,
1002,0,20000,0.01,0.0141421,10201,0,1750.97,
1002,1,83538,0.000573044,0.0517141,42148,2.58188e-05,436.74,
1002,2,191132,0.00012525,0.120308,97202,2.02996e-05,31.2196,
1002,3,141426,0.00011997,0.221349,72425,4.03337e-05,32.32,
1002,4,131539,0.000117477,0.289118,67456,5.55019e-05,32.4951,
  current line = 42
 call ZZAdapt  at  line 347
Assertion fail : (kkkk++ < 2000)
	line :4918, in file ../bamglib/Mesh2.cpp
Assertion fail : (kkkk++ < 2000)
	line :4918, in file ../bamglib/Mesh2.cpp
 err code 6 ,  mpirank 0
1001,0,20000,0.01,0.0141421,10201,0,1750.97,
1001,1,103369,0.000578567,0.0514795,52075,1.09912e-05,440.778,
1001,2,228169,0.000121186,0.126823,115776,1.48872e-05,30.6934,
1001,3,186473,0.000121944,0.217267,95010,3.58831e-05,31.1909,
1001,4,173574,0.000117593,0.290927,88547,4.55786e-05,31.2324,
1001,5,174920,0.000113029,0.35664,89215,4.83574e-05,31.1515,
1003,0,20000,0.01,0.0141421,10201,0,1750.97,
1003,1,64099,0.000590817,0.0512705,32411,8.15883e-05,438.582,
1003,2,145206,0.000120841,0.119992,74160,4.33191e-05,32.9105,
1003,3,93048,0.000112826,0.27407,48120,4.63947e-05,37.3867,
1003,4,85790,0.000116255,0.299012,44379,7.28256e-05,38.0471,
1003,5,85627,0.000117412,0.356546,44246,7.80329e-05,37.626,
1005,0,20000,0.01,0.0141421,10201,0,1750.97,
1005,1,27389,0.000695471,0.0473422,13996,0.00176295,458.931,
1005,2,21104,0.000188375,0.116645,11109,0.00135414,144.683,
1005,3,8056,0.000130395,0.231612,4393,0.00111393,284.257,
1005,4,5284,0.000124999,0.306618,2912,0.00220735,393.431,
1005,5,4640,0.000124854,0.32011,2558,0.00300834,433.593,
1005,6,4414,0.000126519,0.330802,2436,0.00372151,450.475,
1005,7,4266,0.000128417,0.329803,2360,0.00391675,460.588,
1005,8,4164,0.000129507,0.328906,2307,0.00420532,473.203,
1005,9,4133,0.000128982,0.328393,2292,0.00435678,473.746,
1004,0,20000,0.01,0.0141421,10201,0,1750.97,
1004,1,39177,0.00062058,0.0453854,19918,0.000674395,414.342,
1004,2,61906,0.000130324,0.115876,31984,0.000364021,59.9553,
1004,3,23153,0.000124459,0.211904,12248,0.000164533,113.735,
1004,4,14645,0.000128535,0.291581,7794,0.000362365,163.837,
1004,5,12602,0.000130132,0.334306,6717,0.000512509,183.485,
1004,6,12042,0.000129531,0.32815,6420,0.000603664,186.739,
1004,7,11718,0.000129242,0.328877,6252,0.000638189,191.176,
1004,8,11582,0.000128674,0.329125,6182,0.000656081,192.478,
1004,9,11444,0.00012843,0.329419,6112,0.000668123,193.803,
1004,10,11345,0.000127866,0.329093,6061,0.000681033,195.109,
1007,0,20000,0.01,0.0141421,10201,0,23679.9,
1007,1,552879,0.000616223,0.0454047,276817,0.000124534,18828.6,
1007,2,238271,0.00024603,0.107202,119954,0.000964909,12250,
1007,3,74576,0.00024553,0.190087,38122,0.0080992,12179.5,
1007,4,39813,0.000230571,0.224673,20732,0.0249157,12015.6,
1007,5,33498,0.00022322,0.302428,17570,0.0407133,11808,
1007,6,32456,0.000223631,0.33593,17047,0.0455913,11580.6,
1007,7,31859,0.000223983,0.335622,16748,0.0456227,11363.7,
1007,8,31420,0.000217053,0.340497,16528,0.0441759,11151.8,
1007,9,31075,0.000206125,0.344556,16355,0.0421479,10926.6,
1007,10,30775,0.000212035,0.346099,16205,0.0413946,10727.7,
1006,0,20000,0.01,0.0141421,10201,0,23679.9,
1006,1,577231,0.000597028,0.0510378,288997,0.000106292,18894.4,
1006,2,251643,0.000241668,0.113747,126643,0.000947993,12306,
1006,3,81027,0.000238823,0.204966,41351,0.00704236,12258.7,
1006,4,43302,0.000218428,0.250368,22479,0.021765,12063.2,
1006,5,36232,0.000233514,0.294302,18939,0.0376971,11876.3,
1006,6,35106,0.00022612,0.322803,18374,0.0421865,11672.2,
1006,7,34624,0.000219441,0.340598,18132,0.0414097,11470.2,
1006,8,34201,0.000221581,0.332867,17921,0.0400454,11274.2,
1006,9,33810,0.000219981,0.340059,17725,0.038939,11072.8,
1006,10,33500,0.000216277,0.335245,17570,0.038567,10862.8,
1009,0,20000,0.01,0.0141421,10201,0,23679.9,
1009,1,463439,0.000600871,0.0457134,232083,0.000245127,18904.7,
1009,2,202558,0.000236979,0.111748,102086,0.00120649,12293.1,
1009,3,58650,0.000240367,0.205939,30152,0.00997751,12216.3,
1009,4,31131,0.000233851,0.252123,16385,0.0343811,12008.6,
1009,5,25755,0.000222531,0.318249,13692,0.05398,11766.4,
1009,6,24715,0.000217483,0.38876,13170,0.0586062,11491.7,
1009,7,24252,0.000211819,0.322204,12938,0.0571273,11229.4,
1009,8,23913,0.000219275,0.322399,12768,0.054285,10988.2,
1009,9,23656,0.000215245,0.322955,12639,0.0526409,10806.9,
1009,10,23474,0.000208563,0.323164,12548,0.052019,10657,
1008,0,20000,0.01,0.0141421,10201,0,23679.9,
1008,1,503406,0.000594347,0.0516642,252072,0.000179117,18875.6,
1008,2,215694,0.000241079,0.110284,108658,0.00112485,12286.3,
1008,3,64504,0.000238503,0.198299,33082,0.00806171,12211.9,
1008,4,34647,0.000228346,0.220538,18146,0.0280338,12017.9,
1008,5,28784,0.000231624,0.320388,15209,0.0454116,11792.1,
1008,6,27629,0.000229404,0.387724,14630,0.0501647,11552.9,
1008,7,27142,0.000224865,0.377985,14385,0.0470707,11301.1,
1008,8,26790,0.000218492,0.377355,14209,0.045933,11070.2,
1008,9,26446,0.00021439,0.377658,14037,0.0440507,10860.9,
1008,10,26227,0.000210254,0.377568,13927,0.0433284,10671.2,
1011,0,20000,0.01,0.0141421,10201,0,8093.16,
1011,1,253544,0.000602874,0.0507238,127105,5.04762e-05,5087.95,
1011,2,125443,0.000245809,0.115946,63457,0.000337948,2238.81,
1011,3,48938,0.000233715,0.229811,25221,0.00220993,2218.31,
1011,4,33384,0.000228284,0.283109,17435,0.00523099,2165.64,
1011,5,31265,0.000226199,0.397127,16371,0.00687697,2116.64,
1011,6,30992,0.000225398,0.389162,16233,0.00705341,2083.66,
1010,0,20000,0.01,0.0141421,10201,0,23679.9,
1010,1,403393,0.000604475,0.044989,202051,0.000413983,18826,
1010,2,179657,0.000248077,0.107112,90626,0.00128139,12255.3,
1010,3,49790,0.000240148,0.200382,25715,0.0101298,12172.4,
1010,4,26127,0.000235906,0.272186,13877,0.0330625,11934,
1010,5,21736,0.000224206,0.322514,11677,0.0532304,11635,
1010,6,20978,0.000221997,0.324964,11296,0.0556463,11359.8,
1010,7,20677,0.000215205,0.340202,11144,0.0535381,11124.7,
1010,8,20469,0.000214771,0.325243,11040,0.0518022,10943.2,
1010,9,20339,0.000207965,0.340691,10975,0.0505166,10775.7,
1012,0,20000,0.01,0.0141421,10201,0,8093.16,
1012,1,246598,0.000603315,0.045153,123631,5.5817e-05,5103.62,
1012,2,122101,0.000247426,0.114199,61784,0.000357579,2240.53,
1012,3,46625,0.000241676,0.219548,24063,0.00218871,2221.4,
1012,4,31723,0.000230665,0.302417,16602,0.00524127,2169.78,
1012,5,29678,0.000226022,0.346942,15574,0.00702941,2121.61,
1012,6,29368,0.000216369,0.340822,15418,0.00697299,2087.27,
1012,7,29284,0.000227604,0.339364,15375,0.00674918,2062.57,
